Area,Perimeter,MajorAxisLength,MinorAxisLength,AspectRation,Eccentricity,ConvexArea,EquivDiameter,Extent,Solidity,roundness,Compactness,ShapeFactor1,ShapeFactor2,ShapeFactor3,ShapeFactor4,class
88369,1132.3999999999999 px,440.97171603329224,256.9965309655567,1.7158664141361206,error,89229,335.43241544117586,0.7835242587601078,0.9903618778648198,0.8659844288572901,0.7606665081799749,0.004990117756603472,0.0010305468411961176,0.5786135366667159,0.9928235343309363,CALI
77106,1078.866 px,424.46770722501554,233.26115483125346,1.8197102193551487,0.8354686917711809,78310,313.32795651896345,0.7405635913098599,0.9846252075086196,0.8324593289294947,0.7381667702529475,0.005504989329300126,0.0010082174448023927,0.5448901807056679,0.9915422302563774,CALI
84292,1151.256 px,427.4105530492789,251.95548752226247,1.6963732651844443,0.8077735560012633,85440,327.6032779213547,0.7187611917390044,0.986563670411985,0.7991943579632577,0.7664838305561987,0.005070594517264733,0.0010795695725327214,0.5874974625041035,0.9966149887556616,BARBUNYA
75810,1043.2289999999998 px,393.0424863190654,247.11058176079214,1.5905530370995533,0.7776381214755422,76802,310.6835848357178,0.80557238037553,0.9870836696961016,0.8753405715607985,0.7904580182802681,0.005184573094830041,0.0012485559292713866,0.6248238786635687,0.993815517860662,CALI
150169,1496.077 px,562.8234367777799,342.7948749161875,1.6418665445782665,0.7931219219903101,151971,437.2654905127257,0.779026275516821,0.9881424745510656,0.8431061554610899,0.7769141473853933,0.0037479335733592144,8.422941170072084E-4,0.6035955924075729,0.9910234096288935,BOMBAY
140313,1432.029 px,517.4259023055909,347.25430444360313,1.4900489228913933,0.7413497263285365,141966,422.6725212743607,0.7212404391808537,0.9883563670174549,0.8598132795859827,0.8168754586714351,0.0036876547597556237,0.0010128693124783453,0.6672855149796674,0.9942880628564822,BOMBAY
62761,1026.847 px,356.4494250412492,225.82379836664938,1.578440481558613,0.7737126267212658,64077,282.6831920491976,0.7115759637188208,0.9794622095291602,0.7479769963329197,0.7930527367703982,0.0056794733200753525,0.0013857857756134385,0.6289326432990187,0.9927327443568345,BARBUNYA
195455,1716.411 px,633.8275833216708,396.8950788955631,1.5969650847912198,0.7796722906393386,198403,498.85973501196827,0.7590249623312674,0.9851413537093693,0.833708195061423,0.7870590490833757,0.003242831256921904,7.675971953092701E-4,0.6194619467440275,0.9892591003070103,BOMBAY
64388,973.0250000000001 px,374.4032686460166,220.62018743371934,1.6970490008240888,0.8079448008308021,65308,286.3238512705633,0.7838811784757731,0.9859129050039811,0.8546077007449727,0.7647471997400511,0.005814798854538371,0.0012268346702019653,0.5848382795102497,0.9924992178865486,CALI
73973,1054.1499999999999 px,401.1511692146249,236.88157788140887,1.6934671442261966,0.8070343326323411,74875,306.8963161113117,0.7158977634545964,0.9879532554257096,,0.7650390667242835,0.00542294038655489,0.001145906135986536,0.5852847736143627,0.9911605341317908,CALI
55429,911.762 px,327.8248583352825,215.90977954060594,1.5183418696123896,0.7524816612810767,56253,265.6584173805252,0.728763196991809,0.9853518923435195,0.8378840663112739,0.8103669097259957,0.0059143202716138215,0.0015732994719223224,0.6566945283788601,0.9970867979829848,BARBUNYA
89280,1144.377 px,448.9538741153351,254.70855817055136,1.7626179400486348,0.8234850829651861,90253,337.1569761312308,0.7961476725521669,0.9892191949298085,0.8566941559418,0.7509835543698105,0.0050286052208258865,9.866179465656969E-4,0.563976298933914,0.9940747422631486,CALI
75956,1140.196 px,396.8617552142049,244.89999999815456,1.620505329592468,0.7868914345857801,77495,310.9826086132535,0.7631621252310907,0.9801406542357571,0.7341975376913583,0.7836043774119822,0.00522489013658177,0.001215190426356285,0.6140358202992203,0.9950483193555696,BARBUNYA
70332,1004.224 px,377.66397716239567,237.5478886357302,1.5898435441012386,0.7774111976279594,70976,299.24819742199526,0.7105103648927142,0.9909265103697025,0.8763985264409809,0.7923662713887017,0.005369731802911842,0.0013056785826776102,0.6278443080344339,0.9981742198292541,CALI
83039,1114.391 px,434.38831067484733,247.81119058187352,1.7529003014548337,0.8213093395851113,85152,325.1592510682468,0.7070277910224099,0.975185550544908,0.8402659838981965,0.7485451221352921,0.005231136100806216,0.0010130892819179172,0.5603197998725394,0.9821847461076864,CALI
67718,1046.454 px,353.6277890315666,244.30698750039474,1.4474730856029863,0.7229893908401205,69018,293.6345270746881,0.7664568996740312,0.9811643339418702,0.7770942622430815,0.830349130306829,0.0052220648724351955,0.0015313165134509044,0.6894796782013074,0.9980032772666003,BARBUNYA
68932,1019.1419999999998 px,400.26976975256804,222.4790881936319,1.7991343501201256,0.8313007568301435,70319,296.2548705045779,0.7726849827936016,0.9802756011888679,0.8339909614518772,0.7401380091424634,0.005806733734006964,0.0010748862444683299,0.5478042725773693,0.9855734839365133,CALI
70339,1030.51 px,395.26896267614615,230.150806756088,1.7174346170989052,0.8129999210034206,72125,299.2630888317612,0.7802267281923861,0.9752374350086656,0.8323416608562996,0.7571125413076134,0.005619485103230727,0.0011389851130655883,0.5732194002052727,0.9844668411052068,CALI
66832,1016.277 px,396.1902316751893,217.0426706942073,1.825402490708309,0.8365933548077689,67791,291.70729379592206,0.7641261347785324,0.985853579383694,0.8131489923161812,0.7362808834597264,0.005928151659013486,0.0010746651545750464,0.5421095393482352,0.9895681033630028,CALI
100725,1223.39 px,484.26933696710324,266.4382995241791,1.8175665354115356,0.8350420113299215,101676,358.1159772244869,0.7480393904286605,0.9906467602974153,0.845701863549052,0.7394975272795643,0.004807836554649821,8.869034871340338E-4,0.54685659285259,0.9939482428380388,CALI
65019,985.5049999999999 px,384.2500817026706,217.58455686173306,1.765980487056567,0.824228274518128,66378,287.7234122540874,0.7803809546671148,0.9795263490915664,0.8412643506324322,0.7487920652590134,0.005909812234926262,0.0011460363166315244,0.5606895569948587,0.9901668169493114,CALI
183754,1630.7589999999998 px,625.535742117447,376.0671769916466,1.663361708728283,0.7991044988926013,185287,483.6970739039726,0.8226219468519447,0.9917263488534004,0.8682945950598807,0.773252495959146,0.0034042020424994665,7.507241947631652E-4,0.5979194225070491,0.9945562723031536,BOMBAY
75710,1077.0369999999998 px,367.91453118383964,263.1446424076498,1.3981456275058255,0.6988860027236056,77071,310.47860784907414,0.7760989010989011,0.9823409583371178,0.8201661933489448,0.8438878639831002,0.004859523592442737,0.0015202409364975934,0.7121467269779594,0.9956848324668189,BARBUNYA
229655,834.877 px,304.3503036584591,216.79600524797974,1.4038556813366156,0.7018508493788833,52208,256.549355458155,0.7764509733237203,0.9901356114005516,0.9319585724534193,0.8429410201806594,0.005887650236172385,0.0018336249889355735,0.7105495635032111,0.997509041595235,BARBUNYA
78114,1072.2089999999998 px,411.0303642805303,243.34757896777901,1.6890669963679963,?,78908,315.3693609047057,0.8070044940337827,0.9899376489075886,0.8538465829969141,0.7672653611777073,0.0052619295424703675,0.0011248824977100173,0.5886961344631575,0.9943472116111358,CALI
67513,1021.125 px,389.4206597583253,224.0461152300074,1.7381272572324817,0.8179200711596394,69075,293.1897361499973,0.7799741213983687,0.9773868982989504,0.8136534168737023,0.7528869586219463,0.005768084069117434,0.0011432216542162797,0.5668387724630044,0.9852379208741486,CALI
70037,1019.075 px,382.3720768492948,236.24496178766006,1.6185406620140987,0.786303437038395,71309,298.61995578764754,0.7039248203427307,0.9821621394213914,0.8474715035825917,0.7809669530480473,0.005459572466686106,0.0012527633090127447,0.6099093817531511,0.9871631345113548,CALI
54358,923.3299999999999 px,326.41776563516976,214.26478164693228,1.5234317237120394,0.7544019537628903,55744,263.07937048106595,0.7140436376055801,0.975136337543054,0.801234129597503,0.8059591057157846,0.006004962758658703,0.001562939280908602,0.6495700800861873,0.9895756667774678,BARBUNYA
81718,1091.632 px,413.18232996411484,254.23525580372413,1.6251968227534177,0.7882851613628865,82978,322.5625352031262,0.7247780468119451,0.9848152522355323,0.8617376676097146,0.7806784361546655,0.005056197287796016,0.0011584905832434322,0.6094588206768944,0.9904905389631335,CALI
71896,1080.4460000000001 px,360.6329789824936,254.71279831669622,1.4158416120657664,0.7079189361186646,73431,302.55715213539287,0.7182417582417583,0.9790960221160001,0.7739420806735821,0.8389614088790256,0.005016036761189686,0.0015328808922039634,0.7038562455882795,0.9965489614162677,BARBUNYA
69993,1026.528 px,398.04166463721447,227.81858368372087,1.7471869862460967,0.8200104248089558,72098,298.5261386455937,0.6798407071050458,0.970803628394685,0.834685506930224,0.7499871625692204,0.0056868781826356135,0.0011098620635638845,0.5624807440186304,0.9827590359633731,CALI
156645,1504.799 px,569.8488459998331,352.32023455883,1.6174173098896494,0.7859660717554771,158624,446.5944563975683,0.7760657930590305,0.9875239560217873,0.8692994667326377,0.7837068716248644,0.0036378361645748865,8.465205738887329E-4,0.6141964606320318,0.9934119870992046,BOMBAY
73658,1040.73 px,405.86288113768495,234.0268900301871,1.7342574653935399,0.817015537979078,75124,306.24218910219184,0.680657204110298,0.9804855971460519,0.8545817994651618,0.7545459398596794,0.0055100991221277386,0.0011017471111987036,0.5693395753587269,0.9873814089098599,CALI
69575,1076.93 px,363.90280388536917,244.23106064152887,1.4899939546161534,0.7413273123994998,71278,297.6334008893305,0.7322836303164897,0.9761076348943573,0.7538555361042625,0.8178925738178324,0.005230367285452665,0.0014437666624542652,0.6689482623063586,0.9967288667874551,BARBUNYA
85681,1126.8 px,439.17399561213415,250.05414174135427,1.7563156225038563,0.822078792270383,86751,330.29144317171387,0.7827608258724649,0.9876658482322971,0.8480094930262869,0.7520742267796242,0.005125687090628426,0.0010115204709624458,0.5656156425861696,0.993399589406647,CALI
156910,1480.479 px,541.9193789200076,370.5670439836373,1.4624057581977974,0.7296650378829577,158236,446.97205389643136,0.7655416020217988,0.9916201117318436,0.8996135402798198,0.8247943721577239,0.0034536956148110867,9.859311262905505E-4,0.6802857563430541,0.9948538072960261,BOMBAY
79463,1068.7779999999998 px,412.61497529047995,246.97261332554908,1.670691214440801,0.8010819729996607,80593,318.08086069943005,,0.9859789311726825,0.8741778738819305,0.7708902481678032,0.005192542130179832,0.0011311755228845413,0.5942717747202172,0.9928446330152098,CALI
72943,1038.4170000000001 px,394.6873564026096,238.01921090640536,1.6582163889191692,0.7976976419762303,74613,304.7522142850105,0.7820879839600288,0.9776178413949311,0.8500606372246229,0.7721357407105315,0.0054109010652510815,0.0011863804414026778,0.5961936020826012,,CALI
65503,1028.839 px,333.48392553432234,253.41247455296306,1.3159728072685088,0.6500468632744597,67100,288.7923300553312,0.768093339587242,0.9761997019374069,0.7776357493421469,0.8659857580619985,0.0050911244604723805,0.0017661861536481312,0.7499313331662144,0.9868892417653585,BARBUNYA
95037,1190.6129999999998 px,461.3229293883324,264.9148116938478,1.741401042994403,0.818679815320763,96528,347.85753781252987,0.774863432531594,0.9845537046245649,0.8424833802661608,0.7540434599115934,0.004854140275769778,9.680049881899238E-4,0.5685815394354469,0.9901284858002504,CALI
70626,995.2839999999999 px,375.0609852753166,241.0058327062073,1.5562319843624957,0.7662205126525902,71282,299.8729999290793,0.7398491514770584,0.9907971156813782,0.8959430999663317,0.7995313074457879,0.005310522828353816,0.0013386250246805132,0.6392503115859711,0.9948217809037794,CALI
168972,1604.7369999999999 px,615.6769034251071,353.5306221679579,1.7415094048984723,0.8187048775074551,171065,463.83384131927016,0.8238517796196977,0.987764884692953,0.8245497726422581,0.7533721644240507,0.0036436622838405598,7.240293296675792E-4,0.567569618128979,0.9884278279062514,BOMBAY
69020,1017.811 px,386.19913213238783,228.85951235962565,1.6874943416182833,0.8055008778348074,69789,296.4439127012409,0.702450740921674,0.9889810715155684,0.8372410979765466,0.7675934201727332,0.005595466996992,0.0011982324436007306,0.5891996586924741,0.9942710901269739,CALI
73431,1036.849 px,387.1660048754994,243.13960297715778,1.5923609322989332,0.7782146891699389,74546,305.76993477032323,0.703281232042294,0.985042792369812,0.8583378822710985,0.7897644186726811,0.005272514399579189,0.00126528334479751,0.6237278370013981,0.9931998400283432,CALI
71973,1022.505 px,379.7684961216777,242.1072507207248,1.5685961283321814,0.7704398218685548,72745,302.71912683744296,0.8030460251046025,0.9893875867757235,0.8650646965707989,0.7971149000744177,0.005276541149065312,0.0013140527549723793,0.6353921639206487,0.9966736882985364,BARBUNYA
62596,950.3429999999998 px,363.77925443738434,221.28392460761555,1.643947950952352,0.7937135056910554,63740,282.3113574446523,0.7911726787835891,0.9820520866018199,0.8709549375918237,0.7760512838514414,0.005811541543187813,0.00130026776560395,0.6022555951674706,0.9900768516251526,CALI
59135,1064.665 px,343.15961604251083,219.86023240300344,1.5608080292278588,0.767796507590251,61028,274.3957369893232,0.6935843302838377,0.9689814511371829,0.6555842490229695,0.7996154680256167,0.0058029866583666325,0.0014633765166429536,0.639384896705826,0.9979570805454785,BARBUNYA
73503,1019.7049999999998 px,390.0110516530842,241.5851849392855,1.6143831491616536,0.7850506000578505,74243,305.91980363596707,0.7312276163947473,0.9900327303584177,0.8883126187002794,0.7843875252747542,0.005306056237882593,0.001239008608784068,0.6152637898066533,0.9932714945531985,CALI
76281,1082.67 px,426.21755765227346,231.78052977604636,1.838884215443369,0.839209644870891,78073,311.6472135475351,0.8176147142994952,0.9770471225647791,0.8177753881826476,0.7311928097570074,0.005587466835152573,9.851953863963222E-4,0.5346429250403472,0.9831464357551668,CALI
71674,1019.1049999999999 px,372.5711325267751,246.1656028448715,1.5134979388715075,0.7506314995473566,72554,302.0896739866294,0.6745724746120036,0.9878711029026656,0.867228699443632,0.8108241557467405,0.005198135063297362,0.0013859068345828311,0.6574358115424147,0.9950277457097615,BARBUNYA
98240,1198.223 px,472.2456559912784,267.69399429751167,1.7641249562977892,0.8238187727874329,99642,353.67082559179573,0.7845517417623664,0.9859296280684852,0.859850433408609,0.7489128192178172,0.004807060830530114,9.327911965920013E-4,0.5608704107887788,0.9894454889214774,CALI
76759,1151.651 px,400.54336912119584,245.138797593377,1.6339452304306215,0.7908456760387624,78379,312.62212687896283,0.7231182289213377,0.9793311984077367,0.7272728818692814,0.7804950748900553,0.00521819420681869,0.0011944849127818538,0.6091725619276332,0.9953546020708588,BARBUNYA
73178,1033.9969999999998 px,398.30014736956196,235.98289807660558,1.6878347991144018,0.8055888033232567,73969,305.2427286679074,0.7351617440225036,0.9893063310305669,,0.7663635845574733,0.00544289468651182,0.0011581081942238654,0.5873131437357797,0.9912875619745274,CALI
176352,1626.129 px,588.8901818594436,386.33773407944966,1.5242885431903976,0.754722845782877,180410,473.85476698365653,0.7640901213171577,0.9775067900892411,0.8380699395860212,0.8046572715602792,0.0033392883656518987,8.63530036182244E-4,0.6474733246748329,0.9869361708232445,BOMBAY
66873,1002.7230000000001 px,381.945117659888,225.98357187591816,1.6901455025660201,0.8061839026610127,69064,291.79675816409366,0.7750785243222569,0.9682758021545234,0.83579297636633,0.7639756202458672,0.005711499673409119,0.0012001842353630437,0.5836587483300573,0.9864682085233589,CALI
82805,1130.202 px,394.80447760192067,268.0019703982619,1.4731402049590345,0.7343028490195375,84138,324.70078611206833,0.7246560716911121,0.9841569801991965,0.814618525987026,0.8224344062264219,0.0047678821037608924,0.0013455825704934306,0.6763983525450072,0.9964296077021054,BARBUNYA
66234,1006.478 px,398.0848250398197,213.51249850679187,1.8644567780520658,0.8439961367789715,67144,290.3992906430537,0.7638212975990036,0.9864470391993327,0.821641326491147,0.7294909837721284,0.006010279086871089,0.001049914940435283,0.5321570954048277,0.9921839035160309,CALI
71051,1069.4219999999998 px,376.0805923504694,241.68692878007474,1.5560650890337864,0.766162709217892,72335,300.77390660258084,0.8022922312556459,0.9822492569295639,0.7806957777310304,0.7997591811977623,0.005293107659997317,0.001335756905590025,0.6396147479101155,0.9952821796540768,BARBUNYA
90176,1181.556 px,418.3022937658871,275.5283718107318,1.5181822874242175,0.7524210622401043,91791,338.84457969109974,0.7844938580923548,0.9824056824743167,0.8116937675338007,0.8100471471015701,0.00463873196599857,0.0012320270096807856,0.6561763805273927,0.9961953583428208,BARBUNYA
73404,1071.4309999999998 px,418.41025053430656,226.88866636143177,1.8441214241516255,0.8402083922565133,74942,305.7137150043156,0.7717962737098877,0.979477462571055,0.8035282961830557,0.730655414426204,0.005700101500385627,0.0010021039627960493,0.5338573346303278,0.984497748232271,CALI
68043,1001.9369999999998 px,383.8083045061299,227.35617269893407,1.6881367237579705,0.805666724913593,69027,294.3383059379371,0.6879006005216652,0.98574470859229,0.851750677844732,0.7668888413362513,0.0056406728760655745,0.0012034840840684216,0.5881184949660583,0.99282442927347,CALI
58481,926.502 px,348.7394788140976,214.49894314239774,1.6258330866580664,0.7884730624541866,59402,272.8741867888149,0.6974478234943351,0.984495471532945,0.8561146561929428,0.7824585496220111,0.005963295409006303,0.0013788322977282162,0.6122413818765814,0.9954022956762022,BARBUNYA
80856,1106.2649999999999 px,432.72538307122727,239.6112183744433,1.8059479268412306,0.8326990538134005,81929,320.85675406496637,0.7365410191477345,0.98690329431581,0.8302402266406103,0.7414789300958405,0.005351802996329614,9.978726959659105E-4,0.5497910037760725,0.9928939234653573,CALI
71282,1025.671 px,399.78185589805946,230.89301931785576,1.7314592579678867,0.8163570679686085,71685,301.26244576417395,0.8312963567663386,0.9943781823254516,0.8514783065106821,0.7535670799452013,0.005608454531271001,0.0011156054754373414,0.5678633439771377,0.9832322441898175,CALI
144404,1444.937 px,526.1935719958257,350.853832101866,1.4997515314099576,0.7452571893761556,145991,428.7900222928892,0.7635252315891883,0.989129466884945,0.8691430531827858,0.8148902706403468,0.003643898867038487,9.91157355160974E-4,0.6640461531842978,0.995904235165042,BOMBAY
186003,1660.0269999999998 px,633.3096036718185,374.2694278532832,1.692122189365895,0.8066906991609512,187431,486.64810185530825,0.7784702051612579,0.9923811962802311,0.8482024241178009,0.7684205308648527,0.0034048354256211917,7.322708182808214E-4,0.590470112254622,0.9991475791034169,BOMBAY
85702,1107.351 px,427.95641504014657,257.05714523032674,1.6648298753053206,0.7995030909679585,86542,330.3319171120056,0.7945301997867705,0.9902937302119202,0.8782743850352603,0.771882148515094,0.004993540582951933,0.0010934333972166094,0.5958020511962774,0.9919090545997528,CALI
71161,1037.077 px,407.762973871217,223.7249901388218,1.8226080761840655,0.8360427479796726,72221,301.00664318732055,0.781868723493089,0.9853228285401753,0.8314380602039656,0.7381902293129412,0.005730146763974888,0.0010495875693544532,0.5449248146530928,0.9931843680998318,CALI
63164,965.8989999999999 px,351.86993659436706,229.20601129111742,1.53516888415048,0.7587395384070176,63999,283.5893203272151,0.7145572197837006,0.9869529211393928,0.8507776178310197,0.8059492750985847,0.0055707354916466195,0.0014498502127614967,0.6495542340319342,0.9971754486540242,BARBUNYA
186401,1757.418 px,672.2481021352415,359.75909370851036,1.8686062809573367,0.8447518487582546,191438,487.16847637976235,0.7730471747019181,0.9736886093670013,0.7584168292427739,0.7246855362363742,0.003606461886659629,6.135634538219092E-4,0.5251691264302012,0.9813343282123516,BOMBAY
77606,1067.024 px,407.859894779203,244.52452005911704,1.6679713538773022,0.8003517750004326,78338,314.3422149643872,0.8063798836242726,0.9906558758201639,0.8565580237743492,0.7707112638141536,0.005255520124464641,0.0011438321279727262,0.5939958521700098,,CALI
81209,1103.917 px,440.0177370373944,237.98179053141206,1.8489554854379284,0.8411216967230428,82641,321.5563872610803,0.8197629815069046,0.9826720393025253,0.8374158639478205,0.730780512226836,0.005418337093639799,9.53221025479515E-4,0.5340401570505168,0.9874164778226856,CALI
80021,1134.7400000000002 px,370.5198200050887,275.6128444831408,1.3443488843922633,0.6683415642916698,81760,319.1957105119874,0.7601067669744291,0.9787304305283757,0.7809461891987328,0.8614807988074796,0.004630282300959607,0.0015731482124116758,0.7421491667139732,0.9977074043245776,BARBUNYA
68897,1027.553 px,400.6362933538067,220.582391872834,1.816265976410184,0.8347823037329681,69754,296.1796497290428,0.7002296934710139,0.9877139662241592,0.8199770790943635,0.7392731378619336,0.0058150034595672775,0.0010713945780419045,0.5465247723642295,0.9926343493104712,CALI
173392,1608.021 px,620.2462774273386,358.0876098671542,1.7321076192986453,0.8165099708122611,175368,469.86120412385543,0.8390409135999612,0.9887322658637836,0.8426660319748486,0.7575397406216587,0.003577133186233151,7.266688717680116E-4,0.5738664586211301,0.9939984654375901,BOMBAY
97743,1183.5069999999998 px,464.4234944290969,269.7537726371508,1.7216570870865957,0.8140207747255194,98773,352.7750739792269,0.7349816147442984,0.9895720490417422,0.876907665896304,0.7595978201164945,0.004751475752013923,9.75760242993094E-4,0.5769888483257303,0.9933769398899264,CALI
80058,1124.684 px,404.42123337689674,253.24584731702836,1.5969510957888204,0.7796678851382265,81137,319.2694966206569,0.7290592842181951,0.9867015048621467,0.7953413585625267,0.7894479079517484,0.00505160300503256,0.00121032746474619,0.6232279993693922,0.9952646365192251,BARBUNYA
84221,1205.045 px,397.2842289589436,271.9564097552453,1.4608378942658145,0.7289765679808508,86303,327.46527708619755,0.7050142307048385,0.9758756937765779,0.7288257825312622,0.8242594425263196,0.004717163521674447,0.001343124954900427,0.6794036285937992,0.9924985661515192,BARBUNYA
190600,1660.6229999999998 px,619.8668960722523,394.90290503857614,1.5696691216077545,0.7708002161226885,192978,492.6250675985968,0.7803160566609351,0.9876773518224875,0.8685416769950706,0.794727175656717,0.003252187282645605,8.002534695762162E-4,0.6315912837273021,0.9913893355433485,BOMBAY
66664,999.6479999999999 px,384.57883959787455,222.96142019568907,1.7248671956804764,0.8147910137676238,67764,291.3404211746542,0.7803530458397715,0.9837671920193614,0.8383146002436794,0.7575570758892693,0.005768913350502138,0.0011720205180379216,0.5738927232299001,0.9898887321389896,CALI
65909,1076.99 px,386.9199994465029,217.43428126793856,1.7794802051922602,0.827163146941985,67278,289.68594227878896,0.6664138886361108,0.9796515948749963,0.7140543097726031,0.7486972570381234,0.005870518433696505,0.0011378399735770459,0.5605475826964098,0.9974833274766328,BARBUNYA
73048,1044.3329999999999 px,398.6941511660785,235.52946819173468,1.6927569795280066,0.8068530071722564,74193,304.97147778737303,0.7170144682855965,0.9845672772363969,0.8416667887116878,0.7649258884169968,0.005457974909184077,0.0011526268601614487,0.585111614770532,0.9904517697057201,CALI
69843,1006.2810000000001 px,386.31560688152206,232.03279082532586,1.6649181587973925,0.7995270190964134,70899,298.2060856571139,0.7821164613661814,0.9851055727161173,0.866750706297863,0.7719234748612416,0.00553120007561992,0.0012114238635537618,0.5958658510418542,0.992067875606845,CALI
83787,1117.773 px,442.89869410089403,242.99518799466554,1.822664464082379,0.8360538871926001,85035,326.62045516887804,0.7150281618023554,0.9853236902451932,0.842712187582342,0.7374608675059057,0.0052860073054399135,9.644138562238555E-4,0.5438485311025629,0.991253391484042,CALI
97746,1326.664 px,447.6472123032332,279.0098748211308,1.6044135089849898,0.781998177465884,99567,352.7804877536217,0.6959190066640086,0.9817108077977643,0.697889990166301,0.7880770349009805,0.004579698527850073,0.0010896608339448653,0.6210654129383212,0.9964457384815834,BARBUNYA
139523,1410.901 px,501.72152896971613,354.9685707483852,1.4134252165253098,0.7067121683129147,140892,421.48096161046715,0.7322197031719042,0.9902833375919143,0.8807701492914963,0.8400695152069261,0.0035959772150091105,0.001104733680018442,0.7057167903799999,0.9974779072483981,BOMBAY
70249,1056.843 px,378.12648303934196,237.30592184936017,1.5934135991742064,0.7785493024312593,71505,299.0715713305102,0.7062330350859556,0.9824347947695965,0.7903674751023281,0.7909299791080581,0.005382660009955188,0.0012993581069048203,0.6255702318518731,0.996792114671336,BARBUNYA
79763,1088.402 px,427.4433040258911,242.78852630160466,1.7605580895321988,0.8230273755635347,82134,318.6807270713289,0.6831597519613553,0.9711325395086079,0.8461214047846907,0.7455508697172754,0.005358917092209309,0.0010213296159713205,0.5558460993361857,0.9785993467212397,CALI
63975,1027.0839999999998 px,339.1857144688748,241.04750708932698,1.4071322228741403,0.703530294387827,65434,285.4040992600352,0.794779735135538,0.9777027233548308,0.762093453503415,0.8414390320268785,0.0053018478228819815,0.001639447962610403,0.7080196446183304,0.99627725637035,BARBUNYA
58634,930.4269999999999 px,351.837467142445,214.94190604348015,1.6368956320284633,0.7916981239304124,59677,273.2309050345541,0.7488378033205619,0.9825225798883992,0.8511278028598305,0.7765827421783188,0.006000570780476259,0.0013462424043610447,0.6030807554491973,0.9871802543552171,CALI
77315,1086.568 px,429.5829242837359,233.3919003149954,1.8406076804891385,0.8395393861556809,79121,313.7523153718536,0.7249006150615062,0.9771742015394144,0.8229241411136767,0.7303649601412529,0.005556268826019995,9.752652053404133E-4,0.5334329750021339,0.9818408308150983,CALI
66985,998.738 px,371.8173979987043,230.62595843164945,1.6122096598631577,0.7843909702896464,68002,292.0410089423827,0.7100682666214383,0.9850445575130143,0.8438869622841471,0.7854420221169973,0.005550756109557428,0.0013031320905768674,0.616919170107238,0.9946030454016513,CALI
62298,992.5829999999999 px,327.68509355957707,242.65803304817652,1.3503987048906787,0.6720320769107003,63353,281.63855765486227,0.8011574074074074,0.983347276372074,0.7946031875957889,0.859479308611446,0.005259961693145479,0.001770533087665108,0.738704681931209,0.9975458457765853,BARBUNYA
71720,1034.701 px,409.3662269034572,228.20148373859027,1.793880654046908,0.8302100537962012,73283,302.1865982276611,0.7577870757787076,0.9786717246837602,0.8418222635353521,0.7381815557025109,0.0057078391927420135,0.0010454523678222944,0.5449120091793793,0.9775071114247195,CALI
66026,1010.329 px,348.7042819375206,242.29203232807572,1.4391900492433745,0.7191689327199287,67246,289.9429498723565,0.7714128821955579,0.9818576569610088,0.8128290444817846,0.8314866346387663,0.005281317692083734,0.001557195523189342,0.6913700235829013,0.9950128582856684,BARBUNYA
69714,1023.3009999999999 px,370.48659254222383,240.05614728145213,1.5433330774397935,0.7616843423334565,70851,297.9305651014463,0.7305632695834425,0.9839522377948088,0.8366100339968915,0.8041601804186519,0.005314378640477147,0.0013708897019755195,0.646673595770959,0.9980327506602508,BARBUNYA
159694,1511.595 px,569.3735149912986,358.7925062499722,1.5869158498940716,0.7764708782021773,160650,450.91985524806626,0.8133129615482557,0.9940491752256458,0.8782690322571901,0.7919579035125253,0.00356540330251167,8.6516076175132E-4,0.6271973209359545,0.9953093696043649,BOMBAY
72575,1045.6029999999998 px,412.2459646848763,226.37217483665142,1.8210982201427808,0.8357440414650007,73615,303.98249942908626,0.7845861125825667,0.9858724444746315,0.8341867114145984,0.737381382644831,0.005680275090387548,0.0010358999328335932,0.5437313034712027,0.9901881089873215,CALI
74216,1170.7259999999999 px,401.5684114521298,237.98035031437612,1.6874015477397653,unknown,76494,307.3999773130519,0.6576400949916705,0.9702198865270478,0.6804510376397731,0.765498402131405,0.0054108064494466125,0.001146090508235197,0.5859878036657342,0.9887967268621854,BARBUNYA
61974,991.559 px,362.9654923284659,218.77509766429904,1.6590804721541976,0.797934992228303,63233,280.90522876126204,0.7949053409265815,0.9800895102240919,0.7921041163471767,0.7739171758704175,0.005856738185827378,0.001296025402388609,0.5989477951072428,0.9937025907022401,BARBUNYA
73591,1051.278 px,412.85326721435354,228.22030788635996,1.8090119632120105,0.8333219613690815,74305,306.10287704725243,0.7313754720731465,0.990390956194065,0.8367571196929329,0.7414326138500044,0.005610105409823939,0.0010457732455679532,0.5497223208804498,0.9944542549174052,CALI
86371,1139.925 px,435.2204194491948,254.90795877468503,1.7073630087552083,0.8105289846622189,87429,331.6187158746031,0.7804796501120509,0.9878987521303,0.8352668684741067,0.7619557839089726,0.005038964692422165,0.0010477077545939244,0.5805766166323371,0.9912550389863058,CALI
70648,1017.479 px,367.61194624973086,245.767533696383,1.4957709861867774,0.7436658087194412,71492,299.9197015143383,0.7709970316046796,0.9881944832988306,0.8575487669775242,0.8158595077609176,0.0052034303341882415,0.001422102903926596,0.6656267364038867,0.9956251599431278,BARBUNYA
156513,1500.447 px,569.2031874079067,352.8267399181852,1.6132654445065466,0.7847117914071424,157878,446.4062509252469,0.7912329570444216,0.9913540835328545,0.8736127443197226,0.7842651987915519,0.0036367789730431766,8.486887510521126E-4,0.6150719020355524,0.9922742454408725,BOMBAY
86838,1185.231 px,402.6771523687817,275.52430837293605,1.4614941046281038,0.7292650674085868,88351,332.514023141449,0.7087369924505204,0.9828751230885898,0.7768079694489398,0.8257583555098861,0.0046371076299405985,0.0013299608177111707,0.6818768616943912,0.9965590134486656,BARBUNYA
152533,1504.6480000000001 px,548.8942349168655,354.89181100606834,1.546652297670176,0.7628650605935452,154915,440.69382509525656,0.7749085551717131,0.9846238259690798,0.846649880905755,0.8028756672257694,0.003598527760660745,9.223543575449771E-4,0.6446093370232244,0.9969865122066188,BOMBAY
68234,988.0049999999999 px,383.9724637134343,228.17521309586948,1.6827965601684591,0.8042811997315383,69335,294.7511273862394,0.7881034881034881,0.9841205740246629,0.8784001682995144,0.7676361073803916,0.005627289382323098,0.0012053150794682247,0.58926519335412,0.991613440403315,CALI
177906,1637.486 px,628.3163667076268,365.3822061439525,1.719614026469817,0.813527929129093,180773,475.9379733175888,0.7900016430059015,0.9841403306909771,0.8337680866603251,0.7574814194503643,0.0035317323008084425,7.172250962317225E-4,0.5737781008125388,0.9866768702384543,BOMBAY
114858,1300.819 px,512.7366416870902,287.56171895113255,1.7830490218144206,0.8279261887585151,115826,382.4156738801265,0.6887127335523949,0.9916426363683456,0.8529770973072717,0.7458325440168265,0.004464091675695992,8.520757120303221E-4,0.5562661837146116,0.991849874740779,CALI
85044,1121.9199999999998 px,421.66881711480306,258.0643879012436,1.633967478210003,0.7908521247332047,86103,329.0613678973227,0.7846473220464086,0.987700776976412,0.849043150377669,0.7803787108301462,0.004958242993212961,0.0011343033687909343,0.608990932316921,0.9950713779306382,CALI
71643,1058.745 px,384.2721027307019,237.90937245963877,1.615203717104056,0.7852987975459095,72779,302.02433793232836,0.7259692357578582,0.9843911018288243,0.80315780222456,0.7859647780468394,0.005363707588050499,0.0012625750207741209,0.6177406323302174,0.9977769655459772,BARBUNYA
76385,1057.34 px,384.83845454289616,254.36094270159347,1.5129620548480744,0.7504254418511935,77525,311.85958799529544,0.8235579514824798,0.9852950661077072,0.8585955288408159,0.8103649318665838,0.005038141710321348,0.001340209515855412,0.6566913227991329,0.9935490531430761,BARBUNYA
107911,1298.822 px,498.59777940292696,279.3503372470756,1.7848476014615824,0.828308741351971,110337,370.6704095445388,0.7318977211068909,0.9780128152840842,,0.7434257127827931,0.004620453701688679,8.705920504982498E-4,0.552681790426604,0.9864527680144171,CALI
47981,809.088 px,291.65396813092315,210.04315693461626,1.3885430612800744,0.6937879680569173,48451,247.16655638645338,0.7697774783013268,0.9902994778229551,0.9210594000334146,0.8474650901218,0.006078530421019219,0.0019340407757842842,0.7181970789751508,0.9972475706425631,BARBUNYA
82961,1110.8229999999999 px,439.3240902300122,241.8592954497324,1.8164449268451646,0.8348180761014822,83863,325.00650127462654,0.7788448900655288,0.9892443628298534,0.8448782217948364,0.739787570275207,0.005295549598365644,9.784055854035654E-4,0.5472856491336945,0.9941142409040619,CALI
87979,1148.6309999999999 px,443.7386915733575,255.65395283242046,1.7357004914538732,0.8173536584774854,89768,334.6914129556581,0.6928353178353178,0.9800708493004189,0.8379687425118462,0.7542533912671618,0.005043688739055428,0.001006925005263881,0.5688981782380145,0.987436847554935,CALI
77003,1080.39 px,429.3798214613663,231.64650334704368,1.8535994079655342,0.8419914348097555,78457,313.1186111735324,0.732273954886074,0.9814675554762481,0.8290035645775522,0.7292345739672944,0.005576144065313901,9.727085922838715E-4,0.5317830638692613,0.9857127723541605,CALI
103602,1260.637 px,484.9987515152966,275.53782312265713,1.760189385322235,0.8229452514204868,104732,363.1943877782975,0.7914591291061879,0.9892105564679372,0.8192150159137289,0.7488563354927369,0.00468136475661953,9.081263504405419E-4,0.5607858112076106,0.9870892323269549,CALI
62145,1051.6899999999998 px,328.9746105184567,241.2600002760924,1.363568806026634,0.679830076433074,63727,281.2925016909741,0.7679332715477294,0.9751753573838404,0.7060583077749885,0.8550583926451447,0.00529366176713262,0.0017454967643096228,0.7311248548328987,0.9969390453608918,BARBUNYA
75795,1060.79 px,413.52076386256863,236.43888367373782,1.7489541374809832,0.8204137644373835,77332,310.65284690986124,0.799778410889522,0.980124657321678,0.8464310517375259,0.75123881085958,0.005455778928195377,0.0010718859864371297,0.5643597509417156,0.9870393214372509,CALI
58877,964.9189999999999 px,376.85033838529444,202.26887884457855,1.8631157721246014,0.8437506855681673,60278,273.7965023066806,0.713816347809219,0.9767576893725738,0.7946462181440939,0.726539091034991,0.006400637572996152,0.0011001171733291738,0.5278590508019511,0.9834625230078363,CALI
76729,1058.497 px,397.61717832864144,247.1648797593444,1.608712284349569,0.7833227620871807,77498,312.561029285457,0.8055030654237003,0.9900771632816331,0.8605778012629038,0.786085326090003,0.005182097750897854,0.0012205740180057448,0.6179301398940265,0.9940718069173679,BARBUNYA
80946,1093.51 px,422.83780951816544,245.39768518042038,1.7230717119735184,0.8143608226511527,81704,321.0352756133389,0.6782805429864254,0.9907226084402232,0.8506673002237689,0.7592397566792025,0.005223702338820515,0.0010707151548126337,0.5764450081222947,0.993256087003871,CALI
63464,954.3619999999999 px,359.21145685818595,226.24593680114174,1.587703460831272,0.7767244673901499,64109,284.26198209938724,0.7387265743219649,0.9899390101233836,0.8756106355263013,0.7913499880701517,0.005660082201849647,0.0013692315632677868,0.6262348036186293,0.9942751649982895,CALI
65170,978.0839999999998 px,380.25645551392245,220.03168406881576,1.7281895428978118,0.815582908477156,66112,288.0573226467096,0.7013861982866245,0.9857514520813165,0.8560621113037726,0.7575343389171282,0.005834838967529883,0.0011852717512512846,0.5738582746386104,0.9917358693358272,BARBUNYA
68545,1007.411 px,387.4447692924306,226.71653755007458,1.7089391602359671,0.8109190579896717,69351,295.42207871767425,0.7835684400649306,0.9883779613848395,0.848735304062382,0.7624882360837846,0.005652414753700935,0.001178545555948921,0.5813883101661612,0.9935572505463677,CALI
54614,925.529 px,339.95229289380563,205.37060380373535,1.6553113571145983,0.7968964260693058,55585,263.6981313854275,0.769753347427766,0.9825312584330305,0.8011868038709564,0.7756915805471609,0.006224636409964581,0.0013901128624635248,0.6016974281317528,0.995996586333135,BARBUNYA
166862,1545.005 px,580.3276343128127,368.7448381361459,1.5737918861349522,0.7721765581948733,168545,460.9287330093436,0.837849915894655,0.9900145361772821,0.8784307502754045,0.7942560473708032,0.003477889719126061,8.537637089146224E-4,0.6308426687850917,0.9928150735616963,BOMBAY
55100,948.328 px,300.6459570355733,235.3802983383058,1.2772774916083371,0.6221283983251465,56772,264.868833415537,0.7874578402789687,0.9705488621151271,0.7699177208833584,0.8809991527150219,0.0054563694561810035,0.002027614997315843,0.7761595070845864,0.991371068296964,BARBUNYA
170598,1620.307 px,614.4028157325101,357.444040523646,1.7188783308078837,0.8133499541000933,172462,466.06021054444165,0.6852260951294554,0.9891918219665782,0.8165620329162437,0.7585580642054678,0.003601465525577733,7.355536304975512E-4,0.5754103367711467,0.9890603591987909,BOMBAY
74211,1045.059 px,414.2454700364904,229.72266360275717,1.8032416285787771,0.8321458396687522,74880,307.38962222941285,0.7736921120123439,0.9910657051282051,0.853879384467348,0.7420470336159264,0.005581995526761402,0.0010439867339130716,0.550633800098196,0.9929257904395917,CALI
69338,1015.6839999999999 px,406.04312556530726,218.5881832794678,1.857571253273906,0.8427294283672114,69920,297.1260398431055,0.7370110544217687,0.9916762013729977,0.8446250399040368,0.7317598085903717,0.005855997080465362,0.0010357497190575822,0.5354724174682173,0.9946781696100448,CALI
61129,964.969 px,369.3481688199298,210.9473448894313,1.7509021932156805,0.8208567512638287,61796,278.98361982402434,0.7501135066815555,0.9892064211275811,0.8249553282715457,0.7553404710665795,0.0060421104356349654,0.001213219663834197,0.5705392272310824,0.9989583842744816,CALI
75051,1077.3410000000001 px,370.1735995018452,258.93625354427195,1.429593556077903,0.714633072042666,76431,309.1244103462531,0.7921535100218485,0.9819444989598461,0.8125684792500463,0.8350795701321002,0.0049322940334152136,0.0014795858093553855,0.6973578884520134,0.9969383436110912,BARBUNYA
153971,1476.9099999999999 px,543.4833657389465,362.892462816762,1.497643024934832,0.7444162347988079,155410,442.7662655876323,0.8152954943792262,0.9907406215816228,0.8870349510781691,0.8146822764034841,0.0035297774628920155,9.59135932754753E-4,0.6637072114859628,0.9939964758808998,BOMBAY
74528,1053.985 px,418.4576624137431,228.96519282637612,1.8276038259276324,0.8370250714213654,75854,308.0454459816314,0.7854312452575668,0.9825190497534738,0.8430638559858689,0.7361448329199348,0.005614771125130731,0.0010171029005930873,0.5419092150347189,0.9903953547028923,CALI
87174,1143.7069999999999 px,461.7478660971535,241.76075181616687,1.9099372525457037,0.8519781075300559,88169,333.15669597464654,0.7420326864147089,0.988714854427293,0.8374661841432519,0.7215121507557744,0.005296853030687516,8.854668013225757E-4,0.5205797836882233,0.994274721788322,CALI
72924,1041.7749999999999 px,389.4012176249349,238.91012383606585,1.6299067254769506,0.7896698263244433,73829,304.7125211740847,0.7254675686430561,0.98774194422246,0.8443693958770548,0.782515583881864,0.005339822522419709,0.0012350330135328976,0.6123306390179745,0.9980418267509954,BARBUNYA
59619,944.0889999999999 px,335.83677479191783,226.70634933307585,1.4813734850386042,0.7377727053765287,60673,275.5163668778421,0.7375394321766562,0.9826281871672737,0.8405599168201726,0.8203877227219983,0.005633049443833641,0.0015739826315167107,0.6730360155929863,0.9970177079754785,BARBUNYA
63653,1016.303 px,355.13717060533173,228.64441465430565,1.5532291534095608,0.7651769744649645,64755,284.6849429475105,0.7166677925645702,0.9829820091112655,0.7744302808508122,0.8016196740607711,0.005579268386491316,0.0014211191313371647,0.642594101841297,0.9980958927889348,BARBUNYA
92041,1193.866 px,440.9058834183513,266.8912996045467,1.6520054571716738,0.7959785131562401,93687,342.33060181200443,0.684065403195838,0.9824308602047243,0.8114841176646798,0.7764255699150782,0.0047903204378304375,0.0010738500614557143,0.6028366656179539,0.9958894613840352,BARBUNYA
65458,1022.133 px,387.3753025144676,215.98922363765655,1.7934936567220978,0.8301292743225376,66482,288.69311408357885,0.6844779989961519,0.9845973346168888,0.7873317695928167,0.7452543107670031,0.005917921453672089,0.0011260740399940772,0.5554039877168009,0.9961135288882402,BARBUNYA
97054,1265.4379999999999 px,428.82189658756045,288.6922781657261,1.485394411351009,0.7394405430746518,99061,351.5295019976652,0.7743629023249876,0.9797397563117675,0.7616256461742277,0.8197564182123964,0.004418384575468919,0.0012307860900257223,0.6720005852004173,0.9981859136813072,BARBUNYA
66906,1019.347 px,369.0277303697709,231.27969331311505,1.5955907113304904,0.7792387916682219,67928,291.8687461515035,0.7564102564102564,0.984954657873042,0.8091533416412098,0.7909127746553002,0.005515614898062519,0.0013313371769495925,0.6255430171129458,0.9981106276430661,BARBUNYA
166654,1529.386 px,572.611731590406,372.54602556353063,1.5370227899337983,0.759413364028384,168540,460.64136059226576,0.7267312053026339,0.988809778094221,0.895347005250339,0.804456729017502,0.0034359315203379816,8.876362241787365E-4,0.6471506288615385,0.994685265080174,BOMBAY
80219,1123.513 px,394.2657353612329,261.41405999974984,1.508204016882681,0.7485837288507599,81677,319.5903675630885,0.7957128970182713,0.982149197448486,0.7986029386660815,0.8105963539293477,0.0049148672429378685,0.001308911061735181,0.6570664490035525,0.9909902577459972,BARBUNYA
77685,1089.3829999999998 px,386.3624876999661,259.73274886036245,1.48753859263116,0.7403228796440828,79154,314.5021685660547,0.7656712004730929,0.9814412411248957,0.82259458555427,0.81400803281473,0.004973450314732138,0.001346952587469686,0.6626090774869067,0.9856565745895044,BARBUNYA
77128,1077.519 px,427.97978160180196,232.02433110122678,1.8445469902683802,0.8402891232526302,78614,313.37265293310713,0.7923241288625904,0.9810975144376319,0.834780047371751,0.7322136848620414,0.005548954745381729,9.83880405613289E-4,0.536136880299249,0.9889296689278586,CALI
174325,1617.626 px,608.1851598198426,369.6825682313065,1.6451550927316312,0.7940553738525788,177123,471.1236394365679,0.7660751639156955,0.9842030679245496,0.8371693128331819,0.7746384991967327,0.0034888005726077306,7.749116987078028E-4,0.6000648044377666,0.9871996689898018,BOMBAY
73878,1042.002 px,398.4862381051346,240.60958251217505,1.656152817957576,0.7971290200743161,75978,306.69918664050016,0.7536418166238218,0.9723604201216142,0.8550428679027242,0.7696606741023317,0.005393841713434779,0.001167549084205156,0.5923775532596557,0.9810677541257927,CALI
57516,957.4299999999998 px,340.9225203938529,215.48918025585405,1.5820864880040364,0.7749058332937446,58509,270.6134617031969,0.6902610261026103,0.9830282520637851,0.7884687333072669,0.7937682186280008,0.005927437937162753,0.0014515152521674046,0.6300679849038698,0.9968220454403436,BARBUNYA
81239,1076.372 px,415.90775662119984,250.40994895263083,1.6609074773617547,0.7984353917048914,82256,321.6157760041318,0.7977042644907257,0.9876361602801011,0.8811496018021561,0.773286313813697,0.005119557806240843,0.0011292068629027527,0.5979717231315753,0.9931757062001264,CALI
74797,1041.3559999999998 px,403.88299721916917,238.58707040603684,1.6928117543495766,0.8068670023321447,75662,308.60087204600694,0.7765791768761161,0.9885675768549602,0.8667534839542954,0.7640848319211198,0.005399721876802133,0.0011353178544172323,0.5838256303719259,0.9883068895841474,CALI
88647,1194.981 px,398.98485585071836,283.37049013112124,1.4079971971185143,0.703971031205695,90537,335.9596194814757,0.7386695997800165,0.9791245568110275,0.780102925399291,0.8420360185479727,0.004500827505169023,0.0013957087715935484,0.709024656532122,0.9983047290851451,BARBUNYA
93156,1183.213 px,482.04964385413535,249.13896152445852,1.93486253978309,0.8560864929350662,94313,344.3978847631745,0.8009147809340394,0.9877323380658022,0.8361704795196726,0.7144448484799353,0.005174649446671555,8.316403130276933E-4,0.5104314415195177,0.9876146753235977,CALI
95349,1276.178 px,483.6912556751365,252.01722737045205,1.919278537907791,0.8535389037768819,96842,348.42806625034245,0.692666448730522,0.9845831354164516,0.7357046475000931,0.7203522126196108,0.005072850849774371,8.42580558658496E-4,0.5189073102259689,0.9959276636801621,BARBUNYA
64181,1001.764 px,357.11308037487447,229.20637052453915,1.5580416877489949,0.7668458241366852,65138,285.86323166970504,0.7848582679091154,0.9853081150787558,0.803684333251151,0.8004837889713368,0.005564155752868832,0.0014092537720018514,0.6407742964059078,0.9983530662384354,BARBUNYA
72561,1056.8680000000002 px,427.22065141592697,217.61960837171836,1.9631532958472513,0.8605389930283273,73203,303.9531783112789,0.801646135999558,0.9912298676283758,0.816341032533514,0.7114664923240352,0.005887744813548972,9.305646392907068E-4,0.5061845696998666,0.9937179063133157,CALI
75065,1060.516 px,412.11647496479577,234.39142968732216,1.758240373867588,0.8225101386077671,75760,309.15324100766753,0.7744008748310689,0.9908262935586061,0.8387120887563306,0.7501598693283891,0.005490128221738437,0.0010724512497044317,0.5627398295507859,0.9894318882995565,CALI
70477,1024.772 px,355.12048993234,253.3520960266826,1.4016875940704248,0.7007308489829807,71580,299.5565111866208,0.7931775721970874,0.9845906677842973,0.8433401405160498,0.8435348555744964,0.0050388139383393165,0.001573693734083769,0.7115510525690865,0.9973722829338411,BARBUNYA
66371,992.178 px,373.0059387122511,228.91525313331493,1.629449910421745,0.78953615877769,67609,290.6994699403793,0.750361778139556,0.9816888284104187,0.8472450480033088,0.7793427390029688,0.0056200138420733625,0.001278883905920958,0.6073751048366496,0.9896873101684766,CALI
71682,1058.192 px,388.21673550523866,236.42093803268347,1.6420573352583963,0.7931762611689546,72768,302.10653261011413,0.7653917611634313,0.9850758575197889,0.8044351339270038,0.7781903894919477,0.005415818971362945,0.0012251446112627675,0.6055802822976293,0.9943975446346723,BARBUNYA
68087,1029.885 px,372.47351994236067,233.89522251827,1.592480239365582,0.778252654117307,69320,294.43345747788754,0.7000298160657187,0.9822129255626082,0.8066712845498681,0.7904815824852472,0.005470552674407166,0.0013175830209950844,0.6248611322483808,0.99507900545315,BARBUNYA
41488,759.552 px,283.14277715886533,186.9854891254084,1.5142500013408295,0.7509202179760333,42005,229.83507615673557,0.7084336526475761,0.9876919414355434,0.9036855546927829,0.8117285507437827,0.006824690926505624,0.0018277047354628383,0.6589032400926017,0.997744232193699,BARBUNYA
90264,1178.124 px,408.9285283016384,281.85884097332,1.4508273960451943,0.724512303834683,91447,339.0098734048534,0.789020979020979,0.9870635450042101,0.8172264843831797,0.8290198651897165,0.004530361254781955,0.0013199951835536337,0.6872739368791758,0.9971158562121436,BARBUNYA
187761,1664.8329999999999 px,615.0686122560675,393.7663939480915,1.562013980139578,0.768208999347857,192202,488.9424609900626,0.8167108164889799,0.9768941009979084,0.8512828850856223,0.7949397046885956,0.0032758060100663475,8.069278311755331E-4,0.6319291340903916,0.9870821419066897,BOMBAY
69339,1031.231 px,374.91212537299003,236.39899900182388,1.5859294115289273,0.7761526217702283,70486,297.12818242703173,0.7114538122941484,0.9837272649887921,0.8193614332327386,0.792527534636088,0.005406944509914911,0.001315797673986553,0.6280998931563557,0.9961220939348412,BARBUNYA
70743,1034.348 px,357.52217343579787,253.08664067358865,1.4126473546144303,0.7063219389185298,71718,300.1212840056493,0.7520410766679423,0.9864050865891408,0.8309214665375336,0.8394480295347153,0.005053816963315068,0.001548012729370783,0.7046729942897165,0.9954544412515977,BARBUNYA
74919,1054.0720000000001 px,399.59518644310026,240.23566901835616,1.6633466132482084,0.7991003941088534,75690,308.85244608390855,0.7363046683046683,0.9898137138327388,0.8473469719857378,0.7729133296951942,0.005333696211149378,0.0011741706699557326,0.5973950152205122,0.9936749753384008,CALI
84005,1170.688 px,412.47332668859906,260.47314627510315,1.5835541305780456,0.775383299829688,85663,327.0450855088291,0.7985266159695817,0.9806450859764426,0.7702517022753257,0.7928878410984745,0.004910104478169145,0.0011970644349718295,0.6286711285617997,0.9955347624091996,BARBUNYA
71197,1042.3319999999999 px,408.8520871812373,223.39585075700114,1.8301686705272169,0.8375258353544666,72056,301.0827724505495,0.7181605438883173,0.9880787165537915,0.8234920605096314,0.7364100169484631,0.005742546556473409,0.0010417488671424645,0.5422997130620357,0.9924999448820372,CALI
78838,1101.545 px,439.5987705888467,230.80689699101953,1.9046171337156839,0.8510776096087168,79863,316.82749127534805,0.7549218630304887,0.9871655209546348,0.8164713977489764,0.7207196936673745,0.0055759756790995044,9.280389217753392E-4,0.5194368768399943,0.9893283755132165,CALI
66516,974.2009999999998 px,372.35677676846666,228.92671146849074,1.626532676680316,0.7886793589354535,67382,291.01684067696857,0.7795787771175415,0.9871479030008014,0.8807220033643649,0.7815537646517021,0.005598003138620282,0.001288392944424333,0.6108262870412481,0.9935289156479001,CALI
68749,1024.216 px,391.3524554283788,226.6710098562327,1.7265218683085948,0.8151860791788836,70178,295.8613618926907,0.7683856402002861,0.9796374932314971,0.8235560036854855,0.7559972035152751,0.005692482151425894,0.0011469967739007004,0.5715317717229162,0.9867621023127707,CALI
182494,1653.2979999999998 px,614.2726257457701,387.0123388421079,1.587217161043486,0.7765679465224705,189173,482.0358674174555,0.7456038568393528,0.9646936930745931,0.8389888200023129,0.7847262717140131,0.0033659880639679667,7.873450554009917E-4,0.6157953215181754,0.9774009020039388,BOMBAY
82419,1136.792 px,388.49675814236844,272.1324998870088,1.4276014746628014,0.7136763505531146,83738,323.9430969129106,0.7090111402640974,0.9842484893357855,0.8014477012847319,0.83383732328134,0.004713679590171786,0.0014056109879894557,0.6952846816969898,0.992589436901079,BARBUNYA
75124,1084.9450000000002 px,391.4400060962641,245.82628801621826,1.5923439647367537,0.778209289043456,76179,309.27471212287037,0.751991991991992,0.9861510390002494,0.8019976997027201,0.790094796919691,0.005210585247008467,0.0012525154032666315,0.624249788119568,0.9940203826003912,BARBUNYA
72707,1017.4650000000001 px,385.5659854472309,241.5449443816093,1.5962494534271323,0.7794467390838417,73595,304.25881676470686,0.7210706918438591,0.9879339629050886,0.882565876455995,0.7891225581317473,0.005303010514080225,0.0012684696621880502,0.6227144117523927,0.9940075394009552,CALI
75279,1124.6129999999998 px,383.13881423048065,251.69401399300637,1.5222404702923393,0.7539546827403127,76654,309.5936040814123,0.7892535122667226,0.9820622537636653,0.7479585077159034,0.8080455244484143,0.005089584269590199,0.0013384599756413893,0.6529375695811132,0.9939279929906907,BARBUNYA
67412,1052.897 px,377.42200719729703,228.38955814556957,1.6525361766177509,0.7961263149357394,68526,292.9703469460464,0.7921504112808461,0.9837433966669585,0.7641441622242934,0.776240763281449,0.0055987362368316775,0.0012538787787814503,0.6025497225797665,0.9957352147740538,BARBUNYA
88095,1154.539 px,457.4954322727515,247.15107571663046,1.8510760309103007,0.8415197672292092,88910,334.91198499522847,0.8128494712949123,0.990833427061073,0.8305081683064832,0.7320553635507322,0.0051932054290567175,9.200066634539885E-4,0.5359050553033948,0.9920010027157733,CALI
67976,995.5819999999999 px,382.46441124404237,229.65631401493937,1.6653772960022457,0.7996513895658847,69399,294.19335698298397,0.7251237412527735,0.9794953817778355,0.8618097383029013,0.7692045281443598,0.0056264624462169345,0.0012150174518472158,0.591675606117787,0.9853631210269298,CALI
59468,945.5359999999998 px,370.0789420867204,205.52916927330853,1.8006151798073826,0.8316062070478729,60107,275.1672386864226,0.7467101958814666,0.9893689586903356,0.8358667686595667,0.7435366009610533,0.00622316106286945,0.0011732760645156227,0.5528466769687166,0.9954641186559395,CALI
146153,1476.3829999999998 px,526.1933263932928,356.52828795597384,1.4758810006634597,0.7354662103148757,149267,431.3789276050445,0.7319360977564102,0.9791380546269437,0.8425962592026347,0.8198107158862348,0.0036002909717439448,0.0010031635118937547,0.6720896098819007,0.9919242859680139,BOMBAY
66040,1020.017 px,369.252114638155,229.04832911670582,1.6121144217123358,0.7843619928294501,67289,289.97368765857044,0.7226173541963016,0.9814382737148717,0.7976311546456374,0.785300005506339,0.005591340318566853,0.0013117107906811796,0.616696098648256,0.9941846744445867,BARBUNYA
76784,1040.031 px,390.50934113256505,251.90140172996925,1.5502467967652651,0.7641331207194763,77508,312.67303242036195,0.7811349162750005,0.9906590287454198,0.8920475972324589,0.8006800337055695,0.005085816591120091,0.0012893667072742324,0.6410885163747522,0.9938454189529559,CALI
137358,1364.645 px,507.9858904326199,345.2228516988957,1.4714723777199041,0.7335908289533251,138093,418.1980839096857,0.7980733475876174,0.9946774999456888,0.9268819953159733,0.8232474401080953,0.0036982621356791735,0.0010478497390043436,0.6777363476445317,0.9972703149357028,BOMBAY
68272,1007.016 px,398.6198542214913,219.95481124074342,1.8122806769850406,0.8339824902442,68885,294.8331904622663,0.6566635887965527,0.9911011105465631,0.8460182814379263,0.7396349864160142,0.005838701872238858,0.0010778686673303941,0.5470599131306177,0.9914261097197334,CALI
71197,1032.165 px,376.29822791623974,241.22198597667983,1.559966544478323,0.7675079818401997,72221,301.0827724505495,0.775566448801743,0.9858212985142826,0.8397950329482616,0.8001174337647095,0.0052853101663867825,0.0013361806400493217,0.6401879078142243,0.9986717183697627,BARBUNYA
75622,1056.956 px,418.3860506232195,230.77939628419702,1.812926358937135,0.8341124830869472,76182,310.2981160947686,0.7104059220847542,0.9926491822215221,0.8506368766424981,0.7416550232316654,0.005532597003824542,0.0010325630268604637,0.5500521734847621,0.997204084101187,CALI
67796,1020.867 px,404.65934301020366,215.61272832708235,1.8767878230098711,error,69042,293.8035877501585,0.7771562199092118,0.9819530141073549,0.8174771167394305,0.7260516600570621,0.0059687790284117595,0.0010231406852482126,0.5271510130716158,0.9893506022201258,CALI
82058,1124.551 px,446.2305721015473,235.79228798821518,1.8924731419708254,0.848989893718094,82908,323.23287357859806,0.721642775481488,0.9897476721184928,0.8154033277620388,0.7243629051598037,0.005437989862067651,9.235128948244826E-4,0.524701618371551,0.992983720316786,CALI
69544,1022.185 px,392.13336974289984,227.17988870401877,1.7260919176423695,0.8150835529029679,70244,297.56708638399874,0.7357051424460737,0.9900347360628666,0.8363932579463882,0.7588415303168333,0.005638636974331357,0.0011533424109725107,0.5758404681335934,0.993953577896794,CALI
68852,981.885 px,354.74420440489797,248.50699375406504,1.4275018945984699,0.7136283871301722,69563,296.0829092232536,0.7740006295247088,0.9897790492071935,0.8974394843985701,0.8346377630607051,0.005152271602929442,0.0015423063022841747,0.6966201955269778,0.9944266489303173,BARBUNYA
76553,1071.474 px,423.6968927750005,231.99480449415384,1.8263206096310551,0.8367736292927713,77861,312.2023492354132,0.803587924084649,0.9832008322523471,0.8379320549648646,0.7368530535842395,0.005534686985160614,0.001006459671466524,0.5429524225764181,0.9916051994004222,CALI
70348,1004.593 px,390.9888283115826,230.36673738527097,1.697245152444397,0.8079944644566597,70890,299.2822338412844,0.8236602699949654,0.9923543518126675,0.8759540472814898,0.7654495785306265,0.0055579238686470495,0.001176951886527703,0.5859130572727137,0.9944380962099899,CALI
70943,1038.435 px,399.6836585965933,228.31684191956876,1.7505658156282378,0.8207803818624022,72323,300.54522625080347,0.776113688079818,0.9809189331194779,0.8267244444080459,0.7519577540550595,0.005633870270450831,0.0011111184865652906,0.5654404638835293,0.9898407468474797,CALI
155913,1510.721 px,950.6465082,347.1721052697454,1.656173430195994,0.7971347123464566,157587,445.54976954128637,0.7727723312086757,0.9893772963505872,0.8584671075307673,0.7748998687111257,0.0036878080497005313,8.202201230380484E-4,0.6004698065285199,0.9944821392074638,BOMBAY
62114,961.5859999999999 px,360.3624473006092,220.20688687607148,1.6364721940027913,0.7915761212765572,62796,281.222333895585,0.7683572488866898,0.9891394356328429,0.8441567516754853,0.7803874571342151,0.005801630023836964,0.0013273055635235715,0.6090045832524065,0.9966190665128212,CALI
55722,897.5840000000001 px,318.9323359320018,225.0086389240291,1.41742262633607,0.7087040642063964,56736,266.3596326618069,0.7792741766310048,0.9821277495769881,0.8691332306015099,0.8351603229049698,0.005723634039194606,0.0017176356074952897,0.6974927649547334,0.9886420267525456,CALI
102300,1232.892 px,491.1081828158212,267.18101166584574,1.8381103498104632,0.8390612412297112,102966,360.90498116042556,0.7932630795356735,0.9935318454635511,0.8457371904149235,0.7348787778104986,0.004800666498688379,8.636626183538724E-4,0.5400468180762522,0.9926656456881676,CALI
67822,1034.6619999999998 px,353.3819207867304,245.86049812461238,1.4373269536272626,0.7182976544232625,68887,293.8599196947896,0.7752857796067673,0.9845398986746411,0.796129026571294,0.8315646681657409,0.0052104320248109815,0.0015368716928491864,0.6914997973415989,0.9939112971468699,BARBUNYA
61731,969.593 px,363.2265517743293,218.00804317019416,1.666115371214842,0.7998510624772484,63023,280.3539732838583,0.7737556561085973,0.9794995477841423,0.8251525259227692,0.7718432804935491,0.0058840218330227815,0.0012881621934372747,0.5957420496430436,0.9925749861893103,BARBUNYA
71200,1034.189 px,353.43573523914534,258.4528217388654,1.3675058096144466,0.6821006307167697,72192,301.0891156869401,0.7884653717525636,0.9862588652482269,0.8365463898912017,0.8518921140874849,0.004963985045493615,0.0016126815570851028,0.7257201740444442,0.9924265541601849,BARBUNYA
63888,1027.994 px,370.11411185353995,221.09878921307399,1.6739762038988788,0.801958270467549,65071,285.20997183485724,0.8088317212741176,0.9818198583086167,0.7597102696186878,0.7706001006190204,0.0057931710470438885,0.0012601213209187014,0.5938245150740444,0.9940481075257414,BARBUNYA
60918,939.729 px,347.63270340419575,223.8423141421599,1.553024970888292,0.7651057456160097,61747,278.50171738460904,0.8216617210682493,0.9865742465220982,0.8668625515561863,0.8011378522716044,0.005706567901181847,0.0014500526096485257,0.6418218583423589,0.9967653728676115,BARBUNYA
72716,1030.705 px,408.9068456857542,229.8795297656121,1.7787875506039206,0.827014437438333,74014,304.2776474454903,0.8140610131542122,0.9824627773124004,0.8601438318350266,0.7441246109127954,0.00562334074599475,0.0010635473675758463,0.5537214365661192,0.9849527978663313,CALI
80590,1134.7640000000001 px,400.6533337968386,257.5414354609541,1.5556849447536052,0.7660309622336129,82249,320.32854214104424,0.7959113130215791,0.9798295420005106,0.7864659430947489,0.7995154791435604,0.004971501846343697,0.001253068674936163,0.6392250013901571,0.9944327109727695,BARBUNYA
88543,1130.637 px,436.7700791728517,260.7669685948531,1.674944037300407,0.8022152833521295,89480,335.762488985124,0.8280154113752408,0.9895283862315601,0.8703976491996864,0.7687396756228946,0.004932858375849607,0.0010626630848040327,0.5909606888767931,0.9898260821131257,CALI
55596,947.733 px,314.7614494034101,225.63643199667166,1.3949939139617893,0.6972284440647877,56806,266.05831264799093,0.7702624068275652,0.9786994331584692,0.7778241163761266,0.8452696896404255,0.005661584455777575,0.001782784858317361,0.7144808482248214,0.9966964349158826,BARBUNYA
72912,1090.1809999999998 px,371.04646559561974,251.0071293263237,1.4782307840875626,0.7364570021941003,74942,304.68744917657864,0.7144032921810699,0.9729123855781805,0.7709241627150791,0.8211571256647904,0.005088962936082123,0.0014272962147454326,0.6742990250300603,0.9967695764796651,BARBUNYA
185104,1607.624 px,588.7555844447555,402.5758804741509,1.4624710843365072,0.7296936613454904,187253,485.4706300989356,,0.9885235483543655,0.9000294194962325,0.8245707436588885,0.003180674563730419,9.070070968414866E-4,0.6799169112981724,0.9943588225249669,BOMBAY
65243,980.6679999999999 px,328.50512393232543,253.2426845366916,1.2971949200954285,0.636963248666565,66224,288.2186108098438,0.757494485080692,0.9851866392848514,0.8525105815574057,0.877364125587335,0.0050351014504594425,0.0018403798884173894,0.7697678088676289,0.998538891316077,BARBUNYA
61843,954.292 px,347.1065222338001,227.56693069573436,1.5252942120043562,0.7550986210520793,62526,280.6081844227938,0.7759083609354612,0.9890765441576305,0.8533709345544973,0.8084209499059337,0.005612705111876851,0.0014787754303260737,0.6535444322468125,0.9968475397937362,BARBUNYA
79147,1072.47 px,408.18122738934153,250.23038866896553,1.6312216496187923,0.7900538305605431,80996,317.44777562168224,0.7429968833314559,0.9771717121833177,0.8647170391622825,0.7777128253840208,0.005157254569210981,0.0011637920232640028,0.6048372387667964,0.986623598372049,CALI
62613,947.788 px,363.8466214351816,220.71509856244856,1.6484899483767568,0.7949951616991096,63392,282.3496903035361,0.802278202039875,0.9877113831398284,0.8758948347746095,0.7760129507038339,0.005811039583396125,0.0012998985913694509,0.6021960996600709,0.9927142172413146,CALI
69509,1061.856 px,374.3445948525038,237.98385019650152,1.5729831858061385,0.7719076279909391,71008,297.49219740187544,0.7089861281109752,0.9788897025687247,0.7746752015600342,0.794701463551493,0.005385555753247836,0.0013250319191838319,0.6315504161708849,0.9934181856256711,BARBUNYA
70448,1027.708 px,396.9221507116302,227.4069283854986,1.7454268149595276,0.8196072616461234,71325,299.4948738250836,0.764741641337386,0.9877041710480197,0.8381834042307622,0.7545431094942117,0.005634257192704267,0.001126555676936014,0.5693353040851941,0.9937331064534342,CALI
68938,1004.6179999999998 px,384.34982842533987,229.34533320640278,1.6758563300672809,0.8024570643951103,69770,296.26776357705984,0.7699558831741777,0.9880751039128566,0.8583543910563873,0.7708284007588935,0.005575297055692649,0.0012141675035924836,0.5941764234165136,0.995754320359301,CALI
81338,1134.946 px,370.53963909508593,280.2769742916659,1.3220480920044813,0.6541068792182706,82905,321.8116810957437,0.7618485631860927,0.9810988480791267,0.7935110087883139,0.8684946147236952,0.004555553850538321,0.0015987827982274136,0.7542828958040598,0.9971982632293722,BARBUNYA
90508,1206.1109999999999 px,414.4114538679136,278.94245104710194,1.4856521562504537,0.7395468636250342,92011,339.4677668275592,0.7104238618524333,0.9836649965764963,0.7818479027118301,0.8191563328164154,0.004578727337560366,0.0012717206320894603,0.6710170975932378,0.9968979979203149,BARBUNYA
64060,988.5229999999999 px,389.1215741523307,210.5194185578867,1.8483880338351477,0.8410149097785375,64799,285.5936365462902,0.7961225377493321,0.9885955030170218,0.8238027574925207,0.7339444932305088,0.0060743299118378195,0.0010872539743545515,0.5386745191433885,0.9956795353165414,CALI
76559,1125.301 px,399.4427583583794,245.48803062011228,1.6271374101188214,0.7888574261468151,78821,312.2145837487085,0.6971570627231004,0.971302064170716,0.7597464973555339,0.7816253448475089,0.005217450049744373,0.0012012477739339338,0.6109381797079875,0.9940803674727615,BARBUNYA
75002,1040.4279999999999 px,399.38056986426324,240.82049859225148,1.65841600776884,0.7977525134061714,75945,309.0234818492385,0.7801655987351253,2.292970,0.8706801544219867,0.7737569255165964,0.005324932266663066,0.0011773675109666099,0.5986997797848957,0.9928932986429504,CALI
75923,1064.9160000000002 px,409.419777380852,239.2501200660558,1.7112625785425444,0.811491764058853,77438,310.9150462022186,0.756732781819994,0.9804359616725639,0.8413031595839175,0.759404072248806,0.005392565854627083,0.0011062847020753728,0.57669454494807,0.9868757940192535,CALI
68291,1010.006 px,398.00054368349544,223.76059873362792,1.7786891255027815,0.8269932897873299,70414,294.8742134360158,0.7229314871273713,0.9698497457891897,0.8412506809495777,0.7408889714243971,0.005828008722723279,0.0010832095399136259,0.5489164679783013,0.9763517524024,CALI
78015,1061.146 px,411.39851483028605,243.21733856610663,1.6914851435168865,0.806527597759735,79258,315.16945137895857,0.7724257425742574,0.9843170405511116,0.870638151703355,0.7660928273136213,0.005273325832599962,0.0011204434812497864,0.5868982200613778,,CALI
71441,1051.138 px,339.36873995159607,270.0722711003934,1.2565849080650093,0.6055493668092062,72590,301.5982531703802,0.749769111288359,0.9841713734674198,0.8125272138469742,0.8887036950232863,0.00475033580089299,0.0018278140745330792,0.7897942575480424,0.9924435445112789,BARBUNYA
76077,1133.5649999999998 px,403.5801066580954,241.34284394958345,1.6722273594422519,0.8014925142103749,77477,311.2302119730939,0.8007009567111869,0.9819301211972585,0.7439956325544538,0.7711733230616384,0.005304889870237988,0.0011573484280262803,0.5947082942019302,0.9944874804516997,BARBUNYA
84459,1114.52 px,437.47122771763975,249.11857986432375,1.7560762748242127,0.8220250382356948,85700,327.9276424896003,0.7857747592687352,0.9855192532088681,0.8544370393635926,0.7495981946068853,0.005179687513676929,0.0010087822922376039,0.5618974533579018,0.9867347867259557,CALI
85998,1174.8 px,441.30153005736565,251.9228226031694,1.7517330327491087,0.8210451618248075,88241,330.9018802728907,0.7454233409610984,0.9745809770968145,0.7830154647652195,0.7498317085596239,0.005131532478166534,0.001000649658784177,0.562247591161445,0.9849076780211187,CALI
77350,1056.679 px,416.553645217595,238.052762727254,1.7498374748746612,0.8206148478606308,78059,313.8233241575024,0.817670563859701,0.9909171267887111,0.8705305747825283,0.7533803335067939,0.005385308923304396,0.0010701570088136286,0.567581926914808,0.9931761257771021,CALI
80451,1122.763 px,414.4390977533374,248.19462215863703,1.669814978861399,0.8008471931751627,81753,320.05217483011825,0.8148091881380651,0.9840739789365528,0.8019829330452763,0.7722538162183828,0.005151447436990683,0.0011301843469820572,0.5963759566638558,0.9958375054701032,BARBUNYA
67236,1008.387 px,344.0350656046625,249.566195033015,1.3785323190873278,0.6883178921995482,68429,292.58765187514905,0.755036496350365,0.9825658711949612,0.8309162572092031,0.8504588082058103,0.005116828270638684,0.001651177409762576,0.7232801844548471,0.9970651100264508,BARBUNYA
82174,1110.342 px,433.7984636604206,243.79602758798083,1.779350008087691,0.8271352095626383,83674,323.46125942540203,0.8113546603475513,0.9820732844133183,0.8375885968106447,0.7456486975449709,0.0052790233365835985,0.0010066312277577673,0.5559919801505117,0.9893043343775043,CALI
61152,982.982 px,334.02463924814595,233.81371917053426,1.4285929860451085,0.7141531965147324,62351,279.0360991693452,0.743941605839416,0.980770156052028,,0.8353757968197373,0.005462203022765338,0.001640873701249879,0.697852721912211,0.9969475038162723,BARBUNYA
59162,930.7479999999998 px,355.31243215180376,212.57133435738885,1.6714973974544904,0.8012975961626091,59888,274.45837197218395,,0.9878773710927063,0.8581999557012852,0.7724423553379194,0.006005754236702677,0.001318899297076721,0.5966671923199924,0.9973276591093453,BARBUNYA
69495,1013.931 px,396.3114600664502,226.13135595623385,1.7525718995960629,0.8212350772002219,70728,297.46223652989994,0.7374726744062653,0.9825670173057346,0.8494672119386558,0.7505769237155644,0.005702733435016191,0.0011164612814615607,0.5633657184143201,0.9873389272886856,CALI
77868,1085.675 px,432.677568774084,233.02943461460464,1.8567507125855887,0.8425774077386088,79631,314.8723818778612,0.7593470247498684,0.9778603810073966,0.8301741563043371,0.7277298492038698,0.005556551712822777,9.61315352123901E-4,0.5295907334222871,0.9833179716605562,CALI
76814,1136.843 px,413.81378850428536,236.66527886462757,1.7485192187443206,0.820314629171451,78152,312.7341081322707,0.6703845281108726,0.9828795168389804,0.7468773018243395,0.7557363162369156,0.005387218326142179,0.0010839905810512693,0.5711373796793432,0.9986446849126037,BARBUNYA
76989,1070.532 px,410.7381029451733,239.4037840000212,1.7156708890830936,0.8125708941454585,77720,313.09014566034404,0.7101651139193801,0.9905944415851775,0.8441881186253016,0.7622622381886405,0.005335023223384812,0.0011110502460995285,0.5810437197683558,0.9968797952911228,CALI
82477,1259.908 px,416.74207331918967,253.62387542284557,1.6431500095343585,0.7934870301531324,85026,324.05705968412724,0.6856285434019984,0.970020934772893,0.6529276381820095,0.7775962170153301,0.0050528277376624955,0.0011395432462057264,0.6046558767165524,0.9935403095918092,BARBUNYA
85613,1142.8609999999999 px,446.16861993543057,246.79365906583536,1.8078609540628814,0.8330883913251257,86801,330.16035065315083,0.795992747896425,0.9863135217336206,0.823688028892508,0.7399900752790091,0.005211458773030154,9.639236798561478E-4,0.5475853115114333,0.9899581036998799,CALI
231201,1521.8819999999998 px,550.0103440186796,369.7737525256894,1.4874239727993364,0.7402758363346044,161350,450.2883273863986,0.7801636292377033,0.9869662224976758,0.8640107831332245,0.8186906524272675,0.0034538191866639845,9.571030221875406E-4,0.6702543843717848,0.9969524391884534,BOMBAY
79038,1121.923 px,414.3293351977824,244.2396526267133,1.6964048660478066,0.8077815696586144,80260,317.2291082747259,0.7048908390410958,0.984774482930476,0.7890775790906988,0.7656448176021493,0.005242153586854202,0.0011112170406965898,0.5862119867210286,0.994452866809105,BARBUNYA
83074,1109.599 px,433.98912437610295,246.83933878615906,1.7581846010050886,0.8224976627364042,84328,325.2277693237908,0.8029887101763068,0.9851294943553742,0.8478965591669191,0.7493915194103861,0.005224126975661494,0.0010163155794086194,0.5615876493642071,0.9873747572267942,CALI
70236,1079.405 px,362.85658249628506,248.41654489273122,1.4606780021554933,0.7289061960192301,71461,299.0438975535513,0.7215533182658722,0.9828577825667147,0.7575316512029441,0.8241379982588931,0.005166247828695897,0.001470126656697726,0.6792034401741756,0.9920975240507527,BARBUNYA
52184,888.581 px,332.9882035305494,200.1934012294018,1.6633325648380286,0.799096573926452,53114,257.7648781398655,0.6781546458739441,0.9824904921489626,0.8305259067933852,0.7740961253488289,0.006381040233223774,0.0014133535700413253,0.5992248112800699,0.9967101422610625,BARBUNYA
103899,1240.06 px,488.42097329760753,273.38222560222727,1.7865864257329696,0.8286773191159731,105229,363.7146071557185,0.8254141012909633,0.9873608986115995,0.8490550195225032,0.7446744244008904,0.004700920829821341,8.917198892981817E-4,0.5545399983567975,0.9907336335902376,CALI
88339,1150.877 px,448.65463152375736,252.64083652405515,1.775859507499053,0.8263835800882815,89449,335.3754733762735,0.749143487109905,0.9875906941385594,0.8381167514424509,0.747513677140129,0.005078783227382666,9.781737691737828E-4,0.558776697511557,0.9923089108448211,CALI
68460,1022.3279999999999 px,373.07038327030506,236.51037766003574,1.577395406329963,0.7733687432963333,69842,295.23885115710846,0.7036694418748073,0.9802124795968042,0.8231258629000928,0.7913757414058665,0.0054494651368727,0.0013184527635291099,0.6262755640856849,0.9878841978854657,BARBUNYA
65881,1027.604 px,409.53131747184574,207.2239824858422,1.9762737524833807,0.8625318505340239,67226,289.6244023674408,0.6319884118030774,0.9799928599053938,0.7840043538026044,0.707209412348182,0.006216228009165704,9.591771563543178E-4,0.500145152913861,0.9884237381354504,CALI
176826,1632.597 px,640.2908694378872,354.9426494350731,1.8039276780543967,0.8322863504872445,179666,474.491154540672,0.8095761338351235,0.9841928912537709,0.8336773426931561,0.7410556314151862,0.003621022188127805,6.736187953330414E-4,0.5491634488521603,0.9906511451602219,BOMBAY
62835,997.065 px,347.04290699440656,231.0540487168775,1.5019988133584112,0.7461485603998713,63990,282.84979546295233,0.7839479988022757,0.9819503047351149,0.7942633816400065,0.8150283142583034,0.005523082788165936,0.0015033223070773647,0.6642711530427315,0.9977344836184064,BARBUNYA
223108,898.1739999999999 px,322.048797637547,210.35597819515533,1.5309705024820828,0.757202285541535,53855,259.4168000284041,0.7065515259267181,0.9814316219478229,0.8233319767246949,0.8055201631908196,0.006093062106471422,0.001582417331704776,0.648862733306965,0.9933897048528618,BARBUNYA
51932,897.6179999999999 px,313.76119605018147,211.33463695928256,1.4846652709874208,0.7391393875468243,52906,257.14174308576673,0.7264029541766911,0.9815899897932182,0.8099567080165281,0.8195460315769599,0.006041769930874633,0.0016812695712090028,0.6716556978735435,0.9971838886936698,BARBUNYA
65987,1008.537 px,362.3717090995532,232.40045929937185,1.5592555634012581,0.7672637538833743,67136,289.85730599458617,0.7799881796690308,0.9828854861773118,0.8152383040578128,0.7998894469848215,0.005491562112227457,0.0013867415599469377,0.6398231273976837,0.9976477709876301,BARBUNYA
63512,1022.604 px,358.4412686436695,226.36413033743472,1.5834720284938744,0.775356632456224,64721,284.36946032445127,0.6967472985574023,0.9813198189150353,0.763221645231357,0.7933502227589373,0.00564367786628778,0.0013791190948992038,0.6294045759516553,0.9966445406254943,BARBUNYA
81997,1141.1719999999998 px,407.5545701073409,258.72212655093006,1.5752598184798579,0.772663417346561,83673,323.1127093595192,0.8228747478599456,0.9799696437321478,0.7912352241620256,0.7928084557472106,0.0049703595266575714,0.0012112691629786773,0.6285452475042768,0.9901220724899644,BARBUNYA
68062,1016.6659999999998 px,375.2806725760292,232.54833562023282,1.6137749237168824,0.7848663347631727,69176,294.3793978758783,0.7373838053346623,0.9838961489533943,0.8274808864341986,0.7844246170610855,0.005513806126414581,0.0012877635012644771,0.6153219798514304,0.9929911810960631,BARBUNYA
90795,1174.3319999999999 px,456.31734415607264,255.71398015980108,1.784483366419428,0.8282313772837205,92018,340.0055653430236,0.7280315604628227,0.9867091221282792,0.8273514002533692,0.7451076968635508,0.005025798162410625,9.555666946753789E-4,0.5551854799253053,0.9907192542042945,CALI
79535,1111.194 px,418.07326595058527,247.10228616592062,1.691903674536882,0.8066347777799504,81919,318.22493175505775,0.7198779913833677,0.9708980822519806,0.809446918333659,0.7611702485484225,0.00525646905073974,0.0010884314799328083,0.5793801472752674,0.9802554001287449,CALI
91657,1162.7889999999998 px,460.83659320572565,255.83197329423797,1.8013252498181975,0.8317523661035647,93537,341.61574459001565,0.7107728337236534,0.979901001742626,0.8518706843642586,0.7412947444421201,0.0050278384979404265,9.365366255942166E-4,0.5495178981375081,0.9898604651421177,CALI
162820,1525.029 px,551.6299824950546,377.1518838742189,1.4626202495094114,0.7297590013430745,164278,455.31183014916184,0.7338630801335936,0.9911248006428128,0.8797543234271131,0.8253935511078637,0.0033879743428022026,9.699830850567896E-4,0.6812745142104496,0.9964458999588908,BOMBAY
73257,1055.446 px,415.297881299862,227.1072646423747,1.8286419941424183,0.8372280548114319,74835,305.4074480569585,0.7758302973820215,0.9789136099418722,0.8263936225428593,0.7353937060816399,0.005669053896554077,0.0010227511655039956,0.5408039029444894,0.9889367275204142,CALI
69890,1019.5669999999999 px,397.652402868701,225.35398283310263,1.7645678938951914,0.8239166616964315,70522,298.3064058674244,0.6814215375615463,0.9910382575650152,0.8448767592959298,0.7501687496804107,0.005689689553136371,0.0011114865385484908,0.5627531529970706,0.9930161459669192,CALI
58962,931.9010000000001 px,335.84408697811136,224.66662064926624,1.494855292733528,0.7432974393563728,59755,273.99406934580657,0.7001282416642918,0.9867291440046858,0.8531836316938639,0.8158371100446503,0.005695941232965493,0.0015565357056126902,0.665590190126007,0.9949610185013767,BARBUNYA
73235,1091.1779999999999 px,401.96993826059736,232.66950859541913,1.7276433886297016,0.8154530968566195,74256,305.36158576133903,0.8055503613344627,0.9862502693385047,0.7729249870240545,0.759662742648613,0.005488768188169555,0.0011275555851021142,0.577087482568413,0.9970013739202769,BARBUNYA
79900,1111.113 px,438.89829826045394,237.31149387883497,1.8494607702589574,0.8412166905815311,82726,318.9542908072244,0.7555269777029711,0.965839034886251,0.8132801746357671,0.7267157153978038,0.005493095097127083,9.450506571510616E-4,0.5281157310061418,0.9767293266524911,CALI
91751,1146.703 px,445.17612032070485,264.3705338208972,1.683909753052501,0.8045713069716497,92725,341.79087388196297,0.6708709894416659,0.9894958209760043,0.876836809108389,0.7677655163438165,0.0048520029244444735,0.0010399566238163988,0.5894638880866873,0.9926039902214207,CALI
80972,1107.587 px,422.9895057064876,245.71437182837914,1.7214683152596686,0.8139753235329326,82215,321.0868300262338,0.7443784588795529,0.9848811044213343,0.8294477455721989,0.7590893525595785,0.00522389845510161,0.001069907145992067,0.5762166451693203,0.9919386973842079,CALI
81409,1095.4660000000001 px,419.1968832756315,250.751708825877,1.6717608236389867,0.8013679724348907,83280,321.9521052848464,0.7945054408822525,0.9775336215177713,0.8524805485490989,0.7680212285193819,0.005149269531324933,0.0011051425109463672,0.5898566074564209,,CALI
80305,1140.603 px,378.82455593537503,270.5711079873295,1.4000924147197373,0.6999023284472695,81847,319.7616325326684,0.751391812865497,0.9811599692108446,0.7756814959936813,0.8440889787176774,0.004717322158463048,0.001477162309819509,0.7124862039926517,0.9975465298025713,BARBUNYA
66441,1008.386 px,355.990226986924,238.06288015314425,1.4953621780847055,0.7435014576890562,67698,290.85272663626336,0.747603294625979,0.9814322431977311,0.821093112928715,0.8170244703008288,0.0053579902016363985,0.0014727259321871014,0.6675289850703499,0.9981975970494712,BARBUNYA
208502,1770.466 px,674.4861852310231,401.01715509102473,1.6819384823522703,0.8040571127160826,212629,515.2407122465876,0.679936996370443,0.9805906061731937,0.8358818730713585,0.7639010605830404,0.0032349147021660373,6.79502483609439E-4,0.583544830359894,0.9814865063600332,BOMBAY
64413,998.5110000000001 px,333.03266002094773,247.2226217433903,1.3470962231224362,0.6700261808091561,65455,286.37943151529936,0.758317440135622,0.9840806661064854,0.8118535302181963,0.8599139540767147,0.005170270908371722,0.0017438657496650122,0.73945200841585,0.9961130077172914,BARBUNYA
87083,1132.608 px,441.04283362583226,252.77786180226255,1.7447842563477391,0.8194597314293744,87801,332.982761226722,0.7294177758047359,0.9918224166011776,0.8530686779625015,0.7549896196912583,0.005064626088052,0.0010150585011322823,0.570009325841551,0.9945432976997267,CALI
64934,1005.197 px,393.14358750011405,211.68415011819738,1.857217875219263,0.8426639864859211,66119,287.5352788751896,0.7495988455988456,0.9820777688712775,0.8075690255437317,0.7313747140161765,0.006054510541474637,0.0010686083603764164,0.5349089723022441,0.9934425049748934,CALI
69398,1009.124 px,392.7793368107248,225.94408288864327,1.738391781670629,0.8179816447877049,70022,297.2545675435969,0.8135183926101329,0.9910885150381309,0.856382429727503,0.7567978752579848,0.005659807729483916,0.0011452519951708703,0.5727430239950003,0.9956517659220924,CALI
72422,1021.2559999999997 px,349.4805571626464,265.1379862796517,1.3181082125065064,0.6514832099146853,73542,303.6619078989163,0.7561444172983357,0.984770607272035,0.8725918170231319,0.8688949976624698,0.004825613172277021,0.0016966859199300252,0.7549785169628638,0.9951433834747335,BARBUNYA
58469,951.9459999999999 px,358.0763382545632,209.11982824055647,1.7123021822811457,0.8117471340207488,59369,272.8461891636389,0.7058404558404558,0.984840573363203,0.8107947043762516,0.7619777126118492,0.0061242083540776005,0.0012734995475622319,0.5806100345171861,0.994179829158109,BARBUNYA
67569,1000.412 px,393.070378648461,220.75693278398046,1.7805573473567697,0.8273940063501302,68609,293.3113069730013,0.7112526315789474,0.9848416388520457,0.8483978721845064,0.7462055726038865,0.005817318276849753,0.0011125935560536283,0.5568227565850942,0.9914548504130396,CALI
65348,973.6719999999999 px,365.78572883280606,230.1181706816868,1.5895560430939752,error,66339,288.4504424842392,0.7714501581904897,0.9850615776541702,0.8661972530725404,0.7885776282324142,0.005597504572944942,0.0013352175378508369,0.6218546757486598,0.9884728577625267,CALI
101815,1222.712 px,481.0602672825594,273.89505766537366,1.756367096883822,0.822090349342978,104098,360.0484470834593,0.7939905795745211,0.9780687429153297,0.855801967536745,0.7484476926712768,0.004724846705127529,9.145623124308796E-4,0.5601739486649581,0.9838710919666197,CALI
47003,821.3009999999999 px,300.1907651398814,200.11128439528377,1.5001191264502038,0.7454033408825529,47681,244.63458120467524,0.7757806826434277,0.9857804995700593,0.875650376547597,0.8149304029745272,0.006386629898940098,0.0017375351323716977,0.6641115616922255,0.9962464557912221,BARBUNYA
83064,1105.94 px,422.44084232790294,252.09110908070014,1.6757466928064884,0.8024280324258362,84057,325.2081941524253,0.6884650769575056,0.9881865876726507,0.8534136263937099,0.7698313268204198,0.005085727178174696,0.0011018313911743689,0.5926402717540882,0.9931149754158517,CALI
84471,1135.934 px,435.4694636387043,249.5624108963433,1.7449321076625528,0.8194936945957726,-85565.0,327.9509377686301,0.6977844964314036,0.987214398410565,0.822642802081959,0.7530974388613411,0.0051552540355708385,0.0010229031505183857,0.5671557524195114,0.9896482824423192,CALI
89356,1293.204 px,453.645407670266,251.80037101432413,1.8016073838289126,0.8318103847800459,91496,337.30044879803404,0.6641099962839093,0.9766109993879514,0.6714280875937274,0.7435332598874278,0.005076832083690698,9.571371278318096E-4,0.5528417085588254,0.9960037042281714,BARBUNYA
201447,1780.9669999999999 px,660.7194826937354,400.6828906386191,1.6489835182147734,0.7951336752847363,210441,506.44870082592206,0.6931509677419355,0.9572611800932328,0.7981029634641226,0.7665109234574777,0.003279867571588236,6.984084173337514E-4,0.5875389957796353,0.9688421203490779,BOMBAY
58859,934.994 px,327.0002502918676,230.34723969208733,1.4195969994213062,0.7097781615384725,59798,273.75464628671955,0.7403461548137154,0.9842971336834008,0.8460676608873725,0.8371695313455476,0.005555654195481873,0.0016833275217916519,0.700852824213324,0.9949285662891827,BARBUNYA
55938,909.933 px,347.2764793761129,205.53038419387607,1.689660050693664,0.8060591181935784,56664,266.8753897484658,0.7315599497802887,0.9871876323591698,0.8489809930651395,0.7684810391648499,0.0062082391107317544,0.0013356135747458508,0.5905631075558877,0.9978508902506888,CALI
80519,1089.001 px,952.1550763,242.18138481424376,1.758578071717149,0.8225856490910026,81383,320.18740590868117,0.7946136917626393,0.9893835321873119,0.8532016358792619,0.7517991561379569,0.005289371113804464,0.0010422961593272721,0.5652019711697441,0.9939517925904204,CALI
84516,1094.382 px,421.1212864022962,256.2710920365237,1.6432648842901019,0.7935196587694544,85186,328.0382803314836,0.8271609771374883,0.9921348578404903,0.8867698440038911,0.7789639016682461,0.004982740385279665,0.0011316636122415777,0.606784760102217,0.9971080885983669,CALI
56247,944.1600000000001 px,958.5058577,221.05552292843652,1.4708559444848213,0.7333268757605366,57246,267.61148083129524,0.7763561076604555,0.9825489990567027,0.7928992977814435,0.8230632888026188,0.00578058971963823,0.0016363825281467922,0.6774331773745832,0.996406615932646,BARBUNYA
90260,1196.254 px,420.47809159657237,274.06890086920475,1.5342057791417902,0.7583882839648961,91653,339.0023618026809,0.7456053396775046,0.9848013703861302,0.7926078828326949,0.8062307372911516,0.004658520846405632,0.001214130060455782,0.650008001753034,0.9972460327779118,BARBUNYA
80165,1109.1029999999998 px,438.7234672428877,233.95283969987202,1.8752645524871896,0.8459526025464462,80993,319.4827821709557,0.7664397575386733,0.9897768942995073,0.8189377687784136,0.728209922707605,0.005472755781736265,9.493190606226198E-4,0.530289691529816,0.99443346107523,CALI
76799,1044.424 px,400.5074453959113,244.98522705731344,1.63482284302071,0.7910998195650271,77520,312.703571767442,0.7374308649562145,0.9906991744066047,0.8847320153555885,0.7807684360482411,0.005215008599017062,0.0011954289888361995,0.6095993507292166,0.9965869436627167,CALI
79351,1093.3329999999999 px,431.3139197509286,236.30270887183897,1.825260158083316,0.8365653796727847,80084,317.85662037195306,0.8247173027355118,0.9908471105339394,0.8341753554217757,0.7369495993904072,0.005435519650047619,9.88944640680089E-4,0.5430947120416816,0.9912891399554129,CALI
177713,1616.237 px,601.2761197852453,379.39222089992603,1.584840401732556,0.7758004300452701,180176,475.6797443801028,0.7677582408087441,0.9863300328567622,0.854907196497405,0.7911169739287149,0.003383411004176652,8.175180136687554E-4,0.6258660664381271,0.991897828164576,BOMBAY
70286,1025.4489999999998 px,388.3760551322158,232.41660125178097,1.6710340528191496,0.8011737144020945,71633,299.1503211451655,0.7755782132768362,0.9811958175701143,0.8399444414572947,0.7702594359050405,0.0055256531191448625,0.0011998072716579806,0.5932995986007513,0.9914238327857883,CALI
61142,1024.175 px,361.25810137356734,216.15305845158892,1.6713069153933675,0.8012466828719368,62247,279.013283275541,0.7729709228824273,0.9822481404726332,0.7324890952862926,0.7723377890064833,0.005908509721199296,0.001296841367144547,0.5965056603274234,0.9969440351765098,BARBUNYA
146976,1463.4689999999998 px,540.3445698808451,347.64288347577246,1.5543093086745214,0.7655532085091443,148762,432.59178832589424,0.7983660698765861,0.9879942458423522,0.8623612491874622,0.8005850570891975,0.0036764136313469217,9.316098021343365E-4,0.6409364336345134,0.9962134650667741,BOMBAY
153287,1484.785 px,534.7542053848566,368.3810922213357,1.4516331502257407,0.7248760838731798,155347,441.7816995913467,0.7897076854914326,0.9867393641331986,0.8737517242628887,0.826139738860775,0.00348858158477142,0.0010024037872609119,0.6825068681249495,0.9907495950269246,BOMBAY
57343,1021.149 px,341.5122061900434,215.64613342319828,1.5836695087865877,0.7754207669792003,58908,270.2061716796055,0.6752908756889161,0.9734331499966049,0.6910540894515448,0.7912050192702109,0.005955604104948178,0.001439665900062294,0.6260053825183747,0.9913856366306344,BARBUNYA
93084,1338.893 px,405.8493976664991,293.8842225898655,1.3809839605880725,0.6896725591728965,96777,344.2647669775806,0.7285962522894848,0.9618401066369076,0.6525189963777853,0.8482574298668178,0.004360033922763301,0.0013924522787406766,0.7195406673242595,0.9936741205656403,BARBUNYA
83117,1110.906 px,379.36353009808903,279.90348025722386,1.3553369531149237,0.6749932509624961,84252,325.3119291384079,0.7599754955745739,0.9865285097089683,0.846340451400268,0.8575203026350333,0.004564211053070841,0.0015223801962532177,0.7353410694312793,0.9966349245432597,BARBUNYA
169559,1575.747 px,591.4136202475014,368.1300911381019,1.606534305356842,0.7826532689977747,172319,464.6388102233276,0.7366557473911042,0.9839831939600392,0.8581391833692364,0.7856410375345775,0.003487951805846351,8.196847972698836E-4,0.6172318398584075,0.9916041250910521,BOMBAY
79701,1082.378 px,384.95172943024556,264.53906411032233,1.455179146130595,0.7264676996735867,80706,318.55684728936086,0.8194127444327926,0.987547394245781,,0.8275241359763377,0.004829948550585884,0.001397156145109938,0.6847961956233843,0.9965011432207163,BARBUNYA
70754,1027.569 px,409.37252286750515,221.46794809329285,1.8484504254089984,0.8410266565299783,71552,300.1446163904855,0.8000226142017187,0.9888472719141324,0.8420519259881382,0.7331821253856561,0.005785856953211199,0.001031323536154163,0.5375560289850279,0.9936456704585468,CALI
183153,1627.014 px,608.643469199353,385.11088875799663,1.5804369260039908,0.7743672416133603,185326,482.90541758907534,0.7685783945514286,0.988274715906025,0.8694434115591865,0.7934126332191139,0.003323142231900941,8.123162433471017E-4,0.6295036065516882,0.9948907448469758,BOMBAY
63766,1027.779 px,339.7887826401129,240.03857749582585,1.4155590579852593,0.7077782513068142,65051,284.9375243971604,0.7644703399990409,0.9802462683125548,0.7585768053264189,0.8385724866584304,0.0053286827249649175,0.0016254067624088954,0.7032038153805036,0.995426530471666,BARBUNYA
84766,1131.169 px,452.90225531890485,239.68552984426685,1.8895686177349684,0.8484838203512235,85821,328.5230939356027,0.7400364928454816,0.9877069714871651,0.8324852828621224,0.7253730580437885,0.005342970711357205,9.12448244155901E-4,0.5261660733357972,0.9942268998921585,CALI
64109,981.018 px,935.3659634,220.40776467792605,1.6945818951305331,0.8073184190094893,65040,285.702842081465,0.6780433632998414,0.9856857318573186,0.8370953213880895,0.7649360139956329,0.005825999587724103,0.0012304122493130873,0.5851271055075272,0.991545799343189,CALI
71000,1034.76 px,396.30164234510687,230.7392390303256,1.7175303342879698,0.8130231599417374,72736,300.66594033278284,0.7461118116855822,0.9761328640563133,0.8332761438643302,0.7586795213706364,0.005581713272466294,0.0011407244030287949,0.5755946161471782,0.9886012134856186,CALI
69806,1052.4449999999997 px,361.0514467684392,247.35923197139167,1.4596238995850237,0.7284415132897035,71110,298.12708642420057,0.7190934844192635,0.9816622134720855,0.7919610058582184,0.8257191297599336,0.005172212227723107,0.0014831513934925769,0.6818120812515021,0.9951892088204985,BARBUNYA
73364,1041.3729999999998 px,401.5893013133206,235.5381929671193,1.7049859144048956,0.8099382856261375,74655,305.63040745310417,0.7005395082358559,0.9827071194159802,0.850120011494391,0.7610521656169591,0.005473928647747132,0.0011327565947630326,0.5792003987902634,0.9875285215550974,CALI
76130,1056.0739999999998 px,414.72054102745085,235.01723940452604,1.7646388072562136,0.8239323255768076,76669,311.33860432122435,0.814817193252847,0.9929697791806337,0.8577821262348306,0.7507190349190263,0.005447531078779073,0.0010673065889896633,0.5635790693897546,0.9945134968025032,CALI
67538,1010.8480000000001 px,371.63225350950296,231.7486905828456,1.6036002299510372,0.7817461283287567,68500,293.244015066503,0.6983920169587922,0.985956204379562,0.8305893294527019,0.7890704111315905,0.005502565274504767,0.0013158548914218695,0.6226321137233773,0.9984530007417081,BARBUNYA
78865,1075.999 px,414.04704325430924,244.98327236812398,1.6901033252268003,0.8061730660882911,79578,316.88173929013107,0.7419376081884549,0.9910402372515017,0.8559934396623028,0.7653278641951348,0.005250073457862286,0.0011110541981124507,0.5857267397134868,0.9899387104640164,CALI
72779,1065.022 px,361.2907741205791,258.66493598151504,1.3967520288347006,0.6981549460303206,74246,304.40942959488035,0.7291535170769339,0.9802413598038952,0.8063039548139679,0.8425607610264776,0.004964217344571636,0.0015432470985965552,0.709908636021517,0.9915663276503289,BARBUNYA
72993,1029.35 px,402.3361029880432,233.3901899429379,1.7238775249568599,0.8145540867692771,74168,304.8566451446544,0.726515377724694,0.9841575881781901,0.8656950609712475,0.7577163542634261,0.005511982011809943,0.0011207640665012255,0.5741340735182577,0.989736825650054,CALI
196212,1747.118 px,682.7367864552062,370.01727389162954,1.8451484150309312,0.8404031066435173,199571,499.82484687295783,0.8382692209101629,0.9831688972846756,0.8077760125050161,0.732090106742404,0.0034795873160418643,6.165462401161931E-4,0.5359559243901045,0.988918224414839,BOMBAY
71858,1035.64 px,407.2761052019535,227.600693185066,1.7894326221176766,0.8292779575435685,73133,302.47718460336694,0.7663627152988856,0.9825660098724243,0.8419132750376196,0.742683355934617,0.005667790715048478,0.0010636734836667273,0.551578567182305,0.9870126817769432,CALI
67013,974.8989999999999 px,357.4088586767499,240.15439922093435,1.4882461442979655,0.7406129727495558,67890,292.1020397247124,0.7559789720680474,0.9870820444837237,0.8860325460108563,0.8172769998096139,0.005333425733465893,0.0014677872898690091,0.6679416944178034,0.9940616513331458,CALI
78223,1092.091 px,418.9257286016218,240.39399891253504,1.7426630053025731,0.8189713476295314,79721,315.58931684678214,0.7299100477754553,0.9812094680197188,0.8241887379202908,0.7533299945558903,0.005355531347578357,0.0010639552623911963,0.5675060806975777,0.9889718521159252,CALI
66358,981.2919999999999 px,376.38555608556385,226.569450359474,1.6612370091748572,0.7985254383474601,67547,290.67099908579786,0.6860835401157982,0.9823974417812782,0.8659775545621831,0.7722692711930729,0.005672044909213115,0.0012444986832857927,0.5963998272290801,0.9907614652584387,CALI
78818,1080.687 px,421.83904878511294,239.45952900957496,1.7616298275114597,0.8232657523441888,79855,316.7873015714741,0.7538785270205643,0.9870139628075888,0.8480772633776682,0.7509672290505454,0.00535206486824219,0.001049989783619253,0.5639517791078542,0.9934742753545499,CALI
70341,1168.554 px,402.91343735870515,223.49115311857054,1.8028160476891195,0.8320585832398298,71605,299.26734338416554,0.6733258031167438,0.9823476014244815,0.6473226888964341,0.7427584082228915,0.005728002692010423,0.0010754080509703546,0.5516900529858036,0.9945956808732674,BARBUNYA
131488,1368.233 px,485.89250090549723,345.6212635140756,1.4058524523787264,0.7028762017007943,132905,409.16466276810496,0.793367685568441,0.9893382491253151,0.8826242631535137,0.8420888612308193,0.0036953372239709875,0.0011462135296929467,0.7091136502090181,0.9969091641615784,BOMBAY
100962,1216.408 px,470.01880330408153,274.16462241045804,1.714367080521446,0.8122527448798385,101690,358.5370425988806,0.7535602328705777,0.9928409873143869,0.8574509259802215,0.7628142535542836,0.004655403055645505,9.723267811586506E-4,0.5818855854255788,0.997565492283562,CALI
69473,1091.1870000000001 px,380.61949130353514,234.2548317788413,1.6248095649223404,0.7881706665652886,71276,297.41514906168777,0.7409188831772711,0.9747039676749537,0.7332086003336812,0.7813975790969311,0.005478667846552403,0.0012599200279446315,0.6105821766185447,0.9920797607409132,BARBUNYA
84390,1131.241 px,396.2597490712699,271.69216989205773,1.4584879248772695,0.7279392770541979,85574,327.79366250768237,0.7735885377994115,0.9861640217823171,0.8286870971467101,0.827219174483267,0.004695577071587509,0.0013562854611899814,0.6842915626327778,0.9980309811953041,BARBUNYA
86893,1120.0959999999998 px,435.00244734028036,256.6516517806948,1.6949138816062785,0.8074028958210063,88335,332.61930755846464,0.6768685491723466,0.9836757797022697,0.8703304192595578,0.7646377844358964,0.005006185162674558,0.0010556250576632435,0.5846709413870363,0.9909668947286986,CALI
70023,1025.656 px,363.03418551277804,246.50851804952433,1.4727044257344621,unknown,71050,298.59010807625606,0.7198087993421053,0.9855453905700211,0.8364637554888036,0.8224848237212259,0.00518449917188321,0.0014635182586427748,0.6764812852517361,0.996256982716769,BARBUNYA
73147,1045.0269999999998 px,925.1942706,227.24048188230248,1.821808331669654,0.8358846341331628,74156,305.1780676568074,0.759448066780182,0.986393548735099,0.8416884359208817,0.7371653840428014,0.0056596798663760065,0.0010309351863722431,0.5434128034309711,0.989993972826507,CALI
231066,1787.859 px,641.9042752331753,460.1984968278401,1.3948421814887224,0.6971482610583389,232903,542.4042483644234,0.736700143472023,0.992112596231049,0.9084047160381366,0.844992422222756,0.0027780126683855494,8.736253786501373E-4,0.7140121936138802,0.9959343257499326,BOMBAY
92927,1179.4089999999999 px,465.3524346808941,257.4484328555524,1.807555903601057,0.8330264027549672,94179,343.97431760758604,0.7274186099304104,0.9867061659180921,0.839504263016052,0.739169480962229,0.005007720411515427,9.221380562466608E-4,0.546371521585971,0.987597069402214,CALI
76886,1069.947 px,429.4284190467683,230.64420161657108,1.8618652280739372,0.8435212494392986,77989,312.8806411980577,0.7801012591442689,0.9858569798304889,0.8439808655731073,0.7285978927351392,0.005585261543672037,9.70900938533052E-4,0.5308548892980854,0.9883802595371446,CALI
69561,1008.8829999999999 px,339.90532795710635,260.92743052143135,1.3026814669421587,0.6408724660517858,70592,297.60345423284764,0.7984504132231405,0.9853949456029012,0.858804027708047,0.8755480710511342,0.004886435329525257,0.0017712990934382318,0.7665844247213621,0.9986153229310348,BARBUNYA
87477,1133.759 px,443.92030250124793,252.78681766807307,1.756105427475837,0.8220315868640766,88836,333.7351879182023,0.7118375119009838,0.9847021477779279,0.8551892823405345,0.7517907742398516,0.005074708809186963,9.999513184690426E-4,0.5651893682321557,0.9925321171041279,CALI
55660,936.905 px,325.91336104658416,217.96642067438083,1.4952457357340598,0.7434546136456339,56773,266.21140670519577,0.7054499366286439,0.9803956105895408,0.7968231675975233,0.8168164872109832,0.00585543228614057,0.0016078173353878888,0.6671891737796904,0.9976117670220127,BARBUNYA
74701,1063.246 px,407.65372144401283,234.72019522253575,1.7367645807277923,0.81760235997321,75490,308.4027678722443,0.7065126924677486,2.142057,0.8303644823089108,0.7565312215961221,0.0054571387457197735,0.001102686814937615,0.5723394892497208,0.99401895308075,CALI
72465,1027.436 px,398.7005142953055,233.04216250679832,1.7108514185010386,0.811390615328977,73476,303.75204297129187,0.8164426467771556,0.9862404050302139,0.8626380352383108,0.7618551571426162,0.005501973563724632,0.0011433729381460796,0.5804232804648006,0.9930179927142303,CALI
134012,1385.807 px,517.7649124085161,331.91602368551924,1.5599274378482049,0.7674945590819475,135500,413.0730902262318,0.7607056900231597,0.9890184501845019,0.8768959237393633,0.7978004695310783,0.003863571265323375,9.654856881836113E-4,0.6364855891840089,0.9928713343631164,BOMBAY
71054,1020.761 px,404.547478394887,225.711094607121,1.7923242944661342,0.8298848228489766,71910,300.7802563527272,,0.9880962314003615,0.8569396904151462,0.7434980377238428,0.0056935215244023835,0.0010731984485455757,0.5527893320992047,0.9907777496431124,CALI
80915,1088.2209999999998 px,422.5131154807558,245.09819907263116,1.7238523868367976,0.8145480624947847,81576,320.97379606791225,0.7235147895132158,0.9918971266058645,0.8586273095247073,0.7596777101290519,0.0052216908543626745,0.001072774531308898,0.5771102232669197,0.9948528358465967,CALI
71176,1008.8929999999999 px,386.8971527754804,236.92603655323683,1.6329870638280202,0.790567643713287,72118,301.0383660533486,0.8233865090290712,0.9869380737125267,0.8787254889021769,0.7780836945782428,0.005435781060687316,0.0012289861154475938,0.6054142357685284,0.988633615267334,CALI
73077,1014.236 px,392.6693855863842,237.53076912009388,1.6531306114192443,0.7962916595083206,73629,305.03200850174966,0.6970867673992674,0.9925029539991036,0.8927143807411887,0.7768163745341053,0.00537336488342959,0.001206978631851391,0.6034436797443116,0.9975712192527924,CALI
68988,1015.9459999999999 px,964.8734324,230.89843622574483,1.6647962713893567,0.7994939818613654,70406,296.3751840356905,0.7673006339673006,0.9798596710507628,0.839928212707995,0.771009537729582,0.005571966946400144,0.0012145832740914119,0.5944557072699839,0.9896476449691919,CALI
88858,1162.9189999999999 px,453.4168018953894,252.52214237122166,1.7955526499091767,0.8305583659489694,90020,336.359211953645,0.7145108634470336,0.9870917573872473,0.825671826102449,0.7418322623854784,0.005102712213817432,9.532431779222533E-4,0.5503151055159573,0.9881197459942253,CALI
66372,1060.47 px,369.24276460362745,230.37276408376573,1.6028056357797889,0.781499420615874,67927,290.7016598906209,0.7442392437851112,0.9771077774669866,0.7416482807397763,0.7872914184322111,0.005563230949852761,0.001318405246539804,0.6198277775370029,0.9934634550491694,BARBUNYA
76202,1161.5009999999997 px,408.9017363745251,237.91668909328922,1.7186761379912745,0.8133009939689949,77700,311.4857938781621,0.7151088588588589,0.9807207207207207,0.7098017372070923,0.7617619740133925,0.005366023678834218,0.0011145755341691473,0.5802813050527805,0.9973156323166495,BARBUNYA
60756,982.6500000000001 px,352.94219978009113,219.890305054564,1.6050830421673723,0.7822053289890903,61871,278.13115931144705,0.7601531416560319,0.9819786329621308,0.7906810320781383,0.7880359999023726,0.0058091743989086035,0.001381905702190856,0.6210007371421322,0.9967577523602742,BARBUNYA
65159,974.3789999999999 px,332.8213221152696,250.34963174375025,1.329426050268509,0.6589299518860073,65995,288.03301112094505,0.8405769057110053,0.9873323736646715,0.8624391120703848,0.8654283604497776,0.005107833486015279,0.0017674249689217558,0.7489662470707903,0.9956952396277488,BARBUNYA
75531,1065.318 px,400.63596047174923,242.10377697471364,1.6548108644897075,0.7967578808722787,76813,310.11136072932186,0.8023433682466167,0.983310116777108,,0.7740477424047643,0.005304258655012501,0.0011745606570447713,0.5991499075219122,0.9914797764252637,CALI
162012,1528.138 px,588.9439113529488,353.5895882153908,1.6656144043307939,0.799715569316413,163383,454.18067453562264,0.8522686025408348,0.9916086740970603,0.8718301753713514,0.7711781474949934,0.0036351869698105625,7.9309529675934E-4,0.5947157351738097,0.9905670949876751,BOMBAY
69471,1069.638 px,399.10024545999437,225.00578177096392,1.7737332895127258,0.8259232156274298,71088,297.4108680130847,0.7073863636363636,0.9772535449020932,0.7630267573835948,0.7452034204346213,0.0057448467052438335,0.0010928424737747526,0.5553281378274588,0.9850040046676749,CALI
222679,1024.5079999999998 px,396.9407079408076,221.5445158142519,1.7916972870301695,0.8297535220430502,69713,293.31998867514835,0.7618838226672079,0.9693027125500265,0.8090071436503732,0.7389516439288677,0.005874250187808853,0.0010804291195852316,0.546049532065176,0.9783554651852695,CALI
79669,1142.445 px,399.23227757220644,255.97251678550666,1.559668524518767,0.7674056596058849,81174,318.4928904850243,0.7718368533229994,0.9814595806539039,0.7670587482923795,0.7977633783065565,0.005011137049193619,0.0012520233455009253,0.6364264077670899,0.9926142363668763,BARBUNYA
50166,893.8459999999999 px,313.0215817417072,204.6558145966169,1.529502508192512,?,51209,252.73174513935555,0.762517099863201,0.9796324864769864,0.7890307627858147,0.8073939941556477,0.006239715778449692,0.0016356358799098183,0.65188506179861,0.9970598370742049,BARBUNYA
169165,1581.5679999999998 px,591.8558127926505,366.3766662475725,1.6154298767288704,0.7853671238810085,171119,464.0986614774102,0.6839923985120492,0.9885810459387911,0.8498546177922223,0.78414142675659,0.003498689520838533,8.15948524039089E-4,0.6148777771558608,0.993291931754214,BOMBAY
80580,1081.249 px,423.2753598634114,244.23419119850254,1.733071679220344,0.8167369547341109,81322,320.3086675610877,0.8054778088764494,0.9908757777723125,0.8661352012533715,0.7567382794605609,0.005252858772194234,0.0010625718351894348,0.5726528236009302,0.9924483906083355,CALI
87350,1153.405 px,453.19843661217936,249.42529055441102,1.8169706672680657,0.8349231021403315,89713,333.49283985209706,0.7643774720851272,0.9736604505478582,0.8251048004791206,0.7358649388666817,0.0051883049411812175,9.384209619657161E-4,0.5414972082532652,0.9838845438037299,CALI
58208,941.5879999999999 px,331.7551132488046,224.1314496810342,1.4801809996809092,0.7372747298366751,59272,272.23652844529215,0.7889828670570376,0.9820488594952085,0.8250318437459532,0.8205948230287694,0.005699476244653735,0.0015941522689856488,0.6733758635816172,0.9967181589172336,BARBUNYA
86190,1215.677 px,401.1833272606764,274.7480029553247,1.4601865088930626,0.7286896918791258,88116,331.27106176169946,0.7617658756462946,0.9781424485904944,0.7328757378775413,0.8257348679558906,0.0046546389054493145,0.0013348370513401049,0.681838072158132,0.9956107542149587,BARBUNYA
63988,992.483 px,351.38997462453074,233.008679189093,1.508055304409361,0.7485258116221423,65106,285.43309546812117,0.790287520995949,0.9828280035634197,0.8163234023122115,0.812297208459387,0.005491498009385053,0.0014747908559140084,0.659826754870913,0.9950552376742955,BARBUNYA
75706,1054.586 px,408.5982938323972,237.61902988840325,1.719552066281449,0.8135129504058505,76512,310.4704059547709,0.807401482429478,0.989465704726056,0.8554136206557715,0.7598426391915446,0.005397171873198917,0.001109789608323734,0.5773608363335717,0.9928020191073789,CALI
77787,1082.712 px,399.568747392017,249.72403019709768,1.6000412418326444,0.780637647590108,79288,314.7085706909078,0.7516378394047734,0.9810690142266169,0.8338558616997785,0.7876205853060553,0.0051367034002084795,0.0012193615207584656,0.6203461863978532,,CALI
53363,904.64 px,327.0878319072981,208.048585501421,1.5721704193228656,0.7716368327042017,54318,260.6604723115925,0.717244623655914,0.9824183511911337,0.8194048449023156,0.7969127765824925,0.006129487320939567,0.001524920043316528,0.6350699734804177,0.9984382265060694,BARBUNYA
90393,1165.547 px,458.4495325717706,253.37977022489352,1.8093375495796775,0.8333879386847765,91924,339.25203340178456,0.7556932182985554,0.9833449371219704,0.8361517103231428,0.7399986460858141,0.005071737109862164,9.38123893572112E-4,0.547597996208838,0.9907896166152406,CALI
86321,1117.68 px,437.531713089537,252.70789410772946,1.7313733495915924,0.8163367931844728,86882,331.5227152716447,0.7787330398383372,0.9935429663221381,0.8683431198639978,0.7577112820706587,0.005068658994793121,0.0010305945749756404,0.5741263869771612,0.9940271257095666,CALI
75721,1037.679 px,407.0213461472124,238.26724690004215,1.7082555468396625,0.8107500297888242,76337,310.5011619412901,0.7288925253886509,0.9919305186213763,0.8836904247439619,0.7628621075539054,0.005375276952856042,0.0011229612798544656,0.5819585951415863,0.9941339981816323,CALI
147288,1469.066 px,560.87308753997,336.8898227697996,1.6648561328705396,0.7995102082227963,149204,433.0506968761886,0.7742138959851137,2.137250,0.8576194342912958,0.7721010447757092,0.003808002604013701,8.347829301553364E-4,0.5961400233437417,0.9924873739134151,BOMBAY
166343,1555.367 px,584.1850459040251,365.2635428929432,1.5993521863068787,0.7804219964289265,168381,460.21134882777625,0.7837089106765104,0.9878964966356062,0.8640694152522062,0.7877835149230844,0.0035119304443470725,8.343595148063933E-4,0.6206028663845696,0.992562551180477,BOMBAY
180805,1631.287 px,631.5071809547533,369.9237546851961,1.7071279498991996,0.8104707024842511,184775,479.80003739666495,0.7377146167907037,0.9785144094168583,0.8538066830947953,0.7597697252963495,0.0034927528605666505,7.179191802684269E-4,0.5772500354768904,0.9854396696429041,BOMBAY
168313,1526.465 px,526.028507311831,408.34256622542654,1.2882039513398065,0.6303949189874372,169751,462.9284690889181,0.798115587420811,0.9915287686081378,0.907724010202026,0.8800444513066912,0.0031252993370199035,0.0011563513686182027,0.7744782362756951,0.9976859241970348,BOMBAY
68879,1030.435 px,390.3223549802166,227.41521212406911,1.7163423296734939,0.8127344047035616,70187,296.14095731899914,0.7955532455532456,0.9813640702694231,0.8151837130436883,0.7587086764067331,0.005666783126645517,0.0011582880002721041,0.5756388556548568,0.9879933345652411,CALI
65617,977.81 px,351.8985885612919,238.9379580866096,1.4727613451594685,0.7341413810521672,66608,289.04352476208004,0.7154913912484053,0.985121907278405,0.8624169542888807,0.8213830181695541,0.005362917971886735,0.001505787875371841,0.6746700625373259,0.9936279888412949,BARBUNYA
75661,1176.964 px,408.0759212040142,237.12504603233384,1.7209313315151444,0.8138459365574564,77347,310.37811970918176,0.6891303555814632,0.9782021280721941,0.6863657164036632,0.7605891540804995,0.005393477765348253,0.0011133947468925447,0.5784958613048898,0.9955516528714243,BARBUNYA
47883,873.536 px,327.998649304693,186.52012715831674,1.7585161145975976,0.822571799028362,48753,246.91401159220143,0.7584464543107409,0.9821549443111193,0.7885506623042658,0.7527897206760497,0.006850002073902909,0.0013569541901814785,0.5666923635555251,0.9965376533317911,BARBUNYA
65181,977.0889999999999 px,368.0482821975055,226.71419926758705,1.6234019897584984,0.7877536786627187,65980,288.08163212079774,0.6960881683913754,0.9878902697787209,0.8579512967552578,0.7827278269056142,0.00564655777293238,0.0013073944404629885,0.6126628510123852,0.9945980913846205,CALI
75197,1069.437 px,417.85579100326663,230.92546854863915,1.8094833524837253,0.8334174711694041,76303,309.4249408910827,0.7486758263639984,0.9855051570711505,0.8262281119338708,0.7405065277380917,0.005556814646904353,0.0010306738053479881,0.5483499176227251,0.9922300472741432,CALI
67311,1037.096 px,374.41725299152677,229.30124829244608,1.6328618172806575,0.790531257366462,68197,292.7507933305537,0.7569071956279729,0.9870082261683065,0.7864262263167915,0.7818838234390304,0.005562497258865962,0.0012823851632914212,0.6113423133556368,0.9982375207664461,BARBUNYA
183093,1626.402 px,606.6280630007352,386.827381419644,1.5682138652502566,0.7703112087565575,185169,482.8263124190676,0.7758177966101695,0.9887886201253989,0.8698128219886997,0.7959181941414445,0.0033132236786809722,8.201706977119195E-4,0.6334857717653785,0.993441170721226,BOMBAY
60730,951.837 px,340.0269705658803,228.2420069030681,1.489765075148003,0.7412339502716229,61724,278.07164104195596,0.7457481426904894,0.983896053399002,0.84234107679955,0.8177928961905083,0.005598995069420061,0.0015447677090245507,0.6687852210596597,0.9963328651098179,BARBUNYA
70675,1041.369 px,365.76785278394163,248.69083368132178,1.4707733589113505,0.7332914806537988,71996,299.9770071591448,0.7614199525964231,0.9816517584310239,0.8189669780367648,0.8201295025682332,0.005175349880211413,0.0014442727549441045,0.6726124009828177,0.9892604002389268,BARBUNYA
75854,1095.8580000000002 px,402.9619968902599,240.92420540210205,1.6725675040318888,0.801583237972486,77204,310.77373187954777,0.8124892887746358,0.982513859385524,0.7937427774259115,0.7712234262234459,0.005312336816651197,0.0011592743245688922,0.5947855731558308,0.9948190215274242,BARBUNYA
57716,909.091 px,335.90117000405775,219.5139403214524,1.5302042754650111,error,58301,271.0835545803814,0.7765041437950705,0.9899658667947376,0.8775894065999182,0.8070336717704992,0.0058198969090730085,0.001522865945462197,0.6513033473713742,0.9966271667723501,BARBUNYA
160641,1514.9029999999998 px,544.8924394117172,376.7901627269483,1.4461429551880018,0.7223816585261641,161945,452.2548769287085,0.7786389413988658,0.9919478835407083,0.8796230712029348,0.8299892680048505,0.0033919885920264264,9.929423933334202E-4,0.6888821850032275,0.9962221187969353,BOMBAY
87745,1179.474 px,415.35738462985955,270.43698854796065,1.5358749069792943,0.7589965096323957,89355,334.2460229423633,0.7136524822695035,0.9819819819819819,0.7926026109163408,0.8047191053078842,0.004733687214426572,0.0012244937415425768,0.6475728384475216,0.9945908730129047,BARBUNYA
79544,1088.996 px,393.17919122768666,258.768050723561,1.5194271090588212,0.7528931299740477,80500,318.24293605108306,0.8285833333333333,0.9881242236024844,0.8428780056076961,0.8094094070883607,0.004942914503013259,0.0013086871901651967,0.6551435882831319,0.9954429283634618,BARBUNYA
67554,1031.662 px,363.8119865322561,236.7499879107479,1.5366927354159323,0.7592936236376151,68694,293.2787483010646,0.7307163949853432,0.983404664162809,0.7976016895610839,0.8061272282326576,0.0053854988088382055,0.0014028784968445045,0.6498411080980672,0.9986061099889393,BARBUNYA
64313,960.5399999999998 px,371.77500978823093,222.10866832611094,1.6738428652517625,0.8019228203299817,65036,286.1570457643015,0.7456579710144927,0.9888830801402301,0.8759467841464805,0.7697048973982978,0.005780713227313777,0.0012515787687194966,0.5924456290789242,0.9916608892833494,CALI
74925,1119.9750000000001 px,398.32595167458044,240.4810746749375,1.6563713057794864,0.7971893447538861,76127,308.8648132909964,0.7533254909058004,0.9842105954523362,0.7506197006656256,0.7754072060645676,0.005316329018012419,0.0011855256214794527,0.6012563352168588,0.9959037410713372,BARBUNYA
71882,1040.314 px,408.8236069063653,226.3429462641851,1.8062131542159512,0.832753117398524,73208,302.5276928723269,0.7235156163501122,0.9818872254398426,0.8346437201389945,0.7399956552450656,0.005687426711921835,0.0010519915600010925,0.547593569781574,0.9890707089035495,CALI
56545,975.5530000000001 px,339.5660561178584,212.5891557194973,1.597287758957479,0.7797738701069399,57685,268.3194552339613,0.7920244281652263,0.9802374967495883,0.7466246683532174,0.7901833837621024,0.006005235761214226,0.0014441802341553613,0.624389779973726,0.9973301523701864,BARBUNYA
147030,1444.299 px,532.8676944271357,352.306904470876,1.5125099385362344,0.750251380002337,148198,432.6712496369628,0.8243209149777142,0.9921186520735772,0.8857305007097416,0.8119674999290584,0.0036242106673953322,9.717348593027966E-4,0.6592912209410454,0.9971845240630196,BOMBAY
64478,974.289 px,361.66087931692533,227.70208643061164,1.5883072701976992,0.7769185661382221,65268,286.5238896940948,0.6873254450485022,0.9878960593246308,0.8535831303611228,0.7922446304816188,0.0056090585830349165,0.0013630348383548692,0.6276515545269566,0.9969035272060528,BARBUNYA
68035,1022.2069999999999 px,355.89959512656156,244.02810869057103,1.4584368867843998,0.7279166764364469,69243,294.3210023529697,,0.9825541932036451,0.8182095644127486,0.8269776262271558,0.005231125084538275,0.00150921081008524,0.6838919942803015,0.9974133110349374,BARBUNYA
190505,1693.703 px,648.0574493468672,376.3201003677347,1.722090977105912,0.8141251775400343,192570,492.5022837203622,0.7817032888122936,0.9892766266812069,0.8345295688968092,0.7599670125182907,0.0034017870887738757,6.999481293868309E-4,0.5775498601159759,0.994593402934504,BOMBAY
64109,960.5649999999999 px,332.34694972444936,246.83765751563183,1.3464191528531353,not_measured,65115,285.702842081465,0.7055800132071318,0.984550410811641,0.8731228421594385,0.8596523672575986,0.00518409193287135,0.0017464007575283083,0.7390021925315934,0.9950067060249975,BARBUNYA
93526,1168.211 px,449.6039135430275,266.62235323849137,1.6862948964405122,0.8051906117642278,94399,345.0811522829099,0.7761751427433276,0.9907520206781851,0.8611913160760467,0.7675225723983502,0.004807261227284685,0.0010290633518144402,0.5890908991409806,0.9933809767609881,CALI
62218,969.4590000000001 px,346.4144781152973,229.75468792597815,1.5077580407277886,0.7484099751569753,63385,281.4576664337505,0.7944278454505989,0.9815887039520391,0.8318921325049707,0.812488173026281,0.005567753352973373,0.0014966765095974347,0.6601370313075838,0.9953269169361814,BARBUNYA
68267,1020.2689999999999 px,400.80188355586824,218.38069148966235,1.8353357195722648,0.8385273913936601,68866,294.822393994139,0.6699674177592839,0.9913019487119914,0.824121605271132,0.7355813584968929,0.005871092673705718,0.0010602824103643402,0.5410799349681344,0.9930633317908553,CALI
55773,968.988 px,347.9202425680947,204.49119121270937,1.7013947667124305,0.809040374098274,57047,266.48149866081553,0.7653766982297242,0.9776675372938104,0.7464437260572689,0.7659269742221451,0.006238148253959706,0.001324295530332384,0.5866441298410905,0.9981132524341992,BARBUNYA
71598,1066.952 px,400.05964244281205,228.74766204120556,1.7489124866803978,0.8204042742851778,72858,301.9294701150389,0.6640388788929903,0.9827060858107551,0.7903527911495133,0.7547111432470954,0.00558758125147088,0.001118218475802268,0.5695889097413378,0.9961611565212999,BARBUNYA
89673,1175.934 px,457.77851711636004,252.674293531883,1.8117336382642206,0.833872232237245,91361,337.89822387079255,0.7745588349615196,0.9815238449666707,0.8149025344633201,0.738125995949487,0.005104976047599167,9.347500030853132E-4,0.5448299858964222,0.9870868125835691,CALI
54680,899.793 px,353.57763831114374,198.3140946159258,1.782917341280842,0.827898128247326,55370,263.85742041132494,0.7566071675660717,0.9875383781831316,0.8486979428157958,0.74625030494472,0.00646630647972099,0.0012370126302418288,0.5568895176300879,0.9928879781602067,CALI
64001,971.2080000000001 px,358.8447693637953,228.147998519678,1.5728595985594174,0.7718664847174027,64745,285.4620887308771,0.7039652422592532,0.9885087651556105,0.852652601784484,0.7955029948938084,0.005606861914091894,0.0013850546165792932,0.6328250148850185,0.9953448988704076,BARBUNYA
62779,955.337 px,370.26647746669113,216.75576734640555,1.7082197258214327,0.8107411662231054,63279,282.72372623982017,0.7516642720306513,0.992098484489325,0.8643926416698916,0.7635682500186741,0.005897935256482122,0.001236719504769672,0.5830364724365804,0.9959544030895107,CALI
78753,1088.013 px,376.49234718148494,267.14367473748104,1.4093253285950325,0.7046456504332596,79877,316.65664980626616,0.7410512646793135,0.9859283648609738,0.8360048591130249,0.8410706145206838,0.004780673081425278,0.0014757019394085991,0.7073997786102004,0.996956425437874,BARBUNYA
68650,1009.473 px,386.6385506538738,227.7943899026789,1.6973137521914312,0.808011828441655,69527,295.64826186884466,0.7360193841667382,0.987386195291038,0.846566328084145,0.7646631753839638,0.005632025501148926,0.0011877501095181083,0.5847097717882864,0.9924359366969719,CALI
78417,1114.515 px,403.6881729823777,248.81019105190728,1.6224744303104508,0.7874781788056907,79804,315.9804192976161,0.6874463049004997,0.9826199188010626,0.7933197231427427,0.7827339031589852,0.005147967570582625,0.0011919887204793686,0.6126723631544995,0.9940452433760543,BARBUNYA
68443,1015.573 px,387.3241618916053,227.8751519667282,1.6997209153728094,0.8086195645016212,69812,295.2021919978047,0.8047383891828336,0.9803901907981436,0.8339050597073159,0.7621579571904388,0.005659076339313082,0.0011778914460422302,0.5808847517087027,0.9873419619004233,CALI
77430,1073.469 px,424.8352959198761,233.09986110189385,1.8225463280485175,0.836030548516145,78082,313.9855696506507,0.7215947215388057,0.9916498040521503,0.8443842204741786,0.7390759964300808,0.005486701484177659,0.0010098281783785519,0.546233328499117,0.9955355471137854,CALI
69100,1011.142 px,377.8914471984708,233.99760461437788,1.6149372461364566,0.7852182480536707,70276,296.61566469288124,0.7748287191217861,0.9832659798508737,0.8493048636288374,0.7849229372399554,0.00546876189867541,0.0012804919701658386,0.616104017405399,0.9949693252022824,CALI
72546,1026.0629999999999 px,378.8428221980451,246.11458861094118,1.5392944576598064,0.7602349042362951,73752,303.92175968883356,0.7779898764584763,0.9836479010738692,0.8659150366496491,0.8022370806063588,0.005222104901690584,0.0013342471439458429,0.6435843334998136,0.9906657975929435,CALI
64530,1004.9419999999999 px,371.6179980341293,221.63795789208862,1.6766893250977486,0.8026774214294354,65642,286.63940381908424,0.6979234263465283,0.9830596264586697,0.8029519082962665,0.7713280985727697,0.005758840818752972,0.00125739418324322,0.5949470356478844,0.9975413436693575,BARBUNYA
71368,1067.432 px,386.66646790546196,235.81361013258763,1.6397122612560675,0.7925067831316658,72557,301.44412389140894,0.7115453639082752,0.983612883663878,0.7871055126452382,0.779597272875264,0.005417924951034945,0.0012345082385730476,0.6077719078745488,0.9965710493888907,BARBUNYA
78718,1091.648 px,432.70918238027906,234.39927552116202,1.8460346407564439,0.8405708350625957,79995,316.586276522629,0.6747931936050748,0.9840365022813926,0.8300775505420471,0.73163752796076,0.005496953458932888,9.715959983250621E-4,0.5352934723205319,0.9881702928745026,CALI
73393,1088.136 px,389.2834068470321,241.22320990930763,1.6137891830284095,0.7848706575818148,75049,305.690807690954,0.6891879202193592,0.9779344161814282,0.7789294905105151,0.7852654449540265,0.00530409448921603,0.0012441047926234337,0.6166418190388452,0.9951298973678503,BARBUNYA
68551,991.1890000000001 px,381.21391959524027,230.85431304920897,1.6513181606183835,0.7957868530308863,69514,295.4350081340059,0.7335109570279061,0.9861466754898294,0.8768205325692787,0.7749848390837579,0.005561026383207251,0.001237392685373396,0.6006015008096781,0.9917841655816784,CALI
77878,1093.529 px,427.37489361465316,233.53784830773589,1.830002702823123,0.8374935043286134,78711,314.8925995714809,0.8007938221714944,0.9894169811081043,0.8183970289767907,0.736806500045384,0.005487748704571935,9.976719745725465E-4,0.5428838185091283,0.9934788551906425,CALI
69483,1073.845 px,371.1624669181823,239.71066406021717,1.5483769500757105,0.7634748449796062,70724,297.4365533804366,0.744088669950739,0.9824529155590747,0.7571906223031977,0.8013648466400629,0.005341773770824264,0.0013588965734547584,0.6421856174304517,0.9943454076994497,BARBUNYA
69002,1037.299 px,369.3259432958583,238.325742267005,1.5496687004213292,0.7639299180547336,70098,296.40525478779165,0.7144765316793854,0.9843647464977603,0.8058674684846715,0.8025573620490245,0.005352394760961396,0.0013697213701623885,0.6440983193790891,0.9981390055357553,BARBUNYA
71167,1037.115 px,407.982506838696,223.57188012421952,1.824838197952334,0.8364824004491522,71982,301.0193327349048,0.6947052966556686,0.9886777249868023,0.8314472316358311,0.7378241166940984,0.005732748420457459,0.0010479825044430045,0.5443844271754265,0.9934134970801187,CALI
80789,1130.935 px,383.9689234542924,268.68705970447616,1.4290562555435777,0.7143755469413692,82025,320.72379016781565,0.7832945510955982,0.9849314233465407,0.7937556086348657,0.8352858019927609,0.004752737667928708,0.001427131539344672,0.6977023710106899,0.9970559378004126,BARBUNYA
91571,1179.1159999999998 px,408.1216526577317,286.5159999475529,1.424428837246223,0.7121416806157519,93026,341.45544123786283,0.7416877931040069,0.9843592114032637,0.82766531544898,0.8366511284423862,0.004456887580759539,0.0013470665346667677,0.6999851107239182,0.9970789773581394,BARBUNYA
83431,1088.656 px,424.55069591511443,251.8191175247201,1.685935127119322,0.8050973960806741,84489,325.92583275463045,0.7292855831679793,0.9874776598137036,,0.7676959097949442,0.005088644459674634,0.001090281838251653,0.5893570099158872,0.9936176854312045,CALI
69479,1008.5600000000001 px,384.72461673548065,231.93806363001872,1.6587385904418988,0.7978411354150825,70402,297.4279918377797,0.6763723800901453,0.9868895770006534,0.8583411693483115,0.7730932175891355,0.005537279130895388,0.0012201230510383986,0.5976731230823226,0.9913834737265792,CALI
72483,1022.6069999999999 px,402.46160433251947,231.30316646701817,1.73997446935041,0.8183493656732141,73363,303.78976599128356,0.7949789418267965,0.9880048525823644,0.8710207508206563,0.7548291879796021,0.005552496507215753,0.0011118924922615381,0.5697671030259452,0.9913802127408894,CALI
102525,1238.0069999999998 px,478.2714510167698,274.4962505555753,1.7423605970892402,0.818901553932679,103334,361.3016528110168,0.8092013354485829,0.9921710182514951,0.8406078500817719,0.7554321965965483,0.004664925150126991,9.371441634854434E-4,0.570677803654686,0.9943265187213548,CALI
132399,1335.884 px,486.8595672562704,346.5807118346411,1.4047509011077295,0.7023112752872483,133434,410.57964207129265,0.7899654536667442,0.9922433562660191,0.9323029798927752,0.8433225301191916,0.003677214837395074,0.0011472909788408001,0.7111928898066349,0.9990488528172804,BOMBAY
61587,929.716 px,344.5567627533084,227.83651624773097,1.5122982409837469,0.7501698102547028,62069,280.0267912925555,0.735016111707841,0.9922344487586395,0.8953612677145767,0.8127159921485729,0.005594634626679468,0.0015055899745971086,0.6605072838940395,0.9988840035899083,CALI
70780,1041.7749999999999 px,406.85831934917786,225.0964451616433,1.8074844276506017,0.8330118730931267,72535,300.19975845485754,0.7465063544797764,0.9758047838974289,0.8195445373289718,0.7378483963043097,0.005748210219683214,0.0010509473415877566,0.5444202559288416,0.9840311346889363,CALI
95103,1207.004 px,459.9861986373535,268.0488820299013,1.7160534121759228,0.8126640744924937,97761,347.9783045291016,0.8168676561533704,0.9728112437475067,0.8203263505366957,0.7564972722223839,0.004836715967291815,9.771467969594708E-4,0.5722881228799078,0.9820769860158195,CALI
51643,855.523 px,307.9956111565151,213.62472630489034,1.4417601205814368,0.7203635729518909,52139,256.4252518937205,0.7860665469268471,0.9904869675291049,0.886661696869877,0.8325613827120805,0.005963937245251343,0.001767575116504376,0.6931584559834514,0.9993682190807434,CALI
70776,1060.894 px,386.61994384865886,234.10020818041193,1.6515147374440005,0.7958416997655416,71978,300.19127571962497,0.7757634215314466,0.9833004529161689,0.7902270501072008,0.7764505698576529,0.005462585394041184,0.001224709971951158,0.6028754874322738,0.9956577523381357,BARBUNYA
82399,1095.949 px,425.5856626627827,249.07559975069205,1.7086605957739953,0.8108502097196078,84147,323.90379010847136,0.7700265400717703,0.9792268292393074,0.86208703883776,0.7610777771081071,0.005164937228155472,0.0010689588191912442,0.5792393828078174,0.9897235089241668,CALI
87149,1189.561 px,428.96549364674684,259.22319342841564,1.65481139235022,0.796758027072311,88604,333.10892075134325,0.8117833356620558,0.9835786194754187,0.773924931690085,0.7765401312807191,0.004922207869817747,0.001104066753866552,0.6030145754894766,0.9978753892732174,BARBUNYA
66555,1032.397 px,339.400991246965,250.43029681713588,1.3552712892992955,0.6749541732637848,67917,291.1021434133537,0.7341731658080813,0.9799461106939352,,0.8576938515819871,0.005099556626053115,0.0017023206549459432,0.7356387430415438,0.9969900677404262,BARBUNYA
60045,956.5419999999999 px,356.4396421268227,216.69746911393386,1.6448721970971247,0.7939753372147004,61058,276.4989483951482,0.8071649415243984,0.9834092174653608,0.8246670177698787,0.7757244585515791,0.005936208545704434,0.0013259246735960808,0.6017484355951408,0.989799271357137,BARBUNYA
76030,1058.572 px,412.8819875878865,236.79436805492494,1.743630944347957,0.8191944571978299,77182,311.13405886565107,0.767979797979798,0.9850742401077972,0.8526171218730942,0.7535665594988513,0.005430514107429785,0.001080207480044406,0.5678625595949358,0.990142731046366,CALI
70114,1011.7969999999999 px,371.37162811830314,241.12252142294506,1.5401781050012016,0.7605532516242643,71138,298.7840649023324,0.7755801862790647,0.9856054429418876,0.8606524978925468,0.8045419797312909,0.005296682946605573,0.0013689216099976257,0.6472877971499452,0.996938492804805,BARBUNYA
66437,1103.644 px,383.68146880614773,221.5038384251962,1.7321662303189402,0.8165237831585007,68544,290.84397128627234,,0.9692606209150327,0.6854280358762251,0.7580349715383808,0.005775117311229401,0.00117624432594422,0.5746170180751938,0.9953321940764189,BARBUNYA
60590,952.177 px,359.06467508379103,216.03277054872314,1.6620842947658678,0.7987566721055822,61579,277.75093882020184,0.7983398115817907,0.9839393299663847,0.8397991735378838,0.7735401394063232,0.005926137565337366,0.0013088289993463315,0.5983643472727539,0.9945319841498739,BARBUNYA
214563,1765.021 px,659.1128280306317,417.5290886065788,1.5786033740314744,0.7737661514475183,217833,522.6758999963655,0.7377710383528295,0.9849885003649584,0.8654957566617572,0.7929991312080404,0.0030718848451533197,7.493341753449425E-4,0.6288476220967071,0.9927009779935314,BOMBAY
68325,1008.5860000000001 px,388.1095478906496,227.18148879946293,1.7083678337597332,0.8107778098641084,69595,294.94760872743143,0.7998993174660782,0.9817515626122566,0.8440411749639911,0.7599596823382797,0.005680344645307715,0.0011687366401722558,0.5775387187796991,0.9866485699140464,CALI
80050,1078.541 px,403.00612941410384,253.68541401045772,1.5886058368239124,0.7770144428099591,80805,319.2535443124317,0.8079982235142119,0.9906565187797784,0.8647645580335537,0.7921803690096901,0.005034430098864508,0.001222999788196071,0.6275497370443287,0.9969291751659319,BARBUNYA
65911,988.9809999999999 px,380.14395193477384,221.1101102867165,1.7192517856457852,0.8134403314466903,66678,289.69033748649485,0.746190422280086,0.988496955517562,0.8468214857900035,0.7620543112999486,0.005767534280086387,0.0011998132258051616,0.5807267733708392,0.9984155420901306,BARBUNYA
48831,871.2699999999999 px,318.9514290875095,195.57996145258736,1.6307980977122236,0.7899302602418006,49662,249.34626568080526,0.7890093554589669,0.9832668841367646,0.8083509654077721,0.7817687677216617,0.006531740678821026,0.001504949617967075,0.6111624061850455,0.9966824893997975,BARBUNYA
179180,1624.7959999999998 px,619.7963023462466,372.5204848557391,1.6637911941574615,0.7992212295312957,181677,477.6390495192436,0.8009118541033434,0.9862558276501704,0.8529070688086786,0.7706387529437252,0.0034590707799210104,7.525625271692258E-4,0.59388408753866,0.9880991151970614,BOMBAY
70533,1021.176 px,400.59767113164787,226.52407071940598,1.7684552015130692,0.8247721061899311,71786,299.6754991800384,0.7976590330788804,0.982545343103112,0.8499649587915391,0.7480709968519923,0.005679577944106275,0.0010971527489995899,0.5596102163311337,0.9896455978906473,CALI
193700,1638.311 px,578.1835432702846,429.9621281509271,1.3447313272840817,0.668576944740795,195583,496.61504187368405,0.8104772066361221,0.9903723738770752,0.9068736646699147,0.8589228241688823,0.0029849434345394148,0.0010021493333650354,0.737748417878249,0.9920734091751491,BOMBAY
72379,1060.571 px,348.12912792484605,266.7534763884367,1.305059385310177,0.6425441597052116,73840,303.57174606406693,0.8063614081996435,0.9802139761646804,0.8086171482947715,0.8720090383520044,0.004809808479321986,0.0017155030400430185,0.7603997629675876,0.9923668472484842,BARBUNYA
77402,1066.856 px,404.65492220961994,245.68657467656442,1.6470371762980145,0.794586597702076,-78556.0,313.9287932662295,0.6875655124629133,0.9853098426600132,0.8545755015687294,0.7757938333037443,0.0052279646806234975,0.0011681475436749167,0.6018560717921178,0.9912793250223049,CALI
71054,1038.906 px,399.29126207543663,231.62377237446242,1.7238785897585196,0.8145543419389749,73328,300.7802563527272,0.7799903398612453,0.9689886537202705,0.8272673547896597,0.7532853456129522,0.005619546571275884,0.0011161411306677923,0.5674388119152247,0.9781956188586675,CALI
81344,1093.159 px,426.34543414301464,245.3464950467181,1.7377278369590374,0.8178270356052806,82172,321.8235502988199,0.8046850269072491,0.989923574940369,0.8553989625321647,0.7548422582399849,0.005241264680160979,0.001049640732048653,0.56978683482484,0.9901344440079056,CALI
59041,931.502 px,359.77923083640695,211.3235494976088,1.7025042012200253,0.8093184843076003,60026,274.17756283238924,0.7496889046905554,0.9835904441408723,0.8550588085693275,0.7620716798882115,0.0060937184471199154,0.001267784499887992,0.5807532452876405,0.9887348399743717,CALI
88892,1120.911 px,417.84346610806347,271.7476179226305,1.5376159294504947,0.7596283078221315,89503,336.423556860393,0.8111175998248047,0.9931734131816811,0.8890583790758284,0.8051425573168745,0.004700574473609138,0.0012184896128436596,0.6482545376027565,0.9967665033565632,CALI
81143,1094.184 px,432.644057866192,240.0995234400921,1.8019363456760138,0.8318779937234096,81813,321.4256934012048,0.7908057851239669,0.9918105924486329,0.8516873651916317,0.742933336439386,0.00533187160773193,0.0010019794867420309,0.5519499423929578,0.9945786621916528,CALI
191366,1681.844 px,642.8971263715035,383.3926337299694,1.6768635331275248,0.8027234565399282,193330,493.6139774335702,0.7841197777522823,0.9898412041586924,0.8501650020601016,0.7677962105998452,0.003359515934761157,7.201787878849895E-4,0.5895110210114818,0.9885295335109279,BOMBAY
76246,1103.271 px,384.09088650999115,254.21196294595026,1.5109079921296047,0.7496330563532484,77508,311.57570882191254,0.7707922643779254,0.9837178097744749,0.7871591052453379,0.8112030765765323,0.005037521791438123,0.001345597144930201,0.6580504314472314,0.9942536560979562,BARBUNYA
79818,1089.842 px,426.53415200019924,241.0396528737481,1.7695600989917188,0.8250140615634441,81339,318.7905801332141,0.8076374343563124,0.9813004831630583,0.8444688304516128,0.7473975498521516,0.0053438341226314775,0.0010285831622318848,0.5586030975249995,0.9884817525534187,CALI
72269,1055.163 px,360.1199184388976,256.97924836922806,1.401357972381789,0.7005599588340515,73565,303.34097754583945,0.80427573005698,0.9823829266634949,0.8156856112889481,0.8423332396075393,0.004983048311708998,0.001547428588105683,0.7095252865477322,0.9942989169101378,BARBUNYA
75351,1095.258 px,408.40868357521566,236.04324391152218,1.7302282277068792,0.8160662022957174,76285,309.74162286547676,0.7943055321302075,0.9877564396670381,0.7893434622111309,0.7584109626514157,0.005420083125309759,0.001106124770223409,0.5751871882698472,0.995205109359841,BARBUNYA
75586,1118.7939999999999 px,385.0406231378582,250.58910560484426,1.5365417511207828,0.7592388160618865,77261,310.22424829202504,0.7749548884514436,0.9783202391892417,0.7588413184487651,0.8056922559595843,0.005094073282590138,0.0013241028141871734,0.6491400113132443,0.9974307297058171,BARBUNYA
60633,957.8599999999999 px,365.22275751142644,212.5224049082895,1.7185141381636078,0.8132617518010146,61556,277.84947960348444,0.7057734838784775,0.9850055234258236,0.8304525932453017,0.7607671589161351,0.0060234980540535095,0.0012446165261387142,0.578766670085328,0.9946187052395088,CALI
75731,1094.38 px,415.79425641761014,232.75118713613114,1.7864323767097312,0.8286447154733607,76819,310.52166423993447,0.7720720169643586,0.9858368372407867,0.7945976207353002,0.7468156653132233,0.005490410220617846,0.0010535089606351648,0.5577336379572323,0.9963534284269032,BARBUNYA
74604,1089.456 px,421.2105686629425,229.64758121246535,1.8341607015370516,0.8383004797848493,77074,308.20247078085225,0.6408617668281621,0.9679528764563926,0.7898644858643141,0.7317064046117974,0.005645951539635173,9.98307501720661E-4,0.5353942625499233,0.9819991161974797,CALI
76307,1134.821 px,403.78991164358234,241.4418177193669,1.672410833623346,0.8015414588102601,78040,311.7003207250613,0.777341999103541,0.977793439261917,0.7445939719233686,0.7719368704788079,0.005291649673602452,0.0011590388326561311,0.5958865320046157,0.996567091734764,BARBUNYA
77007,1069.2310000000002 px,411.55272973177983,240.37082142810806,1.7121576041827113,0.8117116522722901,78077,313.12674370200426,0.6603807563673785,0.9862955800043547,0.8464415725265663,0.7608423443238428,0.005344354795431322,0.0011047238874839632,0.5788810729162012,0.9911356309109204,CALI
83580,1218.1419999999998 px,400.8991820198164,266.2635976129877,1.5056477325996345,0.7475851474238785,85345,326.21673952905127,0.7974582092970002,0.9793192336985178,0.7078095142856895,0.8137126593411868,0.004796592271115296,0.0012971698815356435,0.6621282919721063,,BARBUNYA
74991,1138.0870000000002 px,381.74604345630485,251.83542031182785,1.515855247778962,0.7515346691232392,76411,309.0008199005863,0.7678783534712267,0.9814162882307521,0.7275587762779547,0.8094407923731498,0.005090558113057631,0.0013479864019245993,0.6551943963576728,0.9931798640341476,BARBUNYA
68552,1014.7549999999999 px,390.44152694519977,226.03226747039534,1.7273707480563056,0.8153882409884511,69827,295.43716298171574,0.761485826001955,0.9817405874518452,0.8365802240425633,0.7566745404701322,0.0056955526745419505,0.0011517338262083344,0.5725563601956857,0.989017108215617,CALI
73118,1060.2309999999998 px,410.4364910521753,227.46949970085262,1.8043583495455187,0.832374462981032,74002,305.11756591836144,0.8059744268077601,0.9880543769087322,0.8173972474043975,0.7433977547565926,0.00561334406099969,0.0010575146817249014,0.552640221777143,0.9971609984582751,BARBUNYA
68395,1008.5389999999999 px,381.9192242808211,230.78220591119407,1.6548902579940896,0.7967798683932844,69705,295.0986592008873,0.7297801963294921,0.9812065131626139,0.8449846585192754,0.7726729644379055,0.005584022578855488,0.0012277495827057903,0.5970235099732609,0.9880083904481866,CALI
189378,1715.619 px,651.0513742878322,378.40246573510586,1.7205262471613743,0.81374823711721,195616,491.04333668511947,0.7368851119463965,0.9681109929658106,0.8085328975565396,0.7542313188759623,0.00343784058490338,6.862521937321456E-4,0.5688648823733736,0.9787469612117571,BOMBAY
78300,1091.04 px,423.9214672436547,238.2016554074833,1.77967473197643,0.827204874847216,79523,315.7446062132546,0.7908451842275371,0.9846208015291174,0.8265902530448634,0.7448186294179248,0.005414067270033905,0.001027792710302348,0.5547547907279962,0.9872830835014869,CALI
93548,1241.752 px,460.1698343674652,260.4665467136042,1.766713768710746,0.8243896927755336,95271,345.12173639295014,0.836086086086086,0.981914748454409,0.7623855121824146,0.7499877449971127,0.0049190772049372,9.600195328994686E-4,0.5624816176458545,0.9937440185416243,BARBUNYA
68590,1012.9759999999999 px,387.95026011290184,228.00393965480248,1.7015068279094554,0.8090684943582667,69600,295.51903555166257,0.7465822013235807,0.9854885057471264,0.8399865942775738,0.7617446511458974,0.005656076106034434,0.001174715395915457,0.580254913549385,0.9873076973322894,CALI
174090,1619.733 px,620.8005823890924,362.7850013155362,1.7112079610180586,0.8114783326267321,176752,470.8059816346267,0.8151044105253301,0.9849393500497873,0.8338670791575505,0.7583852125633876,0.0035659749692061138,7.276415298188936E-4,0.5751481306348148,0.9841980599069493,BOMBAY
67856,1036.1439999999998 px,372.7244724721138,232.5676808661217,1.6026494785690957,0.7814508841938096,69052,293.9335682557356,0.8102015474257331,0.982679719631582,0.794251211960869,0.7886081810142662,0.0054928742111547075,0.0013104622921589562,0.6219028631626298,0.9966922993682164,BARBUNYA
73485,1035.476 px,394.07409712707073,239.92075038353434,1.642517775128282,0.7933073059566123,74898,305.88234330353794,0.7944925561934416,0.9811343427060802,0.8612485183484703,0.7762051490659255,0.005362646759570943,0.0012007843827542763,0.6024944334364556,0.9896078163352219,CALI
94904,1191.1589999999999 px,441.7569764880499,274.7645770337255,1.6077653868527133,0.7830320980878595,95752,347.614047117699,0.8082094954226102,0.9911437881193083,0.8405332701995535,0.7868897733799625,0.004654777211582756,0.0011008655131708994,0.6191955154499689,0.9955211174348846,CALI
99044,1204.5439999999999 px,482.3869208417475,264.03255083881373,1.8269979186628185,0.836906421265097,100311,355.11510453478246,0.7661793146128258,0.9873692815344279,0.8578131472217257,0.7361623816730346,0.004870430524229105,8.823514408898428E-4,0.5419350521905145,0.9901142124024962,CALI
73720,1050.7310000000002 px,397.39465794593707,237.51457734264125,1.6731379706966407,0.8017352462923844,74893,306.37104830234233,0.7770715407562007,0.9843376550545445,0.8390968668567846,0.7709490859437322,0.005390594926016509,0.0011746791285510965,0.5943624931174764,0.9944504555927706,CALI
59423,950.1899999999999 px,361.9590865926994,210.8999607073185,1.7162596208114842,0.8127142754147254,60550,275.0631081530156,0.7851461339252682,0.9813872832369942,0.8270723967030934,0.7599287276977108,0.006091228759784921,0.0012530722800521313,0.5774916711802617,0.9911256366016263,CALI
58003,934.2789999999999 px,338.0408857136209,219.05569477935651,1.5431732375372027,0.7616272451170744,58862,271.75671714471684,0.8162079252504785,0.9854065441201454,0.8350397434203337,0.8039167113499454,0.005827989685251124,0.0015015602525268758,0.6462820787877114,0.997325207885106,BARBUNYA
82877,1162.5810000000001 px,391.8170128327914,270.83614431193115,1.446693955226015,0.7226336740754212,84171,324.8419211693837,0.8259864257452385,0.9846265340794336,0.7705440015921237,0.8290653813646691,0.004727693000866241,0.0013777935716348057,0.6873494065773443,0.9943842316236323,BARBUNYA
70088,1001.046 px,381.72671591342305,236.0392725046553,1.6172169650535355,0.7859058150420934,71072,298.72866151643046,0.8021516452074392,0.9861548851868528,0.8789121377951057,0.7825720576083105,0.005446391906081256,0.001260044837543124,0.6124190253493048,0.9904144375164471,CALI
50948,884.6919999999999 px,313.5564944140568,208.1921878944844,1.5060915473589862,0.7477589789222626,52063,254.6939503112845,0.7196045197740113,0.9785836390526862,,0.8122745178256673,0.006154441674139452,0.0016526456280740822,0.6597898923089204,0.9937039798393608,BARBUNYA
71970,1065.618 px,379.3781848304275,241.86721775785398,1.5685390866415099,0.7704206374187704,73218,302.71281775734184,0.7429084602997647,0.9829550110628534,0.7964495497206925,0.7979183565671992,0.005271337846747637,0.0013180577523975788,0.6366737037469001,0.9986475897638301,BARBUNYA
66931,1037.359 px,341.6177344105175,250.18966699547633,1.3654350258066186,0.6809097578887463,68309,291.92327068712626,0.7796999137951119,0.9798269627721091,0.7815900453554614,0.8545319556985467,0.005104028542984828,0.0016788275570659488,0.7302248633099829,0.997074605078301,BARBUNYA
223424,1145.742 px,455.6584051622804,246.6049413437679,1.8477261756368923,0.840890215271661,88671,333.8305522747051,0.767881738825284,0.9870983748914527,0.8378730857690592,0.7326333685336345,0.005205918232799941,9.251749939130406E-4,0.5367516526889401,0.9917700784897167,CALI
80953,1101.021 px,425.8791250171525,244.76476489153063,1.7399527468991873,0.8183443265970483,81973,321.0491564619749,0.8006745395921112,0.987556878484379,0.8391732022386756,0.7538504181181562,0.005260819549827091,0.0010480304193439106,0.5682904528969188,0.988798534554577,CALI
61576,938.4719999999999 px,339.9676897941285,231.3110074966379,1.469742808495916,0.732849154125463,62280,280.001782506134,0.7837486953644069,0.9886962106615286,0.8785747108703457,0.8236129223800428,0.00552110708383345,0.001567106605994465,0.6783382459113945,0.9969827586560062,BARBUNYA
217182,1811.572 px,704.3042088383955,396.8257458054027,1.7748450454214622,0.8261641691662511,220372,525.8561693131232,0.6759897908366533,0.9855244767937851,0.831615342681709,0.7466321551313948,0.0032429216456170197,6.216457617869948E-4,0.5574595750761512,0.9894043648466606,BOMBAY
77122,1057.788 px,406.52081027496433,244.22184149271638,1.664555503268074,0.7994286970046839,78470,313.360463634239,0.780587044534413,0.9828214604307378,0.8661455447511031,0.770834987321527,0.005271139367171032,0.0011479684066083473,0.5941865776789786,0.9890565378435667,CALI
59841,936.317 px,354.6469346023705,217.64134356407774,1.6295016782873135,0.7895513132328329,61068,276.028852833353,0.6929650859822825,0.9799076439379053,0.8577542709571895,0.7783201429411369,0.0059264874350757925,0.0013415603411401288,0.6057822449079118,0.9871231847540987,CALI
76929,1067.562 px,409.42132709108495,242.25463516317214,1.690045380619102,0.8061581768898141,78701,312.9681212790391,0.7606791124470988,0.9774844029936087,0.8482302137328002,0.764415775559763,0.005322067452990224,0.0011209305407659533,0.5843314779246339,0.9875467150168603,CALI
156138,1492.5970000000002 px,544.8096146431559,365.6894891018473,1.4898148043063448,0.7412542399307472,157649,445.8711428606462,0.7699568021776436,0.9904154165265876,0.8807108513083616,0.8183980804976922,0.003489282651520808,9.655490086348507E-4,0.6697754181623073,0.9978413335386782,BOMBAY
160141,1531.8399999999997 px,560.1979114453883,367.03283303815255,1.5262882800110598,0.7554691486949806,162846,451.5504998706498,0.7933938754378403,0.9833892143497538,0.8576016117490215,0.8060553076779363,0.00349815419814656,9.109154750384275E-4,0.6497251590357725,0.9916678954646215,BOMBAY
100983,1239.47 px,476.22925891347796,272.2853156794111,1.749008233239396,?,102017,358.5743283421039,0.6740063407308526,0.9898644343589794,0.8260114992441524,0.7529447668969248,0.0047159349485901385,9.349751008479998E-4,0.5669258219974644,0.9915579303095774,CALI
66874,1024.488 px,408.2395188989155,209.5480011226877,1.9481909477146309,0.8582112150079894,67877,291.7989398791902,0.8016446698073627,0.985223271505812,0.8006697361370015,0.714773867719168,0.006104607454300857,9.829064167562259E-4,0.5109016819742188,0.9953340319943521,CALI
61557,954.856 px,342.8196421714064,229.13965698521756,1.4961165896897657,0.7438046165541071,62493,279.95858024940475,0.7220762463343109,0.98502232250012,0.8484212692647052,0.8166351801669178,0.0055691414814140775,0.001527848718931932,0.6668930174862544,0.9977497070094523,BARBUNYA
71678,1054.5339999999999 px,422.6509819762827,218.71406309240072,1.9324362411836509,0.8556943962054936,73261,302.0981034159714,0.6330860272036742,0.9783923233371098,0.8099805111667023,0.7147696711915456,0.005896523089041027,9.493803353442373E-4,0.5108956828552702,0.987273333013793,CALI
178043,1635.951 px,632.9955101998207,362.3502488143939,1.746916173704793,0.8199484880288311,181333,476.1211907311862,0.8161120278694536,0.9818565842951917,0.83597672171414,0.7521715131611071,0.0035552956881192786,7.019772130209878E-4,0.5657619852110696,0.9883387624325494,BOMBAY
64412,974.5400000000001 px,327.9948214447462,250.7908824531824,1.3078418889728824,0.6444832583880057,65298,286.37720851262117,0.7462434107629033,0.9864314374100279,0.8522702117571832,0.873115030448321,0.005092138443841927,0.0018254326896937209,0.7623298563947725,0.9970069194077653,BARBUNYA
65990,1010.042 px,397.55223916920863,213.4137081131812,1.8628242894236764,0.8436972543842471,66576,289.8638948835701,0.7651901669758813,0.991198029319875,0.8128475967234512,0.7291215249832775,0.006024431567952851,0.0010502568350834237,0.5316181981939403,0.9903112922953221,CALI
71648,1031.6470000000002 px,402.75100877659696,229.1211744733464,1.757807892275137,0.8224133604314822,73209,302.0348769615604,0.7060655333826066,0.9786774850086738,0.8459636390378212,0.7499295355684558,0.005621245656216461,0.0010967159541072238,0.5623943083179198,0.9885811537318562,CALI
61442,992.0859999999999 px,337.90859876851067,232.44021506947433,1.4537441323030644,0.7258254184896175,62709,279.6969504796537,0.7091643582640813,0.9797955636352039,0.7844704084353705,0.8277296035051901,0.005499635408491108,0.001592456631538632,0.6851362965188593,0.9960128708921443,BARBUNYA
75259,1048.898 px,417.1055214904953,230.94093263588272,1.806113436582212,0.8327327942982388,75848,309.5524751915636,0.7850518958952694,0.9922344689378757,0.8596106604461108,0.7421442758307324,0.0055422676555693705,0.0010370999817278558,0.5507781261483222,0.9947677742120575,CALI
67686,1044.47 px,368.6010689137848,234.20250272185712,1.5738562339427333,0.7721979349897802,69063,293.56514068421717,0.7083830455259027,0.9800616828113462,0.7796806800948266,0.7964305191770391,0.005445750508432834,0.0013515405450669645,0.6343015718766081,0.9982994830976744,BARBUNYA
55059,944.732 px,344.32769110396447,204.9475016204122,1.680077524153973,0.803569727571328,55970,264.7702704111119,0.7328594816914906,0.983723423262462,0.775212793327392,0.7689485256391085,0.00625379485831498,0.0013486910269551883,0.5912818350825589,0.9933993215627235,BARBUNYA
72960,1063.4569999999999 px,382.7319152845765,244.09285281781274,1.567976738631679,0.7702313689930165,74227,304.78772479198943,0.776566757493188,0.9829307394883263,0.810690009098858,0.7963478158474648,0.005245777347650445,0.0013013699948073998,0.6341698438050277,0.9943635634279687,BARBUNYA
75005,1060.906 px,418.22807637392964,230.89878439828007,1.8113047994766531,0.8337857178668989,76087,309.02966209226724,0.7598751861570101,0.9857794366974647,0.8374256677752449,0.738902239112158,0.005576002618144519,0.0010252993031243138,0.5459765189649609,0.9889298892027895,CALI
62987,1008.734 px,368.7900641525405,218.03305561838542,1.691441066615234,0.8065163048130211,64219,283.1917004508319,0.7404137768896203,0.9808156464597705,0.7778708006130497,0.7678940621721765,0.005855018720569967,0.0012557792082108243,0.5896612907192864,0.9973773225159455,BARBUNYA
95754,1182.3020000000001 px,452.7056001278119,272.5128473970316,1.6612266337236294,0.7985226041618846,97441,349.16726559998546,0.7488269519519519,0.9826869592881846,0.8608152269978726,0.771289918881952,0.004727798317854209,0.0010320704043449234,0.594888138968928,0.9882440205414671,CALI
73121,1051.673 px,406.1374794821273,232.30043699254816,1.7483285212035806,0.8202711345083651,74728,305.1238252752148,0.7857403825488932,0.9784953431110159,0.8307886174372431,0.7512821167459929,0.005554320639517065,0.0010914979251324156,0.5644248189423398,0.9868000090320594,CALI
63988,1012.38 px,342.88444126227154,238.8867325910389,1.4353431751660777,0.7173650362416542,65339,285.43309546812117,0.8152376098866098,0.9793232219654417,0.7845511915999501,0.8324469154020145,0.005358574127371875,0.0015872860489151224,0.6929678669623289,0.9946466984537734,BARBUNYA
70870,1024.464 px,409.46589984080475,222.7092942663837,1.8385667342245742,0.8391487875756113,71660,300.39055666811663,0.6822294955718137,0.9889757186715044,0.8485528438011332,0.7336155630661912,0.005777704244966908,0.0010323078112741764,0.5381917943729247,0.9895015297666918,CALI
63652,956.09 px,362.3406290927483,225.23173748443463,1.608745877200317,0.7833330624973929,64607,284.6827067130748,0.7839881758837295,0.9852183199962853,0.8750328683862238,0.7856770228220932,0.0056925254366359005,0.0013380149072539356,0.6172883841905881,0.9930601431102537,CALI
68385,1010.424 px,385.8246688686615,226.74095380430416,1.701609975592056,0.8090943721171261,69205,295.0770852958835,0.7023138306066488,0.9881511451484719,0.8417117869151228,0.764795797430803,0.005641948802641829,0.0011906685292506001,0.584912611767818,0.9952931350337223,CALI
227837,999.7369999999999 px,369.48753452537534,208.9364254114231,1.768420866767516,0.8247645790097836,61404,277.33347150742856,0.7424778761061946,0.9837795583349619,0.7595087651482153,0.7505895208715955,0.006116533150002903,0.001197553940073908,0.5633846288422514,0.9963011336607096,BARBUNYA
87822,1143.406 px,443.31082887649893,254.1225910735412,1.7444762663710132,0.8193889502938546,88552,334.3926483906778,0.789908256880734,0.9917562562110398,0.8441356724422762,0.7543074218108837,0.0050478334457937524,0.0010080412472617283,0.5689796865989825,0.9925715593191423,CALI
60108,921.7259999999999 px,351.5022061564421,218.55111846296893,1.6083294774627306,0.7832053287360914,60547,276.64396352521624,0.8094481402677153,0.9927494343237485,0.8890751369124371,0.7870333633186105,0.005847843983437182,0.0013840383124507835,0.6194215149766038,0.9962338815114942,CALI
67407,990.057 px,386.6966177581518,223.59145657190112,1.7294785037271776,0.8158887034997429,68200,292.95948182634936,0.7430224867724867,0.9883724340175953,0.8641606081300045,0.75759514920188,0.005736742738263857,0.001165719008825515,0.5739504100942188,0.9926348964633497,CALI
79896,1057.845 px,399.7660593403466,255.22002428770807,1.5663585193052587,0.7696853295371032,80538,318.94630687023255,0.7901107594936709,0.9920286076137972,0.8972032241192137,0.7978323807592005,0.005003580396269483,0.0012505679070829044,0.6365365077878938,0.997044381822386,CALI
66734,1006.609 px,393.81686046074987,217.17431720164137,1.8133675543922625,0.8342012159115595,67521,291.4933408816681,0.7983299837305006,0.9883443669376935,0.8276284340534433,0.7401748633632207,0.0059012926013838505,0.0010926076580050164,0.5478588283547625,0.9934694237258858,CALI
64231,990.6309999999999 px,361.987789423829,226.34948898303554,1.5992427950697041,0.7803877295302344,65039,285.9745604033412,0.7809240121580547,1.629622,0.8224901751579988,0.7900116212718749,0.005635717790845993,0.00135413798304374,0.6241183617446163,0.998116793290785,BARBUNYA
76997,1099.4569999999999 px,413.36069385769866,237.60768073401434,1.7396773226385214,0.8182804158576081,78041,313.10641198476486,0.7929333498105124,0.9866224164221371,0.8004370283138675,0.7574653725846348,0.005368529862951786,0.0010901500315014755,0.5737537906647797,0.9981464583974066,BARBUNYA
61206,1003.5089999999999 px,359.4550303111181,219.19631528873393,1.6398771568656614,0.7925539703889561,62918,279.1592727728391,0.7190892429155505,0.9727899806096825,0.7637677533949293,0.7766180724504513,0.005872872435890568,0.0013178327648669065,0.6031356304566544,0.9890683428776366,BARBUNYA
82619,1114.99 px,442.4189292177081,239.70901089699038,1.8456499718645447,0.8404980658341128,83605,324.33590295629375,0.8085000195717696,0.988206446982836,0.8351180171216075,0.7330968038139539,0.005354929607205463,9.540669094385544E-4,0.537430923762235,0.9919093693209052,CALI
68770,1032.496 px,353.78288336373254,248.615876334195,1.423010020841025,0.7114509679166234,69908,295.90654519871157,0.7550505050505051,0.983721462493563,0.8106476586823356,0.8364071839351342,0.005144436285643922,0.0015530612106853723,0.6995769773383016,0.9955050491020777,BARBUNYA
76697,1073.671 px,417.86757273286764,234.88721826995436,1.7790136722238123,0.8270630066656753,77405,312.49584535246663,0.778997724872024,0.990853304050126,0.8360760733506578,0.747834638875502,0.005448290972696033,0.001051144362863882,0.5592566471020526,0.9949252214765993,CALI
88907,1210.626 px,405.2430606224961,280.958234651208,1.4423605028896196,0.7206414432670496,91061,336.4519404071986,0.7806803414000211,0.9763455266250096,0.7622998362242521,0.8302472592383764,0.004558055728148471,0.001335946897868403,0.6893105114728357,0.9942342559750602,BARBUNYA
84964,1106.69 px,427.7566022894199,255.97420872043793,1.671092585568236,0.8011893707068979,86555,328.90655919102363,,0.981618623996303,0.8717517801392366,0.7689105379803948,0.005034562900633444,0.0010855373877131605,0.5912234154173003,0.9879890659181797,CALI
149824,1454.2489999999998 px,532.7822257595459,359.6708209829127,1.481305112000891,0.7377441947310273,151188,436.76291228812113,0.8232087912087912,0.9909781199566103,0.8902535292626466,0.8197775585802669,0.003556053941688554,9.90677282528129E-4,0.672035245551823,0.9954892446806896,BOMBAY
234898,1869.885 px,695.1376296583686,432.5894199047081,1.6069224018735717,0.7827728080521893,238265,546.8833720083289,0.799467697690407,0.9858686756342727,0.8442272914767077,0.7867267555017838,0.0029593169361100077,6.993054663573091E-4,0.6189389878223635,0.9945869249247097,BOMBAY
79866,1106.47 px,430.93992393046835,239.50432031501907,1.7992991665605647,0.831334796316814,81633,318.8864209711955,0.7876486715714314,0.9783543419940465,0.8197709254420943,0.7399788306052781,0.005395786992343029,9.979568001693797E-4,0.5475686697439549,0.9852398511049753,CALI
70350,1008.987 px,399.4792388519846,226.18991534489123,1.7661231193391809,0.8242596905792495,70996,299.28648812153,0.7121166109930155,0.9909008958251169,0.8683660271508556,0.7491915949915533,0.005678453999317478,0.0011035231811718342,0.5612880460059875,0.9913037946598883,CALI
66991,1056.519 px,357.15448173002727,239.73303365560884,1.4898008684239217,0.7412485543060928,68096,292.05408804081696,0.8133529211791559,0.9837729088345865,0.7541742524377549,0.8177248305162816,0.005331380061949027,0.001470442843681941,0.6686738984428817,0.9961909545926144,BARBUNYA
89817,1219.7889999999998 px,938.4644068,271.8926923328594,1.550939194697555,0.764376130792507,91438,338.16941935881505,0.7966101694915254,0.9822721406854918,0.7585758000955835,0.8019402750878528,0.0046949801628965015,0.0011977925984468518,0.643108204807981,0.9974217212682804,BARBUNYA
64839,953.7139999999998 px,370.2297236993283,223.892876123562,1.653602071264679,0.7964226469214111,65397,287.3248663813893,0.7077643514425124,0.9914674985091059,0.8957975213594929,0.776071849419449,0.005709985096922042,0.0012776810671870811,0.6022875154613238,0.9959438830637025,CALI
56928,935.6600000000001 px,324.0394421175975,224.15071894330913,1.4456319553431887,0.7221476018795623,57936,269.22663464576334,0.7701298701298701,0.9826014913007457,0.8171460079298245,0.8308452603373451,0.005692092504876291,0.0016731400652416132,0.6903038466250306,0.9979252995774677,BARBUNYA
70066,1042.4940000000001 px,374.28319440528264,239.14903718954523,1.5650625183518196,0.769246514328196,71094,298.68177370139927,0.7235233374638579,0.9855402706276197,0.8101586262693451,0.7980101115039101,0.0053418661605526595,0.0013363073050701862,0.6368201380624833,0.9966633290132236,BARBUNYA
145886,1438.541 px,539.4266471843797,345.67497700469846,1.5605024461375685,0.767691796691554,147342,430.9847146050936,0.757656492633044,0.9901182283395095,0.8858883534253092,0.7989681578666619,0.00369759022239543,9.294294457587236E-4,0.638350117284847,0.9961469195152075,BOMBAY
69892,1052.973 px,389.85577069142295,228.67146576459547,1.7048728374914854,0.8099101140990341,71139,298.31067406418765,0.6842697839261414,0.982470937179325,0.7921416737789596,0.765182142963084,0.0055779741700255105,0.0011795478599190778,0.5855037119095773,0.9982093746850784,BARBUNYA
72828,1057.8960000000002 px,378.0114377762322,246.12484380493405,1.535852423235359,0.758988333024108,73854,304.51188739353415,0.715951318298893,0.9861077260541068,0.81775328518398,0.8055626284350506,0.005190468470591424,0.0013482907688428616,0.6489311483311873,0.9966624766773583,BARBUNYA
74463,1056.402 px,410.4178411356903,232.7650656523007,1.763227827962652,0.8236202462478129,75258,307.9110849248764,0.8068633718725281,0.9894363389938611,0.8384785632710581,0.7502380600045024,0.005511701665735873,0.0010771144062202492,0.5628571466793193,0.9924453841926321,CALI
82870,1105.912 px,425.5896073341128,249.66071780652595,1.7046718886065313,0.8098600342489713,84088,324.82820239659446,0.7618968814357164,0.9855151745790125,0.8514635513566177,0.7632427972837815,0.005135629387403316,0.0010750391894428363,0.5825395676055716,0.9930388248982219,CALI
72263,1097.796 px,375.5949145828704,245.38076532982646,1.5306615988340313,0.7570885556239112,73699,303.3283851227858,0.7193927327028372,0.9805153394211591,0.7534987970784282,0.8075944943494705,0.005197610320397304,0.0013638194412207336,0.6522088673035771,0.9983110676006259,BARBUNYA
70521,1023.4379999999998 px,352.490347595676,255.6633402023918,1.3787285549685482,0.6884266878309705,71546,299.65000573046615,0.7605146234147183,0.985673552679395,0.8460679614904202,0.8500942161235565,0.00499837420903952,0.0016101887018679655,0.7226601762867242,0.9963522205851115,BARBUNYA
62650,963.789 px,349.1235041048735,229.69873099133068,1.5199191680255744,0.7530793299316637,63464,282.43310265912163,0.7460109549892832,0.9871738308332283,0.8475532798057174,0.8089776235010556,0.00557260182130684,0.0014722576230192731,0.6544447953254159,0.9947031888296732,BARBUNYA
65290,1032.586 px,342.66912189842805,243.81875274871814,1.4054256206108395,0.7026575141532413,66600,288.3224061285539,0.7507963339887995,0.9803303303303303,0.7694919265743321,0.8414017712807421,0.005248416631925686,0.0016226384155102168,0.7079569407143703,0.9949808227692453,BARBUNYA
76760,1060.544 px,391.2416311339342,251.15846288003507,1.5577481508986992,0.7667445802596268,77743,312.62416325976966,0.744628219430567,0.9873557747964447,0.8576052826108967,0.7990564867897421,0.005096946731812588,0.001281739544505861,0.6384912690807651,0.9946085937755258,BARBUNYA
75936,1079.901 px,420.4081586026839,232.41180364488517,1.8088933178499347,0.8332979087365385,77128,310.9416634499296,0.7655996370418914,0.9845451716626906,0.818256933311781,0.7396185280595183,0.0055363484856021375,0.0010219609702659261,0.5470355670489286,0.9895289818610571,CALI
179759,1663.533 px,637.2804154235297,362.5224249083994,1.757906191829526,0.8224353645980361,182091,478.41014550492974,0.7764833437003248,0.9871932165785239,0.8162772006171625,0.7507058649950564,0.003545193372368169,6.945426614812984E-4,0.563559295737976,0.9906843754408752,BOMBAY
72004,1043.647 px,403.21418093032685,230.0102523907407,1.753026992228798,0.821337975557085,73591,302.7843129673508,0.704760786156135,0.9784348629587857,0.8307287275940214,0.7509267463479173,0.005599885852596062,0.001098371435634341,0.5638909783806695,0.9885161057756192,CALI
84569,1198.6509999999998 px,418.417775130055,260.869269852111,1.603936620696104,0.7818504379477813,86785,328.1411206458404,0.6818980809546847,0.9744656334620038,0.7396658281432805,0.7842427835286052,0.004947649553974329,0.0011544651243122156,0.6150367435166949,0.9864799560001042,BARBUNYA
79498,1079.978 px,431.53797993968334,236.85314624022809,1.8219643132880166,0.8359154912425026,80325,318.15090338918725,0.7533784424101135,0.9897043261749144,0.8565175174881703,0.7372489054929896,0.005428287251750778,9.892342172764192E-4,0.5435359486506112,0.9903031014305614,CALI
70683,1020.247 px,388.5491636849598,232.8047958422161,1.6689912348210376,0.8006260777769826,71378,299.9939845072156,0.7936114073990905,0.9902631062792457,0.8533244415173845,0.7720875825908461,0.00549706667352772,0.0012049722306557305,0.5961192351909766,0.9949177784419606,CALI
66149,1013.351 px,393.08021314655923,217.36005749558296,1.8084289159453646,0.8332037096576592,68260,290.212891933984,0.7231295640386549,0.969074128332845,0.8094934637374028,0.738304504342422,0.005942345510084192,0.0010891300344479697,0.5450935411323095,0.9857629216787223,CALI
222737,1847.94 px,722.4940683398489,396.6969713897139,1.8212744750956844,0.835778955159997,225516,532.538784010776,0.8365520401418184,0.9876771492931765,0.8196463280033317,0.737083953138116,0.00324370925504002,5.905946496399228E-4,0.5432927539737124,0.989485225316762,BOMBAY
72651,1020.566 px,395.61401764743516,236.58644911657012,1.672175304733998,0.8014786243265116,73917,304.14162188782103,0.734649921126077,0.9828726815211656,0.8765350137565104,0.7687837344501457,0.005445403609687894,0.0011733473107878162,0.5910284303551121,0.9883031456355162,CALI
91623,1161.1670000000001 px,448.32833480581235,262.9726650735245,1.7048476680284022,0.8099038425842091,93063,341.55237783869956,0.7273687135315365,0.9845266110054479,,0.7618353588707226,0.0048931854971547796,0.0010167541295415519,0.580393114025683,0.9894818469864282,CALI
86823,1154.004 px,465.8128576759674,241.6489628021603,1.9276426940732687,0.8549148552295682,89133,332.4853034233859,0.7852665852665852,0.9740836727138097,0.8192756055232557,0.7137744223768767,0.005365085952754079,8.590142569413906E-4,0.5094739260394442,,CALI
64184,971.191 px,345.94848818970604,236.65053009418793,1.4618538485927628,0.7294230137411564,65308,285.8699126163537,0.7436019231883219,0.9827892448092117,0.8551205529783117,0.8263366436785602,0.0053899490245186655,0.0015502169031951583,0.6828322486859476,0.998200950684803,BARBUNYA
77217,1118.3970000000002 px,394.6531382358189,249.62908756380074,1.5809581410858324,unknown,78697,313.553405221208,0.7051780821917808,0.9811936922627292,0.7757661074543678,0.7945037675941372,0.005110961811982062,0.0012562215600438694,0.6312362367212788,0.9979580673928894,BARBUNYA
67031,977.6419999999999 px,370.5708826469809,232.0351281694656,1.5970464712409256,0.7796979185619982,67944,292.14126706636756,0.741624623827226,0.9865624632049923,0.8813042426563795,0.7883546191746311,0.005528350802568676,0.001317230635167857,0.6215030055739776,0.9925691819175503,CALI
160273,1550.0259999999998 px,599.0795386160738,343.5747121937734,1.743665984003496,0.8192025257180102,163513,451.73656211705816,0.8088713259043928,0.9801850617382104,0.8382860982513995,0.7540510616680536,0.0037378693767264218,7.4543006723587E-4,0.5685930036027186,0.9914362791244379,BOMBAY
93438,1196.46 px,465.4752174511838,259.2026572043782,1.7957964724264464,0.8306090658967413,95390,344.91876809034926,0.7023512432724976,0.9795366390606982,0.8202326075495056,0.741003506006251,0.004981647910391744,9.264752958896792E-4,0.549086195913556,0.9860470536796204,CALI
77546,1129.375 px,407.53075877773546,243.1571515597404,1.6759974204485228,0.8024944152288511,79093,314.22067681174786,0.6726985669176585,0.9804407469687583,0.7639992373299577,0.7710354863867385,0.005255342103754358,0.001145719280261479,0.5944957212676346,0.9963732953122396,BARBUNYA
80862,1102.8149999999998 px,426.12766503393055,244.8878290506354,1.7400932773421756,0.8183769223273506,82724,320.86865859160304,0.7846337463733662,0.9774914172428799,0.8355049238807543,0.7529871560112243,0.005269813571689181,0.0010450216493929525,0.5669896571178721,0.9866148906733545,CALI
91565,1153.995 px,453.3610780878905,259.48460384119716,1.7471598367560353,0.8200042170347618,92497,341.4442544745411,0.7852915951972556,0.9899239975350552,0.8640353470635647,0.7531397620515347,0.00495124860031552,9.826453482758239E-4,0.5672195011830423,0.991023131091804,CALI
60024,959.9839999999999 px,356.16468620714136,215.3835280711024,1.6536301053141087,0.7964304315167954,60955,276.4505931141827,0.7175012252411633,0.9847264375358872,0.8184776184670183,0.7761875441896061,0.005933704621603714,0.001328533049796618,0.6024671037550917,0.9962577402308185,BARBUNYA
73229,1034.342 px,409.82222480140473,229.51876960924398,1.7855717225180652,0.8284623837244873,74364,305.34907666703566,0.7459027247262542,0.9847372384487117,0.8601310942812064,0.7450769094209189,0.005596447101577308,0.0010638896492945343,0.5551396009522281,0.9912415735102612,CALI
157321,1562.231 px,587.4104496097477,346.3148396972462,1.6961746430596825,0.8077231753754941,160654,447.55705604680224,0.8033303376294451,0.9792535511098386,0.8100392435898337,0.7619153801981927,0.003733833687872234,7.761786527860198E-4,0.5805150465825567,0.9846549019279429,BOMBAY
85226,1104.753 px,427.7490080315711,256.5457648654163,1.6673399705349568,0.8001816613170665,86404,329.41328667738793,0.821455421686747,0.9863663719272255,0.8775090225782287,0.770108826653491,0.0050189966445869936,0.0010889428120344098,0.5930676048896167,0.9888453228618909,CALI
61944,955.7180000000001 px,361.96578008139414,219.9610850547523,1.6455900824061416,0.7941783445891464,62873,280.83723107714,0.7071313599470314,0.9852241820813386,0.8522157948536746,0.7758667988283009,0.005843435685157467,0.001306160969988824,0.6019692895240749,0.9905946927538889,CALI
56857,952.885 px,328.1323756555259,221.25678301795628,1.4830387171854345,0.7384655292062093,57866,269.0586939591567,,0.9825631631700826,0.7868878215869274,0.8199699691980871,0.005771186936622155,0.0016092988186785367,0.6723507503867118,0.9971221943521734,BARBUNYA
64260,984.886 px,370.8288299947581,221.14522160729553,1.6768566252508372,0.8027216314316314,65203,286.0391112150252,0.7448016875680938,0.9855374752695428,0.8324892940352434,0.7713507906574268,0.005770756769292843,0.0012601442105850294,0.5949820422478376,0.99769957944856,BARBUNYA
166265,1527.732 px,568.5672845494536,374.04663810786093,1.5200438304313812,0.7531264674029171,167521,460.10343718058857,0.75575,0.9925024325308469,0.8951923242472244,0.8092330488997193,0.0034196450518717324,9.045971946454555E-4,0.6548581274315355,0.9954130564101529,BOMBAY
67413,1077.615 px,359.8362622878009,239.87365257679284,1.5001074875140918,0.7453987154632743,68823,292.9725199216328,0.7360301342941369,0.9795126629179198,0.7295016231294051,0.8141828676713806,0.005337787404325588,0.0014468678731594492,0.662893742009593,0.9944118658148251,BARBUNYA
74966,1101.78 px,423.3671864441814,229.0320813937624,1.8485060427683457,0.8410371267275695,76897,308.9493092897542,0.717377990430622,0.9748884871971598,0.7760405832603458,0.7297431619218969,0.005647455999308772,9.878994760332107E-4,0.532525082371768,0.9843758326899241,CALI
180028,1630.826 px,625.6249768195405,371.44042522744934,1.6843211840403283,0.8046783572954573,183263,478.7679696466566,0.6746108475541666,0.9823477734185296,0.8506181933678728,0.7652635163010054,0.0034751537361940392,7.351870026609719E-4,0.5856282493813791,0.9863860664055093,BOMBAY
62148,962.323 px,372.89522111366574,212.9640779243118,1.750977088474959,0.8208737481330479,62732,281.2992911939184,0.7741405082212257,0.9906905566537014,0.8433256108099325,0.754365503408189,0.0060001161922131965,0.001198579110063802,0.5690673127322903,0.9964238263942548,CALI
71016,1068.4879999999998 px,379.49878677677606,239.198683968092,1.5865421183813846,0.7763503857085862,72219,300.69981627681835,0.7335378513216201,0.9833423337348897,0.7816759908249168,0.7923604152486847,0.005343849087202547,0.0012993466509429216,0.6278350276530682,0.996086714766734,BARBUNYA
66550,998.751 px,381.80747239064715,223.0856353542691,1.7114838962370718,0.8115461746264866,67255,291.0912085620675,0.8103500761035007,0.9895175079919709,0.8383849420895948,0.7624031209746385,0.005737152102038274,0.0011956795143967176,0.5812585188718693,0.9948145945998164,CALI
72181,1099.699 px,400.9105866860232,231.06450686077346,1.7350591492080152,0.8172035047452961,73688,303.15623625208303,0.7140765509531771,0.9795489089132559,0.7500411624945321,0.7561691966231429,0.0055542398510137455,0.001120160671305548,0.5717918539216893,0.9920926875894399,BARBUNYA
213022,1849.699 px,721.2160983513037,384.3779693717415,1.8763200698784006,0.8461416264203208,218065,520.7955782248672,0.7375137620396208,0.9768738678834292,0.7824060469655967,0.7221075339491219,0.003385641381412735,5.678429281955545E-4,0.5214392905860823,0.9783870061498214,BOMBAY
186618,1640.6119999999999 px,609.8680528099457,391.8326653740804,1.5564502572232157,0.766296075824382,188480,487.45196415584024,0.8028652555498194,0.9901209677419355,0.871267726427372,0.7992744691411895,0.0032680022977952055,8.227083001411407E-4,0.6388396770209304,0.9943221796236231,BOMBAY
66166,974.533 px,364.3490237386494,232.08462162042215,1.569897312431789,0.7708767433097715,66906,290.2501812522204,0.7117685025817556,0.9889397064538308,0.8754909169633484,0.7966267571514595,0.005506589845821863,0.001367987251186221,0.6346141902096503,0.9962791116412061,BARBUNYA
85567,1156.3990000000001 px,415.48658412015084,262.7697629804382,1.581181104734191,0.7746104754076122,86970,330.07164089687205,,0.9838680004599287,0.8040827678396387,0.7944218983528517,0.004855687170523109,0.001192985843807234,0.6311061525825487,0.9978931235450196,BARBUNYA
71601,1107.086 px,399.3117341580092,229.1974356707876,1.7422172852386042,0.8188684637896051,73088,301.93579556353103,0.6438012516184721,0.9796546628721541,0.7341186110635113,0.7561405531950981,0.00557690163765882,0.0011245606172648095,0.5717485361861889,0.996110182553448,BARBUNYA
171028,1553.271 px,564.1230319784163,387.7362455579751,1.454914361092578,0.7263493732701531,172608,466.6472038456519,0.7889618776986382,0.9908463107156099,0.8908049328691001,0.8272082106080472,0.0032984250063054954,9.526770930603637E-4,0.6842734236973673,0.9955592310512861,BOMBAY
78657,1149.889 px,399.28337149987914,251.5902538965539,1.5870383105700592,0.7765103374209863,80316,316.4635885378185,0.7850940232363157,0.9793440908411774,0.7475416647184812,0.7925789329744585,0.005076259856082474,0.001235644971875996,0.6281813649949312,0.9969478922331493,BARBUNYA
75852,1071.325 px,416.2127295133342,235.4639688099875,1.7676281072506919,0.8245906418087857,77441,310.76963485394054,0.7455108359133127,0.9794811533941968,0.8304900265011574,0.7466605723888232,0.005487168822355827,0.001052012646367428,0.5575020103600052,0.9854562233611117,CALI
70955,1040.914 px,411.2238948557792,221.45708839720828,1.8569010268851847,0.8426052734267832,71860,300.57064377061755,0.801968895519689,0.9874060673531867,0.822930519415606,0.7309172631518192,0.0057955590847125526,0.0010203472022311106,0.5342400455733456,0.9920308892283333,CALI
86884,1163.356 px,448.6801704061723,247.96711567760016,1.809434162994151,0.8334075087173366,88015,332.6020814799118,0.7114524819442852,0.9871499176276771,0.8067229327689218,0.7412899063018996,0.005164128843126148,9.618983471831718E-4,0.549510725185079,0.9943034790815725,CALI
72394,1019.0229999999998 px,391.5445528814756,237.2920219860677,1.650053590526801,0.795433466976081,73141,303.6032009079571,0.8111372549019608,0.9897868500567397,0.8760814094062535,0.7753988624631966,0.0054085221548950966,0.0012060325074804191,0.6012433959092193,0.9920838242005341,CALI
62626,993.13 px,363.84320087281816,219.83783718672981,1.6550526766862725,0.7968248374596867,63602,282.37900015508285,0.7684831826046409,0.984654570610987,0.7979071110586737,0.7761008024272213,0.005809778700105677,0.0013002051520865656,0.6023324555281769,0.9968919427769245,BARBUNYA
61707,961.1980000000001 px,367.44457070180965,214.4825403688652,1.713167748152748,0.8119593373348418,62435,280.2994694732273,0.7794732520684646,0.9883398734684071,0.8393026221900219,0.7628347016744935,0.005954665932581549,0.0012438239896208714,0.5819167820788135,0.9969210631662543,CALI
68609,996.6850000000001 px,380.28106786570225,231.09669156118053,1.6455495978618397,0.7941669046059786,69346,295.5599633318674,0.6806448412698413,0.9893721339370692,0.8679108326335088,0.7772145087071375,0.005542728619651973,0.0012475758952316856,0.604062392544877,0.9940146271356833,CALI
73063,1054.212 px,405.8330629547616,231.64151996146407,1.7519875669192468,0.821102820596896,74577,305.0027882773946,0.7636422546693563,0.9796988347613875,0.8261358214959481,0.751547412270334,0.005554563362505804,0.001093088242830366,0.5648235128902352,0.9895637720873451,CALI
68033,1005.2689999999999 px,384.9832288358855,226.31863331160974,1.7010673102899854,0.8089581658303563,68739,294.31667629777166,0.6658934304283142,0.9897292657734328,0.845989369370002,0.7644922018752041,0.005658771902398623,0.0011923237378440685,0.584448326727998,0.994185943150678,CALI
91140,1176.273 px,449.18673194960843,262.05350572090975,1.714103120711531,0.8121882310652819,93504,340.65092412492106,0.7870194466512384,0.974717659137577,0.8277565604351755,0.7583726319038663,0.004928535571095111,0.001005606948138997,0.5751290488207972,0.9858304973955827,CALI
178603,1614.0829999999999 px,604.5212048587069,377.36804251578087,1.6019406434858006,0.7812303492750423,180147,476.86937667283087,0.8121566808541598,0.9914292216911744,0.861483346936958,0.7888381298126477,0.003384720328654653,8.084517988232113E-4,0.6222655950463157,0.9968325477475696,BOMBAY
65099,1008.4290000000001 px,339.04242796905214,245.31349531201985,1.3820781752663722,0.6902739938085927,66288,287.90036665956916,0.7423257617223135,0.9820631185131548,0.8044397612597114,0.849157341115575,0.005208105008818141,0.001670368028802655,0.721068189970473,0.9965726082370169,BARBUNYA
65957,995.361 px,371.0944282705234,229.51513430604632,1.6168625628656303,0.7857991570816715,67572,289.79140886523385,0.7934485786808136,0.9760995678683478,0.8365839287475173,0.78091015867794,0.005626308477804075,0.0012906473457619228,0.6098206759264054,0.9859962209668187,CALI
73664,1072.943 px,383.1261626430247,245.86058476926453,1.5583065622437258,unknown,74759,306.2546617169623,0.7952670898648357,0.9853529340948916,0.8041033291535705,0.7993572133112534,0.005200995909033242,0.0013098750449286214,0.6389719544727328,0.9957141897445587,BARBUNYA
93203,1181.392 px,455.6059166344389,263.4775624716761,1.7292019569348214,0.8158231623854602,95176,344.4847533461406,0.736776784373246,0.9792699840295873,0.8391733905811428,0.7561024577794108,0.004888318151072808,9.855117930570375E-4,0.5716909266600658,0.9885690691424672,CALI
62839,952.704 px,360.6232376107519,222.52985680287756,1.62056113634316,0.7869080991321159,63383,282.8587982573865,0.7987060857186435,0.9914172569932,0.8700078113474834,0.7843609860845893,0.005738844310233325,0.0013398868996663499,0.6152221564915893,0.9970051170274994,BARBUNYA
87968,1147.645 px,412.44325314963936,272.421553429252,1.513989065688046,0.7508201055246564,89304,334.6704890952634,0.6957181949035922,0.9850398638358864,0.8393042927053279,0.8114340252617515,0.004688560080366035,0.001253811090563928,0.6584251773524884,0.9968485190853801,BARBUNYA
220575,1056.2649999999999 px,407.9541382120409,242.60341895004143,1.68156796791083,0.8039602274779815,77964,313.920681515908,0.7996074177385195,0.9927402390847058,0.8717537488280537,0.7694999317613063,0.005270861497868691,0.001139976004161403,0.592130144980655,0.995707084633865,CALI
70692,1006.43 px,378.57446626303476,238.1779057222376,1.5894608910724375,0.7772886563951982,71443,300.0130828754275,0.7878652787374897,0.9894881233990734,0.8770270431006105,0.7924810297876176,0.005355266030994098,0.0013029156858556418,0.6280261825732428,0.9982230557696878,BARBUNYA
55676,934.071 px,333.102779952971,215.62286077989614,1.5448398131262908,0.7622214907673933,57508,266.24966646490833,0.7993567931544414,0.9681435626347639,0.8018961208543144,0.7993018446213469,0.005982879157140797,0.0015063755383286181,0.6388834388150877,0.9869725722285823,BARBUNYA
77772,1069.897 px,421.9406353123387,235.63870639092286,1.7906253254180675,0.8295286761514861,78533,314.67822592792004,0.802799454973368,0.9903098060687864,0.8537863201526864,0.7457879132569956,0.005425354051745342,0.0010353071423860548,0.5561996115602238,0.9959451104474285,CALI
64566,1016.789 px,355.1781594734404,232.5007747539183,1.5276429072090851,0.7559726154343118,65592,286.7193478741372,0.7997770345596432,0.9843578485181119,0.7847874825413622,0.8072550077381027,0.005501009191733117,0.00144100379504752,0.6516606475182443,0.9955047660885257,BARBUNYA
68050,1030.9920000000002 px,382.7137347665929,227.23069616204316,1.6842519132787912,0.8046603402089733,69160,294.3534457403681,0.7240594143684032,0.9839502602660497,0.8045025088681894,0.7691217194488371,0.00562400785843634,0.0012139644930813352,0.5915482193279356,0.9963162201997375,BARBUNYA
199437,1707.9040000000002 px,634.5901353616157,403.7199052865377,1.5718574364353406,0.7715324165080069,201610,503.9157420475636,0.7941931912758493,0.9892217647934131,0.8591889548860762,0.7940806419255344,0.003181907747116211,7.804153132085035E-4,0.6305640658808688,0.9911568161037478,BOMBAY
74322,1055.499 px,398.88601952804675,239.43748546302993,1.6659297050195438,0.7998008635165076,75366,307.61942306006415,0.6880711012359394,0.9861475997133986,0.8383234210464695,0.7711963017005027,0.005366997921585086,0.001171037877707505,0.5947437357565329,0.9908012562711025,CALI
66688,987.2639999999999 px,377.87365126505784,227.10941428601757,1.6638396627150405,0.79923439614413,67716,291.39285982895757,0.6918775353522778,0.9848189497312304,0.8597871596872904,0.7711383391073259,0.005666291555678051,0.0012359698099889066,0.5946543380412052,0.9894094732385146,CALI
83575,1118.077 px,431.53563153077874,248.83980627116236,1.7341905139587335,0.8169998264598921,85300,326.2069817634828,0.7277516544757924,0.9797772567409144,0.8401228982516868,0.7559213143219125,0.0051634535630365385,0.0010399833891135569,0.5714170334461677,0.9909459989167846,CALI
96148,1185.141 px,464.03641743815,266.75718378968486,1.7395460952384432,0.8182499528003911,97828,349.88488928102686,0.742816968872888,0.9828270024941734,0.8602210647539686,0.7540030828025732,0.0048262721787052255,9.622414463625174E-4,0.5685206488757841,,CALI
70912,1012.143 px,371.7186510438985,244.6784034255773,1.5192131624193896,0.7528120996399692,71891,300.47955437310515,0.7618802041364491,0.9863821618839632,0.8698529620202929,0.8083521058985542,0.005241971049242702,0.0013806280004904318,0.6534331271106275,0.9927042074673273,CALI
196157,1685.806 px,643.0574261533602,390.6051793895242,1.6463105460055418,0.7943817620670238,198513,499.75478924830253,0.8045024279808386,0.9881317596328704,0.867358191572219,0.7771542150406922,0.0032782792668798982,7.376571173615933E-4,0.6039686739555145,0.9943199973899463,BOMBAY
173366,1577.459 px,586.7185948817745,378.7793859956833,1.548971819940753,0.7636845878813268,175139,469.825975136067,0.7762285980371086,0.989876612290809,0.8755029878451237,0.8007688510890613,0.0033842771643907946,8.583696852544325E-4,0.6412307528744953,0.9932483662819861,BOMBAY
70322,1019.0830000000001 px,400.2240975003725,226.18373027602138,1.769464572062555,0.8249931633488758,71199,299.22692269390814,0.8101426234418562,0.9876824112698213,0.8509067407214341,0.7476484413676006,0.0056913070945134175,0.0010969365613496093,0.5589781918794028,0.9890921070861881,CALI
60045,974.654 px,343.5508409554795,223.52384313283048,1.536976262310067,0.7593964900976679,61177,276.4989483951482,0.7281712345379578,0.981496313974206,0.7943022160722645,0.8048268711150659,0.0057215561821214005,0.00148082521654628,0.6477462924688671,0.9955706755240028,BARBUNYA
71016,1068.4879999999998 px,379.49878677677606,239.198683968092,1.5865421183813846,0.7763503857085862,72219,300.69981627681835,0.7335378513216201,0.9833423337348897,0.7816759908249168,0.7923604152486847,0.005343849087202547,0.0012993466509429216,0.6278350276530682,0.996086714766734,BARBUNYA
76932,1049.0610000000001 px,410.21930652292264,239.7367078200758,1.7111243007090733,0.8114577561261972,77480,312.9742236280258,0.8143537630993967,0.9929272070211668,0.8784466744274856,0.7629436709862342,0.005332232445834278,0.00111444524256973,0.5820830450979513,0.9960164434978398,CALI
61025,973.886 px,376.08333401241737,208.25437169129168,1.8058844621514545,0.8326861132052238,62070,278.74619857042586,0.72179641851773,0.9831641694860641,0.80853980735845,0.7411820023942415,0.00616277483019119,0.0011472432822014593,0.5493507606731376,0.9920640029707014,CALI
63550,990.7339999999999 px,347.8183919274543,233.0616803846277,1.4923877290914604,0.742300483362994,64683,284.4545184522819,0.7256554307116105,0.9824838056367207,0.8136006449555858,0.8178248334596739,0.00547314542765467,0.0015102815822620327,0.6688374582233435,0.9981648154092402,BARBUNYA
67591,999.739 px,380.5460002081072,228.00354151867458,1.6690354793324063,0.800637964085836,68387,293.35905315533455,0.7053881716951399,0.9883603608873032,0.8498171028324384,0.7708898608707142,0.0056301282745943575,0.0012264995327412426,0.594271177593269,0.9918596797478152,CALI
75761,1040.267 px,407.3840148778737,237.768531018385,1.7133638885390325,0.81200737099179,76319,310.5831630154485,0.7554795476755549,0.9926885834457999,0.8797634578061028,0.7623842656382963,0.005377225945775184,0.0011205564676440565,0.5812297684928444,0.9958580962795414,CALI
161579,1502.8149999999998 px,558.604120774132,368.7910253312455,1.5146901155536463,0.7510889279489384,162975,453.57333739844415,0.8019604923565614,0.9914342690596717,0.8990497768264553,0.8119763541483856,0.0034571579275409054,9.269845814981913E-4,0.6593055996961047,0.9986436749888588,BOMBAY
96427,1184.426 px,463.27948083699573,268.94149777712295,1.722603185697004,0.8142483066757666,98705,350.3921654092419,0.734732286404401,0.9769211286155717,0.863759137815384,0.7563299906488345,0.0048044580961452265,9.697715957368454E-4,0.5720350547548662,0.9853894076510926,CALI
70983,1026.8069999999998 px,391.9138723735013,231.70101855898943,1.6914637441428546,0.8065221151543075,71829,300.6299429596727,0.7591115198699576,0.9882220273148729,0.8460315771492999,0.7670816578627426,0.005521235681409652,0.0011791863453112876,0.5884142698294537,0.9952814039528116,CALI
71775,1027.656 px,980.8804353,259.76944091484074,1.3605042901486144,0.6780437234560218,72769,302.3024451164203,0.8150322492732558,0.9863403372315134,0.8540583454153292,0.8553693505639164,0.00492396292322045,0.0016259578210824467,0.7316567258841362,0.9954221144814559,BARBUNYA
71042,1038.418 px,375.6728603281153,241.15519671192882,1.5578053695308673,0.7667643210940039,71867,300.7548565477795,0.7195729681549308,0.9885204614078784,0.8279052339252505,0.8005764810508221,0.005288038911180925,0.001339941119515734,0.6409227020117173,0.9984328266480851,BARBUNYA
198796,1739.1609999999998 px,689.3857987723306,372.76128936241304,1.8494028710746382,0.841205809992765,202308,503.1052857356712,0.8253248640345414,0.9826403305850485,0.8259198989685566,0.7297877133988098,0.003467805181051584,6.067651702922835E-4,0.5325901066278634,0.9849736723035184,BOMBAY
93186,1190.3419999999999 px,465.6438709459294,259.77843692369123,1.792465442706125,0.8299143586560388,95733,344.45333532380096,0.7551784498687154,0.9733947541600075,0.826450827970302,0.7397355722175906,0.004996929484535546,9.229730014483739E-4,0.5472087168040862,0.9808527148188869,CALI
184245,1671.1219999999998 px,620.9515398133112,385.13744770393305,1.6122855451092248,0.7844140549320646,189905,484.3428743356612,0.7255082633400669,0.9701956241278534,0.8290662988170306,0.7800010842734663,0.0033702490695178226,7.695247381629156E-4,0.6084016914677829,0.9809172527735086,BOMBAY
64132,968.793 px,380.854177473184,215.9688008637307,1.7634685007742883,0.8236735394432384,65166,285.7540874300059,0.7434042750498446,0.984132830003376,0.8586628302775196,0.750297894395883,0.005938598164304622,0.0011609101628047374,0.5629469303348957,0.9927391792531661,CALI
68511,991.5799999999999 px,387.7710401747747,226.48450740528986,1.7121305320935951,0.8117050071825289,69130,295.3488013338648,0.7472840314136125,0.9910458556343121,0.8756179451973957,0.7616577070859811,0.005659982195191644,0.0011749900575212598,0.5801224627634742,0.993245380850674,CALI
171035,1631.451 px,614.2500672618401,361.1593731641174,1.7007728800734008,0.8088842011405618,175736,466.65675344280464,0.7877441046425939,0.9732496471980698,0.8075079135518065,0.7597178711319214,0.0035913705806521474,7.379880914007123E-4,0.5771712437172187,0.9816371984724807,BOMBAY
78962,1104.0240000000001 px,428.48650648799844,235.19730862795546,1.8218172180099033,0.8358863923195377,79957,317.07655373959443,0.7772003385893423,0.9875558112485461,0.8140872911648527,0.7399919225892251,0.005426490039360686,0.0010037063914964193,0.5475880454972978,0.9976053296633671,BARBUNYA
69584,1047.3509999999999 px,367.0781472617785,242.04981146564418,1.5165396950283536,0.7517959142666785,71131,297.65265072035146,0.7533671127279027,0.9782513953128734,0.7971402727978198,0.8108699821569142,0.005275324029400128,0.0014068046566368102,0.6575101279631546,0.9971402089392961,BARBUNYA
77735,1059.634 px,412.7220258045291,242.33559965657935,1.7031010977727135,0.8094678485403048,78734,314.6033629985348,0.7970694994155405,0.987311707775548,0.8699908744090282,0.7622645347925661,0.005309346186460785,0.0011057161762399166,0.5810472210025273,0.9895821599471886,CALI
140964,1425.6000000000001 px,538.2389592390726,334.91057884588076,1.6071124450409182,0.7828313057195345,142173,423.6519080377751,0.8151977793199168,0.9914962756641557,0.8716110058147717,0.7871074747853755,0.0038182724613310677,9.04029962733863E-4,0.6195381768630106,,BOMBAY
67425,1007.262 px,397.7980169827487,216.5017797081626,1.8373891314841273,0.8389227412015915,68000,292.99859437165964,0.8082594102133781,0.9915441176470589,0.8351142974910019,0.7365511688419656,0.005899859354582851,0.0010711076314652804,0.5425076243224657,0.9967976126773725,CALI
72697,1015.8159999999999 px,391.4185544093876,239.17420641329153,1.6365416667590766,0.7915961458284163,73964,304.23789241909384,0.7891811500591639,0.9828700448867016,0.8853118044737968,0.7772699811795053,0.005384246315657972,0.0012122501963252926,0.6041486236427885,0.9887143955065713,CALI
70949,1003.9319999999999 px,390.1790758258355,232.7455746224553,1.676418881255889,0.802605921982895,71510,300.5579352793984,0.823227049104242,0.9921549433645644,0.8846012480164819,0.7703076712744038,0.005499430236167325,0.001194412531984039,0.5933739084241951,0.9947432237269236,CALI
64588,979.277 px,378.6367712415384,219.37671448018855,1.725966095074016,0.8150535322492124,65794,286.76819160317393,0.8147643556362902,0.9816700610997964,0.846351155897476,0.7573701589068326,0.005862339308254449,0.0011898260477213015,0.5736095576025609,0.9900306482324258,CALI
83461,1115.6119999999999 px,435.77821103152456,247.35063060123187,1.761783303209231,0.8232998472784631,85055,325.98442546100483,0.7780895733890215,0.9812591852330845,0.8426885516245052,0.7480512269977235,0.00522133944035567,0.001008525884038088,0.5595806382127997,0.9858598252024758,CALI
77043,1083.127 px,409.9881518960011,242.6333065390911,1.689743909210367,0.8060806829289654,78995,313.1999269556606,0.7654469404178796,0.9752895752895753,0.8252476297102104,0.7639243366113367,0.005321549678698923,0.0011179419844320406,0.583580392067071,0.9861014130299313,CALI
50035,846.4739999999999 px,932.8077026,228.68388101842731,1.2219343842472672,0.5746852167700989,50802,252.4015463915066,0.8063918256833419,0.9849021692059368,0.8775189869784898,0.9032512508005637,0.005584824569591832,0.0022931031183125233,0.815862822072783,0.9969308351197439,BARBUNYA
72336,1040.413 px,403.3739058367901,232.28837030857156,1.736522174144787,0.8175457509867692,73801,303.481557442891,0.7472727272727273,0.9801493204699123,0.8397554160793405,0.7523579315655666,0.005576392195266397,0.0011021255957532918,0.5660424571896177,0.9829452784171724,CALI
60427,975.052 px,389.5320301678147,200.61842915909003,1.9416562665781645,0.8571756267200054,61767,277.3770826324909,0.7678925430793473,0.9783055676979617,0.7987030495357956,0.7120777269920365,0.006446324162507069,0.0010223544942621356,0.5070546892781453,0.9845259149347548,CALI
67666,1005.3799999999999 px,345.8977452186023,250.2063845977793,1.3824497155604252,0.6904777671587593,68744,293.5217658608123,0.731935790931118,0.9843186314441987,0.8412399430189375,0.848579587228332,0.005111839701158667,0.0016350359699664873,0.7200873158606064,0.995484504990165,BARBUNYA
64437,1082.767 px,367.7894709629625,223.9394257120439,1.6423614099818693,0.79326281799936,65869,286.4327784037638,0.8233497738366001,0.9782598794577115,0.6906772553900499,0.7787954822464409,0.005707737339773151,0.0012952017910134955,0.6065224031674669,0.9961289892517126,BARBUNYA
54440,1027.543 px,334.13768387618694,209.85968031458924,1.5921957156100652,0.7781620980743378,55695,263.2777256347036,0.72848922788706,0.9774665589370679,0.6479298235069287,0.7879318566542164,0.006137723803750678,0.0014592904582961018,0.6208366107305605,0.9884933916990724,BARBUNYA
164670,1590.236 px,632.8435071130954,337.23408818114945,1.8765703981062427,0.846186402657681,167485,457.8912052349763,0.8245744931222866,0.9831925247037048,0.8182785893659005,0.7235457108879632,0.00384310139741966,6.497188987496793E-4,0.523518395744368,0.9824191243179502,BOMBAY
86593,1178.19 px,425.8092081309664,260.6693811420217,1.6335221508005608,0.7907229828989165,88300,332.0446233524222,0.7709490740740741,0.9806681766704417,0.783902384294279,0.7797967188400845,0.004917362929231767,0.001121599067312441,0.6080829227137619,0.9933169237764754,BARBUNYA
79261,1080.2060000000001 px,419.3187050007285,243.20695644306596,1.724122990284983,0.814612895604521,80793,317.6763125498244,0.8278084137527677,0.9810379612095107,0.8536036056077231,0.7576011009317423,0.0052903534525268235,0.001075045485317702,0.5739594281329881,0.9895766455349062,CALI
83581,1101.693 px,427.2737028022589,251.63757171791147,1.6979726035555514,0.8081784709309503,84407,326.2186910471404,0.7972851800976801,0.9902140817704693,0.8653588647579303,0.7634888103518823,0.0051120912982885935,0.0010714923381719382,0.5829151635325326,0.9897739778753443,CALI
82710,1143.233 px,409.4419118681879,258.2962418961213,1.5851640305043724,0.7759051858690786,83999,324.5144723198725,0.7013839422000611,0.9846545792211812,0.7952403003391288,0.7925775620751395,0.0049503314214507065,0.001204983586940385,0.6281791919049716,0.9957670597190645,BARBUNYA
91719,1152.316 px,442.6172248649123,265.25784369131,1.668630109879057,0.8005290194316296,92578,341.7312654756137,0.7974871750282584,0.9907213376828188,0.868012522781006,0.7720695135168109,0.004825796452915016,0.0010577289188183744,0.596091333702085,0.9946559476532638,CALI
85453,1115.3529999999998 px,438.2280906657812,250.2439829994956,1.751203307320538,0.8209250712815606,86451,329.8516921530855,0.8308507535245503,0.9884558883066709,0.8632021206689957,0.7526940859769073,0.005128293806721604,0.0010153754908780834,0.5665483870646119,0.9921414091846648,CALI
58260,952.149 px,319.51590409274365,232.96705738624814,1.3715068030541404,0.684380468516288,59309,272.35810227762744,0.7354017823331903,0.982312971049925,0.8075520297642587,0.8524085930901641,0.005484310059950972,0.001786047642365783,0.7266004095739531,0.9965374048326014,BARBUNYA
61105,962.3359999999999 px,366.6975351285435,213.6564854129627,1.7162948946753371,0.8127228606165492,61842,278.92884824098445,0.674604488899193,0.988082532906439,0.8291500805073507,0.7606510039485477,0.006001105230808338,0.0012392324474722125,0.5785899498079334,0.9930309769658155,CALI
192106,1680.348 px,605.2438765194247,407.46416584200267,1.485391666942591,0.7394394106178017,194851,494.56744330868884,0.8140084745762712,0.9859123124849244,0.8549728553858791,0.8171374589575318,0.0031505724783162667,8.664623906725886E-4,0.667713626831572,0.9918162571996318,BOMBAY
76489,1079.856 px,423.76623845594423,234.10396733664373,1.810162566987019,0.8335549387486189,78182,312.07181791576096,0.6800533451878196,0.978345399196746,0.8242845424326412,0.7364244472444086,0.005540224587273258,0.0010051246475235851,0.5423209664992327,0.9816891128491321,CALI
77805,1076.812 px,410.9531580400801,245.27353529328386,1.6754891943343426,0.8023598202313331,79744,314.74498054475674,0.7203899855560905,0.975684691011236,0.8432135905539015,0.7658901614136271,0.0052818348183289,0.0011210643455188379,0.5865877393501919,0.9828214188102563,CALI
70555,1022.1039999999999 px,399.39883105245167,229.23013524806456,1.7423487126604742,0.818898810226102,72235,299.72223153911926,0.7825532386867791,0.9767425763134214,0.8486868722318033,0.7504334220241065,0.0056608154071639384,0.001107407416738886,0.5631503208908106,0.9812042366384368,CALI
49777,861.2769999999999 px,300.7570338082622,211.61686131588047,1.4212337898695235,0.7105823885446462,50590,251.74996488238523,0.8019106535852948,0.9839296303617315,0.8432432689616357,0.8370542882893313,0.006042088390386367,0.0018297061158057857,0.7006598815435588,0.9958014988556836,BARBUNYA
92751,1148.629 px,436.2008928961415,273.8641725708502,1.5927636273170924,0.7783427899659474,94765,343.64842646770705,0.8151282659706294,0.9787474278478341,0.8834234248916817,0.7878214649815699,0.0047029238811025385,0.0011175293809130116,0.6206626606857071,0.9885689107740443,CALI
69580,1012.7769999999999 px,352.2390496882487,252.62604858596256,1.3943100945443092,0.6968667998974428,70646,297.6440953935969,0.817069447380164,0.9849106814256999,0.8524455115415412,0.8450059573378608,0.005062360587643701,0.0015921057913795202,0.7140350679364745,0.9955863030824581,BARBUNYA
68957,1009.6489999999999 px,378.0677526301804,233.08148569918714,1.6220411136305832,0.7873492817941116,69918,296.3085879388288,0.7029255861365953,0.9862553276695558,0.8500557006367206,0.7837446750679975,0.005482659521588532,0.001276055171616463,0.6142557156974409,0.9963480251438279,BARBUNYA
83203,1124.194 px,368.13381938743015,289.44558984609125,1.2718584504368518,0.617907224779446,84723,325.4801834837257,0.8090056978394882,0.9820591810960424,0.8273062848206245,0.8841355136165442,0.004424525790986265,0.0016677150028048067,0.7816956064379904,0.9942061627175177,BARBUNYA
163329,1542.364 px,581.815291476068,360.5469961597559,1.613701674602968,0.7848441265560103,165504,456.022961704835,0.7310663706515317,0.9868583236658933,0.8627786849800377,0.7837933591396381,0.003562228945723466,8.292928271474502E-4,0.6143320298313977,0.9913486253011671,BOMBAY
172546,1574.5420000000001 px,597.1470817649721,370.9714792332236,1.6096846124107445,0.7836205868357156,174186,468.71354843430055,0.7503827018752391,0.9905847771921968,0.874593530522939,0.7849214418815146,0.0034607993333080574,8.103282002070054E-4,0.6161016699253558,0.9917293777594088,BOMBAY
171896,1565.283 px,563.3965748616343,391.72926106737106,1.438229488720117,0.7187202804975127,173913,467.8298673468759,0.8186147516001219,0.9884022471005618,0.8816371820134895,0.8303739998095856,0.003277543252092162,9.612208081017399E-4,0.6895209795597697,0.9916894058940418,BOMBAY
66997,978.189 px,381.13630002589605,226.26281408434207,1.684484927708108,0.804720936019581,68032,292.0671665535544,0.7884226134437959,0.9847865710253998,0.8798723511214502,0.7663063490245093,0.005688856217829098,0.001210080925834326,0.5872254205552733,0.9891723700924127,CALI
68823,1054.403 px,368.62933543605516,239.06428286603543,1.5419674198785445,0.7611957981626472,70191,296.0205485896344,0.7051536885245901,0.9805103218361328,0.7779115108198037,0.8030303617574789,0.005356193938596911,0.0013739278271306195,0.6448577619043474,0.9943496593122992,BARBUNYA
72511,1130.101 px,412.4255676456467,225.2915917957813,1.8306300930196082,0.8376156691376859,74018,303.84843693573833,0.6585323767141948,0.9796400875462725,0.7134757885160503,0.7367352093864434,0.005687765547925786,0.0010336348702644068,0.5427787687496869,0.9936271479253077,BARBUNYA
74734,1045.291 px,410.54208438233684,233.94408108870465,1.754872713478361,0.8217543488494539,75497,308.47088053208137,0.7543402777777778,0.9898936381578076,0.8595154140511636,0.7513745661329161,0.0054933776377865074,0.0010800532766550104,0.5645637386314282,0.9907374999436225,CALI
63731,1034.1150000000002 px,361.47020961871937,225.24988180828618,1.604752050109276,0.7821029603201708,65415,284.85931514612025,0.7097467536806468,0.9742566689597187,0.7488984326836136,0.7880575150206467,0.005671811357404079,0.001349376679365007,0.6210346469805168,0.996606622930875,BARBUNYA
146154,1460.105 px,540.33833521516,346.7667544893402,1.5582183938332828,0.766906737853218,148196,431.38040338107965,,0.9862209506329456,0.8614942705618887,0.7983523938002773,0.0036970478756322782,9.264316095738944E-4,0.6373665446866329,0.9931562735446745,BOMBAY
84718,1111.272 px,435.8566560797546,248.7151068702814,1.7524333827742833,0.8212037394892038,85289,328.43006523592436,0.7595302133763672,0.9933051155483122,0.8620745315634053,0.7535277037866942,0.005144793976247723,0.0010231625761426924,0.5678040003740479,0.995038685128263,CALI
81910,1103.621 px,432.4941872754202,244.2091144996415,1.7709993673313742,0.8253284540300737,83523,322.9412502441538,0.7426783933266842,0.9806879542162039,0.8450976196265225,0.7466950071134689,0.005280114604754245,0.0010125024929048597,0.5575534336481833,0.987426778244368,CALI
78208,1085.393 px,428.26334229708493,236.0708383732966,1.8141306450561088,0.8343545129723812,79877,315.5590567780421,0.7296611434542469,0.9791053745133143,0.8342323196474217,0.7368341522892701,0.005475953128798652,9.956769969327063E-4,0.5429245679798473,0.9849360967260896,CALI
70015,1002.1959999999999 px,387.81310248582696,233.24264399093866,1.6627023937393424,0.7989250931651366,71660,298.57305090150453,0.760577915376677,0.9770443762210438,0.8759828973253648,0.7698890238305349,0.005539000249744012,0.001200393567490132,0.5927291090147341,0.985532108397786,CALI
59788,929.595 px,338.39420388936026,225.9940329417053,1.4973590208757783,0.7443026185414401,60493,275.9065890851937,0.7050471698113208,0.9883457590134396,0.8694334233787955,0.8153407650427806,0.005659901717558043,0.0015429266439906748,0.6647805631405468,0.9954151731213776,CALI
81614,1097.739 px,428.1400400019516,243.87138662652765,1.7555976776300484,0.8219174757174662,82452,322.35721211726525,0.7879016064257028,0.9898365109396983,0.8510916699349597,0.7529247021974301,0.00524591418141436,0.0010399372334213553,0.566895607179089,0.995240611422285,CALI
181181,1601.3609999999999 px,576.0441325901379,403.3586387664746,1.4281189919515769,0.7139254029461908,183119,480.2986716145085,0.768292320935617,0.9894167180904221,0.8878590413996713,0.8337879763741064,0.0031793848835702304,9.478625838681363E-4,0.6952023895460275,,BOMBAY
68605,1034.797 px,369.54092413776397,236.67849669268762,1.5613624782212048,0.7679863013619505,69789,295.5513474280837,0.7093375518264627,0.9830345756494576,0.8051101665508297,0.7997797486643262,0.005386501335730107,0.0013594653632895586,0.6396476463735727,0.9987218343302025,BARBUNYA
64762,1000.168 px,385.83405592245947,214.5390567124353,1.7984327042121064,0.8311557257657062,65876,287.1542083900889,0.7096427788735481,0.9830894407675026,,0.7442427747948664,0.0059577229845041765,0.001127505261928788,0.5538973078343623,0.9961470331843578,BARBUNYA
48915,894.486 px,310.0875692821176,201.75585075520186,1.5369446195558354,0.7593850132952288,50027,249.56063858453416,0.7086562839550887,0.9777720031183161,0.7682539938220438,0.8048069748887093,0.0063393145105206505,0.0016405481740269276,0.6477142668295157,0.9955009574131769,BARBUNYA
71641,1019.0899999999999 px,386.1907648876223,238.02559000694222,1.622475822353213,0.7874785926907905,72827,302.02012221766245,0.7714116506945192,0.9837148310379392,0.8668549296733795,0.7820490536731175,0.005390638948194781,0.0012438155640692753,0.6116007223510188,0.9923073849482884,CALI
65198,991.4899999999999 px,391.1459695699041,212.8302058465583,1.8378310917572669,0.8390076356301268,65780,288.11919727370326,0.8033960543664437,0.9911523259349346,0.8334267985746343,0.7366027511174744,0.005999355341726803,0.0010894760684152535,0.5425836129538318,0.9971770337645433,CALI
172351,1588.837 px,601.4149897343344,367.8191114583398,1.6350835804856005,0.7911752306993586,173929,468.4486191405094,0.8327543304423454,0.9909273324172507,0.8579559329361317,0.778910780636577,0.003489477808276914,7.923025663732501E-4,0.6067020041918818,0.992008485301852,BOMBAY
80035,1129.156 px,385.2800989594177,265.5568751234625,1.4508383515971621,0.7245172553126578,81623,319.2236315858817,0.8008304982989793,0.9805446994107053,0.7888272777138157,0.8285494954140005,0.004813895157861158,0.0013994269037799038,0.6864942663507948,0.9959922097732903,BARBUNYA
80627,1103.644 px,414.04347750185553,250.02981782641572,1.655976399540102,0.7970802900362324,82387,320.4020673674906,0.757972022712744,0.97863740638693,0.8318257333803815,0.7738367702364173,0.005135295589589784,0.0011359066920878808,0.5988233469699296,0.9916373300758174,CALI
68570,1035.111 px,367.79310324114584,238.70058244806285,1.540813597810015,0.7607817768827679,69869,295.4759475532486,0.7076367389060888,0.9814080636619961,0.8042112903355882,0.8033754438280425,0.005363761167291029,0.0013782354167314573,0.6454121037459042,0.9944597456428573,BARBUNYA
137748,1389.6339999999998 px,499.3705440885303,353.30131422707024,1.4134409468049132,0.706720050844063,138869,418.7913571316619,0.809463366476271,0.9919276440386263,0.8963844275855574,0.8386384861687336,0.003625247147606719,0.0011061564030226375,0.7033145104833852,0.9940935275992702,BOMBAY
81584,1103.9150000000002 px,381.61116833320193,274.4421379134412,1.390497724710051,0.6948373233735666,82696,322.2979599961401,0.763837914762939,0.9865531585566412,0.8412858599278147,0.8445716130475699,0.004677524616753309,0.001468053103343609,0.7133012095657743,0.991843708934136,BARBUNYA
56567,915.89 px,326.4419563494079,220.98322725789006,1.4772250382987042,0.7360336689856805,57388,268.3716477704639,0.7230765297644156,0.9856938732836134,0.8473959348574552,0.8221113816730459,0.005770890383958985,0.0016260924414539502,0.6758671238763647,0.998407837953098,BARBUNYA
65930,1024.555 px,366.8341091317046,229.41599814280897,1.5989909688135802,0.7803088122849131,67081,289.73208863429204,0.7526341624904394,0.9828416392122956,0.7892641661356058,0.7898177443752086,0.00556399376811322,0.0013355924145565068,0.6238120693299425,0.9974698650954889,BARBUNYA
70657,1076.7830000000001 px,937.8197622,227.27896097193522,1.7474818708030437,0.8200778289704643,72048,299.9388046124615,0.717038765983357,0.9806934266044859,0.7657882125831184,0.7551978451951112,0.005621040575079742,0.0011278191161029777,0.5703237853873394,0.9966304754521415,BARBUNYA
70073,1026.93 px,396.1705544307316,226.6816971547547,1.7476953781595679,0.8201266073347616,70866,298.69669335000526,0.7409173574691253,0.9888098665086219,0.8349854210630429,0.7539598539301104,0.005653683364929882,0.0011269486596496214,0.5684554613383133,0.9934869824705351,CALI
72049,1065.2489999999998 px,377.3505132547247,244.1189068504778,1.5457652097625152,0.7625504276511899,73185,302.87891303064293,0.7222595358628641,0.984477693516431,0.7978762743593251,0.8026460873691436,0.005237414998885824,0.0013408899085623892,0.6442407415689946,0.9958449250289553,BARBUNYA
59403,960.0079999999999 px,348.6860620871796,217.44511227075697,1.603558978382576,0.7817333313717728,60252,275.0168152602725,0.7309968866519818,0.9859091814379606,0.8099692626140041,0.7887232819518663,0.005869839268844664,0.001401214474939809,0.6220844154929233,0.997549049775554,BARBUNYA
82731,1111.05 px,434.6092630542486,244.0163727629839,1.781065992143035,0.8275028541611705,83717,324.5556666821345,0.7263476733977173,0.9882222248766678,0.8421916484439037,0.7467757691156779,0.005253281878065641,0.0010077930024930393,0.5576740493383122,0.9932542839771649,CALI
71703,1088.317 px,372.30936846903285,246.48268208414248,1.5104889533047865,0.7494709055318068,73141,302.15078202140296,0.7746650821089023,0.9803393445536703,0.7607401965405712,0.811558364120334,0.00519238202681942,0.001389394044275088,0.6586269783736727,0.9948487751819431,BARBUNYA
82830,1093.7240000000002 px,419.027377104643,253.50043391991775,1.652965127614007,0.7962456508477389,84075,324.7497982915671,0.7503397046833953,0.9851917930419268,0.8701257901900127,0.7750085460656378,0.005058884185737571,0.0011257979822395815,0.6006382464747739,0.992834075734028,CALI
79877,1106.0169999999998 px,363.83300729623846,280.2539367155287,1.2982262142691916,0.6377036760243892,81101,318.90838043991664,0.7794398907103826,0.9849077076731483,0.820555583022314,0.8765240482435298,0.004554915774205822,0.0016584999277765408,0.7682944071492257,0.9974199396375322,BARBUNYA
87055,1142.042 px,455.259717206002,245.53759125875575,1.854134492694579,0.8420911711650707,87949,332.92922456119646,0.7536707414205077,0.9898350180218081,0.8387633238345259,0.7312951530270099,0.005229564266337396,9.226055164218465E-4,0.5347926008407978,0.9915774076567672,CALI
156182,1527.693 px,552.8045062337145,360.9709714849413,1.5314375667373463,0.7573740828189309,157988,445.9339621242446,,0.9885687520571182,0.8409470794110933,0.8066757001718665,0.003539489225606757,9.245198841651114E-4,0.650725685247771,0.9965457600293388,BOMBAY
70888,1006.981 px,384.95167492072534,236.5347871517439,1.6274632562768356,0.7889532744815507,72031,300.4287017699644,0.7144671329799028,0.9841318321278338,0.8784964990257744,0.7804322499228842,0.005430420874065079,0.0012426650467084878,0.6090744967196953,0.9912463637466099,CALI
61493,957.394 px,371.0991280490452,211.80879588264094,1.7520477679060311,0.8211164534582235,62177,279.8130077826965,0.7530000979623824,0.9889991475947698,0.8430515714249818,0.7540114935158669,0.006034819053372663,0.0012032500248884204,0.5685333323540281,0.9960975559310528,CALI
69189,1010.9200000000001 px,394.5542299934441,225.47105057310247,1.7499108155595402,0.8206315272725461,70236,296.806621996008,0.7902617872807017,0.985093114642064,0.8507722979166507,0.7522581167129795,0.005702557198303836,0.0011264630284508494,0.5658922741605587,0.9902610109951459,CALI
67960,1003.526 px,352.4252564060101,246.5565135538284,1.4293893571344174,0.7145352457898632,68906,294.15873174223753,0.7173089304750747,0.9862711520041796,0.8480197683901401,0.8346698382006799,0.005185774814685257,0.0015525739571624903,0.6966737388019489,0.995818027638549,BARBUNYA
48373,825.1479999999999 px,313.5704169933912,197.89870021516236,1.5844996286103268,0.7756900400523031,49026,248.17416565282136,0.8065392823796185,0.9866805368579937,0.8927897255048844,0.791446361657426,0.006482343807359295,0.0015689090628630247,0.6263873433807772,0.9925105129530509,CALI
170067,1545.389 px,549.5836287783544,396.7035678239879,1.385376067558327,0.6920749313765512,171795,465.3343203058151,0.7853837628151843,0.9899415000436567,0.8948583224763735,0.8467033876903985,0.0032315712559071097,0.0010245158670573354,0.7169066267263973,0.9931852833407218,BOMBAY
72969,1047.6229999999998 px,407.6394504384192,230.3269091939673,1.7698298990116264,0.8250730639843576,73840,304.80652279729856,0.7594766752013988,0.9882042253521127,0.8354841387222435,0.7477355846434316,0.005586474399243778,0.001077233305400014,0.5591085045420545,0.9895269481302057,CALI
63969,969.999 px,360.8816397196966,228.9221591100582,1.5764382142936046,0.7730530431056382,65307,285.390715401121,0.7722367086773867,0.9795121503054802,0.8543520238835305,0.7908152812173798,0.005641508226167309,0.0013610535088037817,0.6253888090069235,0.9858868173100784,CALI
43145,799.426 px,273.40294460829557,201.26688617038525,1.3584099690241271,0.6768132172915041,43812,234.37986295242726,0.7661233042119469,0.9847758604948416,0.8483670639867268,0.8572689781678223,0.006336839601536576,0.002111158840511917,0.7349101009289023,0.9983092074383485,BARBUNYA
68978,1054.8129999999999 px,373.1035189600218,236.81888213186002,1.575480449875103,0.7727364485769592,70161,296.3537030589327,0.8235982424300315,0.9831387808041504,0.7790575033925733,0.7942935083672773,0.005409021991939775,0.0013280748807237095,0.630902177434398,0.9939740463315275,BARBUNYA
64576,1039.574 px,359.01875165847156,230.27793496281998,1.5590670974031346,0.7671989451540121,65886,286.74155060056756,0.7015317762085823,0.9801171720851167,0.750879393249852,0.7986812646302662,0.005559631312847986,0.0013954675525360634,0.6378917624714016,0.9945160585736579,BARBUNYA
83641,1112.883 px,429.4870834910456,251.59019594807953,1.7070899041697098,0.8104612664953051,85293,326.3357607759127,0.8120564277323081,0.9806314703434045,0.8486528301715675,0.7598267173096872,0.0051348869990919,0.0010557689728349418,0.5773366403376153,0.9855655500276019,CALI
56248,925.453 px,330.3764438426203,218.05101876852532,1.5151336861825688,0.7512587758585844,57157,267.61385971631483,0.8252952828112391,0.9840964361320573,0.8252930992865404,0.8100270606574985,0.005873567839614214,0.0015598393156584039,0.6561438389974267,0.9941456334461533,BARBUNYA
167321,1578.125 px,588.2992731364983,368.1704410474311,1.5978992541139612,0.7799661668677487,170889,461.5622535093529,0.7773333333333333,0.9791209498563395,0.8442625320289209,0.7845704976797759,0.0035159918547970565,8.217799028081069E-4,0.6155508658294914,0.9835882693781471,BOMBAY
68485,992.387 px,383.08131682527966,228.21388160903368,1.6786065515574478,0.8031831219299209,69084,295.29275341800655,0.7834019675131549,0.9913293960975045,0.8738626775211231,0.7708356958391871,0.005593652870340654,0.001218211080047154,0.5941876699798839,0.9974073156828875,CALI
74353,1058.789 px,413.9246058767327,231.10229503625342,1.791088252982514,0.8296258330508719,75245,307.68357101037026,0.7487110806782938,0.9881453917203801,0.8334691295435439,0.7433324007367632,0.005567019567155766,0.0010484187138870584,0.5525430579850801,0.9896533804241129,CALI
164455,1536.579 px,561.5290508351177,374.2858070743035,1.5002680845005767,0.7454625261310714,166145,457.59218670058294,0.7008403862708499,0.9898281621475218,0.8752803104696159,0.8149038522940929,0.0034144845145183647,9.288175088536461E-4,0.6640682884837529,0.9962804591410965,BOMBAY
70466,1051.738 px,379.7271200116001,238.29547507110658,1.593513766462795,0.7785811007692229,71737,299.53313299083953,0.7798362107127047,0.9822825041470928,0.8005239919705632,0.7888115365099265,0.005388799137337157,0.001286959183127484,0.6222236401311512,0.9915219363675815,BARBUNYA
81644,1096.482 px,414.3814878106264,255.3050706884114,1.6230836571058973,0.7876591929097678,83595,322.41645334932525,0.7549703168056814,0.9766612835695915,0.8533577260026491,0.7780667400293484,0.005075467735664916,0.0011474221726671663,0.6053878519398975,0.9825951286940924,CALI
92476,1191.233 px,457.2075215514683,260.1276327853852,1.757627656300095,0.8223730038335341,93866,343.1386019364899,0.688962562860868,0.98519165619074,0.8189275251375986,0.7505095296160006,0.004944066801672524,9.67584576807052E-4,0.5632645540444307,0.9900093580020306,CALI
61333,952.52 px,355.96431095488543,220.26209832564348,1.6160942516247843,0.7855676416543768,62227,279.44874484821315,0.6868120177825556,0.9856332460186092,0.8494852949880015,0.7850470854748981,0.005803797481859447,0.0013597993675541452,0.616298926412632,0.9959971522579805,BARBUNYA
64380,979.1949999999999 px,343.5301553493186,239.1536556437415,1.4364411634211562,0.717881851969933,65278,286.3060633134579,0.7965061612312565,0.986243451086124,0.8437668562225892,0.833423380321089,0.005335976317945303,0.001588021489098126,0.6945945308658305,0.9977441760228858,BARBUNYA
72249,1022.963 px,390.62116895718276,236.54683269286312,1.651348126332229,0.7957952152490432,73146,303.2990007691597,0.7577877535608651,0.9877368550570093,0.8676046136643598,0.7764530570088107,0.005406596201430923,0.0012121727434762563,0.6028793497383277,0.9955636845947798,CALI
63320,965.707 px,378.990221074784,215.15491373693146,1.7614760197304764,0.8232315732784332,64441,283.93930332490163,0.7752678298132843,0.9826042426405549,0.8532180045870947,0.7491995506366205,0.005985316188799495,0.001163206696179923,0.5612999666741142,0.9887164311719675,CALI
52655,915.9929999999999 px,310.99664653465226,216.5300927717087,1.43627448062169,0.7178034957304278,53696,258.9255264125768,,0.9806130810488677,0.7886152507847107,0.8325669401831524,0.005906307977108579,0.0017505418541873881,0.6931677098859367,0.9955790925001499,BARBUNYA
74942,1056.788 px,413.2025058770062,234.25313192202765,1.7639145418749098,0.8237722414258991,76553,308.89985102220845,0.7767620232172471,0.9789557561428031,0.8432559160933819,0.7475749702112299,0.005513630619372397,0.0010622737241429933,0.5588683360863211,0.9857959850160964,CALI
193432,1682.4659999999997 px,638.984285516216,387.7218946907641,1.6480479804367294,0.7948710033390404,195899,496.2713689275374,0.7880323634615541,0.9874067759406633,0.858708166440349,0.7766566098360539,0.0033034052561945076,7.414088897668803E-4,0.6031954896020325,0.9940951084471737,BOMBAY
81837,1095.937 px,433.83818558602906,241.5270263613646,1.7962303934340458,0.8306992358215823,82554,322.797311981515,0.7719961889309197,0.9913147757831238,0.8562259493277223,0.744050023041379,0.005301247425810196,0.001002227638637947,0.5536104367878766,0.9944118926806815,CALI
187645,1652.744 px,630.5905427201802,381.2804429574607,1.6538759182844711,0.7964986695348493,189828,488.79140169588663,0.7966418306480715,0.9885001158943886,0.8632482016373002,0.7751327820226827,0.0033605507352723507,7.483325521745975E-4,0.6008308297662237,0.9936996403132341,BOMBAY
72854,1032.067 px,400.1707753702826,235.725708259706,1.6976119334824635,0.8080872753719616,74426,304.566238759544,0.7619436077643909,0.9788783489640717,0.8595031679155856,0.7610906580514915,0.005492776997423376,0.0011368869860084215,0.5792589897732523,0.9833569736160693,CALI
84995,1157.9539999999997 px,464.62088396534716,234.3412897383353,1.9826676062256945,0.8634870678523832,86358,328.96655621014907,0.7822249627270886,0.9842168646795896,0.7965639132855132,0.7080322205979109,0.005466449602510115,8.474170504909224E-4,0.5013096254048087,0.9939303549792519,CALI
71992,1052.401 px,376.49767767797437,243.99855943766946,1.5430323791487484,0.7615769101241248,73278,302.75908129166635,0.7732428252277024,0.9824503943884931,0.816829847287453,0.8041459462882051,0.005229715491693166,0.0013489546006620143,0.646650702931753,0.9978029726229932,BARBUNYA
135898,1385.644 px,509.44331761247787,341.490063612574,1.4918247173084649,0.7420721310830022,137538,415.96959943055833,0.7547876121923043,0.9880760226264741,0.8894460242626047,0.816517922700435,0.0037487182858649713,0.001027839859195678,0.6667015180910335,0.9946018037552803,BOMBAY
71208,1024.261 px,397.9936477804905,229.71543938903233,1.7325507107359566,0.8166143497492399,72235,301.10603033068173,0.7485414542358272,0.9857825154011214,0.8529378332616541,0.7565598898622468,0.00558917042720608,0.0011295367525799406,0.5723828669483753,0.9916823429444921,CALI
85914,1125.237 px,423.48894463097264,258.8493990804135,1.6360437618764285,0.7914525641146369,86826,330.7402337883566,0.8130867655966081,0.9894962338470044,0.8526794475081625,0.7809890623628036,0.004929219273121641,0.0011311956005142297,0.6099439155303312,0.9978949380978817,BARBUNYA
77728,1053.386 px,405.42374291242106,245.36262295430572,1.6523451617483067,0.7960731381505073,78359,314.58919773758083,0.8072700836059614,0.9919473193889662,,0.7759515895089989,0.00521592917497454,0.001166406568843144,0.6021008692615418,0.9948784582087583,CALI
74967,1059.749 px,414.6293764396747,232.18679152669094,1.7857578103964244,0.8285018326487043,75687,308.9513698790813,0.6332849009106422,0.9904871378175909,0.8388300206747378,0.7451265815557362,0.005530825248971877,0.001051695283101438,0.5552136225409375,0.9914770628909713,CALI
73978,1043.225 px,352.3956688927225,268.40798852351736,1.3129105092259439,0.6479692026016383,75082,306.9066878391833,0.7318395409803631,0.985296076289923,0.8541939241082315,0.8709150393463345,0.004763519815252136,0.0016904833579403959,0.7584930057596273,0.9958334384361891,BARBUNYA
69674,1015.7989999999999 px,400.52851201454763,224.17912614216098,1.7866449874577368,0.828689710839546,70720,297.8450806037893,0.7951655976809477,0.9852092760180996,0.8485257891343606,0.7436301578274939,0.005748607974489015,0.001084352368961192,0.5529858116305433,,CALI
191584,1634.6270000000002 px,580.6355824738464,421.0280125008902,1.3790901442041668,0.6886269908453758,193466,493.8950545799597,0.7713187189242506,0.9902721925299536,0.9010144670874306,0.8506110708470166,0.003030710197479155,9.786970884091484E-4,0.7235391938475083,0.9978257711805268,BOMBAY
70066,1006.869 px,387.15125206691226,231.7835065367737,1.6703140695884184,0.8009809739901723,70755,298.68177370139927,0.7974732529023446,0.9902621722846442,0.8685028525672,0.7714860073596699,0.005525522394127141,0.0012074393364030227,0.5951906595517648,0.994155332736923,CALI
95824,1306.5510000000002 px,451.44165012794997,272.13462953188713,1.658890861866783,0.7978829470320563,98004,349.2948698946239,0.7146191765293718,0.9777560099587772,0.705393456086453,0.7737320422154778,0.004711154305058753,0.0010415243349758678,0.5986612731509338,0.993113715383618,BARBUNYA
71966,1043.71 px,407.1827135815941,226.72344577928658,1.7959444475715278,0.8306398239643532,72765,302.70440544599063,0.8052049767275331,0.9890194461623033,0.8301900795192901,0.7434117297942036,0.005657987293744186,0.0010660053089188173,0.5526609999956102,0.9925484543314446,CALI
85127,1130.235 px,443.9961424950994,246.75525168977677,1.7993381678996476,0.8313428496784121,86501,329.22190498912767,0.7380271188791788,0.9841157905688952,0.8374129806628486,0.7414972191853254,0.0052156911731307265,9.725898607656926E-4,0.5498181260595705,0.989308739622045,CALI
65284,1020.755 px,383.2241246734474,222.1171220631091,1.7253245545139189,0.81490034443764,67271,288.30915774302133,0.7212107821475917,0.9704627551247937,0.7873604362061197,0.7523251778282358,0.0058701079081160375,0.0011599739424053197,0.5659931731942865,0.976521919399352,BARBUNYA
74044,1048.432 px,388.72649799807476,244.22410591083568,1.5916794804031171,0.777997643732971,74909,307.0435618122783,0.7454344105506896,0.9884526558891455,0.8464848707155409,0.7898704189025956,0.005249939198288514,0.0012605423312620641,0.623895278657362,0.993041312959308,CALI
60155,959.281 px,352.88746576019366,217.492232179702,1.6225290541347792,0.7874944187143101,61020,276.75209992616806,0.6819676219844005,0.9858243198951163,0.8214665992312155,0.7842502972724915,0.005866303146208855,0.0013688726060508167,0.6150485287719913,0.9979341076354067,BARBUNYA
203179,1732.071 px,676.9838844575098,388.0407184268969,1.7446207377462297,0.8194221576087386,206073,508.62121216062707,0.8152726951720596,0.9859564329145497,0.8510543615394847,0.7513047560477788,0.00333195795066178,6.54853008538609E-4,0.5644588364600124,0.9847665916922453,BOMBAY
69856,1020.927 px,366.0105965870398,243.40484235188637,1.5037112370094277,0.7468243916846432,70962,298.2338371765007,0.7897616786505676,0.9844141935120205,0.8422173793282928,0.8148229585631099,0.00523950121087723,0.0014246977445210077,0.6639364538015396,0.9983687062415659,BARBUNYA
67585,1014.517 px,379.4062232123067,229.82584258921239,1.6508423027537955,0.795653987528766,69220,293.34603223995714,0.7257917288630676,0.9763796590580757,0.8251663790455634,0.7731713775179899,0.005613763752493996,0.0012374765211591963,0.5977939790130661,0.9868635888862841,CALI
62296,970.3209999999999 px,376.03181896292983,211.9689307180266,1.7739949797791321,0.8259799794871084,63057,281.6340367903384,0.8111775199552066,0.9879315539908337,0.8314557948096746,0.748963312644834,0.006036211297080548,0.0011716189169645556,0.5609460436879233,0.9951154654293416,CALI
79101,1088.6299999999999 px,417.47949465035316,243.39076601349765,1.715264311330534,0.8124717741462042,80327,317.3555123644398,0.6880022962112514,0.9847373859349907,0.8387475052777502,0.7601702992148894,0.005277802994277609,0.0010871175994551948,0.5778588838084546,0.9911807203819398,CALI
216075,1767.4569999999999 px,684.2747669095493,404.0402968616956,1.693580497352666,0.8070632500683722,217769,524.5142844848463,0.8119335347432024,0.9922211150347386,0.8691939047864506,0.7665258312150783,0.003166839138769174,6.743928318352684E-4,0.5875618499199668,0.9950832900129102,BOMBAY
77356,1098.0529999999999 px,396.23788935629057,251.35733035550032,1.5763928141498098,0.7730380517797697,78978,313.8354954789742,0.7401638089406001,1.200932,0.8062268604349726,0.7920380758862223,0.005122264457266283,0.0012434433380373556,0.6273243136535492,0.9889095401849163,BARBUNYA
94239,1187.663 px,454.02847560810017,268.8702924689731,1.6886524406949637,0.80579970857837,96908,346.3940262999595,0.7705308084772371,0.9724584141660131,0.8395645245721027,0.7629345843033718,0.004817840550176681,0.001006888531103638,0.5820691799261587,0.9829125413356238,CALI
66124,972.5639999999999 px,377.19409648640567,224.445405857833,1.6805605578994383,0.8036964181857786,66955,290.1580459957433,0.8064787598638875,0.9875886789634829,0.8784814623569148,0.769253942992718,0.005704344814082718,0.0012321524827243692,0.591751628809844,0.9944744474505727,CALI
67184,987.8379999999999 px,373.1045419780453,231.36688271052248,1.6126099708265493,not_measured,68131,292.4744870471392,0.7503238775966049,0.9861003067619732,0.865175602925431,0.7838942015998008,0.005553473177810867,0.0012935232805445262,0.6144901193017891,0.9909328933604609,CALI
72342,1046.653 px,388.47667066214535,238.0663984172609,1.631799671204582,0.7902222806932698,73305,303.4941435105975,0.8196093537569111,0.9868631062001227,0.8298410800582247,0.7812416199750218,0.005370001806172698,0.0012339446577693117,0.6103384687811965,,BARBUNYA
76781,1133.8189999999997 px,394.29642409226483,248.98739725068285,1.5835999269283638,?,78061,312.66692419299886,0.8032409586877152,0.9836025672230692,0.7505440169615868,0.7929742830227525,0.0051353384833782425,0.001252521671168918,0.6288082135354487,0.9957806410066914,BARBUNYA
59582,943.8149999999999 px,331.5527716252767,229.2148248500841,1.4464717622087742,0.7225320930019752,60606,275.4308598440096,0.7431771690864641,0.9831039831039831,0.8405260747238613,0.8307300780320531,0.005564646564822878,0.001634771617095097,0.6901124625471411,0.9982281898227999,BARBUNYA
86375,1126.579 px,434.3846448944246,255.2176488616495,1.702016482135604,0.8091963028933438,87679,331.62639472228335,0.7828502546812406,0.9851275676045576,0.8552136448669624,0.763439496814819,0.005029055223090299,0.0010538157026020803,0.582839865296864,,CALI
67724,969.983 px,359.95047767229994,240.5130294492974,1.4965945025784193,0.7439963639732731,68288,293.6475351976314,0.7993107355301671,0.9917408622305529,0.9045325908282456,0.8157998208436024,0.005314961869829011,0.0014521595602311884,0.6655293476884537,0.9960275630551413,BARBUNYA
68068,990.3370000000001 px,385.2068487780655,227.20001554645347,1.6954525634673903,0.80753984369824,68964,294.39237308570523,0.8011487353318504,0.9870077141697118,0.8721412824587831,0.7642449089873725,0.0056591474522252085,0.0011908607735800852,0.5840702809131173,0.9902634550192635,CALI
56778,908.906 px,315.9444788379022,229.55282075853668,1.376347621405357,0.6871023544983709,57545,268.871707085318,0.7592265725288831,0.9866713007211747,0.8636783114032828,0.8510093547900381,0.005564558083023393,0.0018003120120512674,0.7242169219401574,0.9967742378938446,BARBUNYA
65235,1017.685 px,329.6995392926977,253.3145195281676,1.3015422088982798,0.6400667558176929,66266,288.2009397986036,0.7527868171432528,0.9844414933751848,0.7915234464665138,0.8741320670841071,0.00505402834816736,0.0018202273930328216,0.7641068707047337,0.9945173443313915,BARBUNYA
191093,1686.806 px,635.7172404226741,386.47850768869364,1.6448967478800682,0.7939822850614624,194125,493.2617604498411,0.767047461545872,0.984381197681906,0.8439648676124583,0.7759137696531283,0.00332674268771056,7.437942386545857E-4,0.602042177937328,0.990297220575744,BOMBAY
66185,1035.1789999999999 px,338.38628486036015,249.41710129643494,1.3567084337901287,0.6758076320915197,67385,290.2918518806492,0.7334086854382057,0.9821918824664243,0.7761372560439368,0.8578712107095067,0.005112733774425627,0.0017081315571884483,0.7359430141641947,0.9984600941054913,BARBUNYA
221728,1646.095 px,622.0727101173583,384.88350088288297,1.6162623461135324,0.7856183276599965,189236,486.7789015496132,0.7976640521194976,0.983443953581771,0.8630847570116726,0.7825112621606227,0.0033426259120882427,7.730897680100581E-4,0.6123238754082108,0.989676023448605,BOMBAY
76819,1063.5389999999998 px,416.671107582335,235.12312459842173,1.7721400576569744,0.825576996667246,77533,312.74428625797543,0.686668692791762,0.9907910180181342,0.8534374044006015,0.7505782872074387,0.005424063156020451,0.0010619119014374572,0.5633677652272522,0.9983665839519034,CALI
69545,996.279 px,382.5603879488895,232.859284001122,1.642882265098119,0.7934109491969399,70165,297.5692257922632,0.8227840613316928,0.9911636855982328,0.8804685001266932,0.777835957841037,0.005500904277070811,0.0012421267477534634,0.6050287773104834,0.9939910481173925,CALI
56235,1023.117 px,321.7252343163063,223.76959593144184,1.4377522244571417,0.7184969242244174,57765,267.5829325614432,0.746971468041018,0.9735133731498312,0.6750966636066105,0.8317126044840092,0.005721085343937162,0.0016886954060477222,0.6917458564575739,0.9945591438808876,BARBUNYA
74540,1031.421 px,391.05507077768385,244.1425726478478,1.601748791849356,0.7811705987435591,75112,308.07024469195176,0.8025409130060293,0.9923847055064438,0.8804958501072926,0.7877924817067281,0.005246244577108718,0.00124645218504648,0.6206169942336454,0.9940725207149204,CALI
50798,900.9010000000001 px,308.39405745416724,210.46704396831962,1.4652843107379225,0.7309216242799289,52164,254.31874172670953,0.7386221537208829,0.9738133578713288,0.7865065428028415,0.8246551306018786,0.006070988177766196,0.0017319231249985781,0.6800560844280015,0.9964755109342146,BARBUNYA
60110,949.622 px,345.9102404853525,222.2243717909307,1.5565810252836976,0.7663413272006141,61062,276.6485659352505,0.7275390034010724,0.9844092889194589,0.8376354656352835,0.7997698060256331,0.005754620537104517,0.0014523004442067186,0.6396317426302788,0.9956386337474377,BARBUNYA
65525,993.29 px,391.47270929826794,215.3432963215385,1.8179006079378617,0.8351086190299573,66623,288.8408232379411,0.7074453153678392,0.983519205079327,0.8345738394959131,0.73783131333906,0.005974402278493216,0.0010922009628682333,0.5443950469436423,0.9896560867972081,CALI
70090,1026.526 px,393.18277057275276,227.42756714334226,1.7288263490280353,0.8157340851417584,70820,298.7329236801454,0.7414812699017213,0.9896921773510308,0.835845515214086,0.7597813181004309,0.005609684271261988,0.0011531150067597533,0.577267651334428,0.997995526068488,CALI
78575,1082.541 px,427.9567886399784,237.19114172538897,1.804269693745354,0.8323563305195021,79990,316.29858872205773,0.7631011576412089,0.9823102887860983,0.8425691354331031,0.7390900135671082,0.005446475197454386,0.0010025005737903788,0.5462540481546282,0.9855896241711108,CALI
73215,1134.8940000000002 px,375.22658821750633,249.6687149850338,1.502897903087293,0.7465037627153273,74746,305.31988678725946,0.7762486879631888,0.9795172985845396,0.7143307254270324,0.8136947017471899,0.0051249960830090325,0.0013858596593351673,0.6620990676514483,0.9950673004094137,BARBUNYA
146328,1476.3899999999999 px,542.2816356844996,346.05045990291023,1.567059427797452,0.7699220939205282,149274,431.6371115902882,0.7647938117388805,0.9802644800836047,0.843597163653804,0.795964833006839,0.003705932122932724,9.175986051164105E-4,0.6335600153836048,0.9928261951823768,BOMBAY
83969,1106.6069999999997 px,437.1935025970124,245.3762849936238,1.7817267981230258,0.8276441032720055,84557,326.97500108091884,0.7713201793062904,0.9930461109074352,0.8616720758099617,0.7478953807378775,0.005206606040288826,0.0010048422426382944,0.5593475005290548,0.9966044311557501,CALI
61302,957.18 px,335.877801110831,232.86076568432745,1.4423975637276583,0.7206585809709566,62348,279.3781139805961,0.740809667673716,0.9832231988195291,0.8408088546175694,0.8317849916148776,0.0054790675852473165,0.0016178220107577685,0.6918662722757621,0.9979462255558958,BARBUNYA
69949,1119.1979999999999 px,367.4970116648111,243.0003602572906,1.5123311392448247,0.7501824892014582,71364,298.43229201056624,0.785449604743083,0.9801720755563029,0.7017420857483248,0.8120672618768453,0.005253785067189111,0.0014093539413500553,0.6594532378121569,0.9973116664191476,BARBUNYA
70288,1013.5329999999999 px,391.7922967539256,229.37459764903082,1.7080893035653943,0.8107088889624052,70876,299.1545773013429,,0.9917038207573791,0.8598352839174747,0.7635540049661416,0.005574099373348589,0.001168728157590715,0.5830147184998343,0.9958412044907563,CALI
70978,1053.128 px,370.86451163101486,245.34336830600876,1.5116141683049191,0.7499059333006185,72273,300.6193546766615,0.8024465246687469,0.9820818286220303,0.804213394816726,0.8105907824789594,0.005225062859350994,0.0013914830675118572,0.6570574166398515,0.9932173003826281,BARBUNYA
63975,985.8760000000001 px,378.4011460828891,217.37654802164215,1.740763433437241,0.8185322371732097,64993,285.4040992600352,0.7925152371042069,0.9843367747295863,0.8271334222904746,0.7542368785466552,0.005914828387383964,0.0011807364361128574,0.5688732689598021,0.9902737848651323,CALI
83112,1139.5369999999998 px,393.34555689986377,269.3486529983009,1.4603583590312035,0.7287654245082832,84375,325.3021442321413,0.747309265836443,0.9850311111111111,,0.8270136487519938,0.0047327167785622265,0.001365654960655802,0.6839515752220859,0.9988144000481324,BARBUNYA
70145,1006.8019999999998 px,390.78359057800714,230.02797910162167,1.6988524270143976,0.8084006479228114,71034,298.8501093616129,0.7853224361845051,0.9874848664020047,0.8695978240854413,0.764745799381147,0.005571082622824252,0.0011754056196063751,0.5848361376711094,0.9935502918882905,CALI
66441,973.5409999999999 px,376.7012979312357,227.31084061375518,1.6572077993029977,0.7974200387417916,67348,290.85272663626336,0.8066948349967218,0.9865326364554255,0.8809221536986372,0.7721043920835032,0.005669711442200383,0.0012429246771965908,0.5961451922746361,0.987936462154512,CALI
84791,1111.688 px,440.92272141715887,246.95617042626304,1.7854290526780379,0.8284321293996784,85718,328.57153595166943,0.685745018115942,0.9891854686296927,0.8621717443635123,0.7451907556399356,0.005200112292780589,9.891503738327012E-4,0.5553092622912181,0.9914652901159496,CALI
74216,1092.082 px,408.94488649057,231.85781965708074,1.763774398876873,0.823741239293947,75550,307.3999773130519,0.7376749363867684,0.9823428193249504,0.7819822758719844,0.7516904782721628,0.005510198427435728,0.0010851835389367197,0.565038575125033,0.9966005731833997,BARBUNYA
153237,1527.8529999999998 px,573.8191367471188,342.7355750432304,1.6742327862368562,0.8020264586072323,155159,441.7096423178716,0.6621482646570797,0.9876127069651132,0.8249172065653442,0.7697715430367955,0.0037446513358204534,8.110330600027635E-4,0.5925482284692493,0.9920636715297845,BOMBAY
71424,1006.911 px,394.29028214065124,232.20947632832534,1.697993933646174,0.8081838621099967,72340,301.56236708708246,0.7880225514966294,0.9873375725739563,0.8852620804662339,0.7648232298545697,0.005520417256673544,0.0011651878528481886,0.5849545729251759,0.9932493162855371,CALI
86333,1152.539 px,445.724655578619,249.5921444602963,1.7858120356408986,0.8285133252298104,88054,331.5457579514791,0.6722287974584982,0.9804551752333796,0.8167242228923945,0.7438353562045651,0.005162853782199379,9.749376862042468E-4,0.5532910371399723,0.988073793336798,CALI
57017,903.261 px,355.33393723361917,205.45765017446706,1.7294753294992067,0.8158879514213964,57649,269.4370039956738,0.6686485599024299,0.9890371038526253,0.8781884248650288,0.7582642009747826,0.006232070035842278,0.0012708500155665966,0.5749645984799258,0.9943870884064487,CALI
130070,1362.228 px,486.7062301859641,343.11478303830853,1.4184939100441607,0.7092340777736926,131860,406.95241439719047,0.751536932606083,0.9864249962080995,0.8808204695362861,0.8361356176634502,0.003741879220311864,0.0011281748750605774,0.6991227711254393,0.9917013932146332,BOMBAY
61788,975.2059999999999 px,337.790499937006,233.23933614548707,1.4482569943789556,0.7233465338602348,62654,280.48337738642596,0.7601870078740157,0.9861780572668943,0.8164343575988101,0.8303471454606711,0.005466927234042306,0.0016031045402692525,0.6894763819746849,0.9985389926539339,BARBUNYA
153885,1491.3509999999999 px,573.3714138668219,343.84452453573283,1.667531029150462,0.8002331624673555,156047,442.642595489375,0.779038333029585,0.9861451998436368,0.8694536066986048,0.7719997627788757,0.0037259733818554236,8.163721455700361E-4,0.5959836337306404,0.9938212021116868,BOMBAY
83469,1105.2789999999998 px,420.01688407193416,255.4732011452261,1.6440741423722627,0.7937492858343226,85238,326.00004840413646,0.6985028912859738,0.979246345526643,0.8586006980784021,0.7761593896980201,0.005032010495776087,0.0011264838355064311,0.6024233982164029,0.9904287317676166,CALI
62169,1006.8570000000001 px,350.4064815010338,226.2702692183543,1.5486191920463317,0.7635602922817853,63136,281.34681312686007,0.7460757488479263,0.9846838570704511,0.7706339862222643,0.8029155508815268,0.005636353833920986,0.001444965538095119,0.6446733818473858,0.9983535717302748,BARBUNYA
71534,1016.281 px,393.79130586442955,232.85348865580605,1.6911548464988422,0.8064429469979693,72173,301.7944956308599,0.7536558641324961,0.9911462735371953,0.8703516598293277,0.7663818147746477,0.0055049529715160556,0.0011714240598410949,0.5873410860172826,0.9932847241660208,CALI
233751,1849.3709999999999 px,706.993075786545,423.5279880240607,1.669294818236146,0.8007076130532336,237344,545.5465303907532,0.8192045251437764,0.9848616354321154,0.8588459166645047,0.7716433853101333,0.003024556368899149,6.614667164506039E-4,0.5954335140928829,0.9939540796793886,BOMBAY
68133,1001.023 px,356.1784502397708,244.3591833612368,1.45760206488017,0.7275465648462948,69129,294.53290122062907,0.7048946273937738,0.9855921537994184,0.8544354599256381,0.8269251017919713,0.0052276936321572634,0.0015078376811655597,0.6838051239736621,,BARBUNYA
48165,824.7009999999999 px,310.0210087659043,198.25998214089668,1.5637094557265865,0.768786945544883,48758,247.64002639349138,0.806905563652812,0.9878378932687969,0.8899147114846729,0.7987846610114202,0.0064366450486017706,0.0016164347913885074,0.6380569346671294,0.9977356620309112,BARBUNYA
73240,1042.3580000000002 px,404.76900614377365,232.41064210104915,1.7416113241827598,0.8187284446615163,74073,305.3720096151632,0.7096349120223239,0.9887543369378856,0.8470799295365514,0.7544352580856829,0.005526611225338253,0.0011044004739224186,0.5691725586428108,0.9912773735463951,CALI
80479,1088.685 px,416.95975576319836,246.64575707845054,1.6905206913029365,0.8062802573476071,81340,320.10786513414683,,0.9894148020654044,0.8532729085254073,0.7677188522624325,0.005180975854113475,0.0011101972633339454,0.5893922361191468,0.9963797704527236,BARBUNYA
52839,883.529 px,323.10374141796444,209.2399353055105,1.544178174908159,0.7619858582393504,53489,259.3775323813943,0.6930159354711785,0.9878479687412365,0.8505950206865909,1.760382,0.006114872374911797,0.0015664936140588176,0.6444373964669208,0.9951261627188555,BARBUNYA
177893,1612.656 px,610.8765588236766,376.4234083190352,1.6228442368970109,0.787588085403102,181791,475.92058405953856,0.7178894269572236,0.9785577943902614,0.8595779169546016,0.779078157747592,0.003433955011291488,7.80366250006788E-4,0.606962775879382,0.985006042846867,BOMBAY
73927,1082.44 px,397.72274422595854,237.13051036021307,1.6772314267860253,0.8028206179929096,74724,306.8008797634654,0.8038863878558535,0.9893340827578824,0.7928760169592711,0.7713938521684401,0.005379938915767697,0.001175064756317192,0.5950484751632654,0.9980340030049325,BARBUNYA
171230,1557.612 px,573.9713914713291,381.8102749610742,1.5032895370085204,0.7466582330910213,172843,466.9226994321457,0.7846344894583213,0.9906678315002633,0.8868928464485849,0.813494725294979,0.003352049240619804,9.055430831920651E-4,0.6617736680827535,0.9948374310965528,BOMBAY
70000,1032.2540000000001 px,401.15118152816876,222.82111141973408,1.8003284292596027,0.8315471267069643,70675,298.54106607209235,0.8075680664513152,0.9904492394764768,0.8255336018728522,0.7442108606905071,0.005730731164688125,0.0010843608091125017,0.5538498051697053,0.9971115497869124,CALI
152952,1477.762 px,522.9554345528257,375.90392064140383,1.3911944138824313,0.6952098886345877,155498,441.2986911903689,0.7857352011959252,0.9836267990585088,0.8801486655808521,0.8438552542583657,0.0034190820293479376,0.0010694515605987364,0.7120916901394512,0.9906579814941037,BOMBAY
150168,1474.752 px,548.376346627134,351.43240877055155,1.560403460072364,0.7676578619362113,151809,437.26403459899365,0.8229465792761788,0.9891903642076557,0.8676593938133084,0.797379458994626,0.003651752348217556,9.106285349674769E-4,0.6358140016265624,0.9921263681005438,BOMBAY
71888,1066.1219999999998 px,420.6446876367351,218.68147306368735,1.9235497262003047,0.8542440580919728,72578,302.54031862203317,0.8114136078378257,0.990492986855521,0.7947901105010179,0.7192300949330048,0.005851389489716435,9.6585109304168E-4,0.5172919294573394,0.9950367492732923,CALI
84166,1108.7160000000001 px,443.61345494220404,242.4510878415963,1.829702885194047,0.8374350734503831,84748,327.3583350430835,0.8117862654320988,0.9931325812998537,0.8604109364277004,0.7379359922384077,0.005270696658296747,9.641010544398772E-4,0.5445495286408832,0.9963638436852824,CALI
62075,991.5840000000002 px,336.6106270957687,237.77258936240705,1.4156830608540631,0.707840006648698,63581,281.1340334065501,0.7159663671699288,0.9763136786146804,0.7933550149105406,0.8351906053357162,0.005422644012819471,0.0016275459528416897,0.6975433472410403,0.9875003009005845,BARBUNYA
73412,1058.56 px,344.83264957912144,271.4886534575292,1.2701549224526465,0.6165630507042027,74526,305.73037379053096,0.7992596624931955,0.9850521965488555,0.8232769600372312,0.8866050652793,0.0046972245624573835,0.0017903663988058976,0.7860685417789118,0.9984288277256586,BARBUNYA
66058,992.161 px,388.39148474041895,217.52966648423424,1.7854644427019712,0.8284396349276957,66621,290.01320288241254,0.7906876533604644,0.9915492112096786,0.8432784095567203,0.7467032988023478,0.005879552586218459,0.0011274994056568084,0.5575658164423083,0.9955139397238355,CALI
88341,1136.526 px,439.28073438442993,256.99215816847425,1.7093157142034436,0.8110120619600135,89092,335.3792698147114,0.7688244099422127,0.9915705113814933,0.8594357681353185,0.763473659469002,0.004972557865367495,0.0010421634571428807,0.5828920287029898,0.9963465043459453,CALI
163850,1525.584 px,558.56009883282,377.4236766939777,1.479928614244599,0.7371691374379147,166547,456.74971199208915,0.7814884768009768,0.9838063729757967,0.8846756201984948,0.817727068128432,0.0034089722235753433,9.402356649112304E-4,0.6686775579499215,0.9895950517132898,BOMBAY
68732,1029.691 px,359.0093548494892,244.45578013270685,1.4686065293878308,0.7323600568858102,69923,295.8247798760902,0.7902500718597298,0.9829669779614719,0.8146198938944972,0.8240029845464932,0.005223321812976332,0.001485394068987413,0.6789809185415283,,BARBUNYA
146015,1454.6539999999998 px,540.1550174511497,346.0038751438752,1.5611241845963217,0.7679047614530211,147529,431.17522206697447,0.8068999436333293,0.9897376109103972,0.8671374156770849,0.7982434822166008,0.0036993118340660183,9.26493184904774E-4,0.6371926569012849,0.994736866935782,BOMBAY
63076,990.3179999999998 px,387.0968064287281,210.59271513371448,1.8381300900315733,0.8390650294535698,63886,283.39170334312035,0.7210828360427098,0.9873211658266287,0.8082108246894711,0.732095172671744,0.006136990399339338,0.0010874401889809438,0.5359633418492706,0.9851703458070227,CALI
80294,1088.569 px,425.761089194498,242.49236466088763,1.7557711138241476,0.8219564664930125,81493,319.73973166462304,0.8047587547858159,0.9852870798718908,0.8514929035328667,0.7509839198070967,0.005302526828835256,0.001040363696235731,0.5639768478088318,0.9902142582483444,CALI
79613,1131.686 px,407.1782582266549,249.71813146760164,1.6305514374693377,0.7898582443815816,80930,318.38093516258243,0.7793200661726558,0.9837266773755097,0.7811635436357464,0.781920273811271,0.005114469473913242,0.0011793161571994292,0.611399314597093,0.9969180312840578,BARBUNYA
98270,1195.813 px,465.20298258320315,271.94932402382705,1.7106237871819239,0.8113345793671172,99879,353.72482251196965,0.7199056437906581,0.983890507514092,,0.7603666265159956,0.0047339267587585545,9.760981386458923E-4,0.5781574067193156,0.9890098126694756,CALI
184246,1642.028 px,646.5775398160879,365.2053645245822,1.7704491845507007,0.8252083772685016,186178,484.3441887328419,0.7549456673168013,1.558304,0.8587105826591018,0.749089102090692,0.003509316564897408,6.8161042586052E-4,0.5611344828710392,0.9934600876223102,BOMBAY
65526,992.787 px,361.20413525412886,231.62356583528094,1.5594446702845388,0.7673287538825037,66422,288.84302728007174,0.6975600408788962,0.986510493511186,0.8354324845443885,0.7996670001489692,0.00551237883060356,0.0013904504480788803,0.6394673111272515,0.9972138901585773,BARBUNYA
69825,1023.473 px,392.1972739989867,229.0439144478815,1.7123234858450276,0.8117523613609469,71138,298.167656212294,0.7902331371661385,0.9815429165846664,0.837660483469188,0.7602491806535717,0.005616860350862681,0.0011574366554820885,0.5779788166844271,0.9896867021296623,CALI
71968,1016.094 px,387.08875612770254,238.2321232059786,1.6248386276313398,0.7881792625256542,72580,302.7086116308887,0.8347987472450992,0.9915679250482227,0.8759544515375914,0.7820134448209691,0.005378623223206183,0.001240817084270807,0.6115450278807589,0.9936619838365417,CALI
80724,1071.17 px,416.3012602649784,247.54481108595888,1.681720810218961,0.8040002031469398,81330,320.5947426412374,0.7997226074895978,0.9925488749538915,0.8840884885031737,0.7701027434727842,0.00515709405214036,0.001118869658612946,0.593058235504309,0.9973583763193337,BARBUNYA
79616,1073.247 px,413.95228080503176,247.40688153715493,1.6731639727768262,0.8017421704963322,80746,318.3869337671298,0.7409723773360137,0.986005498724395,0.8685820538706646,0.7691392185300883,0.005199360440175741,0.0011224047988953167,0.591575137481075,0.9898022072238326,CALI
77324,1082.531 px,421.9254307581999,234.67604545637343,1.797905832006345,0.8310466923342579,78213,313.7705763087127,0.7673163180248481,0.9886336031094575,0.8291698314927368,0.7436635799479235,0.005456590848354973,0.001029454614839716,0.5530355201409618,0.9943057869680978,CALI
84331,1113.655 px,434.33289110540676,249.79847050971063,1.738733188474517,0.8180610660209232,85972,327.6790564669353,0.7509372133818933,0.9809123900804914,0.8544679385768716,0.7544421874957934,0.005150334884033235,0.001029245777149519,0.5691830142734381,,CALI
81433,1085.6409999999998 px,428.0288250080976,243.4851399621838,1.7579258638723319,0.8224397676331003,82276,321.99955876742825,0.805565447926559,0.9897539987359619,0.8682360731098908,0.75228475269472,0.005256208478234839,0.0010384399406067099,0.565932349136956,0.9948671137498816,CALI
73187,1095.733 px,373.353352146559,250.67765117616875,1.4893762981853433,0.7410752387774004,74557,305.26149865407587,0.6962366102855838,0.9816247971350779,0.7660098013224876,0.817620886216782,0.005101361609938363,0.0014062864118653945,0.6685039135779158,0.9956538841270911,BARBUNYA
58836,962.165 px,327.38949515637216,229.89997440628713,1.4240518991002504,0.7119584450797634,60103,273.70115427969614,0.7093802748975163,0.9789195214881121,0.7986452144198359,0.8360108015957181,0.005564441756006054,0.0016766751148708152,0.698914060384715,0.9952898949987206,BARBUNYA
75297,1042.473 px,401.4148120963161,240.35500314551064,1.6700913517215201,0.8009212922483478,76241,309.6306154112082,0.7177294824134973,0.9876182106740468,0.8706786719072631,0.7713482564188862,0.005331086392503235,0.001164119306481271,0.5949781326804557,0.9936678338530485,CALI
138059,1459.686 px,540.6778226417067,334.1664759113832,1.6179894202944756,0.7861379939362987,143275,419.2638528499587,0.7673696029169816,0.9635944861280754,0.8142461279584371,0.7754411875106519,0.003916280884561722,8.734721347400093E-4,0.6013090352879301,0.9729116574233483,BOMBAY
73076,1043.319 px,407.10675092070124,230.32647540629677,1.7675204303046943,0.8245669958165254,73830,305.02992143569577,0.6656464629902898,0.9897873493159962,0.8436268592159046,0.7492627443437099,0.005571004856870946,0.0010830533612037703,0.5613946600614678,0.9922765311226031,CALI
77320,1069.137 px,420.8073702704515,236.70207178600967,1.7777933547234943,0.8268006377903198,78405,313.7624604679833,0.7506796116504855,0.9861615968369364,0.8500314419537194,0.7456201640820341,0.005442412962628705,0.0010376283577570322,0.5559494290857194,0.9883632005909124,CALI
191369,1683.2079999999999 px,650.456082350168,381.3812679294206,1.705527085484815,0.8100730196906579,194562,493.6178465538127,0.8248948239594469,0.9835887788982433,0.8488009916494268,0.7588795922552036,0.003398962644682096,6.953727219581419E-4,0.5758982355414242,0.9822100391988126,BOMBAY
64244,963.9799999999999 px,342.93165742004123,239.14080814441115,1.4340156332203802,0.7167380854410126,65055,286.0034987757419,0.7512687980915406,0.9875336253938974,0.8687731500986223,0.8339956157078533,0.005337956189216756,0.0015929782203508735,0.6955486870199213,0.9974276908524764,BARBUNYA
66371,1046.92 px,371.4274243149216,228.27101279079793,1.627133553988834,0.7888562914435292,68131,290.6994699403793,0.7151662087172027,0.9741674127783241,0.7609589549252235,0.7826548362080673,0.005596230647646134,0.001295258530084052,0.6125485926398767,0.9966983685329811,BARBUNYA
80933,1114.0249999999999 px,377.11254775691674,274.9796706674785,1.3714197374719503,0.6843311497722808,82222,321.0094953020096,0.7173957363825733,0.9843229306025152,0.8194937184484318,0.8512299503460949,0.0046595646739515,0.0015090814820019063,0.7245924283662152,0.993720357884158,BARBUNYA
81767,1094.281 px,425.28119293387715,245.72819061964563,1.7306976129253138,0.8161771932555377,82504,322.6592286830799,0.6854472294408585,0.9910670997769805,0.8580848033528375,0.7586962086358873,0.005201134845767573,0.0010630398165851747,0.5756199369984698,0.9962240509154713,CALI
219745,1035.962 px,398.38296039155694,237.25744411058156,1.6791168002546533,0.803317363280541,74785,305.9010740431717,0.7930978665544368,0.9827371799157585,0.8605460158615977,0.7678568223462973,0.005420618831354355,0.0011623839948399462,0.5896040996237534,0.9900141491772624,CALI
83546,1120.191 px,438.01430985843297,244.91132996109337,1.7884607867182623,0.8290732404731836,84546,326.15038096627126,0.7894731868651075,0.9881721193196603,0.8366645489989223,0.7446112458556061,0.005242792112829255,9.94170253384749E-4,0.5544459074546381,0.9916047638390427,CALI
93044,1161.4289999999999 px,437.2139216595607,272.0677743807688,1.6070037058033335,0.7827978374953752,94175,344.19079040604566,0.7556995849678777,0.9879904433235996,0.8667880294348365,0.7872365754035892,0.004699001780443239,0.0011132851754622826,0.619741425653171,0.9959267676644868,CALI
46529,815.0260000000001 px,289.6082450032377,205.38139817672467,1.4100996856299435,0.7050378056961902,47156,243.3979514642274,0.7782851599090057,0.9867037068453643,0.8802188325437414,0.840438612034358,0.006224252509257403,0.0019155388001028987,0.706337060598238,0.9960056670983538,BARBUNYA
68888,1013.8339999999998 px,407.3993054854651,218.59010519772582,1.863759135469338,0.8438685186985951,70240,296.1603041559012,0.7402535998280679,0.980751708428246,0.8422087263103204,0.7269533849670919,0.005913937194946364,0.001018785425260145,0.5284612239151129,0.9849244338130989,CALI
62716,937.448 px,356.99278767526977,224.56897201589345,1.5896799298257653,0.7773588148029931,63313,282.58183113500144,0.7750370736529906,0.9905706568951085,0.8967963701148998,0.7915617370736505,0.005692212317036638,0.0013784785893386194,0.626569983599055,0.9960457275586768,CALI
82879,1099.5589999999997 px,409.282143768966,262.31049725909,1.560296473246775,0.7676211753813438,85153,324.8458407123378,0.682232758762615,0.9732951275938605,0.8614246419871111,0.793696587202467,0.004938309388011029,0.0012088602842984036,0.6299542725368434,0.9829154297459746,CALI
72532,1045.026 px,402.98512868802663,236.20283098256223,1.706097793204592,0.8102149443073192,75220,303.8924327105412,0.7741205601092896,0.964264823185323,0.8346133467157255,0.7541033429692671,0.005555963280869501,0.0011083134246031173,0.5686718518774242,0.970209791545642,CALI
83097,1138.925 px,447.9528602479597,238.97249079460798,1.8744955068195113,0.8458146527392664,83743,325.27278774723504,0.7608221937374108,0.9922859224054548,0.8050168243153536,0.7261317353062188,0.005390722411735197,9.244605927259612E-4,0.5272672970188205,0.9883601791546478,CALI
70374,1067.18 px,394.9477693474057,227.14445385822413,1.7387515417564134,0.8180653339890803,71394,299.33753476834863,0.7923393906640546,0.9857130851332044,0.7765094503731954,0.757916762672089,0.005612126202111657,0.0011423343620437555,0.5744378191393398,0.9988046436717187,BARBUNYA
75854,1095.8580000000002 px,402.9619968902599,240.92420540210205,1.6725675040318888,0.801583237972486,77204,310.77373187954777,0.8124892887746358,0.982513859385524,0.7937427774259115,0.7712234262234459,0.005312336816651197,0.0011592743245688922,0.5947855731558308,0.9948190215274242,BARBUNYA
71236,1055.392 px,345.9685990498295,264.74074592903725,1.3068203681142647,0.6437734875767626,72582,301.1652241025747,0.8264228868419221,0.9814554572759087,0.8036774698495839,0.8704987242475095,0.004856653925681249,0.0017202417208581336,0.7577680289165417,0.9902666944939358,BARBUNYA
68264,1027.426 px,408.5483541335286,215.81871785875225,1.8930163156696767,0.8490842424273096,69822,294.8159159234812,0.7330756013745704,0.9776861161238578,0.8126442992756759,0.7216181706293805,0.005984828813628393,0.001001062831803992,0.5207327841824937,0.9857556565615573,CALI
220142,1108.382 px,368.8511345468486,255.1156055664314,1.445819567673608,0.722233572843946,75042,305.54707718805145,0.7881419696025109,0.9771061538871565,0.7500273220944852,0.8283750504480101,0.005030428434712353,0.0014611431884742842,0.6862052242047432,0.9921289405950732,BARBUNYA
65293,973.285 px,359.7692789328286,233.30728390350438,1.542040492321829,0.7612219795896936,66249,288.32903009303965,0.7148972977707704,0.9855695935032982,0.866156616147705,0.8014276009010559,0.005510074264206403,0.0014021497414903883,0.6422861994860223,0.9904313272669424,CALI
64605,996.636 px,385.59142743088944,216.2022804290474,1.78347530222944,0.8280169779976991,66097,286.80592878742095,0.7870979532163743,0.9774271146950694,0.8173401889046464,0.7438078452582454,0.005968445591376665,0.0011268964761820023,0.553250110667714,0.9867079083315723,CALI
74810,1036.905 px,399.9959289092677,239.32589131744558,1.6713441521406762,0.8012566373765185,75543,308.6276888771283,0.7957664078289544,0.9902969169876759,0.8743626173300324,0.7715770750935199,0.005346824340452716,0.0011689419411520167,0.5953311828098713,0.9950032909762704,CALI
65736,1014.17 px,399.52197839041236,211.150017605122,1.8921238223032992,0.8489291687725522,66585,289.3055041175516,0.7216123649776061,0.9872493804911016,0.8031406703753279,0.7241291337290151,0.006077674004965504,0.0010308162285115503,0.5243630023151338,0.9921597282149446,CALI
184491,1656.3239999999998 px,618.6363354986536,383.1531608992631,1.6145928016010878,0.7851140571661182,187848,484.66610862297244,0.7667955112219451,0.9821291682637026,0.8450734534788082,0.783442679991155,0.003353206039853725,7.792358253303766E-4,0.6137824328317232,0.9910086977993035,BOMBAY
78179,1130.225 px,402.7518922896584,248.62467392404096,1.6199192378335945,0.7867162953714566,79646,315.50054574889447,0.6765230183454483,0.981580995906888,0.7690775889822504,0.7833620444469249,0.005151663391571373,0.0011966780972985484,0.6136560926800662,0.9940733099462343,BARBUNYA
225964,1012.847 px,382.02358919534964,236.52821204366455,1.615129061749411,0.7852762353968663,71626,299.7880693167695,0.738455422342184,0.9854801329126295,0.8646507920895842,0.7847370628295716,0.005412172232388146,0.0012660417574618854,0.6158122577783828,0.9946162741193858,CALI
67109,1017.3169999999999 px,397.48485824475233,218.45807831236203,1.8195017612322355,0.83542727584893,68530,292.31119138280013,0.6433981438870993,0.97926455566905,0.8148506712238169,0.735402079650563,0.0059229739415689745,0.0010686094228115042,0.5408162187543732,0.9840160625265403,CALI
170889,1600.6299999999997 px,595.7016209417787,368.6053095068692,1.6160961483130167,0.7855682136746018,173595,466.4575356452581,0.8195643416206262,0.9844119934329906,0.8381892131977031,0.7830388893483431,0.003485897986071536,8.084027139944864E-4,0.6131499022318866,0.9909091953354549,BOMBAY
85209,1122.182 px,430.64416217149704,256.052876396837,1.681856373697104,0.8040356487823515,87141,329.3804310631378,0.7516407325076744,0.9778290357007609,0.8502932589059305,0.7648552099307627,0.005053975075068327,0.001066914888629549,0.5850034921582312,0.9838918519213847,CALI
75636,1108.609 px,404.08959877209753,239.00632646235522,1.6907067053546962,0.8063280007890703,77056,310.32683771402816,0.6823090038158642,0.9815718438538206,0.7733598426179742,0.7679654182067908,0.005342556438363974,0.0011462927285979458,0.589770883561531,0.9971295874604441,BARBUNYA
71940,1033.77 px,399.30304996417755,230.49282475766074,1.732388200734679,0.8165760781592055,72706,302.64971972273094,0.7689594356261023,0.9894644183423651,0.845926145070642,0.7579449236610699,0.00555050111153986,0.0011299586501639497,0.5744805073035852,0.9952232524048036,BARBUNYA
84307,1126.741 px,444.3556851045508,242.40847619280794,1.8330864171231256,0.838092585309489,84990,327.6324255900007,0.8190712134460313,0.991963760442405,0.8344980074146598,0.7373202067008849,0.00527068553150451,9.608849976595247E-4,0.5436410872094357,0.9965410927536652,CALI
79508,1120.3509999999999 px,410.4717739532301,248.30645901441383,1.6530853671003494,0.7962790820860058,80728,318.17091275414117,0.7068885806749884,0.984887523535824,0.7959989242222778,0.7751346936473983,0.005162647456271446,0.0011496375334578985,0.6008337932958462,0.9932295517567591,BARBUNYA
63557,1023.8449999999999 px,372.08304525005735,218.35507239623735,1.704027486821364,0.8096992980172731,64632,284.4701842807656,0.7141155717351491,0.9833673721995296,0.7619120218125285,0.7645341219178321,0.005854320456441578,0.0012337971047608161,0.5845124235766707,0.9960252361632188,BARBUNYA
91212,1167.0529999999999 px,462.27093884619154,254.92393570333334,1.8133681232042385,0.8342013302626096,92970,340.78545355455486,0.8033609892723141,0.9810906744111003,0.8415514718988362,0.7371985234571327,0.00506809343996614,9.233411753128314E-4,0.5434616629873765,0.9854960558448734,CALI
169310,1542.564 px,576.8799273587864,376.78577545440834,1.5310554828219352,0.7572335579227232,171788,464.2975202594888,0.7508270583331116,0.9855752439052786,0.8941411664945764,0.804842564700162,0.0034072407262346373,8.81914181180175E-4,0.6477715539531345,0.9917741892960316,BOMBAY
73609,1071.166 px,393.9251894331986,238.6648442740177,1.6505371397763227,0.7955687100129154,74988,306.14031039445064,0.7636342887969043,0.9816103909958926,0.8061710962977442,0.7771534255906363,0.005351590015258985,0.0012041751486756573,0.6039674469072608,0.996870702336318,BARBUNYA
64149,943.894 px,351.20266437914916,233.28415186694954,1.5054715957706928,0.7475161050597752,64831,285.7919585209072,0.7712812004039821,0.9894803411947988,0.9048014831466761,0.8137522505022163,0.005474795622365885,0.0014808684640949545,0.662192725197422,0.9969123387107066,CALI
55972,897.386 px,342.4919163011904,208.79557617072572,1.6403217088332622,0.7926811004750944,56563,266.95648296663734,0.8008814102564102,0.9895514735781341,0.8734179432992722,0.7794533834540885,0.006118986570092017,0.001393220477400953,0.6075475769780264,0.9965734796661042,CALI
115967,1359.763 px,449.4549693181101,331.3052698563166,1.3566188352905877,0.6757545340924417,118497,384.2574271036314,0.7427116690149865,0.9786492485041816,0.7881662739358287,0.8549408802546047,0.003875714378384455,0.001277249857468874,0.7309239087305185,0.9915851417480397,BARBUNYA
145285,1440.991 px,524.9567462628878,353.0769976646137,1.4868052853489535,0.7400216694328736,146709,430.0960442236688,0.7860466374506303,0.9902937106789631,0.8792413513045022,0.8192980608125862,0.0036132893709804026,0.0010042693630172201,0.6712493124512643,0.9980170255393909,BOMBAY
84439,1151.132 px,400.1092452909783,270.1285013119095,1.4811811539611806,0.737692493001829,86044,327.88881334667764,0.7277655677655678,0.9813467528241365,0.8007605912413446,0.8194982175636092,0.0047384413042667285,0.001318278961712837,0.6715773285899326,0.9947276825350032,BARBUNYA
78654,1071.536 px,413.29909843578776,244.97892198992483,1.6870802397146045,0.8053938484645078,79570,316.4575534753428,0.701222284629169,0.9884881236646977,0.8608295067937661,0.765686532279018,0.005254648186179822,0.0011141083779720512,0.5862758657134677,0.9890944280667645,CALI
73078,1012.867 px,378.1351804666314,246.94405695534556,1.5312584766314459,0.757308232431931,73829,305.0340955535236,0.7902374670184696,0.9898278454265939,0.8951414620301901,0.806680021618463,0.00517440516251993,0.0013515913363535055,0.650732657278364,0.9964398974784006,BARBUNYA
78661,1110.302 px,373.663048616508,268.5560253407645,1.3913783842398457,0.695308142944078,80166,316.4716351087607,0.7672447426943935,0.9812264551056558,0.8018388287808056,0.8469438877633226,0.004750296190189649,0.001507714129682654,0.7173139490196521,0.9980551233796664,BARBUNYA
65272,960.989 px,373.02393568261715,223.7518429899735,1.66713234938285,0.8001256717850461,65819,288.2826591454185,0.7399950116772102,0.9916893298287729,0.888177876290461,0.7728261689638605,0.005714915058258015,0.001257525557880229,0.5972602874353573,0.9957119461851838,CALI
116272,1326.583 px,534.4844041837629,279.7834138801638,1.9103505700044539,0.8520477123508897,118144,384.76240505725974,0.7665510739573581,0.9841549295774648,0.8302638934872921,0.719875831821228,0.004596845364178503,7.615002157716795E-4,0.518221213240305,0.9899841901020163,CALI
85369,1127.369 px,431.9334268027011,254.19253361909813,1.6992372696907918,0.8084977024921611,86927,329.6895307626496,0.6665911859324734,0.9820769151126808,0.844068865467026,0.7632878362832647,0.005059605088529807,0.001059375072438217,0.5826083210179881,0.9899897727057424,CALI
80301,1093.4299999999998 px,428.40450729531113,239.91834924031127,1.7856262709869057,0.8284739489722099,80972,319.75366875421196,0.7938332871999684,0.9917131848046238,0.8440124386607815,0.7463825970761714,0.0053349834659009365,0.0010213129984642639,0.5570869812181705,0.9947491488879541,CALI
85329,1105.4399999999998 px,400.5141201779301,272.68789005892205,1.4687638680668493,0.7324278685795742,86101,329.6122830124914,0.7335648765055321,0.9910337859026027,0.877477863924211,0.8229729400453091,0.004693763200997669,0.0013281378713491773,0.6772844600468197,0.9947709433199344,CALI
65301,1011.6289999999999 px,357.9627859626688,232.5992193305355,1.5389681315051416,0.7601171678470695,66437,288.3466932544066,0.7731772005020247,0.9829010942697594,0.8018389613235696,0.8055214244658316,0.005481735133652912,0.0014236597068842817,0.6488647652734626,0.998582195412423,BARBUNYA
70383,1043.44 px,402.4927718751261,225.13878413140898,1.787754044368469,0.8289241237000237,71642,299.3566750167682,0.6767466010269033,0.9824265095893471,0.8123490477352028,0.7437566484042202,0.005718607787038434,0.0010794275980454615,0.5531739520454789,0.9889389700085944,CALI
68256,1015.699 px,395.5950336822119,221.89724300295012,1.782784807637076,0.8278698787029942,69414,294.7986403724469,0.7975695255900911,0.9833174863860317,0.8314203459366775,0.7452030871784492,0.005795754712878164,0.0011025247343873158,0.5553276411402912,0.9900296818858453,CALI
81456,1095.2949999999998 px,433.7802301959325,239.8902840748211,1.8082442641179985,0.8331662318330053,82228,322.0450284602254,0.7446248354541466,0.9906114705453131,0.8532390695850425,0.7424151817955422,0.0053253318379976,9.97961564136246E-4,0.5511803021605082,0.9966686198765643,CALI
70056,1097.408 px,374.0286818220391,239.79542991021793,1.5597823609986212,0.7674447527796197,71547,298.66045862478444,0.70828025477707,0.9791605518051071,0.7310026595955136,0.7984961398411834,0.005338995686622689,0.0013388459729264796,0.6375960853412705,0.9945111273570855,BARBUNYA
65425,984.708 px,325.013163929242,257.4804423929976,1.2622829171357717,0.6102415238789616,66436,288.62033402776393,0.8164245782170311,0.9847823469203444,0.847888339754859,0.8880265972568389,0.0049677212675466875,0.0019056400733603795,0.7885912374355598,0.9954252476178662,BARBUNYA
75282,1052.6609999999998 px,400.16235044149363,241.66400078378567,1.6558624749389745,0.7970488120883974,76676,309.59977294363847,0.7487170306719179,0.9818196045698785,0.8537366905647004,0.7736854119385826,0.005315511681962403,0.0011748501385131101,0.5985891166465745,0.9911812561619314,CALI
82497,1123.734 px,435.9144000193333,244.62878445952842,1.7819423866346003,0.8276901467110193,84492,324.096347899844,0.7391409525857434,0.9763882971168868,0.8209580719765637,0.7434862162972132,0.005284003054890884,9.959430571966864E-4,0.5527717538239466,0.9850074182732372,CALI
77054,1073.0389999999998 px,407.4000036353897,242.41803221483565,1.6805680662993905,0.8036983864773072,78024,313.22228509482403,0.7103846295681676,0.9875679278170819,0.8409574821308474,0.7688323080506112,0.005287201230765304,0.0011395466348462881,0.59110311790243,0.9933890238368271,CALI
74699,1078.742 px,414.65933496437543,231.26112445655696,1.7930351931773572,0.8300334995459621,76482,308.3986393487687,0.780741453013786,0.976687325122251,0.806658057046696,0.7437397722524783,0.005551069424816603,0.0010477084520331638,0.5531488488301683,0.9918153530180337,CALI
54137,905.4159999999999 px,947.3636481,195.43736558881363,1.8235646532589556,0.8362315561478437,54769,262.5440329417668,0.7632454532637812,0.9884606255363435,0.8298655191173416,0.7366706829452668,0.006583162565598549,0.0011959358627571025,0.5426836951110459,0.9896188043044629,CALI
48638,874.0409999999999 px,301.98397061753377,205.41101537994643,1.4701449679266587,0.733021908966815,49596,248.8530188220124,0.7477477477477478,0.9806839261230744,0.8000589021973458,0.8240603576180792,0.006208807323852416,0.0017661355608045977,0.6790754729976364,0.998339389469891,BARBUNYA
73887,1070.9689999999998 px,396.4265040618694,238.11329001245255,1.6648650902313669,0.7995126360722905,74972,306.7178674969017,0.7021810406272274,0.9855279304273595,0.8095135031100436,0.7737067636855908,0.005365307889911208,0.0011859871557775192,0.5986221561728308,0.9966251300511751,BARBUNYA
73163,1064.874 px,419.72484643930295,223.08268664369928,1.8814765625880883,0.8470598904209995,73802,305.21144279246596,0.7886663504656778,0.9913416980569633,0.8107835380742876,0.7271703006903192,0.005736845761372592,9.8945823746403E-4,0.5287766462060491,0.994880866680615,CALI
82998,1186.993 px,392.13502043097526,272.20954689136926,1.4405630695512113,0.719808192643818,84544,325.07896845832556,0.7877263581488934,0.9817136638909917,0.7402547038061008,0.8289975429918198,0.004724632165003678,0.0013764509457255007,0.6872369262864743,0.9900081360401827,BARBUNYA
77394,1055.554 px,407.878494828418,243.74709306864386,1.673367627459465,0.8017963893320764,78116,313.91256955597237,0.7527427637721755,0.9907573352450202,0.8728834222755019,0.7696227517168459,0.005270156534465437,0.0011405514190728039,0.5923191799602098,0.9911677408687521,CALI
151876,1469.108 px,541.2123600655569,359.47836178329413,1.5055492001819522,0.747546528319113,153869,439.74370842139126,0.7254714637827923,0.9870474234576165,0.8842835928874397,0.8125160119553168,0.0035635147097998164,9.580452709069453E-4,0.6601822696837724,0.9939368880967095,BOMBAY
71156,1023.3159999999999 px,388.46952703050954,234.14310016070985,1.6591115722132062,0.7979435267033622,71773,300.9960681556741,0.7778142148182156,0.9914034525517953,,0.7748254295684679,0.005459406473530125,0.0012137818971812476,0.600354446305961,0.9960550092958719,CALI
84600,1121.771 px,426.57861153123855,254.1952655733063,1.6781532518677824,0.8030637417223424,85556,328.2012575914278,0.7717569786535303,0.9888260320725607,0.8448348299079634,0.7693804816264058,0.005042300372709675,0.0010898660746603195,0.5919463255076803,0.9933766510818987,CALI
73909,1094.529 px,404.12823920829686,233.62119136585443,1.7298440986692245,0.8159752925581573,75016,306.7635270233916,0.7703668959766521,0.9852431481283993,0.7752694033794326,0.7590747125822076,0.00546791648119034,0.001119798110496565,0.5761944192817614,0.9967265158806956,BARBUNYA
61497,963.843 px,354.07707520651206,222.48667282557577,1.5914529652933416,0.7779254224969513,62605,279.8221082805615,0.6849743818222321,0.9823017330884115,0.8318618334914111,0.7902858667632123,0.0057576316764478275,0.001385353169384125,0.624551751205682,0.9939447364354319,BARBUNYA
190728,1696.174 px,665.9885050233677,368.9420170563909,1.805130546899934,0.8325322681745436,192377,492.790454339619,0.836654749632619,0.9914282892445563,0.8330738747274026,0.7399383782492287,0.0034918234607575586,6.456754216517238E-4,0.5475088036060987,0.9883248660860056,BOMBAY
64456,957.016 px,357.03596728612223,230.7953003534392,1.5469810985724515,0.7629815095457642,65050,286.4750043118067,0.7455870445344129,0.9908685626441199,0.8843716607159019,0.8023701547195404,0.005539220046017783,0.0014162093101113828,0.6437978651846592,0.9959431287419631,CALI
69741,1033.122 px,385.554742799373,231.67263856823266,1.6642221765252554,0.7993382590745314,70820,297.9882532741433,0.7682419035029743,0.9847641909065236,0.821097660539347,0.7728818250569525,0.005528379902774164,0.0012168303149436425,0.5973463155033657,0.9941169853263533,BARBUNYA
71153,1049.648 px,381.6419625320183,237.98980418344755,1.603606355496812,0.7817480284779638,72426,300.9897229583446,0.6905577608043713,0.982423439096457,0.8115508082780826,0.7886704097249073,0.00536368055502956,0.001280043870724309,0.6220010151756532,0.9974447810611466,BARBUNYA
91010,1196.528 px,428.46284083325946,271.0121313456262,1.5809729206801957,0.7745424730312773,92343,340.40788910709335,0.6992593275554736,0.9855646881734403,0.7988279398414383,0.7944863746995657,0.0047078655184403856,0.0011570433362885085,0.6312085995832586,0.9979237032416007,BARBUNYA
180089,1610.86 px,609.186554150078,377.71496404861716,1.6128208096930658,0.7845767730782262,181809,478.8490747321234,0.7152746886120996,0.9905395222458734,0.872130461351054,0.7860466904102994,0.003382697189445652,7.965925844632948E-4,0.617869399504985,0.9965126251941981,BOMBAY
70722,1029.5549999999998 px,400.5572150799184,226.2264628451415,1.770602828874672,0.8252419229899242,71420,300.0767353240837,0.6864414182689974,0.9902268272192664,0.8384270738597377,0.749148246560015,0.005663827593675496,0.0011004260358553602,0.5612230953239451,0.9937032002103767,CALI
67623,992.572 px,370.4864028991003,233.25415996458446,1.5883378155199983,0.7769283779762467,68500,293.4284882788751,0.6845541788143829,0.9871970802919708,0.8625420132899548,0.792008791639213,0.005478704034117095,0.0013297733120340332,0.6272779260338063,0.9963292507604508,BARBUNYA
84584,1126.361 px,394.41480999870305,274.3782348540019,1.4374857765543,0.7183721014836093,85824,328.1702205439717,0.8035721071632149,0.9855518269947801,0.8378048570768134,0.8320433518838981,0.004662995483764105,0.0013785692185971372,0.6922961394141922,0.9951658535713541,BARBUNYA
79031,1088.647 px,439.2246401832658,232.95262026931277,1.8854676958580046,0.8477647860662285,80928,317.2150602666346,0.7087219312719707,0.9765594108343219,0.8379790883356355,0.722215994381092,0.0055576247318554215,9.326901494766873E-4,0.5215959425398694,0.9834522999495316,CALI
72082,1024.3419999999999 px,392.0725182461686,235.65642630558335,1.6637463462921034,0.7992090452709146,72907,302.9482676359117,0.8003775260937153,0.9886842141358169,0.8632701658403674,0.7726842702239617,0.005439256933023066,0.0011959902020233701,0.5970409814515364,0.9933247514766449,CALI
84099,1105.804 px,428.8342168289183,251.06976984300823,1.7080280795934317,0.8106937340909444,85023,327.2280129705928,0.7783052917985451,0.9891323524222857,0.8642599389820506,0.7630641402412605,0.0050991595242383175,0.0010664059020465831,0.5822668821221342,0.9945281844819238,CALI
62608,1002.965 px,365.92640145084846,218.60335929470165,1.6739285371984562,0.8019455986923179,64037,282.3384164735275,0.6916941025697683,0.9776847759888815,0.7821105402106162,0.7715715929599342,0.0058447227423148555,0.00127775796299038,0.5953227230627303,0.9965276949773977,BARBUNYA
79165,1121.15 px,403.8090315110096,250.75252128350584,1.6103887189012747,0.7838358479611777,80401,317.4838713367328,0.7868658555979644,0.984627056877402,0.791435702043657,0.7862228096997796,0.0051008530475716496,0.0012022786414985522,0.618146306492216,,BARBUNYA
74385,1073.863 px,414.72651179664575,232.4556663690002,1.784110141407819,0.8281520470719927,76137,307.74977422432835,0.7141965588754897,0.9769888490484259,0.8105829666576256,0.7420547408245469,0.005575405146153737,0.0010427974740119944,0.5506452383801855,,CALI
100846,1297.77 px,469.2856552932172,274.4239103863258,1.7100756804775896,0.8111995443139277,102015,358.3310133498944,0.7920361280188494,0.9885409008479146,0.752442087799686,0.763566943306638,0.004653488044079261,9.757686010600483E-4,0.5830344769106426,0.9970330798448624,BARBUNYA
45653,841.132 px,303.46949090679607,191.93207651922143,1.58112961840646,0.7745936606880008,46601,241.0958418052754,0.7724311794663553,0.9796570889036716,0.8108693306853656,0.7944648441754649,0.006647306659075988,0.0016335190866562114,0.6311743886307457,0.9979685202436618,BARBUNYA
76535,1064.59 px,424.34280315479754,232.26901618136623,1.8269453676225647,0.836896124242416,77619,312.16564281852936,0.7530007870916962,0.9860343472603358,0.8486042173136639,0.7356449561479975,0.005544428080679395,0.0010016351661963252,0.5411735015059893,0.9886944216564502,CALI
204774,1739.2769999999998 px,659.25360028531,398.6538100364614,1.6536994848362638,0.7964496950419417,209024,510.6137038247194,0.8115260846820855,0.9796674066135946,0.8506426815106274,0.7745330531433388,0.003219420435628107,7.146893049484787E-4,0.599901450411542,0.9920567194980943,BOMBAY
70074,1020.4200000000001 px,396.7091017423693,225.63057168681496,1.7582240685584876,0.8225064914039376,70656,298.69882466754336,0.8109384221916192,0.9917629076086957,0.8456854305793676,0.7529416979737568,0.005661288091765409,0.0011223812807560046,0.5669212005476039,0.9967744997788703,CALI
85767,1190.899 px,445.06203780328315,250.77187070997832,1.774768583666246,0.8261476141734362,88786,330.4571621758268,0.7240409941244006,0.9659968914017976,0.7599416058452644,0.7424968523644078,0.005189199083601888,9.728784041565143E-4,0.5513015757710532,0.9784327168041616,CALI
74557,1057.513 px,366.10889319085504,260.4763756822854,1.4055358849027229,0.7027140337461573,75694,308.1053727814877,0.7866654005233392,0.984978994372077,0.8377739632216796,0.8415675732325636,0.004910456337981075,0.0015193491568712904,0.7082359803165463,0.9954510853141645,BARBUNYA
66086,1045.614 px,358.6010989221505,235.8286936468781,1.520599946413254,0.7533365694462916,67353,290.07466030897626,0.7297643499193887,0.9811886627173252,0.7595852994469471,0.808906222487481,0.005426279377207737,0.0014330938019544276,0.654329276778966,0.9949730632067191,BARBUNYA
62701,951.7339999999999 px,354.88829891235724,226.0346212698494,1.5700616875353668,0.7709318435677897,63308,282.5480360831401,0.7053615623453179,0.9904119542553864,0.869867615032441,0.7961604734477814,0.005660010189827231,0.0014028118510748433,0.6338714994805954,0.995217356155077,BARBUNYA
75074,1042.7619999999997 px,400.95546435528297,239.84805278528603,1.6717061477010264,0.8013533685939858,75864,309.1717735846007,0.7656003018590848,0.9895866287039966,0.8676189465634991,0.7710875672482329,0.0053408032655151315,0.0011646653268884274,0.594576036364798,0.9939564152667419,CALI
69144,997.4989999999999 px,383.30732336779374,231.60062472543137,1.6550357919898302,0.7968201633074714,70302,296.7100859107558,0.7445085709363425,0.9835282068788939,0.8732516724346848,0.7740788339336122,0.005543609327892424,0.0012277590652091468,0.5991980411440209,0.9916942045835494,CALI
68843,1007.263 px,391.8923945910847,225.73922831981062,1.7360402864312117,0.8174331341028732,69852,296.06355732883236,0.8075614677177178,0.9855551737960259,0.852675705269355,0.7554715565168245,0.005692552541160099,0.00114382420264484,0.5707372727059536,0.9908228983854123,CALI
144058,1463.258 px,536.887519610584,343.96283911771536,1.5608881499749556,0.7678239491748636,145734,428.276011860877,0.7488005821659692,0.9884995951528126,0.8454840726034955,0.7977015598565501,0.0037268844466158356,9.308666161429984E-4,0.6363277785975732,0.993236489112839,BOMBAY
58153,989.011 px,324.22628042397866,229.36087794571333,1.4136076009471794,0.706803540608876,59388,272.10788162966526,0.7420503266639444,0.9792045531083721,0.7471017336371566,0.8392530095766447,0.005575400760476306,0.0017061903525365239,0.7043456140834558,0.9956683137621817,BARBUNYA
67626,990.0889999999998 px,388.7851818775126,222.8892471334904,1.7442976136245176,0.8193478729831537,68420,293.4349969793312,0.7825996389390363,0.9883952060800936,,0.7547484077512459,0.005749048914286113,0.0011507595518653005,0.5696451590030409,0.9936306914617633,CALI
64840,993.8079999999999 px,391.2499005352157,212.01039568197382,1.8454279059132086,0.8404560332122665,65580,287.32708205219353,0.7695229052931403,0.9887160719731626,0.8249884974152585,0.7343825050412549,0.006034082364824425,0.001082630569328506,0.5393176637106688,0.9952718667635835,CALI
68678,1006.562 px,392.7843313437133,224.7520261031353,1.7476342178266748,0.8201126366329858,69759,295.7085481573394,0.8050781891074484,0.9845037916254533,0.8518172720556496,0.7528522004574926,0.005719216216892066,0.0011333268415798523,0.5667864357336885,0.9905353692882135,CALI
66517,1008.279 px,386.863114632479,221.235342380255,1.7486496979652835,0.8203443795970081,67790,291.01902823896035,0.7920576327697071,0.9812214190883611,0.822206818092361,0.7522532317805206,0.0058160036476762175,0.0011488429983689287,0.5658849247242379,0.9895345027021458,CALI
52545,911.5619999999999 px,315.9159220638412,212.11526629769676,1.4893596655153696,not_measured,53754,258.6549281921942,0.7482484620642516,0.9775086505190311,0.7946370957850153,0.8187460970704871,0.006012292740771552,0.0016665442598586173,0.6703451714681556,0.9983850603576552,BARBUNYA
69923,1053.3449999999998 px,368.80794834626283,242.68590107396125,1.519692519071656,not_measured,71044,298.37682330656446,0.7560878027681661,0.9842210461122685,0.7919333656044646,0.8090303493850608,0.005274486911978359,0.001393860261481361,0.6545301062261134,0.9946845059390007,BARBUNYA
70027,1014.428 px,381.58557802905364,237.61763071354238,1.605880745814987,0.7824517264499145,71890,298.59863629824105,0.74944883238083,0.9740854082626235,0.8551315487155482,0.7825207594074899,0.005449120739558365,0.0012603456435542702,0.6123387389036747,0.9833429907220418,CALI
233616,1011.1270000000001 px,369.31716156690015,225.3597592667316,1.638789297470731,0.7922423486982391,66543,287.876041878657,0.698069498069498,0.9781344393850593,0.8000172954107909,0.7794818975031832,0.005674120599294803,0.0012921188424654454,0.6075920285351629,0.9957153135919561,BARBUNYA
62005,960.799 px,350.4905656865589,226.18356318869004,1.5495845973306546,0.7639003320979454,62953,280.97547574709034,0.7987144310906725,0.984941146569663,0.8440564463797731,0.801663449048054,0.005652617783832899,0.0014401167933157555,0.642664285539622,0.9958626781267079,BARBUNYA
72026,1090.0369999999998 px,402.36163191748386,229.4060673249104,1.7539275948949273,0.821541331646874,73422,302.8305655793266,0.808545032049483,0.9809866252621829,0.7617573987671101,0.7526328097839879,0.005586338709875376,0.001105705866831265,0.5664561463633406,0.9935230664045028,BARBUNYA
78502,1111.1039999999998 px,388.43296830677616,258.27753809305875,1.5039363127536927,0.7469130039015827,79717,316.15162618718216,0.7306045715136624,0.9847585834890926,0.7990632610114348,0.8139155323641125,0.0049480646137267355,0.0013394683943643636,0.6624584938235566,0.9962953845533645,BARBUNYA
72756,1090.293 px,366.1897585859104,253.56049340652467,1.4441909055556663,0.7214857990867259,74089,304.3613252644815,0.8096774911527076,0.9820081253627394,,0.8311573934776672,0.005033121097722667,0.0014816657171648128,0.6908226127325897,0.9976797346606101,BARBUNYA
81478,1117.727 px,440.74349474596465,236.25934726232356,1.8655071211070358,0.844187967221067,82197,322.0885152034012,0.7596591332885806,0.9912527221188121,0.8195562001275148,0.7307845017407376,0.005409355835267983,9.516617786373113E-4,0.5340459879844581,0.9962665935836491,CALI
72568,1033.053 px,402.00067044167344,232.23033123697306,1.7310429189004726,0.816258777141919,73798,303.96783922372657,0.7680291260080858,0.9833328816499092,0.8544955620266794,0.7561376424814433,0.00553964103243404,0.001117029960621477,0.5717441343773949,0.9897136352368698,CALI
68138,1047.464 px,344.730208813568,253.33599019956674,1.36076286887625,0.6781951015631255,69362,294.5437083000832,0.7822962112514351,0.9823534500158588,0.7804067811773544,0.8544180369738762,0.0050592945025326255,0.0016632263417447858,0.730030181906292,0.9933979646970567,BARBUNYA
57812,906.071 px,289.54855788926693,254.93101282327822,1.1357918155292706,0.47415192878053675,58725,271.3089098430592,0.7693904711205749,0.9844529587058323,0.8849187498226866,0.9370066002774458,0.005008450804145626,0.002381517489528719,0.877981368963497,0.9972040530559247,BARBUNYA
62911,950.0939999999999 px,361.4241805719641,222.97018514716635,1.6209529553622353,0.7870250424701931,63883,283.0207995869452,0.7772547566098345,0.984784684501354,0.8757966943953368,0.783071014061806,0.005745007718395258,0.001332523796202748,0.6132002130637854,0.9939686975944951,CALI
180097,1628.676 px,605.1446051207067,381.94445868204537,1.584378543437561,0.775650794802624,182527,478.85971044573023,0.7339633868022952,0.9866869011159993,0.8531923428908212,0.7913145162224708,0.003360103750316256,8.126976067807146E-4,0.6261786635844032,0.9921040389415353,BOMBAY
70188,1041.532 px,403.257678004505,224.98077017958687,1.7924095365244408,0.8299026610347341,71768,298.9416952615871,0.7995898838004101,0.977984617099543,0.8130691740758444,0.7413168094923351,0.005745393486130179,0.0010703231827420133,0.5495506120358952,0.9850197578159817,CALI
68988,1043.643 px,352.0409440396784,249.98932717153673,1.408223895086994,0.7040863624608956,70402,296.3751840356905,0.7395163365063031,0.9799153433141103,0.7959384585552476,0.8418770289466279,0.005102930133351864,0.0015812262806612575,0.7087569318680013,0.9980884472650637,BARBUNYA
94354,1178.1950000000002 px,466.135209472753,259.70386378246866,1.7948720619081506,0.8304167201460428,95515,346.6053144484971,0.7353596757852077,0.9878448411244307,0.8541533125360097,0.7435724815564639,0.004940280321690156,9.315895119362535E-4,0.5529000353280379,0.9923848264383247,CALI
79587,1076.5210000000002 px,427.50825189527404,239.02064714325772,1.7885829404480096,0.8290989932657397,80645,318.3289425214701,0.7245193358094822,0.9868807737615475,0.8629924299906967,0.7446147322542223,0.005371583950837122,0.0010186116251618886,0.5544510994900271,0.9916817778605044,CALI
75990,1116.4429999999998 px,379.5325031405004,256.610013828173,1.4790245223814094,0.7367903175020107,77909,311.0522030213337,0.7093648482132855,0.975368699380046,0.7661136466074104,0.819566704952762,0.0049945058973615,0.0013899831007283853,0.6716895838671276,0.9934453659676461,BARBUNYA
203101,1734.279 px,650.4675321974778,402.3138876183486,1.616816004160756,0.7857851388688523,206039,508.5235734705484,0.7433334553306737,0.9857405636796918,0.8485628120395582,0.7817816390506082,0.003202680105944716,7.379640238912178E-4,0.6111825311566554,0.9881696978375604,BOMBAY
78466,1069.117 px,418.902484022045,240.2534013021882,1.7435860710048965,0.8191841234651771,79269,316.07912635476146,0.7812226204699323,0.9898699365451816,0.8626624755742499,0.7545410648319947,0.005338649657457306,0.0010674381170853683,0.5693322185178006,0.992679725981953,CALI
86808,1135.114 px,449.1596358688456,248.10570716130533,1.810355920498135,?,87855,332.4565812243307,0.7474169995867199,0.9880826361618577,0.846624153304098,0.7401746610227635,0.00517417330048896,9.579825255326985E-4,0.547858528820163,0.9918189312449799,CALI
86556,1135.769 px,441.41801689434374,252.02686516412902,1.75147207662515,0.8209860180030626,87967,331.97367671864697,0.70409657371555,0.9839598940511782,0.8431930549186102,0.7520619096028132,0.005099796858615737,0.0010063452759740505,0.5655971158754299,0.9906275550755348,CALI
87843,1160.8999999999999 px,466.28198011601575,241.9101474726393,1.9275007063056482,0.8548916651448937,88804,334.4326259923976,0.7425443786982249,0.9891784153866943,0.8190820356200429,0.7172325765391735,0.005308129049736641,8.664854273023649E-4,0.5144225688490213,0.9915498647960544,CALI
70344,1037.985 px,932.8729932,237.90977324387543,1.591574359088911,0.7779641319120302,71521,299.273725099365,0.8213535098781001,0.9835432949763007,0.8204550058107525,0.790368043702187,0.005382848499823854,0.001295714770002636,0.6246816445056222,0.9942272879886427,BARBUNYA
235972,1191.1339999999998 px,403.2032318819352,265.03986525284074,1.5212927741918765,0.7535979174981474,85557,326.51908562655086,0.747941118673741,0.9787042556424372,0.7416442702616848,0.8098126696617383,0.00481522937698615,0.0012774238225692807,0.6557965599446717,0.9976585679837189,BARBUNYA
74795,1034.077 px,393.36132525309273,243.1153263897228,1.6180029909859326,0.7861420693299841,75468,308.59674617284367,0.8024353610127669,0.9910823130333386,0.8789753042381131,0.7845121682318142,0.005259192797019757,0.001228846370758743,0.6154593421037823,0.995815056354154,CALI
69462,1001.8389999999999 px,376.02467214046504,238.45266086299262,1.5769363645579824,0.7732174303895448,70724,297.3916025317357,0.7496843127731909,0.9821559866523387,0.8696835981394363,0.7908832174199577,0.005413386774646066,0.0013064664449921493,0.6254962635965441,0.9863678039605356,CALI
67083,1023.3330000000001 px,370.0467248197745,231.3792164742851,1.5993084014134025,0.7804082817981093,67999,292.25456092158583,0.7895926270318624,0.9865292136649069,0.8049861008521428,0.7897774559791709,0.005516251879310325,0.0013238622002704546,0.6237484299729312,0.9975661044241282,BARBUNYA
64033,1005.3710000000001 px,354.12024394741184,230.90600983092068,1.5336120710184804,0.7581713413820981,65141,285.5334442198088,0.7687034813925571,0.9829907431571514,0.7960878684097706,0.8063177666346902,0.005530277262464851,0.0014419545945777304,0.6501483407907549,0.9970753433893385,BARBUNYA
73051,1093.992 px,374.6938009635542,249.29417861450705,1.503018654691321,0.7465514065023975,74371,304.9777401425363,0.734505711068211,0.9822511462801361,0.7670218523264388,0.8139385796035652,0.005129208374472002,0.0013886622870401904,0.6624960113670691,0.9957438637432982,BARBUNYA
135403,1381.9379999999999 px,523.2554269169152,332.1957763377854,1.5751417212025458,0.7726243105015305,137618,415.2113366416857,0.7878496951077596,0.983904721766048,0.8909657975385383,0.793515585854812,0.0038644300858689633,9.451202378933343E-4,0.6296669849945054,0.9918147385286628,BOMBAY
82843,1116.382 px,429.198997584486,248.06603539724455,1.7301804211011043,0.8160548920159183,84069,324.77528170181773,0.7549093758827764,0.9854167410103606,0.8352952863108227,0.7567009325036624,0.005180872223174994,0.0010478032006188444,0.5725963012519125,0.9906949096209686,CALI
82115,1105.638 px,449.15851967417456,234.30102582849386,1.9170147381384253,0.8531630099278448,82762,323.3451178167499,0.8046230427028828,0.9921824025518958,0.8441243880327576,0.7198908707137709,0.005469871761239415,9.061989856920835E-4,0.5182428657370313,0.9934792115529819,CALI
199669,1690.464 px,625.7629324893995,411.06565203519216,1.5222943814235947,0.7539749527754568,202954,504.2087530554435,0.7644705305797401,0.9838140662416114,0.8780285828141315,0.8057504317962855,0.0031340014348216275,8.148565134519509E-4,0.6492337583399006,0.9883249025513544,BOMBAY
56679,911.1329999999998 px,355.94583660097516,204.89144935545713,1.737241049934985,0.8177135489213879,57531,268.6371980125692,0.8103019385829473,0.9851905928977421,0.857962864134953,0.7547136962686789,0.006280030286366646,0.0012568123130197004,0.5695927633355317,0.9895199302123885,CALI
174465,1578.1819999999998 px,606.6889824385544,367.99784524832404,1.6486210184985244,0.7950319592117446,176301,471.3127806162487,0.8082621425791746,0.989585992138445,0.8802458928606491,0.7768606225908897,0.0034774251708855897,7.812859066518082E-4,0.6035124269323048,,BOMBAY
71251,1004.753 px,382.61202098630577,238.24285171703343,1.6059748203515585,0.7824807552072102,71954,301.1969302664373,0.7590148391976393,0.9902298690830252,0.8869154183625525,0.7872124077283436,0.005369917909731874,0.001272082072143039,0.6197033748814559,0.9952280161465005,CALI
73846,1040.717 px,403.91205723808366,235.07822030387078,1.7182028037985486,0.8131862989659485,-74693.0,306.632756600649,0.7997530757234448,0.9886602492870817,0.8567843842134794,0.7591572252073328,0.0054696538368778766,0.0011206410404798577,0.5763196925844969,0.9902341116830004,CALI
93120,1153.5829999999999 px,445.33754778224124,269.9330958124838,1.64980713625278,0.7953644820048268,94679,344.3313323032604,0.7687989168125227,0.9835338353806018,0.8793365731704844,0.7731917823188573,0.0047824049375240684,0.0010543262686829112,0.5978255322454114,0.9862968293325962,CALI
81378,1088.355 px,436.62020648538777,238.52618648086593,1.8304917079635301,0.8375887352627553,82133,321.89080084938445,0.7787368421052632,0.9908075925632815,0.8633277935098341,0.7372329454023037,0.00536533469101462,9.776772737538372E-4,0.5435124157865561,0.9948949702725174,CALI
213012,1753.363 px,638.1534742962785,427.18343588372994,1.4938628717569706,0.7428972316706784,215532,520.7833540956609,0.7298530782303602,0.9883080006681142,0.8707034367506498,0.8160785376432416,0.002995856920249932,8.196504016340566E-4,0.6659841796019315,0.9948890390848514,BOMBAY
64295,961.5489999999999 px,352.1611741899564,232.98368004614593,1.5115272199331968,0.7498723611629196,64960,286.1169979724156,0.7281921761388089,0.9897629310344828,,0.8124603702567268,0.005477271548175696,0.0014721524324736062,0.6600918532376975,0.9977468038249288,CALI
76440,1057.9119999999998 px,408.297551167493,241.86678664420953,1.6881092143011194,0.8056596272360547,77990,311.9718429595142,,0.9801256571355302,0.858284867678162,0.7640796327762843,0.005341412234006973,0.0011230274010274924,0.5838176852235417,0.9855480138978112,CALI
195106,1648.761 px,619.8388104424068,404.00922868421407,1.5342194346923985,0.7583932700482219,197343,498.4141597257231,0.7910493752077911,0.9886644066422422,0.9019138938019432,0.8041028592094491,0.0031769336178405936,8.192837265481513E-4,0.6465814081888113,0.991997762554053,BOMBAY
67658,1068.8239999999998 px,967.6097433,236.35783707507395,1.5495133598595188,0.7638752673699294,69020,293.5044141366389,0.7620517210308163,0.9802665893943785,0.7442461992370771,0.8013999389897264,0.0054131015734329505,0.0013772829122733535,0.6422418622127372,0.9951623457596925,BARBUNYA
90861,1154.126 px,443.9256649852677,262.05642280138164,1.6940079553849698,0.807172237057953,92080,340.1291200032447,0.7537267003459174,0.9867615117289313,0.8571975607968666,0.7661848521745918,0.004885766885520385,0.0010385962507812021,0.5870392277018011,0.9944491218498998,CALI
79295,1067.7679999999998 px,409.30839680207396,248.04394217027084,1.6501447010590666,0.7954589603694384,80278,317.7444408636833,0.8106878501615343,0.9877550511970901,0.8739807453909537,0.7762959258745246,0.005161843707700031,0.0011563620785639663,0.6026353645293853,0.9944355534489643,CALI
77361,1078.14 px,400.49738132139044,247.427608902786,1.6186446738801301,0.786334631061825,78594,313.8456378862974,0.7038577017559822,0.9843117795251546,0.8363375974239524,0.7836396753726665,0.0051769933341268915,0.001204267684762215,0.6140911408181781,0.9939953543623169,CALI
176818,1633.063 px,643.6465922362436,353.81561865517585,1.8191582233782995,0.8353589870823527,178964,474.4804209037313,0.7307012033853478,0.9880087615386335,0.8331639294417679,0.7371753795125794,0.0036401644189858703,6.631076698441084E-4,0.5434275401595154,0.9885806784914235,BOMBAY
72923,1083.134 px,406.96315282678665,229.19767588652255,1.7755989507863819,0.8263272675428324,74095,304.71043191975275,0.6899315016651529,0.9841824684526621,0.7811060713629309,0.7487420662121833,0.005580724227291618,0.0010819302394694987,0.5606146817156894,0.9954268406498197,BARBUNYA
72611,1084.358 px,421.7584937146704,221.20702136445013,1.9066234476337045,0.8514182012339758,73817,304.05788360567936,0.6815630397236615,0.9836623000121923,0.7760092644845934,0.7209288920957255,0.005808465572911411,9.678563535106104E-4,0.5197384674583705,0.9909455486933364,CALI
76559,1054.793 px,404.53215943302234,243.56164899811722,1.6609025316467185,0.7984340397714944,77900,312.2145837487085,0.7898869217118567,0.982785622593068,0.864712303142616,0.7717917512078574,0.0052839268986405565,0.0011564772497712288,0.5956625072324914,0.9893373662694767,CALI
188557,1648.893 px,620.4363872840922,390.1882186939718,1.5900951324486456,0.7774917078455991,190364,489.9777840235495,0.7335706504824152,0.9905076590111576,0.871500368760178,0.7897308959720847,0.003290444731747388,7.894977175307809E-4,0.6236748880528715,0.9917024037233251,BOMBAY
69833,1017.734 px,388.5455471822621,230.60915433786414,1.6848661029865548,0.8048199972949571,70911,298.18473657699286,0.796907451785918,0.9847978451862194,0.8472313092328022,0.7674383061121993,0.005563924608455345,0.0011905150526961544,0.5889615536883618,0.9923213577718166,CALI
54187,931.202 px,353.78485008914913,195.56197229691682,1.8090677135941668,0.8333332616095189,55164,262.6652455323396,0.7691335945040595,0.9822891740990501,0.7852666822718789,0.7424434524716121,0.006528961745236849,0.0012237069120379592,0.551222280117967,0.9971984299751739,BARBUNYA
81585,1101.981 px,408.0632573525441,258.61607896320277,1.5778727254255736,0.7735259095351613,83500,322.29993524234266,0.7456473061280446,0.9770658682634731,0.8442517483094015,0.7898283646838934,0.005001694641815825,0.0012006815630347695,0.6238288456592332,0.9843225208994238,CALI
71154,1028.27 px,354.5973513312249,256.05507027506627,1.3848479975432626,0.6917877383866863,72195,300.99183803898364,0.7497392128971077,0.9855807188863495,0.8456581773363607,0.8488270905267732,0.004983519567855987,0.0015958529013461531,0.7205074296121469,0.9977932711134249,BARBUNYA
165397,1538.645 px,571.3442983788444,370.28377639777796,1.5429903625188182,0.7615618923921249,166731,458.9008618215504,0.8039908613649621,0.9919990883518962,0.8779315010649031,0.8031949616433636,0.0034543812667632693,8.868168465048827E-4,0.6451221464092843,0.9954172545569796,BOMBAY
154875,1532.26 px,580.3288416240446,343.3166650501213,1.6903602437688876,0.8062390610225981,157383,444.0641558275767,0.8081474833282892,0.9840643525666686,0.8289460275219854,0.7651940141125289,0.0037470788805426605,7.924262514545921E-4,0.5855218792336451,0.9897429065134014,BOMBAY
67455,1001.0210000000001 px,386.597547583034,223.78450182432795,1.727543884547086,0.8154294309345905,68436,293.0637703471898,0.7634110457220462,0.9856654392425039,0.8459362461383569,0.7580590517953173,0.00573119186988413,0.001167446163947157,0.5746535260088156,0.9927391845899491,CALI
62388,951.604 px,355.911247996822,224.8017623136799,1.5832226773213498,0.7752756102612183,62942,281.8419215037701,0.8029343629343629,0.9911982460042579,0.8657617804330541,0.7918882111483218,0.005704802974880137,0.0013838082750077174,0.6270869389556893,0.9928182624066764,CALI
74636,1040.8319999999999 px,404.5744014286923,235.7642731444873,1.716012337377132,0.8126540724142997,75184,308.268562556829,0.7892978003384095,0.99271121515216,0.8657588666881563,0.7619576559174925,0.0054206334936048595,0.001127075878680509,0.58057946941128,0.9962815323376257,CALI
68045,1028.051 px,401.01686576145687,217.55904533227584,1.8432553109846004,0.8400438915970124,69048,294.3426316752368,0.6877052908181313,0.9854738732475958,0.8090526089809807,0.7339906542741902,0.005893406800815003,0.0010551356659136832,0.5387422805618539,0.9930395698975928,CALI
76455,1065.907 px,370.7141125731267,263.9559258246353,1.4044545937544834,0.7021590105496249,77338,312.002450940256,0.7652157376917919,0.9885825855336315,0.8456236644895894,0.841625501588399,0.004848788340502606,0.0015006815205138014,0.7083334849239243,0.9948222168115277,BARBUNYA
70877,1088.816 px,348.913971608316,261.2204117270317,1.3357071497648572,0.6629461301125553,72790,300.4053914499441,0.7231830379462691,0.9737189174337134,0.7512875685598102,0.8609726634483222,0.004922809537767061,0.0016685923418825305,0.7412739272052978,0.9901248845023904,BARBUNYA
163558,1524.8600000000001 px,574.7716573071051,363.95645083351326,1.5792319547868827,0.7739725064635117,164798,456.34253961009784,0.7995287630518947,0.9924756368402529,0.8839378098631498,0.7939544927252221,0.0035141763613342368,8.613620985655268E-4,0.6303637365185649,0.9954905558489766,BOMBAY
70040,1048.175 px,363.10953495290937,247.00751340434707,1.4700343724302236,0.7329744188673722,71356,298.62635133767213,0.7829197406662195,0.9815572621783732,0.8011030904761774,0.822413962157177,0.00518431660412492,0.0014629624446225555,0.6763647251510666,0.9942793942713886,BARBUNYA
61348,949.0609999999999 px,356.93935562443517,219.2460921673,1.6280306394335442,0.7891200063532787,62159,279.4829146663759,0.7399884203416,0.9869528145562187,0.8558980137759908,0.7829983168357667,0.005818272080987729,0.001349016007436091,0.6130863641676438,0.9981233854838358,BARBUNYA
72431,1010.0029999999999 px,378.8942068547002,244.54320330678004,1.5493957784603667,0.7638338872830158,73434,303.68077559291197,0.777815959880156,0.9863414767001661,0.8922550562640703,0.8014922638006144,0.0052311055605293345,0.0013315901864132237,0.6423898489322339,0.9953161200613959,CALI
74336,1061.328 px,418.1548206462164,227.54493635812474,1.8376801845772461,0.8389786563094521,75175,307.6483947584207,0.706186350509196,0.9888393747921517,0.8292964537122847,0.7357284421185936,0.005625199373738383,0.0010166883908181285,0.5412963405422526,0.9947295589986749,CALI
63911,1007.098 px,364.06681649204324,224.30469313056307,1.623090499850253,0.7876612246395555,65289,285.26130572436387,0.7066674038036267,0.9788938412289973,0.7918483387282925,0.7835410776323755,0.005696465655239994,0.0013244401088279177,0.6139366203373043,0.9964746959796503,BARBUNYA
92325,1190.336 px,440.0792858152135,274.8628246717683,1.6010869652552724,0.7809642785673666,96424,342.8583395043409,0.7082527846819479,0.9574898365552145,0.8188230196571622,0.7790831119652039,0.004766631852859068,0.001083244605345993,0.6069704953493864,0.9718125483984383,CALI
73304,1022.4389999999997 px,391.463442817057,240.10467041082586,1.6303866232474862,0.7898101027168589,73984,305.50540353202655,0.8179241704045882,0.9908088235294118,0.8811761293176206,0.7804187316535677,0.005340273966182705,0.0012219516993700109,0.6090533967157633,0.9929925108488249,CALI
202626,1715.4599999999998 px,644.7516591274558,406.4288112403031,1.5863827595289328,0.7762989762038791,207843,507.92857371042544,0.7440185062789161,0.9748993230467228,0.8652544536852078,0.787789479127214,0.0031819789125159446,7.559929857868204E-4,0.620612263423527,0.984528595047312,BOMBAY
93503,1179.367 px,453.2093772591124,267.5462335754086,1.693947887819449,0.8071569277803985,95555,345.0387183366121,0.7911244606142651,0.978525456543352,0.8447680229239134,0.7613229903214114,0.004847003596238756,0.0010044512965570985,0.5796126955919358,0.9818337014512969,CALI
84080,1114.181 px,437.08098155834693,248.09838669669827,1.761724400460052,0.823286763135148,85529,327.1910465176767,0.7674333698430084,0.983058377860141,0.8511205384179099,0.7485822086129803,0.005198394166964164,0.0010069478382908135,0.5603753230518878,0.987226880036195,CALI
63716,979.012 px,373.0874675560065,218.67832619944068,1.7061017158862852,0.81021591922803,64479,284.8257903216379,0.7522550177095632,0.9881666899300547,0.8353766605708626,0.7634289947809113,0.00585547535243905,0.0012269207773757528,0.5828238300721925,0.9943567365455844,CALI
86088,1215.805 px,417.95528370798803,263.6405929881982,1.5853221955341972,0.7759563540373215,88243,331.07498535401413,0.7363801996458723,0.9755787994515146,0.7318543056709023,0.7921301590371223,0.004854977275671267,0.0011791068401915564,0.6274701888561768,0.9947424174297316,BARBUNYA
80134,1108.3329999999999 px,423.2501817367761,244.37499481701843,1.7319700898763994,0.8164775540334402,82202,319.42100381441344,0.7347698514579131,0.9748424612539841,0.8197589314666152,0.7546860405438995,0.005281780289724413,0.0010568792270096215,0.5695510197918284,0.9864453309380481,CALI
68478,1070.054 px,361.96366798151075,243.27804929049148,1.4878599571032407,0.7404547030666376,69587,295.2776617768003,0.6868060779298932,0.9840631152370414,0.7515355727904777,0.8157660226602721,0.005285838780068208,0.0014439632030202301,0.6654742037269596,0.9901324202105073,BARBUNYA
84700,1159.78 px,417.00127024987313,259.1163751100444,1.6093204069900116,0.7835091069543426,86013,328.39517267930154,0.8050106447688564,0.9847348656598421,0.7913016000846521,0.7875160008086365,0.004923273556669105,0.001168076473034873,0.6201814515296284,0.9980706659833177,BARBUNYA
75775,1074.69 px,414.5542192592046,234.1175855061598,1.7707094422785143,0.8252651943474445,76841,310.6118582770255,0.7149664100241546,0.9861271977199672,0.8244596269671127,0.7492671497399764,0.005470857397020187,0.0010636088100610362,0.5614012616794682,0.9940785149629056,CALI
77063,1129.944 px,402.72537789030946,245.26699188744186,1.6419876755170077,0.7931564239738123,78491,313.2405769307767,0.6910240315638451,0.9818068313564613,0.758476160246394,0.7778019318566366,0.005225923956896429,0.0011798285973655452,0.604975845199916,0.9933628818037471,BARBUNYA
66768,980.1719999999999 px,372.0655422715821,229.54476716218272,1.620884443898922,0.7870046017292215,67547,291.5675872295776,0.8023071377072819,0.9884672894429064,0.8733204847369904,0.7836457669513331,0.005572512914443777,0.0012963134118772048,0.614100688060743,0.995386252265283,CALI
64783,1059.216 px,355.2919273600474,232.7027317626104,1.5268060012397933,0.7556617650868865,66071,287.200761535512,0.7308551444043321,0.9805058194972075,0.7256076535062942,0.8083514975122617,0.005484338906195258,0.0014444583901662776,0.6534321435303161,0.9976641181450685,BARBUNYA
68015,993.761 px,386.98786978852297,224.32314119220806,1.7251357471717017,0.8148552227551156,68625,294.27773893919004,0.7775097738860056,0.9911111111111112,0.8654673100101826,0.7604314292848606,0.005689742994758847,0.0011735798544305362,0.578255958644216,0.9975700252721781,BARBUNYA
62831,1046.743 px,356.0906095121082,225.78747323584554,1.5771052503880716,0.7732731186523273,64195,282.84079238196,0.7482731516768293,0.9787522392709712,0.7206156759941016,0.7942944431179743,0.0056674350163471564,0.0013915294716239212,0.6309036623680928,0.9950014784097825,BARBUNYA
74165,1040.808 px,403.8680893038351,236.12082448755717,1.7104297775527957,0.8112867993330827,75326,307.2943390875975,0.7836207260893453,0.9845869951942224,0.8603350604808733,0.7608779877045845,0.00544553481162051,0.001125849610180087,0.5789353121733778,0.990228197218169,CALI
86498,1145.822 px,380.1703566089137,290.37565657203595,1.3092363220007102,0.6454482002562538,87924,331.86243255376485,0.7598742005762879,0.9837814476138483,0.8279071186249607,0.872930850037727,0.0043951346459908175,0.0015742413487034946,0.7620082689475886,0.9976489033710686,BARBUNYA
68843,1102.682 px,371.979447528661,236.3442579432705,1.5738882372930207,0.7722085655315304,70506,296.06355732883236,0.775259009009009,0.9764133548917823,0.7114904595518088,0.7959137508693156,0.005403300953309138,0.0013375282153687993,0.633478698822863,,BARBUNYA
198671,1686.7689999999998 px,623.2703818110278,410.1004499947948,1.5197993121415465,0.7530339961863016,201134,502.94708826285046,0.7924271674271675,0.9877544323684708,0.8774717031995879,0.8069484816548547,0.0031371985937103447,8.205499237382305E-4,0.6511658520450753,0.9896414140281696,BOMBAY
153261,1457.451 px,542.0882388913515,362.1338272028383,1.4969279260059767,0.7441300015970114,154519,441.74423127603575,0.8364770606149916,0.9918586063849754,0.9066790770193002,0.814893590348808,0.003537026633594662,9.621032906241576E-4,0.664051563591571,0.9940373298481563,BOMBAY
57549,929.955 px,362.9373998149163,204.5544340768189,1.774282730427725,0.8260423626763915,58471,270.6910832664495,0.7885585091805974,0.9842314993757589,0.8362262145063615,0.7458340843475795,0.006306580476027669,0.0012037674922735716,0.5562684813745923,0.9869775599841958,CALI
183825,1594.423 px,582.2252397978697,402.76205480678567,1.445581163491622,0.7221243196406081,185116,483.79051180334375,0.7978515625,0.9930259945115495,0.9086724011528641,0.8309335953406978,0.003167279966260681,9.313898254487711E-4,0.6904506398658184,,BOMBAY
76758,1068.229 px,407.1841243006393,242.10327505111496,1.6818612809540516,0.8040369316874484,77884,312.62009048489125,0.7929545454545455,0.9855426018180884,0.8452881612668768,0.767761000068048,0.005304777668785525,0.0011369755863156774,0.5894569532254895,0.9913848264190943,CALI
81277,1086.749 px,410.10826902209783,254.0083983014238,1.614546100697959,0.7850999244302658,81916,321.69098600588705,0.7613841815848392,0.9921993261389717,0.864806670160201,0.7844050225394343,0.005045809626611438,0.0011783439785788639,0.6152912393850904,0.9934160713428123,CALI
73226,1051.9859999999999 px,365.27223528888385,256.88999537041576,1.42190136584412,0.7109093404521578,74288,305.3428219277097,0.8241159655164653,0.9857042860219686,0.8314866004942586,0.8359321963965379,0.0049882860635414175,0.0015025029188382001,0.6987826369723401,0.9935999859391264,BARBUNYA
90548,1166.0620000000001 px,461.9894233915314,253.53837331366165,1.8221676559389581,0.8359557039544085,92762,339.5427724111934,0.7269545111514315,0.9761324680364805,0.8368458001428342,0.734957891283659,0.005102149394702604,9.182961486436613E-4,0.5401631019601228,0.9842677333233933,CALI
74684,1046.993 px,398.94390073626437,240.10666793999883,1.6615277874580225,0.7986048424262544,75767,308.36767366084416,0.8025532463624836,0.9857061781514379,0.8561500337691482,0.7729599903438585,0.005341758619466879,0.0011762295370872536,0.597467146672378,0.9927082662894139,CALI
185950,1641.868 px,622.9177351471676,383.0486917888178,1.6262103186886598,0.7885843411567776,188551,486.5787637613293,0.8139209146378829,0.9862053237585587,0.8668212902716866,0.7811284481190321,0.003349920597726096,7.693148134642266E-4,0.6101616524608475,0.992251175299954,BOMBAY
94940,1183.1019999999999 px,463.50500588985506,262.80778828932915,1.7636654107814158,0.8237171232668035,95985,347.67997120506715,0.6683656228880378,0.9891128822211804,0.8523436193275814,0.7501104988878762,0.0048820834831457246,9.53423694071575E-4,0.5626657605418185,0.9923541396986242,CALI
84955,1107.3579999999997 px,428.8777881171533,254.2604493012838,1.6867656345913167,0.805312472958768,86008,328.8891386515763,0.7995012234142669,0.9877569528415961,0.8706081195703747,0.7668598089340457,0.005048293662729131,0.0010769319980512095,0.588073966558361,0.9919429573884463,CALI
168344,1550.635 px,577.5104099247724,374.4465735220829,1.5423038979704107,0.7613163179349719,170623,462.9710983624099,0.778606182820565,0.9866430668784396,0.8798088808161739,0.8016671048799232,0.0034305375298482417,8.740136012898614E-4,0.6426701470465578,0.9911926728991229,BOMBAY
60276,973.071 px,332.8602516241931,231.65279097984808,1.4368929043170875,0.718094031703824,61313,277.03029942310764,0.7989925768822905,0.9830867842056333,0.7999543952066274,0.8322720963868081,0.00552226842564525,0.0016344009752238156,0.6926768424240923,0.9953024398639437,BARBUNYA
69852,1094.715 px,378.09152194660066,236.36655567889667,1.5995982209100554,0.7804990357994239,70620,298.2252985225106,0.768812529579449,0.989124893797791,0.7324644843666369,0.7887648392301961,0.005412751559677614,0.0012923734511190944,0.6221499716058372,0.9951899877199385,BARBUNYA
64879,991.26 px,390.94958277073164,213.07182069785551,1.8348253724508883,0.8384288976725028,65615,287.413479890684,0.7578614148210447,0.9887830526556428,0.8297339267452124,0.7351676342860678,0.006025826273073439,0.0010857801192277593,0.5404714505017735,0.9916707304659883,CALI
147827,1452.182 px,541.378520394323,349.7474326395277,1.547912778968996,0.7633109765805041,148921,433.8423471487827,0.7838039893532412,0.9926538231679884,0.8808896936885086,0.8013660143604989,0.003662243841749633,9.316455223012603E-4,0.6421874889720315,0.9940502206738185,BOMBAY
90599,1182.444 px,432.9544888808651,266.9800836863116,1.6216733581878908,0.78723978938419,91961,339.6383805070637,0.7546143594869232,0.9851893737562663,0.8142768807382784,0.7844667031516125,0.004778799864025708,0.001116340455984266,0.6153880083535602,0.9979583380952757,BARBUNYA
62417,971.9419999999999 px,325.2218476376426,245.47716353125887,1.324855815340351,0.6559560141407658,63584,281.907418603581,0.7375280633345149,0.9816463261197785,0.8302942992114296,0.8668157463937604,0.005210469065120762,0.0018145283277203755,0.751369538196172,0.9954563021487923,BARBUNYA
68619,1055.776 px,360.48610426921084,243.5502783855451,1.4801301261440314,0.7372534510546517,70143,295.58150199256744,0.7170219435736677,0.9782729566742226,,0.8199525543204498,0.005253444443509973,0.001464801577740696,0.6723221913366301,0.9951243298725178,BARBUNYA
62703,971.2399999999999 px,371.20316505755784,217.96226393510946,1.7030616142254351,0.8094579740878032,64353,282.55254232359846,0.7901880229861882,0.9743601696890588,0.8353049661395495,0.761180315582133,0.005920022408139289,0.0012258950975557949,0.5793954728297156,0.9867461892322845,CALI
85695,1156.716 px,406.8040568158832,268.75674315682033,1.513651534981252,0.7506905094301161,87339,330.31842634960555,0.7132750139417194,0.9811767938721533,0.8048442789901452,0.81198410098232,0.004747115430490498,0.001272915742076152,0.6593181802480663,0.9979779755735314,BARBUNYA
159048,1511.124 px,564.0080168541708,362.61889259095636,1.55537405352563,0.7659231276743388,161042,450.006892292816,0.79735298541134,0.9876181368835459,0.8752615892849069,0.7978732196091625,0.0035461496960299457,8.864870198323686E-4,0.6366016745694909,0.990153727056353,BOMBAY
76885,1059.3089999999997 px,417.9121901855012,236.54815692184926,1.7667108280347792,0.824389045905113,77779,312.87860648654606,0.8087709332660102,0.9885058949073657,0.861005961573733,0.7486706868915854,0.00543554906920077,0.001053383473836749,0.5605077974107185,0.990255194883441,CALI
61484,971.2949999999998 px,386.0691043001248,203.3579528051858,1.8984706473219362,0.8500265938950553,62193,279.7925305802439,0.8073640255272212,0.988600003215796,0.8189731651948858,0.7247213710287914,0.006279180019194015,0.001068481408446288,0.5252210656258512,0.997116776445827,BARBUNYA
63253,1006.449 px,352.1086290797359,230.07623321108946,1.5303998338528284,0.7569921135848646,64388,283.7890429934412,,0.9823724917686525,0.7847068557989315,0.8059701454495637,0.005566670815293123,0.0014489424062206471,0.649587875355991,0.9941291765176204,BARBUNYA
167563,1560.2559999999999 px,576.863825235081,372.76150582003294,1.5475412998078923,0.7631797000173258,169787,461.89591666787663,0.8197036478996571,0.9869012350768904,0.8649604870675482,0.8007018233109814,0.0034426682813931534,8.728873723445439E-4,0.6411234098535301,0.992164955022,BOMBAY
79627,1087.128 px,412.8808937203871,246.93161796213158,1.6720454720533393,0.8014439740556232,80395,318.40892768361067,0.8137992355333892,0.9904471671123826,0.8466596342390225,0.7711883318564139,0.005185187106388375,0.0011313213817872449,0.5947314431914784,0.9944180166760591,CALI
182976,1623.533 px,617.4970769187398,380.38287348286747,1.623356675511712,0.787740232821007,184527,482.672020048253,0.7935467083008066,0.9915947259750606,0.8723318958934922,0.7816587933610101,0.0033747435560879013,7.771223708261908E-4,0.6109904692385901,0.9918554569124988,BOMBAY
71010,1022.124 px,360.2367430946147,252.43365408341342,1.4270551381218732,0.713413040486808,72032,300.6871132450539,0.8047735618115055,0.9858118613949356,0.8541265167318701,0.834693070623503,0.005073042431975985,0.0015189920123346611,0.6967125221468923,0.9942471845235719,BARBUNYA
72036,1058.4289999999999 px,417.1161631251168,220.9535069446745,1.887800600646544,0.848174474756604,72767,302.85158715869755,0.7928241250275149,0.9899542374977669,0.8080458277643561,0.7260605412402952,0.005790384850978911,9.926097403297528E-4,0.5271639095461502,0.9951803450804029,CALI
74399,1070.1609999999998 px,409.6716790651768,235.06525897266846,1.7427997691177761,0.8190028978774625,76275,307.7787336525241,0.7712058546091571,0.9754047853162897,0.8163543710734361,0.7512814514169968,0.005506413783319356,0.0010820797571922931,0.5644238192432292,0.9836777018616732,CALI
80388,1087.792 px,428.2023714816995,241.22820381680754,1.7750924838244995,0.826217725955317,81386,319.92683620192014,0.7681752159620824,0.9877374487012508,0.8537080307031264,0.747139337633475,0.005326695171937347,0.0010238681167497388,0.5582171898393877,0.9908871380255309,CALI
87833,1146.8329999999999 px,446.9078331522115,253.32503998595558,1.7641676210807593,0.8238282053910414,89406,334.41358963523527,0.7213379980946749,0.9824061024987137,0.8392033680967355,0.7482831242327721,0.005088154032678054,9.84019752543423E-4,0.5599276340115584,0.987806202071549,CALI
70731,1016.0709999999998 px,381.86628302354006,238.376110021189,1.6019486306307977,0.7812328362376888,72273,300.09582842595927,0.8239864864864865,0.9786642314557303,0.8609373512294597,0.7858662620063263,0.005398853162312707,0.0012702109620519183,0.6175857817597958,0.9893406973871558,CALI
78807,1088.885 px,426.78678605299143,237.68897087295613,1.7955683197480263,0.8305616250168283,80316,316.76519506085884,0.711999927722164,0.9812117137307634,0.8352387386736947,0.7422094718310424,0.005415594884375645,0.001013752414367157,0.5508749000757149,0.9891335187203134,CALI
83906,1206.297 px,447.42699635870997,239.80600768485465,1.8657872697947757,0.8442390703787456,85675,326.85231717175964,0.6475477522670268,0.9793522030930844,0.7245934205503993,0.7305154133116198,0.0053324791595202965,9.36755958274728E-4,0.5336527690858468,0.9956825430511039,BARBUNYA
84975,1178.1979999999999 px,428.43131792108636,252.95556079266984,1.6937019157773798,0.8070942174478762,86293,328.9278497085196,0.7501456593513304,0.9847264552165297,0.76924463307735,0.7677493123159252,0.005041851343584423,0.0010805566582635982,0.5894390065615761,0.9983339746472569,BARBUNYA
70034,1035.5629999999999 px,393.5953858098193,228.8908125533335,1.7195770394589702,0.8135189878380965,71414,298.61356010064645,0.7070927356252209,0.9806760579158148,0.8206646863624653,0.7586815569147273,0.005620061481706304,0.00114857388197673,0.5755977048025546,0.989784597143755,CALI
69229,1028.2109999999998 px,374.70260482596285,236.6692320100508,1.5832332815025576,0.7752790568517036,70463,296.8924054981376,0.7769373211379833,0.9824872628187843,0.8228741716799545,0.7923414507247272,0.005412509278278797,0.0013159152555179555,0.6278049745365656,0.9939617299791562,BARBUNYA
60918,939.729 px,347.63270340419575,223.8423141421599,1.553024970888292,0.7651057456160097,61747,278.50171738460904,0.8216617210682493,0.9865742465220982,0.8668625515561863,0.8011378522716044,0.005706567901181847,0.0014500526096485257,0.6418218583423589,0.9967653728676115,BARBUNYA
68629,992.208 px,379.46828519477816,232.65467699306723,1.63103656500353,0.7899998467589421,69870,295.6030390838861,0.7582644628099173,0.9822384428223845,0.8760160961872901,0.7789927396229049,0.005529270209310614,0.0012559756410424248,0.606829688385199,0.9897614104859574,CALI
68511,1014.5400000000002 px,393.7455185081585,223.5987804821439,1.7609466279696555,0.8231138528526222,69282,295.3488013338648,0.8137084897144757,0.9888715683727375,0.836434276491306,0.7501007311851985,0.005747186853325138,0.0011223115571865022,0.5626511069245694,0.9907985694622145,CALI
83492,1168.303 px,425.0382554038322,251.07202699739076,1.6928937105695543,0.8068879394449926,85361,326.0449601957193,0.6707531632858004,0.9781047550989328,0.7686767489871787,0.7670955638709307,0.005090766245913766,0.0010873285801225726,0.5884356041104614,0.996158933273796,BARBUNYA
72313,1010.401 px,383.69579492699194,241.3210634850958,1.589980540387803,0.7774550432728292,73001,303.43330601374964,0.7641899246515266,0.9905754715688826,0.8900998102724228,0.7908173871738304,0.005306041720395944,0.0012801334925755738,0.6253921398564442,0.9943613324832332,CALI
72674,1020.7479999999999 px,358.2016450153195,258.74515815865584,1.3843800887500262,0.6915328898302409,73608,304.18976096194166,0.7221184419713832,0.9873111618302358,,0.8492137464888865,0.004928883025777025,0.0015812347010612268,0.7211639872256909,0.9983650646388246,BARBUNYA
75218,1082.347 px,407.9429151237448,236.09925612858683,1.7278449827117062,0.8155010290950865,76163,309.46814387896126,0.8207987778262767,0.9875924005094338,0.8068607882786744,0.7586064922468078,0.0054234746353764365,0.0011079587627203014,0.575483810079006,0.994346813876827,BARBUNYA
71342,1075.003 px,391.5659601213989,232.52452246419304,1.6839770531372535,0.8045888241386618,72680,301.389209495788,0.7238727221072284,0.9815905338470006,0.7757750209745765,0.7697022729001953,0.005488575595321114,0.0011883120169693374,0.5924415889077267,0.9976580410447858,BARBUNYA
67844,1014.851 px,390.1263833998393,225.08254564889242,1.7332591573244411,0.8167810443770841,69449,293.9075767533263,0.6965288543474021,0.9768895160477473,0.827783454337059,0.7533650356892201,0.005750344664227335,0.0011426033167259305,0.5675588769990197,0.9837266208793269,CALI
86618,1119.543 px,434.5556246368205,254.9712048055217,1.7043321616190978,0.8097753212144247,87412,332.0925516868307,0.7368859850611675,0.9909165789594107,0.8684332798812898,0.764211835859625,0.005016920555044223,0.0010555335091257433,0.5840197300679386,0.9953636089748917,CALI
80410,1233.0369999999998 px,404.0786746112321,255.83869000158413,1.579427547134212,0.7740366554621292,82818,319.9706108256732,0.6812213016147343,0.9709241952232607,0.6646112809658365,0.7918522578146939,0.0050252291333320745,0.0012187433782792068,0.6270299982062287,0.9903484520464333,BARBUNYA
78791,1164.715 px,414.6113965672888,243.35875115162824,1.7037044881486882,0.809618650257023,80403,316.73303738200127,0.8078973812111642,0.9799509968533513,0.7298727328042732,0.7639274752318524,0.0052621669552015944,0.00110548513180248,0.5835851874141125,0.9942567030145169,BARBUNYA
70419,1051.305 px,409.80351232359874,220.30531732378512,1.8601616942422958,0.8432078580515374,71179,299.43322377569496,0.6884519875642805,0.9893226934910577,0.8006491698114627,0.7306751034853245,0.005819502013996205,0.0010232054025317372,0.5338861068532897,0.9931144850566388,CALI
162019,1575.185 px,596.6920014831778,350.2521851505393,1.703606791851186,0.8095942463871106,164165,454.190486248277,0.7156316254416961,0.9869277860688941,0.8205644096041705,0.7611807852615932,0.0036828520203382184,7.626324815598277E-4,0.5793961878514557,0.9870632807964255,BOMBAY
77929,1066.917 px,415.60543462851905,241.49825592793673,1.7209459051022549,0.8138494499541092,78924,314.9956896239479,0.812776387150605,0.9873929349754194,0.8602955908712917,0.7579200447787714,0.005333129318078239,0.0010855640422644558,0.5744427942774547,0.9885849745272828,CALI
76655,1079.305 px,423.9748355968092,232.05978770482508,1.8270069096852568,0.8369081828937304,78011,312.4102708005515,0.7985228551189633,0.9826178359462127,0.826917102174085,0.7368604090872195,0.005530948217295796,0.0010058199528373917,0.5429632624801846,0.9919976322565467,CALI
83001,1119.895 px,432.2294072908437,246.75917620976762,1.7516244539713068,0.8210205569572703,84155,325.0848434679218,0.73975935828877,0.9862872081278593,0.8316461426708252,0.7521118137368539,0.005207520479161018,0.001027875207118469,0.5656721803625401,0.990845224054293,CALI
79395,1108.2669999999998 px,392.84016593333257,258.9016322225889,1.5173336782812978,0.7520984117127395,80739,317.94473364760773,0.7475988700564972,0.9833537695537473,0.8122958108507645,0.8093488426577158,0.004947920724646799,0.001309620593381643,0.655045549111384,0.9939226724749689,BARBUNYA
83600,1107.153 px,424.8789302882029,253.27398527259834,1.6775466688017977,0.8029038138451019,84653,326.2557676729403,0.7237531274619293,0.9875609842533637,0.8570395406172925,0.7678793755473712,0.005082283855122044,0.0010899603318290504,0.5896387353910207,0.9891464963517116,CALI
76105,1095.088 px,420.1008569508348,237.1547469941714,1.7714208223762,0.8254203486397528,79400,311.2874805578752,0.6836535783904205,0.9585012594458439,0.797489574645416,0.7409827316641389,0.005520016516008604,0.0010264847176628,0.5490554086244493,0.9726081834756228,CALI
69586,1028.61 px,396.0922412845323,227.71418530635577,1.739427171617125,0.8182223390002042,71604,297.6569282915165,0.7777579076785515,0.9718172169152561,0.8264760110722981,0.7514838647841503,0.005692125445988162,0.0011197804123090345,0.5647279990309233,0.9823032260873574,CALI
70878,1026.542 px,360.2270008343847,251.13364720381526,1.4344035729391185,0.7169215323199565,71854,300.40751064468884,0.7329982625961777,0.9864169009380132,0.8452163173148879,0.8339394602538469,0.005082352786963298,0.0015162913851931188,0.6954550233684779,0.9975631703382026,BARBUNYA
76321,1096.901 px,418.02604953796146,234.12504413481065,1.7854819892623681,0.8284433560173392,77327,311.7289131500836,0.6559491886688669,0.986990313861911,0.797111456900459,0.7457164774650608,0.0054772087569340214,0.0010448020457710172,0.5560930647628984,0.9928941514878667,CALI
62499,1002.9960000000001 px,353.6828433774346,225.35230704525884,1.569466263801783,0.7707321503274073,63749,282.0925350065168,0.7237450060795553,0.9803918492839103,,0.7975861433162033,0.005659016038295567,0.0014126386632614387,0.6361436560100152,0.9984060070392453,BARBUNYA
73097,1028.6680000000001 px,376.5884966121909,249.01087878501625,1.5123375269773611,0.7501849509044485,74018,305.07374682444606,0.731606497652958,0.9875570807100975,0.8680784148896584,0.8100984219350958,0.005151900852458937,0.0013686689155652692,0.6562594532217325,0.9924857985408702,BARBUNYA
171708,1535.0959999999998 px,552.185431222889,397.3292133395688,1.3897428446847568,0.6944327808667121,172804,467.5739682097211,0.7350671033198485,0.9936575542232818,0.9156496076390817,0.8467698381216172,0.003215839863156574,0.001019848584483374,0.7170191587525101,0.9964722453781845,BOMBAY
82892,1101.3870000000002 px,423.5195824811713,250.00402369920957,1.6940510645169682,0.8071832229971985,83670,324.871316588872,0.7543316831683168,0.9907015656746743,,0.7670750775811294,0.005109293809790708,0.001091169280520766,0.5884041746460956,0.9967867184254464,CALI
232657,1041.8410000000001 px,397.15082001624796,232.59289729898325,1.707493326873761,0.8105612844949999,73413,300.93684111109206,0.7079949036470775,0.9688747224605996,0.8234696028176614,0.7577394429118397,0.0055836072997447975,0.0011354661884163625,0.5741690633443451,0.9803898441578272,CALI
71540,1024.667 px,404.2473611021698,228.24144365592176,1.7711391701131205,0.825358945217107,73026,301.80715205301806,0.8069937958262832,0.9796510831758551,0.8562356388464012,0.7465902838058084,0.005650648044480987,0.0010829473806107253,0.5573970518732373,0.9872277518782655,CALI
68451,1002.0409999999999 px,384.8935976540137,228.07120577375846,1.6876027657600037,0.8055288859313144,69370,295.2194439339432,0.7202335858585859,0.9867521983566383,0.8566800981070192,0.7670157304079661,0.005622906862631864,0.001200487758605032,0.5883131306932659,0.9928388664908819,BARBUNYA
75312,1054.8009999999997 px,405.3258410473296,239.7280026612762,1.69077386265982,0.8063452332053588,77102,309.6614548068496,0.7744164524421594,0.9767840004150347,0.8506148870945042,0.7639815265829316,0.005381955611952008,0.0011309705685987193,0.5836677729599868,0.9868502149976118,CALI
56270,920.4809999999999 px,924.4582598,194.09234575781633,1.9274300517924166,0.8548801233859478,57445,267.6661898377298,0.7666212534059945,0.97954565236313,0.8345591483422765,0.7154948003170242,0.006648292518864396,0.001074770680352105,0.5119328092806983,0.9867146811061336,CALI
164154,1532.7749999999999 px,589.4302659803892,356.9019466787001,1.6515187755784981,0.7958428261971483,165847,457.17323218497376,0.7488094151993431,0.9897917960529886,0.8780202195015446,0.7756188620965457,0.003590715218516693,8.015934748334118E-4,0.6015846192399403,0.9935282937740032,BOMBAY
73445,1040.3229999999999 px,411.9538250057579,228.41008860348634,1.8035710573226844,0.8322133334346384,74112,305.7990816910247,0.7438598268091355,0.9910001079447323,0.8527774323336298,0.7423139758120962,0.005609011164895607,0.0010505497317684334,0.5510300386859616,0.9938218294893996,CALI
63529,967.4279999999999 px,368.43391325663845,221.9855910873141,1.6597199460199266,0.7981103617746079,65036,284.4075157893689,0.7756898656898656,0.9768282182176026,0.8529912524797658,0.7719363108446001,0.005799460297763831,0.0012702617549659584,0.5958856680003712,0.9890033287276243,CALI
62080,952.938 px,352.98817850527627,225.47913025039978,1.5655026614360041,0.7693956934303982,62772,281.1453555319008,0.7243451373898839,0.9889759765500542,0.859077374622623,0.7964724391689463,0.00568602091664427,0.0014114686113711314,0.6343683463557308,0.9931053345506534,CALI
90015,1167.663 px,418.7300667866511,274.5442235738921,1.5251825783686617,0.7550569542482845,91331,338.54195843253416,0.7711781638737535,0.9855908727595231,0.8296400560543996,0.8084968940265426,0.004651781000795991,0.0012260620404205068,0.6536672276505663,0.9969618676631858,BARBUNYA
66302,1011.15 px,387.4959487339613,220.58734873359415,1.7566553610558353,0.8221550488904115,67497,290.5483235109622,0.728657464392474,0.9822955094300487,0.8149018818683686,0.7498099643628549,0.0058444081435546635,0.0011395283389585662,0.5622149826578259,0.9876179633517834,CALI
76305,1164.13 px,394.7024530933118,246.78997357400053,1.5993455786604693,0.7804199268202551,77830,311.6962358788065,0.711402200261048,0.9804060131054864,0.7075545012139367,0.789699261902277,0.005172694490443769,0.00124091924515667,0.6236249242490014,0.9973917653401104,BARBUNYA
83334,1157.753 px,413.45522109582987,257.4347017749689,1.6060586169818045,0.7825066072895144,84564,325.7363108727058,0.7871500358937545,0.9854548034624663,0.781268406360647,0.7878393940929513,0.004961422961766264,0.001179062390733195,0.6206909108847487,0.9968659859087359,BARBUNYA
56823,948.496 px,313.2609836972265,231.28338060880458,1.3544465792251619,0.674462696486296,57838,268.9782345292759,0.7660357518401683,0.9824509837822885,0.7937121260961051,0.8586394365320935,0.005512925816961908,0.0018484394836758796,0.737261681968151,0.9985815631355516,BARBUNYA
87831,1160.439 px,461.1062166328405,244.48483724295826,1.8860319594160087,0.8478640357194643,88699,334.40978223376493,0.7030585862143491,0.990214094860145,0.8196209660449694,0.7252337317760376,0.0052499256143370854,8.958697969745634E-4,0.5259639657057976,0.9919848488223197,CALI
61645,952.199 px,335.13913619342435,235.84396955994222,1.421020587546739,0.7104778417789365,62499,280.1586188843725,0.795522002839076,0.986335781372502,0.8543823712847177,0.8359471891778105,0.005436598851381691,0.0016376550134135223,0.6988077030942824,0.9930201328332243,BARBUNYA
68330,1027.922 px,398.704461258229,219.57078045384986,1.8158356974189016,0.834696240966403,69292,294.958400612279,0.7023765470169812,0.9861167234312763,0.8126451776492436,0.7397920747649804,0.005834984066416347,0.0010780977388875545,0.5472923138850745,0.9937929204755086,CALI
73674,1092.816 px,378.1779296439969,249.59715424181772,1.515153210751778,0.7512662477144502,75048,306.2754482795158,0.81389748121962,0.9816917173009274,0.775229023851385,0.8098712914522338,0.005133126064065978,0.0013621524313183193,0.6558915087185093,0.9937761253396771,BARBUNYA
81804,1103.196 px,438.34784539064964,238.55253287133246,1.8375317172887882,0.8389501375860348,82342,322.7322229302727,0.8127086313781593,0.9934662748050812,0.8446543967694938,0.7362468558335404,0.005358513586018405,9.712206581850387E-4,0.5420594327247742,,CALI
66700,993.616 px,373.65987294643173,229.83064665944053,1.6258052543363162,0.7884648485786547,67836,291.4190756176324,0.7958097692509605,0.9832537295831122,0.8489821230715731,0.7799046585326291,0.005602097045673639,0.0012784873890858074,0.6082512764008968,0.9888981211293489,CALI
71475,1051.2939999999999 px,378.28452340445943,241.7950749134216,1.5644839893447373,0.769050196016579,72499,301.6700125301581,0.7831675140252454,0.9858756672505827,0.8126726731708549,0.7974685557188773,0.005292543174598943,0.0013203784981025773,0.6359560973603522,0.9949431322464342,BARBUNYA
106700,1255.058 px,469.42267432228306,291.87301689603794,1.608311310563821,0.7831997531695291,108228,368.58467062975075,0.6964661035756713,0.9858816572421185,0.8512295485410776,0.7851871901200457,0.0043994627396652585,0.0010315071186925819,0.6165189235286128,0.9915543578876995,CALI
77285,1062.163 px,419.57686503665354,236.75178708185706,1.7722225889327061,0.8255949577198639,78200,313.6914379049212,0.7873370008149959,0.9882992327365729,0.8608405920641642,0.7476375940735379,0.00542895600746139,0.0010463105639441472,0.5589619720720684,0.990605033260492,CALI
87657,1143.783 px,443.1117396550691,256.06447295481746,1.7304694186657283,0.8161232475436249,89803,334.0783722015691,0.7442687814155685,0.9761032482211062,0.8419943794131207,0.7539370824650805,0.005055063938476894,0.0010075041284656218,0.5684211243159577,0.9836353725523551,CALI
66990,1004.139 px,375.1813691824922,230.3418977153479,1.6288021107047321,0.7893463759425229,68239,292.0519082317535,0.7553445787479705,0.9816966837145914,0.834895598824348,0.778428600727496,0.005600557832250965,0.0012684874822762508,0.6059510864305674,0.9869744085619335,CALI
66370,1004.139 px,339.2870724377224,249.88308460283724,1.3577832728333066,0.6764434615624486,67637,290.69727997363987,0.7205358693764113,0.9812676493635141,0.8271685459616656,0.8567885533776081,0.005112054730114847,0.0016992993074078024,0.7340866251988943,0.9967305405057114,BARBUNYA
164326,1532.137 px,575.6881804454366,366.3518000715427,1.5714080846143348,0.7713823715664512,165918,457.4126817526492,0.8424641381361059,0.990404898805434,0.8796723607245168,0.7945493711521536,0.003503329847044513,8.612799652150414E-4,0.6313087031982828,0.992043600093173,BOMBAY
170292,1550.8609999999999 px,584.6314867511512,372.50581078178664,1.5694560187508793,0.7707287118995891,171705,465.6420390729775,0.806039664883798,0.9917707696339653,0.8897302585022931,0.7964710242696497,0.0034331118710870224,8.522119921058696E-4,0.6343660925011448,0.9956096819673989,BOMBAY
92055,1155.5249999999999 px,435.52469817819514,271.33977202188447,1.6050897917872085,0.7822074157020059,93695,342.35663611298,0.8082089552238806,0.9824963978867602,0.8663603228071329,0.7860785795732408,0.004731135714281627,0.0011143176691997768,0.6179195332638838,0.9918163349877761,CALI
86045,1120.98 px,443.5950004541303,249.0735918803132,1.7809796578807522,0.8274843865776078,86694,330.99229088717016,0.8163042653309047,0.9925138994624773,0.8604780068469601,0.74615874964397,0.005155383816074499,9.857475596244303E-4,0.5567528796702527,0.9915655531592503,CALI
51695,880.771 px,306.3289695366183,216.056112997146,1.4178213487561204,0.7089015172958156,52714,256.5543183520485,0.7734835562737529,0.9806692719201731,0.8373989079325223,0.8375124257432669,0.0059256982210391385,0.0017983918663856662,0.7014270632743711,0.9944982649057134,BARBUNYA
71081,1078.031 px,397.446496296179,228.98613564132313,1.735679302954512,0.817348700836208,72466,300.83739807297906,0.6976933647428347,0.9808875886622692,0.768600908962078,0.756925525514744,0.005591458987580071,0.0011321852969158914,0.5729362511757716,0.9944335930781344,BARBUNYA
72543,1046.539 px,402.4939348252614,231.9320394595106,1.7353960054989581,0.81728239514644,73687,303.91547557457966,0.7516474635278515,0.9844748734512193,0.8323280698984327,0.7550808826635398,0.0055483497349883715,0.001112544755033787,0.5701471393639503,0.9894310681988572,CALI
72714,1034.73 px,405.8395078303922,230.1383267559322,1.7634590185440766,0.8236714402311588,73432,304.2734629504726,0.7933359518198482,0.9902222464320732,0.8534416197884837,0.7497383992433632,0.005581311822075422,0.001087815062385563,0.5621076673000006,0.9912538352929593,CALI
70046,1110.9539999999997 px,380.2886320732078,235.46722175985784,1.6150385146219912,0.7852488654081705,71441,298.6391420268268,0.7007122564123084,0.9804733976288126,0.7131831107276156,0.7852960010893436,0.005429127031853465,0.0012736300872071332,0.6166898093269143,0.9959777936378585,BARBUNYA
71786,1035.26 px,398.2697222520117,231.98373315917348,1.7168002119301298,0.8128457802658612,72984,302.32560916726584,0.7907427602084091,0.9835854433848514,0.8416872533264151,0.7590976473375105,0.005548013850221655,0.0011363389182936483,0.5762292381933436,0.9892704782506694,CALI
69221,1034.794 px,420.18589381247085,212.60114866333157,1.9764046264767077,0.8625515062477397,70186,296.8752507807154,0.8039605110336817,0.9862508192517027,0.8123439104896178,0.7065331205840313,0.006070208373361709,9.33068361432954E-4,0.4991890504822094,0.9865995488595535,CALI
63962,979.26 px,377.974519152818,216.81657897529414,1.7432915920875567,0.8191162858572558,64599,285.37510010572134,0.8192903804278212,0.9901391662409634,0.8381772496174767,0.7550114773486675,0.0059093605445861295,0.0011844983645281383,0.5700423309282175,0.9937500026411541,CALI
181168,1672.5240000000001 px,653.0310214849467,360.19470764643023,1.8129944933171165,0.8341261910569782,186215,480.2814402416358,0.7527089011500365,0.9728969202266198,0.8138542526356105,0.7354649694121874,0.0036045605266103653,6.505490585357084E-4,0.5409087212324697,0.9806645329816708,BOMBAY
219200,1592.405 px,591.5388324167595,388.9329689046206,1.5209274597696156,0.7534601696351877,181562,478.3648996085803,0.7972612097876041,0.9898822440819114,0.8906586522555304,0.8086787771044517,0.003291355306255443,8.682778314713847E-4,0.6539613645391515,0.9946277969560035,BOMBAY
86740,1131.888 px,437.84463814211824,254.43842206935207,1.7208275172480645,0.8138209060187722,87543,332.3263427872187,0.7855816691572703,0.9908273648378512,0.8507899879609501,0.7590051672149294,0.0050477823166027004,0.001033378236263172,0.5760888438589631,0.9913495348921272,CALI
73841,1029.369 px,379.9428422904919,249.0095760811012,1.5258161885579309,0.7552932948869854,74832,306.62237560685156,0.793989247311828,0.986757002351935,0.8757199898608441,0.8070223767300716,0.005145418430011673,0.001346302857812274,0.6512851165430537,0.9937413741882297,CALI
73913,1062.106 px,363.6795049299866,259.5083294178823,1.4014174641167647,0.7005908139255703,74902,306.77182802534213,0.7270607908715325,0.9867960802114764,0.8233698678028426,0.843522452782705,0.004920372666919035,0.0015366124525342329,0.7115301283485507,0.9971507481129022,BARBUNYA
160359,1496.0929999999998 px,534.1527617467409,384.1252534550734,1.3905692399607215,0.6948756022527296,162102,451.857743271249,0.7572962711096,0.9892475108265166,0.9002974529195906,0.8459335524047882,0.00333098087258427,0.0010521966258376194,0.7156035750841846,0.9950963195179895,BOMBAY
63317,979.067 px,371.67580831835573,217.43554448883032,1.7093608553841975,0.8110232064079095,64040,283.93257695093087,0.7191844616083598,0.9887101811367895,0.8300521297029118,0.763925363438588,0.005870079257045592,0.0012331827631189385,0.583581960904779,0.9975521598789802,BARBUNYA
179496,1606.14 px,594.6168787506103,386.0202109982423,1.540377580782468,0.7606250216093461,181511,478.06004363655273,0.78140263810892,0.9888987444287123,0.8743752233633592,0.8039799419098849,0.0033127026716506794,8.53774297166423E-4,0.646383746993422,0.9956750324508343,BOMBAY
81666,1105.0209999999997 px,440.44526137240223,239.5092586713834,1.838948789769799,0.8392220185880955,83062,322.45989000237194,0.775187470336972,0.9831932773109243,0.840446524107562,0.7321225093842657,0.005393251308652343,9.557965502389366E-4,0.5360033687471143,0.985682746270041,CALI
82095,1114.935 px,434.2286665582114,241.70904093443102,1.7964932750529825,0.8307538267758708,82787,323.3057383113284,0.6804956896551724,0.9916411997052678,0.8299032649421694,0.7445518069406112,0.005289343645267207,0.001002677418675818,0.5543573932185293,0.9958993288929895,CALI
71797,1065.587 px,367.02979454679195,250.0991472238245,1.467537169242409,0.7318984264622829,73023,302.34877144342835,0.6953569906636191,0.9832107692097011,0.7945812905531735,0.8237717371603804,0.005112049174015515,0.0014521194283996736,0.678599874944231,0.9958705395239096,BARBUNYA
195076,1671.831 px,629.8558160152942,397.1060279049652,1.5861149712036866,0.7762125445474778,196829,498.3758395315292,0.7962578217158998,0.9910937920733225,0.877059300204079,0.7912538502612281,0.0032287714327507953,7.806932242323768E-4,0.6260826555532182,0.99303907318392,BOMBAY
237270,1921.685 px,738.1445017251737,412.9216472112919,1.7876139618988427,0.8288945432688987,240671,549.6376504382793,0.7841147933217888,0.9858686754947625,0.80739916117314,0.7446206659450545,0.0031109895971895883,5.899546965585078E-4,0.5544599361524565,0.9911603231796721,BOMBAY
74460,1044.175 px,407.43781333954047,234.85135681285237,1.734875279703912,0.8171604206360908,75603,307.90488222985397,0.7921276595744681,0.9848815523193524,0.8581956600834797,0.7557101283902184,0.005471901871334146,0.001100877599239346,0.5710977981515603,0.9907834523064762,CALI
64778,984.1229999999999 px,367.3746148660396,225.33271967486442,1.6303651568939004,0.7898038311784675,65656,287.18967813773247,0.8019560507582791,0.9866272694041672,0.8405017760995825,0.7817352275209707,0.005671286777394171,0.0013064719919852754,0.6111099659472639,0.9963323955110369,BARBUNYA
71279,1047.026 px,418.5897609288717,218.71539726703145,1.9138559340557628,0.8526359949780488,72060,301.25610617741455,0.7723623045499366,0.9891618096031085,0.8170648536818049,0.7196929650379219,0.005872553780620824,9.718422941858853E-4,0.5179579639250754,0.9912969228494463,CALI
159638,1502.314 px,561.587376012613,363.6267891388206,1.544405948039812,0.7620670186323747,161375,450.8407861345642,0.7629056152927121,0.9892362509682416,0.8888422975617709,0.8027972233557445,0.003517880304267236,9.013309166983094E-4,0.6444833818276934,0.9953439683075029,BOMBAY
66293,973.9889999999999 px,372.5145896995383,227.79187268002212,1.635328711761404,0.7912460887284433,67110,290.528602962132,0.7275910133570401,0.9878259573834004,0.8781514701132505,0.7799120114905183,0.005619214543006627,0.0012824422358743643,0.6082627456671863,0.9947095322843742,CALI
52187,975.927 px,311.1939098485007,215.77079865469386,1.4422429345803927,0.7205870657889458,53664,257.77228734116073,0.7090432325208554,0.972476893261777,0.6885532447441727,0.8283333291022714,0.005963054205999592,0.0017316856755470152,0.6861361041016519,0.9895749483011245,BARBUNYA
77927,1137.739 px,409.96042809629904,242.850203856384,1.6881205845671852,0.8056625609125857,79344,314.9916475124015,0.7739452566343556,0.9821410566646501,0.7565062679635594,0.7683464693777968,0.005260826518360761,0.001130998798033227,0.5903562970053258,0.9965926172035495,BARBUNYA
88387,1188.866 px,412.01505295951495,275.56765179860315,1.495150284405056,0.7434162037959722,90121,335.46657604075375,0.7831006131055747,0.9807592015179591,0.7858369465372333,0.8142095140240351,0.0046614892796397085,0.001263715009323017,0.6629371327272554,0.9911906425398284,BARBUNYA
77107,1073.559 px,415.67698166429255,237.3120595948581,1.75160496425652,0.8210161398609447,77867,313.32998831247255,0.7960171783701195,0.9902397678092132,0.8407208849151314,0.7537823890511285,0.005390911093211934,0.0010735589050859147,0.5681878900436269,0.9952407288308542,CALI
182835,1612.474 px,572.7845687564542,408.7107612633649,1.4014423476052384,0.7006037180542214,184739,482.48601240000056,0.8136197367367101,0.9896935676819729,0.8836570745795413,0.8423516252323336,0.003132794972278033,9.729385431219586E-4,0.709556260531554,0.994402191517335,BOMBAY
63819,966.163 px,364.79126732913477,224.63495321119646,1.6239292332487842,0.7879100250808637,64489,285.0559146999994,0.7407033426183844,0.9896106312704492,0.8591303378235665,0.781421980814048,0.005716029197090753,0.0013146698252052811,0.6106203120993506,0.9916041752336315,CALI
172005,1556.172 px,599.313352391506,367.20303920349363,1.632103464316327,0.7903107275814697,173578,467.97817031585106,0.7378072320164715,0.9909377916556246,0.8925565510271739,0.7808572401205919,0.003484278668593971,7.990596681546799E-4,0.6097380294487476,0.9951555501887114,BOMBAY
77843,1073.266 px,421.12280808115685,237.19448856252592,1.775432517986801,0.82629128244258,79040,314.8218319634445,0.670915750915751,0.9848557692307692,0.8492091908301266,0.7475772528159375,0.005409899516734412,0.0010423012877945163,0.558871748927824,0.9922390764306138,CALI
75280,1068.444 px,414.0120655450031,234.84876549053132,1.7628879789095393,0.8235449489860206,76272,309.5956603824786,0.7972549351859697,0.986993916509335,0.8286782596929405,0.7477938112140009,0.005499628925943187,0.0010608173560016176,0.559195584089961,0.9857991730514906,CALI
67882,991.6039999999999 px,392.73622443578495,221.54866877833942,1.7726860043953574,0.8256957557061465,68565,293.98987529456235,0.7122681104675564,0.9900386494567199,0.8675368944569768,0.748568267968955,0.005785572382012683,0.0011206029134069602,0.5603544518100413,0.9933324942242928,CALI
73025,1052.841 px,401.48081030018164,234.26972385269613,1.7137545718567728,0.812102989502533,74786,304.9234621249819,0.7497202344896975,0.9764528120236408,0.8278580032704711,0.7594969779427186,0.00549785430058448,0.0011284366672916636,0.5768356595041225,0.9885547486852068,CALI
82533,1128.423 px,454.7800821938946,233.04298542374727,1.9514858229564722,0.8587289631862798,83741,324.1670546888243,0.8010890454836643,0.9855745692074372,0.8145047784633803,0.7127995868355033,0.005510281732081648,8.774519109494928E-4,0.5080832509928642,0.9915172611942092,CALI
68267,1020.2689999999999 px,400.80188355586824,218.38069148966235,1.8353357195722648,0.8385273913936601,68866,294.822393994139,0.6699674177592839,0.9913019487119914,0.824121605271132,0.7355813584968929,0.005871092673705718,0.0010602824103643402,0.5410799349681344,0.9930633317908553,CALI
79392,1092.181 px,417.06003199649456,245.77817995641158,1.6968960876448007,0.8079060706797134,80913,317.93872669999485,0.8040836169178415,0.9812020318119462,0.8363679312970791,0.7623332429578559,0.005253174526356492,0.0010944124526013088,0.5811519733186415,0.9861545098514584,CALI
79229,1080.918 px,415.00828430289675,245.4240131433861,1.6909848347253331,0.8063993524219653,80505,317.61217843436384,0.7740079326312499,0.984150052791752,0.8521352686117936,0.7653152730863375,0.005238085603792762,0.0011084443044669416,0.5857074672192157,0.9904224446530788,CALI
65901,989.689 px,320.09171938180964,262.74086812786555,1.2182791419644456,0.5711726559146328,67032,289.6683607810697,0.7671202579533681,0.9831274615109201,0.8454820314318248,0.9049542466781199,0.004857160276502779,0.0020094105904464405,0.8189421885807635,,BARBUNYA
80641,1131.4299999999998 px,373.9364916259841,275.7130154924611,1.35625259097066,0.6755373369544184,82437,320.42988332393134,0.7338338338338338,0.9782136661935781,0.7916083905989527,0.8569099044883516,0.004637051768033433,0.0015422769130682436,0.7342945844102361,0.9958889326421065,BARBUNYA
151091,1464.044 px,536.3541839762657,361.57219682187,1.4833944332298945,0.7386131393236643,153478,438.605786616616,0.7611598934010408,0.9844472823466556,0.8858092303650305,0.8177540135233191,0.0035498751346954203,9.79227445357905E-4,0.6687216266334968,0.9919779383285688,BOMBAY
77559,1070.1019999999999 px,418.6934167807012,237.61709930925238,1.7620508709088432,0.823359263301881,78389,314.2470140671419,0.7544649805447471,0.9894117797139905,0.8511217981988832,0.750542046931048,0.005398385961406171,0.0010566807691190366,0.5633133642114475,0.9925868040033713,CALI
76217,1067.935 px,379.056800683244,257.02488463656,1.474786385836688,0.7350025874506787,77190,311.5164496155538,0.736438827371635,0.9873947402513279,0.8397926594384525,0.8218199727693851,0.0049733891478704745,0.001399390663750081,0.6753880676426731,0.9960531273159623,BARBUNYA
73711,1037.4279999999999 px,410.79925495478676,230.5628826207638,1.7817232777683507,0.8276433512666321,75070,306.352346297484,0.7917995982512112,0.9818968962301852,0.8606493328181122,0.7457470835267256,0.005573106523514628,0.0010632695122813577,0.5561387125886171,0.9908852898872618,CALI
77939,1070.502 px,424.32353459397353,236.1262881430696,1.797019459082314,0.8308630133435534,78917,315.015899403687,0.652837458642208,0.9876072329155948,0.8546528146657983,0.7423955395382894,0.005444303039479253,0.0010201486732704002,0.5511511371263479,0.9904293183113919,CALI
79284,1086.497 px,421.44402122576327,242.56464314859394,1.737450338001605,0.8177623547385325,80787,317.7224009489772,0.6906271777003484,0.9813955215566861,0.8439920462721114,0.7538899235653804,0.005315625110057051,0.0010591704637434144,0.5683500168534151,0.9874799288851839,CALI
79004,1056.779 px,407.1900739323052,248.1510628725192,1.6408959495026945,0.7928451350523026,79534,317.160869263938,0.8087545810044428,0.9933361832675334,0.8889771442052838,0.7789012787101132,0.005154043769078847,0.0011701930982435957,0.6066872019762494,0.9955105723379507,CALI
74923,1101.567 px,385.5329638578254,248.44304825845367,1.551796142256144,0.7646763356474784,76197,308.86069094365604,0.7742538855820106,0.9832801816344475,0.7758954202192553,0.8011265440263518,0.005145722459829764,0.0013074666125956768,0.641803739543606,0.9959485671093349,BARBUNYA
78739,1122.368 px,965.3408028,254.73696276826524,1.5499892721706785,0.7640426347796505,80486,316.6285023697361,0.7165908263560248,0.9782943617523544,0.7854692848435321,0.8019168665818122,0.005014536119536096,0.0012791689784862406,0.6430706609083919,0.9967526256557157,BARBUNYA
67194,1005.4359999999999 px,394.5874990324464,218.7244609777623,1.8040391882486524,0.8323091716733259,67865,292.4962529143485,0.6476342852736788,0.9901127237898769,0.8352788725876061,0.741270956711928,0.005872362101265684,0.0010937058332365992,0.5494826312646172,0.9912882000633535,CALI
88705,1154.664 px,455.931273055037,250.72534459579379,1.8184490833587863,0.8352178834785683,89829,336.06950741733857,0.7648103601389858,0.9874873370515089,0.8360778404704157,0.7371056281475354,0.00513985990705188,9.35944192166613E-4,0.5433247070467729,0.9880083154953853,CALI
62787,942.1869999999999 px,359.4618419814202,223.1302894791032,1.6109952746468554,0.7840210120807682,63429,282.7417395703837,0.8113063703320843,0.9898784467672516,0.8888027330046829,0.7865695507814094,0.005725099813359775,0.001351796589574178,0.6186916582164682,0.9967093378501576,BARBUNYA
74328,1039.662 px,407.7809845051142,234.36964354524528,1.7399052980442482,0.818333318861575,75626,307.63183983631336,0.7659363986727397,0.9828365905905376,0.8641277854113623,0.7544045738416603,0.005486236472192366,0.0010961539089401546,0.5691262610332172,0.9902257968278084,CALI
71897,1092.3469999999998 px,390.01645786098305,235.11844369986505,1.6588084359679134,0.7978603157272974,73373,302.5592562587104,0.7192361173634245,0.9798836084118137,0.7571804508973765,0.7757602279608267,0.005424655519159117,0.0012118865571712127,0.601803931285834,0.9982774380155959,BARBUNYA
73569,1080.363 px,374.99204823610876,250.62954284014552,1.4962005036863635,0.7438383012669769,74768,306.05711896085865,0.6950963718820862,0.9839637277979885,0.7920731881102233,0.8161696238640075,0.0050971475517692065,0.0013951749731560463,0.6661328549183154,0.996668313050819,BARBUNYA
60874,921.145 px,310.3337608079893,250.96937247247033,1.2365403704471183,0.5882104116142256,61578,278.4011207703882,0.8203821999407024,0.9885673454805287,0.9015414641757759,0.8971022683627434,0.005097968932680443,0.0020367830234940595,0.8047924799015798,0.9951583912305545,BARBUNYA
76993,1130.503 px,388.9391407018659,252.6599841566442,1.5393776818284421,0.7602649160851749,78256,313.09827892818953,0.7945696034014799,0.9838606624412186,0.7570379791213315,0.8050058380938041,0.005051616909353654,0.0013085981168191607,0.648034399365108,0.9975696914397468,BARBUNYA
155524,1523.8249999999998 px,559.7562846749181,360.26295060604804,1.5537436856420423,0.7653563145793639,159126,444.9936032746892,0.8175061237791865,0.9773638500307932,0.8416607850569732,0.7949774133096549,0.0035991633746233257,8.867485409895557E-4,0.6319890876725097,0.981949054365837,BOMBAY
70135,1026.3110000000001 px,388.0247906432626,230.70701232274257,1.6818942204515384,0.8040455427227601,70895,298.8288062921656,0.7551791713325868,0.9892799210099443,0.8367326155262866,0.7701281296918452,0.00553254139364458,0.0012004840148232216,0.5930973361426596,0.9975269818235425,BARBUNYA
73020,1068.139 px,421.557451892042,221.26017243652393,1.9052568171209405,0.8511863338458839,73700,304.9130229369706,0.6469962785752259,0.9907734056987788,0.8042594044025079,0.7233012287375168,0.0057731779223780064,9.747012350497461E-4,0.5231646674932017,0.9967630492182326,CALI
132254,1358.1889999999999 px,497.76766836767126,339.63634182942565,1.4655901240912061,0.7310545608596165,133553,410.3547523173141,0.7271177867698804,0.9902735243686027,0.9009449649681948,0.8243901289591382,0.0037637248655441142,0.001072330757647386,0.6796190847252648,0.9960430187172526,BOMBAY
80978,1105.56 px,426.98451301374456,243.10437592830706,1.7563834932352878,0.8220940304185842,81742,321.0987260229539,0.7976792064383306,0.9906535196104818,0.8325537396961377,0.7520149238120442,0.005272845871887977,0.0010402331190427297,0.5655264456360346,0.9932813141031545,CALI
52448,882.4739999999999 px,336.9594210522996,199.00511267777327,1.6932199204243576,0.806971239798947,53082,258.4160746592011,0.7891901652171296,0.9880562149127765,0.8463206902439118,0.7669056227963196,0.006424638137818403,0.001370869524796438,0.588144234276611,0.9958575335598879,CALI
71879,1021.1370000000002 px,396.55059938487386,233.72643987095572,1.6966441605999565,0.8078422352101488,72910,302.52137979987253,0.7791423678106099,0.9858592785626115,0.8662512313731633,0.7628821650229285,0.0055169187020530875,0.0011526731965799156,0.5819891977100708,0.9874285738270454,CALI
70483,1068.7250000000001 px,371.4852201367336,242.91510708780618,1.5292800212810698,0.7565788428133997,71947,299.56926216080393,0.7910106054654621,0.9796516880481465,0.77546519011924,0.8064096387214024,0.005270564818988034,0.0013748640681716547,0.6502965054227826,0.9944854536519584,BARBUNYA
59338,940.7120000000001 px,352.1829755131777,215.7836786259939,1.632111278089745,0.7903130017158975,59999,274.86630951336156,0.7930767174552259,0.988983149719162,0.8426154154204957,0.7804644989237329,0.005935201313040172,0.001358400488465751,0.6091248340802736,0.9941595114669592,CALI
229212,1000.896 px,390.269809351634,215.4482614088946,1.8114316950135392,0.8338113252368995,66471,289.0325120279092,0.7627883184523809,0.9870770712039837,0.8230291797182849,0.7405966464792316,0.005948146823014601,0.001103794961891,0.548483392776284,0.993540201863521,CALI
53368,951.9129999999999 px,321.01705729605214,212.32442952723775,1.5119176724545063,0.7500230638779632,54618,260.672683692454,0.7063837672565552,0.9771137720165514,0.740110006231397,0.8120212859968164,0.006015159970320269,0.0016132311515442684,0.6593785689119236,0.9969261111756987,BARBUNYA
68676,1082.871 px,373.7116264588063,235.15909216706223,1.5891863802285529,0.7772006802895493,69854,295.7042424014779,0.7066304482034819,0.9831362556188622,0.7359721994157542,0.7912631597884552,0.005441662683598437,0.00131581600319173,0.6260973880384106,0.9949854417673133,BARBUNYA
70019,1031.181 px,367.38114420822933,243.07675965105884,1.511379141040105,0.7498151687683305,71281,298.5815796106842,0.7374146937399949,0.9822954223425597,0.8274770610531886,0.8127297340046663,0.005246877907542658,0.0014120995565956272,0.6605296205352958,0.9983106905161819,BARBUNYA
68247,1088.754 px,370.36814568575124,237.86379197694248,1.5570597887452042,0.7665068799192755,70172,294.7792041673575,0.7676827896512936,0.9725674058028844,0.7234922815413962,0.7959086319952331,0.005426878041316852,0.0013433299075862079,0.6334705504845237,0.9863515215137404,BARBUNYA
74202,1047.001 px,403.30701991311054,236.384985448131,1.7061448261975445,0.8102266330961249,75363,307.37098219974916,0.8097119161938018,0.984594562318379,0.8506115632559258,0.7621265364187559,0.005435258078126068,0.0011311189208237636,0.5808368575136496,0.9909917993117533,CALI
95159,1187.8129999999999 px,456.64026755577515,269.94973081457886,1.691575191343417,0.8065506656857218,97517,348.08074040005914,0.7216723924798459,0.9758196006850087,0.8475465986877074,0.7622646646192754,0.004798708136442955,9.993721712605217E-4,0.5810474189271363,0.9828853988512692,CALI
68971,1088.6470000000002 px,370.571474240195,237.67884109279692,1.5591268980292312,0.767219512227852,70444,296.33866544872086,0.7274270948689553,0.9790897734370564,0.7313112032189533,0.7996801860054713,0.005372859234173711,0.0013553472128883595,0.6394883998897452,0.997043565245775,BARBUNYA
175738,1572.654 px,937.349961,393.069354479158,1.4648700210348624,0.7307413617740852,178091,473.0291440415358,0.7448103411739775,0.9867876535029845,0.8929130613932941,0.8215228026241337,0.0032764428499473305,9.205785462606837E-4,0.6748997152314115,0.9886403600474601,BOMBAY
134251,1391.532 px,523.6290209318202,327.67552035411416,1.5980108015574124,0.7800012162560064,135409,413.4412680420767,0.7896838935096409,0.991448131217275,0.8712464018097753,0.7895690489162352,0.003900373337493353,9.350749105321329E-4,0.6234192830064885,0.9962307481435458,BOMBAY
59167,962.1519999999999 px,361.67778584002747,210.69345375907332,1.716606659519682,0.8127987131944715,60797,274.4699694745226,0.7028629128058921,0.9731894665855223,0.803159941676599,0.7588798102074273,0.006112829547552309,0.0012505873847255891,0.5758985663404611,0.9885913141878728,BARBUNYA
68167,1098.1490000000001 px,385.23341578186194,226.1422793416293,1.703500189807039,unknown,69964,294.6063815431733,0.7888603434708142,0.9743153621862672,0.7103322039081562,0.7647477333845668,0.00565131831798175,0.0011923460760193266,0.5848390957168327,0.9962735105602014,BARBUNYA
71606,1026.442 px,386.2098794265105,236.77103098205106,1.63115343048782,0.7900339355908439,72418,301.94633768321495,0.7761663198057579,0.9887873180700931,0.8540640661660788,0.7818193002508897,0.005393540756731426,0.0012430233219170134,0.6112414182447908,0.997028536226231,BARBUNYA
92819,1169.482 px,453.5816889488898,262.1580846068384,1.7301838683675603,0.8160557076207431,94031,343.7743755761518,0.8226957269351107,0.9871106337271751,0.8528244947384664,0.757910612248919,0.00488673320062584,9.94650130018125E-4,0.5744284961595312,0.993866917585858,CALI
72900,1053.9470000000001 px,412.5586583826137,228.07358350291452,1.8088840103542358,0.8332960216251628,74237,304.6623751157884,0.6527578796561605,0.981990112747013,0.8247073181686065,0.738470442749112,0.005659240855728583,0.001038174625823743,0.5453385948140695,0.9864542643882178,CALI
87055,1142.042 px,455.259717206002,245.53759125875575,1.854134492694579,0.8420911711650707,87949,332.92922456119646,0.7536707414205077,0.9898350180218081,0.8387633238345259,0.7312951530270099,0.005229564266337396,9.226055164218465E-4,0.5347926008407978,0.9915774076567672,CALI
72252,1060.96 px,376.00161128498326,246.37154094983055,1.5261568354664377,0.7554202061782959,73538,303.3052976560169,0.7580020772353885,0.9825124425467106,0.8066064976114202,0.8066595688765078,0.005204030494449749,0.0013591918294923134,0.6506996600600333,0.9930697340363073,BARBUNYA
183422,1639.468 px,621.5491779972597,380.41531404793113,1.6338700232213743,0.7908238742957713,186364,483.2599132707088,0.7899310938845823,0.9842136893391428,0.8575420005247086,0.77750873201676,0.003388629379230734,7.638796409689598E-4,0.6045198283623099,,BOMBAY
69624,1048.1660000000002 px,417.32556552232717,216.06895693480752,1.9314461986700058,0.8555339260730109,70971,297.73819046713,0.7883241431628528,0.9810204167899564,0.7963586437531058,0.7134434481493581,0.005993990082763518,9.579304947391982E-4,0.5090015537072459,0.9831091160249867,CALI
76761,1059.4329999999998 px,410.7979359110747,240.5571311094188,1.7076938605666232,0.8106109705638851,78179,312.6261996273118,0.666328125,0.981862136890981,0.8594161187142537,0.7610218365239934,0.005351649091479719,0.0011072759457941151,0.5791542356663517,0.9890181325685841,CALI
68400,1028.4919999999997 px,404.30968952959387,216.15290475145872,1.8704800196624023,0.8450912288669964,69136,295.1094455619561,0.7676767676767676,0.9893543161305254,0.8125762598467685,0.729909406587089,0.005910960373239677,0.0010349363786780984,0.5327677418243166,0.9965314162030413,CALI
83936,1129.483 px,432.9425173134836,252.00384813096866,1.717999627880601,0.8131370327619064,86096,326.9107438229747,0.7095541616650042,0.9749117264448988,0.826796701930972,0.7550904121210766,0.005158007497539597,0.0010343262695828256,0.5701615304771775,0.9795372971916249,CALI
173108,1591.4109999999998 px,572.6616553441256,388.9848630071921,1.472195218387039,0.7338998022696074,175235,469.47625191271874,0.7611685662023358,0.9878620138670927,0.8589389392781748,0.8198143660074457,0.0033081177955041107,9.217705442444283E-4,0.6720955947121902,0.9894559208342798,BOMBAY
75317,1056.2079999999999 px,403.01906878597083,242.10135410770346,1.6646708576717832,0.7994599798293945,76943,309.67173392290465,0.7814588088815106,0.9788674733244089,0.8484064699620533,0.7683798557118903,0.005350970813839781,0.0011505784284224928,0.5904076026638253,0.9828343303023315,CALI
72742,1050.385 px,408.98743254484884,226.7708442097795,1.8035274065765956,0.832204392656278,73404,304.33204064495936,0.7524152340760049,0.9909814179063812,0.8285106191275862,0.7441109834385604,0.0056224386536643045,0.0010632988598974593,0.5537011556739015,0.9986152093110156,CALI
164103,1561.374 px,590.1375940968227,356.30890153539616,1.6562527389964679,0.7971566118898854,166245,457.10220849354295,0.7276584989491047,0.9871154019669764,0.8458872874355329,0.774568868457052,0.0035961414117768884,7.98466454620715E-4,0.5999569319828378,0.9936803118764928,BOMBAY
52836,932.617 px,321.661219914091,209.46032816206795,1.5356665519267625,0.7589207205258703,53871,259.3701690357375,0.7157894736842105,0.9807874366542295,0.7633665756837573,0.8063457854975798,0.0060879177059976345,0.0015875734138685908,0.6501935257897092,0.9984804498345872,BARBUNYA
186431,1677.124 px,642.8633743598239,375.08211660152364,1.71392701999382,0.812145171262092,189926,487.20767806400704,0.8140025324193337,0.9815980961005866,0.8329091737151209,0.7578712639356351,0.0034482643678348766,7.017171299765342E-4,0.574368852699397,0.9844262960843467,BOMBAY
67284,1030.013 px,384.46026746290215,223.35400827131326,1.7213045355151604,0.8139358755906164,68347,292.6920728819977,0.7946428571428571,0.9844470130364171,0.7969595039177505,0.7613064278748662,0.005713992441931249,0.001184015563077534,0.579587477123589,0.9976465531006231,BARBUNYA
81240,1136.1689999999999 px,391.1504062503685,267.31278910496286,1.4632685834450654,0.7300426961925578,82832,321.61775544003257,0.7217868756330295,0.9807803747344022,0.7908496153246399,0.8222355142695945,0.004814751430949883,0.0013574959976121947,0.6760712409261846,0.9892738070180058,BARBUNYA
73333,1127.7659999999998 px,400.85242768954055,233.71488701136943,1.715134336607494,0.8124400700554326,74734,305.5658284790099,0.7617746660295431,0.981253512457516,0.7245549394206553,0.7622900782720718,0.0054661943148315295,0.0011385337196676863,0.5810861634320414,0.9966408314298083,BARBUNYA
55549,914.595 px,348.48619559351226,205.18910034591056,1.6983660194719383,0.8082778683230577,56517,265.9458280749927,0.8064370953224355,0.982872410071306,0.8345040784439606,0.7631459479250138,0.006273491792714761,0.0013125610341435177,0.5823917378343678,0.9891143375590999,CALI
138777,1403.006 px,502.61346399732065,353.81141168706904,1.4205688324204213,error,140144,420.3526665785667,0.8237001424501424,0.9902457472314191,0.8859481433452536,0.8363338762067216,0.003621734610182672,0.0010929873614163267,0.69945435249096,0.993623052849465,BOMBAY
86769,1135.185 px,383.45070414427346,289.19686792129727,1.32591582647647,0.656649726293459,87906,332.38189189112774,0.8089821643342625,0.9870657293017542,0.8461379396072287,0.8668177898718082,0.004419213130775663,0.0015389906221025106,0.7513730808382464,0.996257459471815,BARBUNYA
94648,1191.049 px,464.300765057854,264.1201179414094,1.7579151814586549,0.8224373766956604,95984,347.14489255942345,0.6981588575475038,0.9860810135022504,0.8384208072544063,0.7476724543328452,0.00490555283849478,9.456125849547506E-4,0.5590140989681008,0.9826993712254553,CALI
68197,1008.009 px,368.3233216073113,238.737058487577,1.5427991110415624,0.7614935153670433,69740,294.67120190528266,0.7278306065166117,0.9778749641525667,0.8434246992525981,0.8000340587160728,0.00540087278923283,0.001364827029514737,0.6400544951057129,0.9874755060672499,CALI
76005,1051.4279999999999 px,416.8825077462879,233.71584468184545,1.7837152132915293,0.8280680412788253,76662,311.08290148704094,0.7943998494920356,0.9914299131251467,0.8639586372900082,0.7462124116667521,0.005484935303549607,0.0010490619745100321,0.5568329633255104,0.993231427945917,CALI
85861,1127.125 px,453.4993531969212,243.22144785546314,1.8645532998653058,0.8440137804840624,86936,330.63820189219786,0.6622368938628493,0.9876345817612957,0.8493010107551157,0.7290819701536071,0.005281785131746907,9.205893075119735E-4,0.5315605192030654,0.9911229201581907,CALI
62215,998.572 px,354.26707504206814,224.3706120294257,1.5789370623796615,0.7738757346016121,63401,281.4508807513278,0.7651392168437623,0.9812936704468384,0.7840544083313457,0.7944596057025801,0.005694238930194779,0.0013992738903666094,0.631166065093099,0.996571492691828,BARBUNYA
76452,1080.322 px,419.2391271684297,235.10244255882566,1.7832189347140903,0.827962385819738,77664,311.996329584328,0.7506038054470124,0.9843943139678616,0.8231751937998107,0.7441965917913553,0.005483690775498741,0.001037536602273693,0.5538285672338694,0.9875975876770114,CALI
72773,1074.004 px,396.06063861063865,234.94179060276656,1.6857819870807387,0.8050576963431243,73831,304.3968813720206,0.7471177044299574,0.9856699760263304,0.7928085863032276,0.7685613052582805,0.005442411864436517,0.0011713460800251388,0.5906864799403121,0.9957686278955061,BARBUNYA
86419,1130.087 px,445.4437584053728,248.93419613664625,1.7894036469013583,0.8292718594700066,87179,331.71085031464986,0.7429929843868216,0.9912823042246413,0.8503453526374859,0.7446750438307385,0.005154465550461968,9.777562544958157E-4,0.5545409209043122,0.9922975462222139,CALI
54230,940.7599999999999 px,337.98052010482695,204.90732274415396,1.6494311456444501,0.7952591674231211,55277,262.7694436402145,0.7886738121900496,0.9810590299763011,0.770001873005281,0.7774691972150193,0.0062323533119090346,0.001404638586417085,0.6044583526181666,0.9970124330533396,BARBUNYA
60736,985.501 px,342.4453022344902,226.74177553187056,1.5102876451911549,0.749392947071149,61680,278.0853771578701,0.7893532959035142,0.9846952010376135,0.7858540791909299,0.8120577953423069,0.005638259059445637,0.0015124204743845605,0.659437862976208,0.9959408572242244,BARBUNYA
68404,994.1089999999999 px,380.620006110007,230.65620672240598,1.6501615608726368,0.7954636773160295,69150,295.1180743669626,0.7667922159447583,0.9892118582791034,0.8698079065495096,0.7753614356300216,0.005564294575024955,0.001240528261194931,0.6011853558622481,0.9920529652034187,CALI
69016,1020.332 px,402.0536158470415,220.45542293447423,1.823741101467681,0.8362663462049118,69950,296.43532248948,0.7441720040542581,0.9866476054324518,0.8330606758581195,0.7373029635984091,0.005825513154153261,0.0010619348371273157,0.5436156601309969,0.9914142227823848,CALI
67959,1012.4369999999999 px,340.5890370174224,255.2594724203223,1.3342855949204204,0.66204426648031,69034,294.1565675293634,0.807420872540633,0.9844279630327085,0.8331454505645717,0.8636700996171999,0.005011684059762833,0.0017201051089039778,0.745926040972784,0.9952783713460049,BARBUNYA
63357,972.487 px,330.44974120973876,245.53704540471293,1.345824377193536,0.6692481182809209,64428,284.0222488393923,0.7649040202825064,0.9833767926988266,0.8418541555014863,0.859502107036366,0.005215678476091652,0.0017558133898541034,0.7387438719999528,0.9942195114398777,BARBUNYA
79278,1088.437 px,420.04528582640864,241.17813639127527,1.7416391556527675,0.8187348793930176,80286,317.7103785328931,0.7575682287286905,0.9874448845377775,0.8409224677880982,0.7563717276527006,0.005298383988324739,0.001069705775016916,0.572098190392331,0.9963886092653756,BARBUNYA
82455,1101.3809999999999 px,420.81237068645913,252.36480521419014,1.6674764546874994,0.8002184536936698,84427,324.01383714455443,0.7100415923945336,0.9766425432622265,0.8541845260434263,0.7699722244761958,0.005103539757279233,0.0011065002106825153,0.5928572264648214,0.9885754661214241,CALI
83522,1134.917 px,957.4156359,230.69290387209705,2.0047441330502704,0.8667074630723514,84089,326.1035314978515,0.7004528681650453,0.9932571442162471,0.8148591499554699,0.7051188339799728,0.0055372266657158185,8.443476993799105E-4,0.49719257003327655,0.9967438877703968,CALI
82219,1080.2689999999998 px,965.2823016,252.36484704972025,1.653197426472808,0.7963102311055795,83108,323.5498139832263,0.7503650567663271,0.9893030755161958,0.8853565962620169,0.7755103062932174,0.005074361348043656,0.0011321694930070706,0.6014162351669999,0.9942597722170493,CALI
87307,1146.429 px,449.8258640857392,249.67073687382543,1.8016763587038434,0.8318245641679198,88868,333.4107450760891,0.6742269792728508,0.982434622136202,0.834765713037542,0.7411995878754967,0.005152231368455442,9.592146361773919E-4,0.5493768290668061,0.9897992449493469,CALI
200714,1688.8000000000002 px,612.1030514438394,420.6495528926708,1.4551377678511836,0.726449214191495,203767,505.5264602194166,0.7118603191266754,0.9850172010188107,0.8843640694204671,0.8258845614753463,0.0030496280849559043,8.751933969512259E-4,0.6820853088833252,0.9925280938525669,BOMBAY
85505,1160.758 px,944.9591737,253.68214115204063,1.703526425614856,0.8095741677492823,87053,329.9520378366833,0.7393812043858738,0.9822177294291983,0.7974767022516834,0.7635052813245298,0.005054139888416574,0.0010594371626014797,0.5829403146104494,0.9930542304951383,BARBUNYA
61247,967.954 px,348.5079955140525,224.2208281539559,1.5543069677485883,0.7655523941777839,62253,279.25275718673663,0.793560507903602,0.9838401362183349,0.8214577801886869,0.8012807762841603,0.005690205161298553,0.0014469268721777554,0.6420508824425468,0.9979441602295802,BARBUNYA
70644,1035.2289999999998 px,389.6802819874283,236.31967716116597,1.6489540213855025,0.7951254015773831,72782,299.91121085793185,0.6995009505703422,0.970624604984749,0.8283469681235471,0.7696340428834104,0.005516112932272073,0.001193850620146933,0.592336559965063,0.9767357525680455,CALI
235241,1017.0389999999999 px,383.65523498514256,223.3964339189908,1.7173740343781212,0.8129852099239196,67725,292.26327401445405,0.7988449630864491,0.990579549649317,0.8150289243928908,0.7617862272250039,0.005718771669401561,0.001187996020588577,0.5803182559897053,0.9966235045123154,CALI
54692,881.8069999999999 px,330.7268465587917,211.9992113845125,1.5600380982499862,0.7675325383674267,55278,263.88637172210224,0.6782242063492063,0.9893990375918087,0.8838663195551502,0.7978982488656011,0.0060470790345716315,0.0015118735016294124,0.6366416155427926,0.9931851751781771,BARBUNYA
73205,1084.621 px,371.95018754490513,251.3077429301403,1.4800586054696356,0.7372235314821801,74387,305.2990351644394,0.7625918016563362,0.9841101267694624,0.7819781016799773,0.8208062406947462,0.005080939656374635,0.001422611774508529,0.6737228847634416,0.9971493532959592,BARBUNYA
75679,1085.3079999999998 px,368.0140302143913,262.7612245979921,1.4005644507762867,0.7001478964948339,77287,310.4150374998163,0.7643725759534583,0.9791944311462472,0.8073823296979711,0.8434869652088537,0.004862828924990966,0.0015183862299086837,0.7114702604772419,0.9964599546089701,BARBUNYA
81090,1113.6049999999998 px,394.62328797665106,263.27102303325614,1.49892412552673,0.7449277238270564,82557,321.3207037876245,0.7065004312710734,0.9822304589556307,0.8217029005466945,0.8142466843128535,0.004866485238335813,0.0013195296949141014,0.6629976629144759,,BARBUNYA
67293,1019.2049999999999 px,399.05831559100324,215.68308176399592,1.8502068513081598,0.8413567924283811,68181,292.7116476737188,0.7188424684605771,0.9869758437101245,0.814060463769366,0.7335059469697165,0.00593016087246821,0.0010589142551588417,0.5380309742399406,0.9954685947547421,CALI
79501,1079.209 px,424.23893517655074,241.8912688419341,1.7538414561534805,0.8215218972416972,80911,318.15690633080743,0.7701794156397737,0.982573444896244,0.857770959080095,0.7499474469461499,0.005336271684337942,0.0010412164463132222,0.5624211731810483,0.9863975693433987,CALI
75335,1045.7640000000001 px,408.4106538069338,237.03833115111522,1.722973039101285,0.8143371354110296,76206,309.70873591589805,0.7954701441317776,0.9885704537700444,0.8656439178385182,0.7583267797472916,0.00542126042087919,0.001105873891311354,0.5750595048818974,0.990812022790443,CALI
81186,1087.941 px,420.37568577789705,248.21097476099112,1.6936224765350842,0.8070739576117957,82401,321.51084846217697,0.7453248505880085,0.9852550333127025,0.861946520395459,0.7648178982265051,0.005177933212350615,0.001092869681792202,0.5849464174476088,0.9906784001579443,CALI
75959,1091.585 px,393.8976882752236,245.7920119157685,1.602565051667383,0.7814246356546629,77304,310.98874992278775,0.70664793659063,0.9826011590603332,0.8010764863466534,0.7895165652901577,0.005185661847512784,0.0012428792646035608,0.623336406867568,0.9989371410778849,BARBUNYA
115608,1298.6229999999998 px,500.29830971344694,296.8988262478274,1.6850801198379879,0.8048755819985102,117222,383.66219163183473,0.7796495865985082,0.986231253518964,0.8614529671431054,0.7668668555997776,0.004327540565648112,9.232105978070736E-4,0.5880847742174903,0.9909699618133045,CALI
79107,1064.494 px,396.7575470344568,256.34625831298405,1.5477407380373722,0.7632501938058202,80800,317.367548223451,0.7588128651044115,0.9790470297029703,0.8772802315790792,0.7999029901147385,0.0050154543470799905,0.0012665995379412313,0.6398447935944996,0.990313853067321,CALI
78471,1131.829 px,380.0231476774432,264.8075785537478,1.4350916607181246,0.7172464305438327,80312,316.0891967703309,0.7252939219165927,0.9770769000896503,0.7697636811557269,0.8317630089170823,0.004842848283792015,0.0014298123191785032,0.6918297030027983,0.9928390374164128,BARBUNYA
68496,991.0319999999999 px,385.0579869906542,228.01318042711722,1.6887531951852897,0.8058256725200081,69171,295.31646729598356,0.777709653246134,0.9902415752266123,0.8763946520188336,0.7669402460755897,0.005621612750973111,0.0011997390704364922,0.5881973410504862,0.9933201390984999,CALI
64072,962.3499999999999 px,934.6971301,232.26691910715695,1.5287900986417668,0.7563976783520593,65356,285.62038461964045,0.7617734130711339,0.9803537548197564,0.8693848010021007,0.8043665075947676,0.005542005340445901,0.0014310757378676083,0.6470054785402034,0.989135569359241,CALI
64214,1087.234 px,373.99524685400525,219.54319503044974,1.703515551015524,unknown,66325,285.9367134972768,0.6758230192809632,0.968171880889559,0.6826428367013299,0.7645463836841129,0.005824201059800125,0.001227528193021094,0.5845311728044545,0.995757942925731,BARBUNYA
158083,1508.225 px,582.502519494124,348.17775868295905,1.67300324322133,0.8016993630146241,159942,448.63964041351574,0.7712870804059329,0.988377036675795,0.8732985972210657,0.7701934762499192,0.003684789126560883,7.998190513501773E-4,0.593197990857935,0.9924221625777019,BOMBAY
198281,1725.184 px,650.6859374709884,392.47592795303666,1.6579002459199204,0.79761069198669,201595,502.4531920185529,0.7089566647597254,0.9835611002257001,0.8371824608329225,0.7721900276059913,0.003281635343129137,7.197254132728354E-4,0.5962774387341417,0.9885685123138338,BOMBAY
60444,1015.6890000000001 px,353.441573861264,218.53847986479087,1.6172967528644715,0.7859298156593806,61940,277.41609730145825,0.7448979591836735,0.9758475944462383,0.7362775573847655,0.784899451048597,0.0058474219750721985,0.0013689900751743477,0.6160671482563891,0.9963633984215331,BARBUNYA
169969,1592.3459999999998 px,601.3500192177723,363.5449397454008,1.6541284267054084,0.7965687284632006,172267,465.2002280514175,0.7456317749711563,0.9866602425304905,0.8423735091667608,0.7735931041567828,0.00353799821860323,7.816057248936089E-4,0.598446290798927,0.9899070214669164,BOMBAY
61076,957.031 px,333.49377039649266,234.1825071978911,1.4240763513334522,0.7119703375375439,61989,278.8626515585133,0.7441033138401559,0.9852715804416913,0.8379699390717759,0.836185489243088,0.005460307983438546,0.0016466731687446079,0.6992061724207026,0.9957229748507026,BARBUNYA
77972,1077.81 px,415.490394094714,243.15996524759333,1.7087121791272188,0.8108629617237043,79627,315.0825824797208,0.7794471934822812,0.9792155927009683,0.8434592798397769,0.7583390301146059,0.005328712795551147,0.001087065496268012,0.5750780845951614,0.9826429270969054,CALI
80056,1086.236 px,430.5035118171933,238.20344667522969,1.807293378101907,0.8329730267520384,80817,319.2655086183256,0.8051979401351786,0.9905836643280498,0.852619707354102,0.7416095336149007,0.005377529626976033,0.0010033761901896868,0.5499847003485107,0.993983706997225,CALI
71492,1045.688 px,403.91546761704467,228.26274491797744,1.7695198914837602,0.8250052659330387,73300,301.7058858096843,,0.9753342428376535,0.8216049786672042,0.7469530384405431,0.005649799524660727,0.0010848907175897823,0.5579388416355594,0.9872838785055299,CALI
78876,1091.8749999999998 px,369.752149976483,272.86838835867667,1.355056744390837,0.674826438401698,80115,316.90383767087883,0.8178085600530856,0.9845347313237222,0.8313978511728431,0.8570709803608568,0.004687764972570655,0.0015603166918953992,0.73457066537672,0.9953849343503892,BARBUNYA
81910,1132.599 px,411.3963032107367,253.93661790091014,1.6200747517684497,0.7867627892424951,83172,322.9412502441538,0.7196071196387469,0.9848266243447314,0.8024065077336858,0.7849882162862509,0.005022540632532495,0.0011764020468033576,0.6162064997082698,0.9983005920529806,BARBUNYA
73266,1044.0359999999998 px,379.3120305879511,247.63547160286757,1.531735450227635,0.7574835490138901,74227,305.4262079202871,0.7354547279662719,0.9870532286095356,0.8446589680601891,0.8052109695726297,0.005177190382823562,0.0013424948534795699,0.6483647055200945,0.99312320412153,BARBUNYA
68435,1024.358 px,397.3652799929502,222.35783802291428,1.7870531730570305,0.8287760443703563,69877,295.1849390533854,0.7075213233393641,0.9793637391416345,,0.7428553875130267,0.005806462774792872,0.0010907080499402797,0.5518341267571292,0.9861569272224832,CALI
72814,1044.679 px,404.76965565646793,232.0955059671658,1.7439788589173721,0.8192745457989756,74247,304.48261725482155,0.7360972108492807,0.9806995568844532,0.8384149701171069,0.7522367672571755,0.005558953712973713,0.0010979714499132537,0.565860154013526,0.9868481457033176,CALI
63449,967.614 px,363.3525268843654,223.93029894090452,1.6226143965460187,0.7875197874438703,64133,284.2283868192995,0.7652109941266568,0.9893346639015795,0.8515896196291861,0.7822386409597019,0.00572668642349549,0.0013226356590458161,0.6118972914104813,0.9928733542501615,CALI
84697,1100.164 px,426.4198942180607,253.80123195830984,1.6801332717254331,0.8035843557026778,85314,328.3893568927502,,0.9927678927256957,0.8793525602227968,0.7701079648146527,0.005034651690355747,0.0010923345074056589,0.5930662774709665,0.9964303851173184,CALI
82036,1144.1870000000001 px,415.2153226872616,253.1120841631055,1.6404405347146396,0.7927150605743661,83728,323.18954081451,0.701888277620445,0.9797917064781196,0.7874451677371994,0.7783661227211862,0.005061379427169312,0.0011459993220412391,0.6058538210000125,0.9938671660801682,BARBUNYA
72836,1041.0109999999997 px,405.7205268262264,232.1264133125572,1.7478430008735175,0.8201603213998583,74256,304.5286119239542,0.6773425584942157,0.9808769661710838,0.8445887924516026,0.7505871450630016,0.005570329601106957,0.0010905991252431967,0.5633810623338275,0.9847016466248673,CALI
81085,1135.253 px,411.8972212783181,251.34059163603987,1.6388010332798784,0.7922457144341767,82646,321.31079733624057,0.7673272011507306,0.9811122135372553,0.7906150342824406,0.7800751758874613,0.005079820204456041,0.0011603097312784126,0.6085172800358537,0.9972387472914181,BARBUNYA
229688,1066.916 px,417.25715284008425,230.4865741251468,1.8103317055401544,0.833589143454961,76013,308.9019119414564,0.7869022869022869,0.9859234604607107,0.8273332562408919,0.7403154381869745,0.005567660126230392,0.0010316198810787851,0.5480669480179723,0.992182972755563,CALI
78695,1086.614 px,415.8675578640206,243.89056329508534,1.7051400113454116,0.8099766661180988,80290,316.5400227031862,0.7615080171471149,0.9801345123925769,0.8375416463234354,0.7611558456952001,0.005284548673537335,0.001094162971985929,0.5793582214359753,0.9878868842723965,CALI
71608,1065.545 px,393.283386124339,232.9271862364018,1.6884391748294634,0.8057447329095693,72706,301.95055442803135,0.7020392156862745,0.9848980826891865,0.7925520927931647,0.7677683957200465,0.005492171072007863,0.0011771850629094319,0.589468309466534,0.9952813860237933,BARBUNYA
70349,1024.836 px,398.461631900809,227.0425317952732,1.7550087587118097,0.821784978769381,71191,299.2843609889664,0.8284149788035798,0.9881726622747258,0.8417033331318973,0.7510995715227827,0.005664069594462025,0.0011119836471349554,0.5641505663417079,0.9900891851619252,CALI
60131,966.0539999999999 px,337.64561747288604,227.58116210000372,1.4836272666738461,0.738709683876391,61175,276.69688661867895,0.7436065492679066,0.9829342051491622,0.8096652202825103,0.8194890509452519,0.0056151671762133685,0.0015621224543131917,0.6715623046191496,0.9963481464032978,BARBUNYA
89592,1155.357 px,452.2914051082352,254.9645327720396,1.773938516823526,0.8259677344281247,90627,337.74558071411195,0.7957720833148288,0.9885795623820716,0.8434254387521692,0.7467433095114598,0.005048345891466149,9.68309576151176E-4,0.5576255703001278,0.9891934771210816,CALI
76301,1048.7150000000001 px,403.65419576215436,243.5264033849386,1.6575377049531017,0.7975109080641044,77582,311.68806602569447,0.7916683959327662,0.9834884380397515,0.8718166002509118,0.7721660502925896,0.005290287096658686,0.001160117068680641,0.5962404092244578,0.9882909595062058,CALI
75346,1071.696 px,420.31825430469144,232.39679820669662,1.8086232579282573,0.8332431400254774,77342,309.73134606884,0.7863613592719378,0.9741925473869307,0.8243788588065856,0.7368972032423644,0.005578507874401978,0.001014671462671548,0.5430174881464187,0.9821140585233946,CALI
91671,1251.8200000000002 px,446.63649584789323,262.1577748655573,1.7036934955560343,0.8096159046285618,93273,341.64183336561274,0.6855341679005699,0.9828246116239426,0.7351196998043622,0.7649214440415153,0.0048721678158620855,0.0010288909477922583,0.5851048155545571,0.9968392684788121,BARBUNYA
183924,1623.448 px,631.1129489644076,373.1654798268266,1.6912415083444632,0.806465162943335,185666,483.9207683349311,0.7609756097560976,0.9906175605657471,0.876943276104441,0.7667736324044627,0.0034313789878667685,7.316731708547028E-4,0.5879418033507341,0.9943515823176595,BOMBAY
61055,977.9269999999999 px,346.61798865632124,226.66708058772682,1.5291942162821914,0.7565471293986356,62594,278.8147062186738,0.8052624637298865,0.9754129788797649,0.8022657017780235,0.8043861407756429,0.005677143373291642,0.0014661146793647983,0.6470370634719321,0.9894453351814918,BARBUNYA
65997,992.511 px,383.24096819572526,221.3444275438133,1.731423611827164,0.8163486557378252,67054,289.87926837545064,0.7344588127935187,0.9842365854386017,0.8419056052130037,0.7563890409216537,0.005806945288357429,0.0011724880050418152,0.5721243812263791,0.9905896625573588,CALI
73154,1072.009 px,367.85547945750363,255.7090087861007,1.4385706675090704,0.7188797710114823,74911,305.19266972775756,0.7524119062802131,0.9765455006607842,0.7999283321391002,0.8296537275395264,0.00502850807143155,0.001469624519994044,0.6883253076202306,0.9902045972466215,BARBUNYA
69448,993.332 px,374.95516829351834,236.50108855845662,1.5854268180285338,0.7759901903241108,70025,297.36163152425627,,0.9917600856836843,0.8844652091651927,0.7930591619195361,0.0053990779906335435,0.001317412290095622,0.628942834304517,0.997142836513258,BARBUNYA
175276,1595.654 px,608.730967029538,368.76386020456357,1.6507337966683013,0.79562367206768,177114,472.4069585040004,0.789343084759044,0.9896225030206534,0.865077202398083,0.7760521216938145,0.0034729852748210705,7.770451731648564E-4,0.6022568955854712,,BOMBAY
69667,1035.546 px,404.8892674579033,222.0585678400404,1.8233444959870442,0.8361881318388743,71209,297.83011829407815,0.7818967452300786,0.978345433863697,0.8163909513224131,0.7355841268996931,0.00581177985930072,0.0010495866897045842,0.5410840077467839,0.9865825473917093,CALI
181985,1622.6889999999999 px,597.6705158709798,390.6550595867941,1.5299187894895083,0.7568147212961545,184037,481.36316700452744,0.77181620777987,0.9888500681928091,0.8685100989385592,0.8053988848739532,0.003284174607088385,8.524130647595276E-4,0.6486673637562073,0.9924083879392473,BOMBAY
61876,954.9889999999999 px,376.59055175914455,209.70230924149357,1.7958340712665313,0.8306168820084071,62369,280.68304200651835,0.8013884032067969,0.9920954320255255,0.8525804235033292,0.7453268296174206,0.006086213584574706,0.0011585478383725981,0.5555120829475554,0.9976075255574595,CALI
154160,1479.127 px,540.3809223371894,365.06101470575163,1.4802482340458898,0.7373028475249852,155782,443.0379309002477,0.8132860639824429,0.9895880140195915,0.8854634438679105,0.819862272309826,0.0035053251319226092,9.7694851461526E-4,0.6721741455570313,0.9949845919321005,BOMBAY
74641,1042.506 px,405.2232650000919,236.5988539573292,1.7127017237081557,0.811845133016077,75839,308.2788881168759,0.7980434085320218,0.9842033782091009,,0.760763052725529,0.005428963505313325,0.0011217454970012988,0.5787604223922659,0.9912439730452941,CALI
82632,1104.57 px,384.8359962899038,275.5373077461404,1.3966747350397393,0.6981143125924423,83677,324.36141888417615,0.7641135184620079,0.9875115025634285,0.8510824617874463,0.8428562348929255,0.004657227179420851,0.0014498437515340018,0.7104066326978783,0.9922069954937826,BARBUNYA
198209,1672.222 px,617.1342070510481,412.1567576652075,1.4973288574643304,0.7442905468055229,200587,502.3619580764569,0.7867621958480531,0.9881447950265969,0.8907285421709589,0.8140238417134161,0.003113552901488066,8.433046826153929E-4,0.6626348148778687,0.9921822302771673,BOMBAY
67849,1022.6289999999998 px,389.91481650758016,222.0912703920686,1.7556512501335348,0.8219295209634475,68732,293.91840682532296,0.7506416780988627,0.9871530000581971,0.8152993692731612,0.7538015853255196,0.005746802701699069,0.0011445485932584049,0.5682168300392665,0.9975905880053525,BARBUNYA
203296,1716.579 px,627.5124928414722,416.80535691717205,1.5055288576009642,0.7475385539912823,205470,508.767635061901,0.7650184390757884,0.9894193799581448,0.8669840488970686,0.8107689342695372,0.003086693751187786,8.227382800522358E-4,0.6573462647765611,0.989653771057317,BOMBAY
69889,1002.511 px,391.5626777484845,228.7546748484837,1.711714429477068,0.8116028245032141,70764,298.3042717461414,0.7744791666666667,0.9876349556271551,0.8738570559574554,0.7618301965381735,0.005602636720349189,0.0011641393167090013,0.580385248357392,0.9934538042689798,CALI
82845,1137.84 px,404.1093683898851,261.68924883306454,1.5442337436173104,0.7620056626572178,84027,324.779202048999,0.7576339542922989,0.9859330929344139,0.8041068693565584,0.8036913455954621,0.004877896896492065,0.0012553636411306657,0.6459197789850446,0.9974511183785411,BARBUNYA
221203,1792.381 px,959.4461693,412.2568809119637,1.671877625862776,0.801399164399828,224322,530.7018061153101,0.7391913116123643,0.9860958800296004,0.8652472219242683,0.7699777343142149,0.003115884754296674,6.755753826516903E-4,0.5928657113396517,0.9911989179299828,BOMBAY
74846,1024.352 px,390.6549574356636,244.33839368237736,1.5988275585681695,0.7802575786021886,75491,308.7019387131347,0.7979487835561526,0.9914559351445867,0.8963549473230912,0.7902163605948208,0.005219450036550565,0.0012554186485164787,0.6244418965517239,0.9983749129314701,CALI
77315,1086.568 px,429.5829242837359,233.3919003149954,1.8406076804891385,0.8395393861556809,79121,313.7523153718536,0.7249006150615062,0.9771742015394144,0.8229241411136767,0.7303649601412529,0.005556268826019995,9.752652053404133E-4,0.5334329750021339,0.9818408308150983,CALI
69785,1037.3419999999999 px,367.5228761685637,242.78529573708724,1.5137773276292443,0.7507388207059617,70841,298.08223970800964,0.7585490988934542,0.985093378128485,0.8149444807913447,0.8110576484803487,0.005266502488623109,0.0014057527866980985,0.657814509158473,0.9957846897496563,BARBUNYA
66444,1009.7119999999999 px,365.91566920144714,235.45202578643233,1.5540986236124057,0.76547989987581,68423,290.8592929758015,0.7340742868506529,0.9710769770398843,0.8189749122795742,0.7948806718514015,0.005507128848375281,0.0013561656747708443,0.6318352824829356,0.981934342856486,BARBUNYA
78951,1107.3569999999997 px,432.4657715114365,236.10569352170748,1.8316617658001362,0.8378162439459831,80711,317.054467396985,0.7420346247109908,0.978193802579574,0.8090813464938622,0.7331319338612686,0.005477647800679364,9.761182112217916E-4,0.5374824324471638,0.9844860213027243,CALI
182178,1655.89 px,635.9195746502895,368.33860720983904,1.7264537634742483,0.8151698448269076,183979,481.6183486753411,0.7963021243115657,0.9902108392805701,0.8349160833346904,0.7573573261055802,0.0034906496648897754,7.084176117270407E-4,0.5735901194057941,0.9902768203397768,BOMBAY
70264,1101.506 px,398.9485457717314,226.3556467041933,1.762485502705777,0.8234557107393589,71973,299.1034994299991,0.639787296037296,0.9762549845080795,0.7277278565290116,0.7497295142445232,0.005677851328870138,0.0011065784561150509,0.5620943445293287,,BARBUNYA
68648,1004.9099999999999 px,347.2563822988225,252.65460664803336,1.3744312320518122,0.6860295394225101,69720,295.6439552349742,0.7288634071242767,0.9846242111302352,0.8542469109985678,0.8513708323453231,0.005058506909142619,0.0016393707405530555,0.7248322941683684,0.9962321431047719,BARBUNYA
60169,964.5479999999999 px,370.0253756256494,211.50343100436524,1.749500581945701,0.8205381991059578,62285,276.784302602532,0.70570366287048,0.9660271333386851,0.8127088105599576,0.7480143818097266,0.006149767747937467,0.0011876220959753647,0.5595255153941874,0.9788902147955991,CALI
79420,1178.357 px,399.08651360745165,253.97018186887976,1.5713912187277672,0.771376736732871,80997,317.99478713159215,0.7173049132947977,0.9805301430917195,0.7187634334711214,0.7968066479048632,0.005025012762622156,0.0012494783263154161,0.6349008341453849,0.9976775955389923,BARBUNYA
76120,1058.695 px,400.91254091026286,242.5959581882032,1.6525936536800807,0.7961423117181063,76807,311.31815582333223,0.8022511935752453,0.9910555027536553,0.8534280632212539,0.7765238650716473,0.005266848934711808,0.0011812718502731102,0.60298931302581,0.9964963119433652,CALI
61422,968.493 px,363.98075717387303,216.33161355849185,1.6825130233471852,0.8042071989246286,62310,279.6514246642115,0.7129492060544155,0.9857486759749639,0.8228882204263716,0.7683137615174048,0.005925902073750009,0.0012737631522728356,0.5903060361370236,0.9931975935609962,CALI
232472,1594.1560000000002 px,615.1699854161863,351.07570008047264,1.7522431352417118,0.8211606842830588,169856,461.36221575964106,0.6592945482079757,0.9842219291635268,0.8266509279056413,0.7499751722241645,0.0036797745215592327,7.181059354871143E-4,0.5624627589526652,0.9855715082039211,BOMBAY
68456,1021.462 px,393.38779786070086,223.17109439313847,1.7627184153504594,0.8235073614687856,69252,295.2302258820907,0.8182839656697507,0.9885057471264368,0.8244739786215433,0.7504814015269281,0.005746578793103612,0.001124472566620808,0.5632223340378225,0.9928023801451376,CALI
207673,1755.004 px,659.2733366103533,405.1692711656377,1.627155323782773,0.7888626972873007,210788,514.2153984215033,0.733686858337985,0.9852221189061996,0.8472931189152252,0.7799729943051181,0.003174574145942676,7.247421193951088E-4,0.6083578718452919,0.9898927499382246,BOMBAY
71003,1076.435 px,365.10888783794366,248.97033063996503,1.4664754908725495,0.7314388236395156,72459,300.67229236301563,,0.9799058778067596,0.7700358455051902,0.8235140320562979,0.005142161427516353,0.0014588461161268885,0.6781753609936215,0.9945275454107895,BARBUNYA
57208,929.814 px,345.44027499136257,212.41092375933894,1.6262830031413336,0.7886057714553202,58161,269.8879172456766,0.79978749877672,0.9836144495452279,0.8315233844016005,0.7812867716493825,0.006038321126264903,0.001387835054529131,0.6104090195543145,0.9926978134653476,BARBUNYA
67044,981.016 px,376.87221166855767,228.25174532665758,1.6511252132123024,0.7957329962077802,67723,292.169594648766,0.8004011317646216,0.9899738641229715,0.8754222895446458,0.7752484412560409,0.00562126680491256,0.0012524995209981685,0.601010145669921,0.9923430049120054,CALI
168736,1555.86 px,577.4808349946384,372.9350209792391,1.5484757464673347,0.7635096999549515,169852,463.50981415762107,0.7469169138152362,0.993429573982055,0.8759444848654367,0.8026410333806567,0.003422392583649241,8.761834030438331E-4,0.6442326284663685,0.9975786002630732,BOMBAY
64592,1000.0660000000001 px,344.3690356812006,239.37425732253533,1.4386218448594255,0.7189036820002033,65657,286.77707138739953,0.7860202492211839,0.9837793380751482,0.8115798786434646,0.8327609095867817,0.005331450267543978,0.001581635661839806,0.693490732535804,0.9976709170335728,BARBUNYA
91235,1158.8069999999998 px,457.3964107949,256.6972405436442,1.7818516857688327,0.8276707779913716,92679,340.82841704281725,0.8022069814472874,0.9844193398720315,0.8537861794640359,0.7451488664952539,0.00501338752446868,9.534177198732607E-4,0.5552468332391617,0.9893675058250062,CALI
69598,1026.093 px,337.9046610347377,264.61089264714826,1.2769869662369675,0.6219041781306167,70707,297.68259242770284,0.7827299616496283,0.9843155557441272,0.8306788901779294,0.8809662214073457,0.004855091540485901,0.0018039072846655825,0.7761014832607365,0.9910714786011384,BARBUNYA
68749,1027.8070000000002 px,923.9301563,216.8492256254315,1.8764050409057693,0.8461568274719793,69561,295.8613618926907,0.7445525038988043,0.9883267923117839,0.8178113001051277,0.7271161408828075,0.00591858761698457,0.0010204999449595334,0.5286978823323069,0.9920513715245459,CALI
66734,975.556 px,366.1793010627968,234.77615713914642,1.559695437240549,error,68092,291.4933408816681,0.6893082540567899,0.9800563942900782,0.8811556136913704,0.7960399182467152,0.005487147496970012,0.0013591449719871026,0.6336795514422371,0.9883471050570948,CALI
74640,1056.1889999999999 px,407.1566371704855,235.08699036830677,1.7319403193371108,0.8164705356942583,75626,308.2768230325344,0.8092811449636778,0.9869621558723191,0.8408106705437107,0.7571455181840793,0.005454938868843589,0.0011058267071972774,0.573269335706238,0.9928682763492351,CALI
77679,1090.98 px,414.484402898662,240.97936983380194,1.7199995301860178,0.8136210811497794,78540,314.49002304601447,0.7952395577395578,0.9890374331550802,0.8201247376613654,0.7587499574089033,0.005335861724515789,0.001090885195989498,0.5757014978680124,0.9902063058603682,CALI
51906,896.485 px,327.3825036135615,202.81318007378545,1.6142072398571754,0.7849973332052351,52774,257.07736541559495,0.7763270067752501,0.9835525069162845,0.8115987542491893,0.7852507772347117,0.0063072188882510975,0.0014792826569994093,0.616618783147719,0.9953505039889695,BARBUNYA
73410,1030.2389999999998 px,399.997340182972,234.49063577070663,1.7058137049622049,0.8101443176486572,74089,305.72620917907625,0.8089791060565987,0.9908353466776445,0.8691387551883334,0.7643206053300929,0.005448812698310475,0.001147054132003687,0.5841859877321597,0.9965124641204005,CALI
75771,1052.188 px,408.7137721870256,237.78804199426727,1.7188154995484555,0.8133347419436513,76685,310.60365990137336,0.7979086371390661,0.9880811110386647,0.8600549387837048,0.7599539850084682,0.005394065964379849,0.0011098012319908747,0.5775300593302513,0.992667617431975,CALI
50575,858.52 px,314.3267899542754,205.46628171028806,1.529821766071978,0.7567789171394665,51389,253.75990616127845,0.7121233455364686,0.9841600342485746,0.8622732665293799,0.8073123713005579,0.006215062579422153,0.0016285147609588601,0.6517532648549299,0.9970663306835464,BARBUNYA
56644,961.412 px,343.12276779123266,210.50200178609072,1.6300214006511413,0.7897033599535622,57622,268.55424176873197,0.7956735496558506,0.9830273159557114,0.770095704694894,0.7826768345845512,0.006057530679175776,0.0014021849606244794,0.612583027395293,0.9985234443299921,BARBUNYA
126503,1326.9589999999998 px,475.7724585889127,339.3818867713859,1.4018793492930341,0.70083018857685,128220,401.3335546993701,0.7713127248338516,0.9866089533614101,0.9028085848572034,0.8435409563001609,0.0037609579107919394,0.0011746349822989084,0.7115613449557899,0.9975231552486991,BOMBAY
76452,1062.177 px,420.10722386964886,233.18128075671333,1.8016335724133974,0.8318157686722114,77118,311.996329584328,0.8079898541534559,0.9913638839181514,0.85153975626311,0.7426588067458093,0.005495045569372271,0.0010311180820189825,0.5515421032371095,0.9936767697914726,CALI
90045,1160.436 px,441.4573405877452,262.64081751022246,1.680840566872523,0.8037698001039061,91330,338.59836799027505,0.7907076809596151,0.9859301434358918,0.8402859068330132,0.7670013314071835,0.004902630246962576,0.0010466304708255127,0.5882910423803922,0.988823449160686,CALI
78414,1108.022 px,352.24477590332015,285.34739788047983,1.2344418716264616,0.5863156358851055,80312,315.97437500668156,0.7059363690379733,0.976367168044626,0.8026139529467843,0.8970306917863456,0.004492115896438393,0.001794154859589581,0.80466406200669,0.9933110107340896,BARBUNYA
188362,1657.968 px,639.8234602061567,377.82401303803306,1.6934430796534625,0.8070281926555656,191016,489.7243583133319,0.8106193623906907,0.9861058759475646,0.8610946062775005,0.7654054419253999,0.003396775677717144,7.191389514662555E-4,0.5858454905290168,0.9920959916825517,BOMBAY
81940,1222.3349999999998 px,396.7937766470863,263.54862202336204,1.50558091937932,0.7475589614861052,84256,323.00038435828407,0.7225749559082892,0.9725123433345993,0.6891683571898624,0.8140258324806463,0.004842491782366199,0.001311599986609608,0.6626380559458092,0.9976552134866167,BARBUNYA
215005,1836.0469999999998 px,713.3668369753793,390.04513765668054,1.8289340594300345,0.8372850884757176,219894,523.2139794728192,0.8131500321470444,0.9777665602517577,0.8014765777811398,0.733443093165371,0.003317908127603448,5.922564672138482E-4,0.5379387709119872,0.9838545400088639,BOMBAY
73978,1073.69 px,410.00025188698515,234.57242544121365,1.7478620989479243,0.8201646822914885,76322,306.9066878391833,0.704176819981724,0.9692880165614108,0.8064076396321787,0.7485524372891869,0.005542191623009343,0.0010733718845218163,0.560330751371582,0.9793808831974007,CALI
59844,997.552 px,350.9466189770973,217.9793747463262,1.6099992000872188,0.7837168055456133,61098,276.0357718034586,0.7799804496578691,0.9794755965825396,0.755717346383238,0.786546320372081,0.005864357646164983,0.0013845142369504058,0.6186551140908604,0.9960342388161524,BARBUNYA
226976,1019.7089999999998 px,369.7382109012313,232.52065222369382,1.590130628678647,0.777503063166867,68180,292.2589175004903,0.7702331882843266,0.9839395717219126,0.8107422078182177,0.7904482384661127,0.005511488572724622,0.0013272184731357467,0.6248084176941803,0.9935270020317578,BARBUNYA
224267,1770.662 px,640.4429454212835,449.3396784437009,1.425298000923207,0.7125634615482545,226132,534.36468163523,0.7800591304347826,0.9917526046733766,0.8988845244771034,0.8343673475608742,0.0028557163801240645,8.537368650123221E-4,0.6961688706757685,0.9922480996791396,BOMBAY
67073,1006.5010000000001 px,384.2772957511492,224.23255545016448,1.713744442593014,0.8121005113650044,68005,292.2327770528514,0.7329421278083749,0.9862951253584296,0.8320112032617875,0.7604737003304403,0.005729239720172785,0.0011819893247902306,0.5783202488942722,0.9910931125815678,CALI
86246,1179.304 px,418.33372013518857,263.9303154898733,1.5850157999422372,0.7758572146428557,88043,331.3786622207725,0.7995513034449513,0.9795895187578797,0.7792867334990196,0.7921394959834562,0.0048504709799316904,0.0011780679586473341,0.6274849810969241,0.9945736092650806,BARBUNYA
61570,1001.035 px,372.79203419386914,211.14716809739878,1.7655554538240654,0.8241346048102062,62673,279.9881404083822,0.7443541757338362,0.9824007148213745,0.772112339078162,0.7510571973830733,0.006054767487313126,0.0011884181672676339,0.564086913740917,0.9959267269860611,BARBUNYA
83242,1136.826 px,401.0345747829002,265.73989893366627,1.5091244348030932,0.7489417124713446,84536,325.5564562143476,0.7055901674083492,0.9846929118955238,0.8094021895603793,0.8117914930167488,0.004817695091214774,0.0012906160353028655,0.6590054281343622,0.9945211942654398,BARBUNYA
74709,1110.5639999999999 px,409.2814053304717,233.71828088684748,1.751174122013252,0.8209184511952345,76051,308.41928141349933,,0.982353946693666,0.761194435327222,0.7535628968153784,0.00547834136891769,0.0010896998252377381,0.5678570394567845,0.9944165524997792,BARBUNYA
80009,1108.48 px,433.91331894299043,236.96842585780598,1.8311018329647097,0.8377074314676957,81004,319.1717762188813,0.6576442544796975,0.9877166559676065,0.8182631304899372,0.7355657507734064,0.005423306364821338,9.79331896243799E-4,0.5410569737108449,0.9907304163002669,CALI
81131,1065.688 px,402.65784847547997,257.9605814390153,1.5609278217209814,0.7678375349340197,81950,321.4019251714409,0.791028041028041,0.9900061012812691,0.8977109901422283,0.7982010691914101,0.004963057875232401,0.00124273440841098,0.6371249468583102,0.9945060554636381,CALI
55434,925.4219999999999 px,330.5917573756197,213.77257385041517,1.5464647846123953,0.7627986092725495,56460,265.67039903393265,0.7188764394646747,0.98182784272051,0.8134042589652339,0.8036207591590884,0.0059637002088180485,0.001534264209245996,0.6458063245514296,0.9987167385987493,BARBUNYA
72633,1071.572 px,381.5562404632771,243.63182666597987,1.5661182107639495,0.7696040641969275,73795,304.1039425143138,0.7166410134975136,0.9842536757232875,0.7948791993388756,0.7970094844866842,0.005253207776950933,0.0013075499834606509,0.6352241183617301,0.9948360596827801,BARBUNYA
65383,955.6389999999999 px,354.5772588140975,235.08706936952413,1.5082805692590069,0.7486135343433531,65965,288.52767831426354,0.7166595420516699,0.9911771393921018,0.8996777443941494,0.813723021265548,0.005423080293258148,0.0014666693251675024,0.6621451553375314,0.9987006718245853,CALI
87516,1210.109 px,444.8966593043451,251.5492960674915,1.7686261351531587,0.8248095722962636,89724,333.80957445382313,0.6714439159122295,0.9753911996790157,0.7510145339455567,0.7503081164416443,0.005083603675948914,9.938252476335769E-4,0.5629622695982082,,BARBUNYA
75443,1070.2920000000001 px,380.7410437998494,253.5632975327682,1.5015621247418347,0.7459757469564154,76715,309.9306551044199,0.736101083032491,0.9834191487974973,0.8276071905954582,0.814019555158194,0.0050467378524163865,0.0013668783390354282,0.6626278361799441,0.9949768616074413,BARBUNYA
171308,1592.2720000000002 px,603.4213539824467,363.36946150081616,1.660627592341277,0.7983588612742991,173826,467.029035424449,0.7866211767082841,0.9855142498820659,0.8490885658393271,0.7739683594923534,0.0035224353444231835,7.796786099842375E-4,0.599027021495285,0.9947608004530815,BOMBAY
84341,1111.263 px,417.09626523403693,262.6515837394627,1.5880211316287958,0.7768266185375773,85951,327.6984840406015,0.7638476307781481,0.9812683971099813,0.8582521516520651,0.7856663110055099,0.004945355938796516,0.0011623310584711983,0.6172715522490065,0.9802402689247308,CALI
232954,959.953 px,367.9021131495763,215.91024607966062,1.7039585653282887,0.8096820939120682,63004,279.82438335878277,0.6996598291181724,0.976096755761539,0.8386310072172481,0.7605946618877284,0.005982342729024949,0.0012349920023076717,0.578504239692108,0.9857472543020968,CALI
73480,1069.283 px,413.7832999393045,230.20040508784587,1.7974916237936347,?,75618,305.8719368414496,0.7718487394957984,0.9717263085508742,0.8075951221686579,0.7392080272121089,0.005631237070485908,0.0010371707758079904,0.546428507494818,0.9822006652239926,CALI
81173,1093.805 px,427.6173102598303,244.05001652729862,1.7521707900068855,0.8211443074505038,82655,321.48510628765894,0.7823903614457831,0.9820700502086989,0.8525927835531075,0.751805641573109,0.005267974699220557,0.0010381157130202713,0.565211722701154,0.9903474706864339,CALI
59387,930.8129999999999 px,361.3864656974266,210.66425691038944,1.7154617066869113,0.8125199076710826,59877,274.9797753348182,0.8200359016846175,0.9918165572757486,0.8613434801362206,0.7609022512897508,0.006085279029037106,0.0012582754861860917,0.5789722360178111,0.9932047001234515,CALI
84226,1113.968 px,440.555956252786,245.6595216006777,1.793359986139331,0.8301013587567836,85372,327.474997358369,0.7884779210080415,0.9865763950709835,0.8529245385154495,0.7433221426484757,0.005230640850245601,9.850152274074916E-4,0.5525278077515209,0.9908812616508625,CALI
47668,846.1279999999999 px,300.10715214168147,202.88116112300486,1.4792263139687447,0.7368749465018954,48450,246.35905223562565,0.8147540423204458,0.983859649122807,0.8366901588466644,0.8209036355098889,0.006295778135052477,0.0017635910808270236,0.6738827787933526,0.9968251389215059,BARBUNYA
77531,1118.1209999999999 px,405.2793114793517,244.362873790795,1.658514262793951,0.7977795131847797,79291,314.1902849275609,0.673573463997776,0.9778032815830296,0.7793053201329667,0.7752438282149233,0.005227319542884159,0.001164694652981752,0.6010029931853295,0.9967720361797249,BARBUNYA
132889,1373.51 px,499.64649301124314,339.90683953548296,1.469951277514923,0.7329387285375809,134325,411.33870454931787,0.7893614493614494,0.9893095105155406,0.8851874459115636,0.8232594650475448,0.0037598784926611167,0.0010653700973910563,0.6777561467903698,0.9962685138180958,BOMBAY
70074,1020.4200000000001 px,396.7091017423693,225.63057168681496,1.7582240685584876,0.8225064914039376,70656,298.69882466754336,0.8109384221916192,0.9917629076086957,0.8456854305793676,0.7529416979737568,0.005661288091765409,0.0011223812807560046,0.5669212005476039,0.9967744997788703,CALI
54677,911.0219999999999 px,308.85390344051126,226.39857090350165,1.3642042977919446,0.6801984235027607,55858,263.850182087268,0.7530126289405187,0.9788571019370547,0.827859834546932,0.8542879955476701,0.005648698784507402,0.0018558607814855496,0.729807979336856,0.9956071819741936,BARBUNYA
69839,1005.1560000000001 px,392.7669525451186,228.66438222697,1.717656894003116,0.8130538800765721,70663,298.19754620848073,0.8011999816446402,0.9883390175905353,0.8686422264205702,0.7592225982256633,0.005623891415185192,0.0011526386948181688,0.576418953656527,0.9900899895821964,CALI
65806,1042.8629999999998 px,361.12619235901997,234.70032833777876,1.538669310420777,0.7600092733874139,67326,289.45949886096696,0.7074696826352456,0.9774232837239699,0.7603627602430293,0.8015466753328037,0.005487739603668662,0.0013972963568674268,0.6424770727370708,0.9885597544695081,BARBUNYA
71778,1026.734 px,400.3003180381146,231.30220866296943,1.7306376811186979,0.8161630276332238,73394,302.30876276085763,0.7780475643332538,0.9779818513774968,0.8556286725032061,0.7552049027652117,0.005576922149378843,0.0011190089179714253,0.5703344451606128,0.9870422816348823,CALI
138114,1368.7309999999998 px,483.71736484674835,364.51902251917824,1.3270017062588244,0.6573578884969631,139491,419.34735778534747,0.793950263856793,0.9901283953803471,0.9264273336746671,0.8669264083959553,0.003502305087440436,0.0012202889212428718,0.7515613975743108,0.9973232569393772,BOMBAY
71433,1014.5129999999999 px,396.14429292480924,231.89784141616735,1.7082707217351054,0.8107537844730908,72296,301.58136613369675,0.7396481563933441,0.9880629633728008,0.8721546905735261,0.7612917099147478,0.0055456762690186505,0.0011490493433333711,0.5795650675849207,0.9900540362957476,CALI
71385,1066.275 px,377.31638002752214,241.93766839378188,1.5595602889476292,0.7673684800821544,72551,301.48002404955383,0.7011177025221969,0.9839285468153437,0.7890024908367962,0.7990112277329793,0.005285653569062438,0.001328892916131617,0.638418942043363,0.9956528297227869,BARBUNYA
205358,1737.7039999999997 px,653.9932040124792,404.0643304999081,1.618537333407676,0.7863024386419067,207809,511.3413013122679,0.8121475294434031,0.9882055156417672,0.8546137745593059,0.7818755579951114,0.0031846492662203525,7.341620306902776E-4,0.6113293881901669,0.9894594377950587,BOMBAY
71843,1033.7779999999998 px,963.2118478,232.68134542062126,1.7083021858502794,0.8107615691817243,72647,302.4456126519416,0.7962560680956708,0.9889327845609591,0.8447724691954754,0.7608885100386877,0.0055327596423956574,0.0011439463855559256,0.5789513247088942,0.9890238135011189,CALI
56322,911.5889999999999 px,326.83661011334755,219.97020122424325,1.4858222081642865,0.7396169718975079,57129,267.78983856482273,0.7358024691358025,0.9858740744630573,0.8517061443254937,0.8193385633021733,0.00580300078323475,0.0016131916892086402,0.6713156813140695,0.9974557479853833,BARBUNYA
65231,1026.2649999999999 px,363.46654755315933,229.78648098523047,1.581757751782278,0.7747986632581703,66343,288.19210388665994,0.8249570012140833,0.9832386235171758,0.778296118678495,0.7928985647420825,0.005571991040351356,0.001358503304069909,0.6286881339700545,0.9944323293606692,BARBUNYA
164981,1541.203 px,554.9226250874973,382.8316956048875,1.4495211119097653,0.7239208664253602,167564,458.32339382793003,0.7938687030541,0.9845849943902032,0.8728188244035249,0.825923062256948,0.003363554743197685,9.65465224784824E-4,0.6821489047678945,0.9887892389271868,BOMBAY
70413,1068.42 px,371.22531730031005,243.17443212860846,1.5265803812136751,0.7555778540652559,71731,299.42046700824744,0.7166279921836834,0.981625796378135,0.7751374037955902,0.8065734017974462,0.005272113349811967,0.0013763854937422688,0.6505606524871047,0.9931331288763815,BARBUNYA
70006,1013.0709999999999 px,387.8711935119965,230.87346497834167,1.6800163394627567,0.8035536707600502,70848,298.5538604150511,0.7773262269598046,0.9881154019873533,0.8571668379057298,0.7697242419881255,0.005540542146558817,0.0011997000696057996,0.5924754087041944,0.9953683673529212,CALI
71656,1097.198 px,373.8467166987882,245.15585110391152,1.5249349139145365,0.7549644736031604,73142,302.0517386434695,0.8034985422740525,0.9796833556643242,0.7479841767149605,0.807956109152713,0.005217242334190971,0.001371424326458335,0.6527930743171908,0.995466950587891,BARBUNYA
144704,1442.9969999999998 px,545.1107485769413,338.9575732648545,1.6081975786125982,0.7831648427275126,145929,429.2351978593519,0.7597087251211457,0.9916055067875473,,0.7874275071256758,0.0037670745008910695,8.933595812041545E-4,0.6200420789781561,0.9971501700505921,BOMBAY
79709,1078.396 px,410.60286970482196,251.08456187973957,1.6353170686037077,0.791242724003408,80895,318.5728344841962,0.7975366205074842,0.985339019716917,0.8613123770711475,0.7758660691125098,0.0051512736291362575,0.001151440284449505,0.6019681572000978,0.9844088022252396,CALI
69623,1009.02 px,379.54932027806296,234.1251721569364,1.6211384567552922,0.7870803720765832,70383,297.7360522729759,0.7237318087318088,0.9892019379679752,0.8593360824291068,0.7844462797479137,0.005451493332347974,0.0012733508389081926,0.6153559658103421,0.9975772207689404,CALI
56506,911.9099999999999 px,311.90783359065324,231.3239233194459,1.348359603774856,0.6707959961363011,57392,268.22690714170545,0.7494760856301562,0.9845623083356565,0.8538871397104741,0.8599556607921733,0.005519906445167827,0.00186215453245515,0.7395237385285038,0.9971439350643935,BARBUNYA
91582,1202.076 px,436.0937539171454,268.11215094051795,1.626534837706386,0.788679995687153,93036,341.4759493521259,0.7535380463401791,0.9843716410851713,0.7964456322111402,0.7830333415346366,0.004761784563747739,0.001104257923939338,0.613141213954899,0.9972955449312281,BARBUNYA
49967,878.7539999999999 px,313.3752665432826,203.33988324817574,1.5411401911783777,0.7608990842825039,50787,252.22997508579718,0.7401202749140894,0.9838541359009195,0.8131272386413843,0.8048815653770168,0.006271644616312418,0.0016236376978461897,0.6478343342837571,0.9984035297899866,BARBUNYA
81562,1111.367 px,432.30766107083554,241.11576320672648,1.7929464889451712,0.8300149591349246,82251,322.25450151656423,0.7725430021974691,0.9916232021495179,0.8298177811572228,0.7454286160886735,0.005300356306501012,0.0010095063870390532,0.5556638216838752,0.9962754981219597,CALI
79236,1091.724 px,421.8782726477074,239.86127040289102,1.7588428175131625,0.8226448119704666,80255,317.6262088786682,0.6650663085445694,0.9873029717774593,0.8354235082015978,0.7528859139515448,0.005324325718710023,0.0010552638622060731,0.566837199426653,0.9969775369108447,CALI
88728,1146.35 px,449.0268438597523,253.69431937093952,1.7699522991809962,0.8250998213241132,89604,336.113073719636,0.7988691510529681,0.9902236507298782,0.8484692076659337,0.748536704020788,0.005060711881928504,9.800399456937057E-4,0.560307197266305,0.9917170120491566,CALI
66497,984.3219999999999 px,960.5664189,225.42711823856413,1.6855462197358175,0.8049965514728294,67422,290.97527387435196,0.749650523088023,0.9862804425855062,0.8624571618109496,0.7657892411376868,0.0057140596864963976,0.0012121645454446254,0.586433161842234,0.9884601990709004,CALI
61608,1002.5299999999999 px,357.7891597917832,219.6483306591657,1.6289181835257123,0.7893804012585813,62728,280.07452913830616,0.8001038961038961,0.9821451345491646,0.7702863811944985,0.7827921038784311,0.005807511358781055,0.0013451031060174763,0.6127634778944204,0.9981415713426774,BARBUNYA
77147,1158.9370000000001 px,396.2326887151005,248.83174868903916,1.5923719171795307,0.7782181851255169,78916,313.411249251975,0.7029723720658988,0.9775837599472857,0.7217873225416372,0.7909777718448772,0.005136073842341251,0.0012401326396713705,0.6256458355526866,,BARBUNYA
67349,1002.2019999999999 px,385.16432798829163,224.05650872802158,1.7190499404587085,0.8133914927834287,68119,292.8334169769025,0.8077356680259055,0.9886962521469781,0.8426175212556587,0.7602817698782433,0.005718931654342182,0.0011786720287775005,0.578028369609194,0.9936596343601294,CALI
152884,1469.5759999999998 px,523.1943400845793,374.4005792238395,1.397418618232911,0.6985049951413922,154335,441.2005831334435,0.7761278892087135,0.990598373667671,0.8895857129186093,0.8432824083343855,0.003422165433168803,0.0010675123928238566,0.7111252202062412,0.9937396226111803,BOMBAY
87672,1140.811 px,435.16784310321003,261.94457842264296,1.6612973848272377,0.7985419294665295,89768,334.1069549800201,0.7768208399787347,0.9766509223776847,0.846531996257761,0.7677657259724933,0.004963589778985423,0.0010638748134601968,0.5894642099780697,0.9792753504858209,CALI
81817,1092.464 px,404.74186537544756,258.08558794106426,1.568246675858062,0.7703222524780986,82640,322.7578656386189,0.7323397780164698,0.990041142303969,0.8614679924057577,0.797441266272817,0.0049469164767156895,0.0012339829648554512,0.6359125731547939,0.9972677789863523,CALI
59100,1057.719 px,351.9312622473993,215.12718416456107,1.6359218553160173,0.7914173857510337,60703,274.3145222073525,0.778707424731537,0.9735927384149053,0.6638297831855647,0.7794548300585924,0.0059548436928493955,0.0013558571615886771,0.6075498321016694,0.9939040485286976,BARBUNYA
60515,931.443 px,346.2961144187793,223.47808086552067,1.5495753009762294,0.7638970614414119,61176,277.57898164242977,0.7696074067479747,0.9891951091931477,0.8765169829453676,0.8015653947152025,0.0057224839199996585,0.0014572034197481226,0.6425070820049384,0.9956131049771614,CALI
165330,1540.253 px,574.5353992136777,368.86204875170563,1.557588809035809,0.7666895920404079,167922,458.8079052621745,0.7767441860465116,0.9845642619787759,0.8757444689224622,0.7985720390599247,0.0034750825573923528,8.717687336655515E-4,0.637717301568326,0.9933013322513387,BOMBAY
73065,1034.349 px,405.1519478300086,231.63873097556777,1.7490682414105536,0.8204397590302611,74003,305.00696276654844,0.6723443021201413,0.9873248381822358,0.858193171936554,0.7528211684533763,0.00554508927434488,0.0010986404756418947,0.5667397116715067,0.9912664308308065,CALI
88577,1163.072 px,460.1036467882588,248.9569388376128,1.8481254185422433,0.8409654511344266,90577,335.82694822483575,0.6590942913268647,0.9779193393466332,0.8228442336568184,0.7298941240067685,0.005194391848767274,9.093978867062375E-4,0.5327454322596078,0.984580374971256,CALI
65618,973.3790000000001 px,349.7425879433205,239.9523772100708,1.4575500022537045,0.7275234559863475,66416,289.04572725856355,0.8129893943899297,0.9879848229342327,0.8702998495166683,0.8264527604668108,0.005329979395033687,0.0015338307185410501,0.6830241652832117,0.99554187364788,BARBUNYA
159596,1509.379 px,536.5140722611083,379.88831523846494,1.4122942210642242,0.7061444985508432,161161,450.7814751978535,0.7654924983692107,0.9902892138916983,0.8803092384710955,0.8402043832663335,0.003361701247281312,0.0010334242528461334,0.7059434056599598,0.9969997922119584,BOMBAY
141850,1432.847 px,524.9234706596247,346.91092007813637,1.513136198022806,0.7504924334648327,143680,424.98121066781624,,0.9872633630289532,0.8682395535744248,0.8096060367309925,0.0037005531946395823,9.8071171984797E-4,0.6554619347112653,0.9918031798376765,BOMBAY
69963,1080.634 px,379.31238899210564,236.97621447342075,1.6006348562659198,0.7808231579624472,71325,298.4621555043556,0.7824613595186436,0.9809043112513144,0.7528718037621125,0.7868505331381815,0.005421614124495886,0.0012819684600110675,0.6191337614998408,0.9910070793476758,BARBUNYA
70292,1075.4489999999998 px,391.71694298964906,229.86407552475384,1.7041242399248482,0.8097234452791048,71620,299.16308943204217,0.7744138903578354,0.9814576933817369,0.7637234473356315,0.7637226185540497,0.005572710166016745,0.0011694693138906132,0.5832722380910544,0.9939683594061832,BARBUNYA
50978,881.559 px,323.1062346274964,201.10068850986005,1.6066888533385324,0.7827008844646873,51805,254.76892571801042,0.7089139201780003,0.9840362899334041,0.8243087119009262,0.78849894683007,0.0063381504693690695,0.001511286414547388,0.6217305891521298,0.9989276073703255,BARBUNYA
83749,1122.3039999999999 px,436.0196040564925,246.39863131300072,1.769569910892142,0.8250162078695114,84824,326.54638052200966,0.70240371712292,0.9873266999905687,0.8355423600740481,0.7489259140735813,0.005206266391915038,0.001010326121175912,0.5608900247709495,0.9925341111542205,CALI
64346,967.0649999999999 px,376.0208576747266,220.88098065673793,1.7023686537279783,0.809284539884991,65560,286.2304521631631,0.7602315689981096,0.9814826113483832,0.8646096679751536,0.7612089763668486,0.005843733218455329,0.0012102796962722281,0.5794391057014654,0.9864189702903474,CALI
57812,941.0359999999998 px,343.09012078850367,215.4655387038567,1.5923201587241225,0.7782017121453955,58931,271.3089098430592,0.7832118568293278,0.9810116916393748,0.8203806004506903,0.7907803034943881,0.005934583145168887,0.0014315066028929957,0.6253334883946765,0.9957311194961207,BARBUNYA
77345,1070.0099999999998 px,406.6499302666471,244.82170373854518,1.6610044128314896,0.7984618865505857,78693,313.81318102900195,0.7670223526845038,0.9828701409274014,0.8489193538374937,0.771703516150192,0.005257611096601553,0.0011501914563053393,0.5955263168385696,,CALI
76550,1061.771 px,419.39433197120013,233.65344100146058,1.7949418171358258,0.8304312463142071,77240,312.19623179897076,0.8000961578661315,0.9910668047643708,0.8532834855320278,0.7443978327785539,0.0054786980009301125,0.001037713638735503,0.5541281334454081,0.9946277587725842,CALI
62152,955.511 px,356.74480543328065,223.30378411005657,1.5975761756793916,0.7798646018775726,62931,281.3083436096054,0.7600459803849634,0.987621363080199,0.8554479507620993,0.7885422277360011,0.005739876519392468,0.0013689328151868488,0.6217988449228555,,CALI
76912,1051.1219999999998 px,402.1386896473386,245.51714779683553,1.637925062489349,0.7919942547974268,77914,312.9335390536956,0.7707231040564374,0.9871396668121262,0.8747777271358108,0.7781731703759398,0.005228555877461756,0.001182678030500395,0.6055534830929414,0.9918512266356492,CALI
79053,1073.509 px,412.74261778261103,245.78777216937806,1.6792642454897249,0.8033561276913963,80261,317.25920905459753,0.7945025125628141,0.9849491035496692,0.8620190036195305,0.7686611350168254,0.005221087343713851,0.0011242953456370825,0.5908399404853544,0.9921763868643323,CALI
71942,1028.174 px,398.7268526449091,231.22790452756735,1.7243889895536906,0.8146765908415816,72861,302.6539266676332,0.7233550514800515,0.9873869422599195,0.8551831520964916,0.7590507753867413,0.005542337614257445,0.0011348959683921273,0.5761580796152131,0.9935206487308722,CALI
66423,967.2900000000001 px,351.14128851827434,241.17653892514997,1.4559512715590148,0.726812266629345,67104,290.8133254855143,0.7549955670735866,0.989851573676681,0.8921029072688843,0.8281946185043392,0.005286441270618224,0.0015341675456913646,0.6859063261195482,0.9986461876841285,BARBUNYA
76328,1162.0379999999998 px,415.4142706519158,235.17206745796034,1.7664269194137003,0.8243265759625729,78024,311.74320837918106,0.7927052176802925,0.9782630985337845,0.7103184354719844,0.7504393334633348,0.005442488610364686,0.0010647303843282507,0.5631591932088942,0.9947795587994918,BARBUNYA
73884,1092.5900000000001 px,433.0761589642408,220.13621509889643,1.9673099165881491,0.8611751570416971,75689,306.71164067118934,0.6329369838604667,0.9761524131643964,0.7777603892492773,0.7082164056426726,0.005861568931896497,9.096149106111779E-4,0.5015704772214267,0.9867445737055631,CALI
59652,964.5219999999999 px,378.7807885502651,204.02637758033887,1.856528518726034,0.8425362027283521,61244,275.59260752520544,0.7657214741409188,0.9740056168767552,0.8057690783515841,0.7275781028388499,0.006349842227423474,0.0010976431657370692,0.5293698957305801,0.9827903083788492,CALI
91615,1189.4329999999998 px,468.0945090701875,251.8671485608209,1.8584976712719323,0.8429007899364025,93439,341.5374663062779,0.7093689508323655,0.980479243142585,0.8137602705700614,0.7296335669151521,0.005109365377614883,8.932354399757292E-4,0.5323651419693278,0.9893993766163474,CALI
71929,1036.972 px,392.3252890767567,234.90576297810154,1.6701390553510183,0.8009340777810975,73002,302.62658048039253,0.6956719377145897,0.9853017725541766,0.8405814985460884,0.771366488233658,0.0054543409344875735,0.0011911463170313698,0.5950062591699262,0.9937431916180038,CALI
91836,1164.6609999999998 px,431.45770212978834,276.5648982894737,1.5600595187542279,0.7675398888568373,94553,341.94915825353104,0.778198642499428,0.9712647932905355,0.8507927054103507,0.792543872934891,0.004698132563807095,0.0011434002448605974,0.6281257905266366,0.9799136184861037,CALI
84664,1143.1999999999998 px,396.7575390760142,272.99808326628795,1.4533345228252343,0.7256416324715957,86180,328.32537644150784,0.759134559344374,0.9824089115804131,0.8140746207578788,0.8275214560664075,0.004686260265000641,0.0013555739660619849,0.6847917602502671,0.9952315061179743,BARBUNYA
67516,1006.963 px,337.1366572745132,256.0264641808693,1.3168039419407198,0.6506071206621151,68525,293.196250150542,0.7917722112768553,0.9852754469171835,0.8367380957951756,0.8696658871829748,0.0049934335161223,0.0017619305067006026,0.7563187553297509,0.9959235183819146,BARBUNYA
144079,1462.012 px,534.5994627253992,346.3307358481321,1.543609640698549,0.7617830828941006,146415,428.3072266094719,0.6931207004377736,0.9840453505446847,0.8470492749093415,0.8011740685745412,0.0037104606689760426,9.430074671411617E-4,0.6418798881562836,0.9908119835285457,BOMBAY
80107,1128.926 px,393.66256266255624,260.42383391607353,1.5116226373866433,0.7499092029567136,81661,319.36718712181386,0.7054591248139636,0.9809701081299519,0.7898586547439969,0.8112714223109204,0.00491420927837213,0.0013131009689316877,0.658161320658384,0.9948915513595026,BARBUNYA
66011,987.1759999999999 px,383.90554501757816,221.0017303836201,1.7371155617251761,0.817684275309312,66822,289.9100129135122,0.7686601923659144,0.987863278560953,0.8512105530787497,0.7551597435255537,0.005815781385186986,0.0011666569081256717,0.5702662382415801,0.9906183567759255,CALI
76709,1075.733 px,417.5289524213646,236.53145997652177,1.7652153014352032,0.824059584893955,77578,312.52029092058905,0.7725597228376908,0.9887983706720977,0.8330042209979805,0.748499688723856,0.005443024318155166,0.0010538687668422105,0.5602517840197091,0.9889650218079613,CALI
204413,1780.349 px,712.9073513908872,371.30474736237915,1.9200060232333014,0.8536593822286058,208732,510.16341995281164,0.813279807753517,0.9793083954544584,0.8104161482906901,0.7156097057457456,0.003487583232920055,5.641690180332927E-4,0.5120972509575125,0.9832298063196395,BOMBAY
69034,990.3300000000002 px,386.0383345040572,229.11182789560684,1.684934112960562,0.8048376636359811,69937,296.4739764823335,0.7615444015444015,0.9870883795415875,0.8845309459709758,0.7679910257182441,0.00559200299133843,0.0011999737297272738,0.5898102155837605,0.9937913524097012,CALI
68100,1014.8839999999999 px,384.1957345497634,227.06178791190212,1.6920316627596883,0.8066675350777738,69047,294.4615645486938,0.722623089983022,0.9862847046214898,0.8308529465988184,0.7664363189606243,0.005641640742287275,0.0012008520263237718,0.5874246310219119,0.993941075174002,CALI
71078,1097.5210000000002 px,392.83961305097046,230.63216833758665,1.703316653017603,0.8095217425880187,72505,300.8310495289439,0.6818426000537201,0.9803185987173298,0.7415140520110924,0.7657859328201492,0.005526880512267796,0.0011724366214653345,0.5864280949052262,0.998872739849459,BARBUNYA
100635,1229.5909999999997 px,472.42379335890837,276.09630215856663,1.7110833780294081,0.811447689782721,103329,357.9559492233969,0.7779452690166976,0.9739279389135673,0.8364453354249509,0.7577009334740507,0.004694428313796476,9.544512772396201E-4,0.5741107045874478,0.9823512837683338,CALI
68936,1025.523 px,381.00704957919646,231.0529832111329,1.6490029441906737,0.7951391238805433,70001,296.2634659485762,0.7715363350457196,0.9847859316295482,0.8236925424469075,0.7775800113824262,0.005526967761100099,0.0012463701695219328,0.6046306741014941,0.9970377617413556,BARBUNYA
81376,1089.81 px,434.39507264879336,239.86142563626512,1.8110251429403508,0.8337292617243651,81989,321.88684532358354,0.809808136294881,0.99252338728366,0.8610029218433752,0.7410002221268926,0.005338122697709316,9.927540496113552E-4,0.5490813291921042,0.9944000926860086,CALI
88242,1146.3319999999999 px,426.31632760926857,266.41485144726823,1.6001973061687584,0.7806864435130344,90372,335.19129449691894,0.7748410663482139,0.9764307528880627,0.8438482904696245,0.7862501921440166,0.004831217873679978,0.0011388838760831995,0.618189364646503,0.9892249560095104,CALI
64871,959.372 px,357.76262931437054,231.19658232090276,1.5474390915424219,0.7631435602149325,65510,287.39575937462047,0.7693429791271347,0.9902457640054954,0.8856994572438862,0.8033140854465327,0.005514985576210796,0.00141666013104299,0.6453135198767992,0.9985833669581968,BARBUNYA
101226,1268.518 px,503.6126663002771,263.34171832800894,1.912392269245374,0.8523908002563912,104908,359.00549599603846,0.7538764019840029,0.9649025813093377,0.7905123724354497,0.7128603389454522,0.004975131550197352,7.925052399925485E-4,0.508169862841425,0.9718201171614231,CALI
62599,989.399 px,363.73637490812763,221.0639331726245,1.6453899543354864,0.7941217832504229,63931,282.3181224450114,0.7806140263367917,0.9791650373058454,0.8035896331216335,0.7761613682885556,0.0058105780429100725,0.0013007900101931285,0.6024264696235629,0.9912264613444024,BARBUNYA
161473,1556.283 px,605.2850030335993,343.01847446755636,1.7645842661190216,0.8239202783113665,163971,453.42453507394254,0.8000644122383253,0.9847655987949089,0.8377850980408966,0.7491091515590929,0.0037485214434214965,7.281488586512143E-4,0.5611645209495839,0.9902220843718539,BOMBAY
66073,1020.5430000000001 px,363.31584318367226,231.99338199679795,1.566061238715365,0.7695847911667508,67291,290.0461281232459,0.7559926314946396,0.9818995110787475,0.7972073126320893,0.798330525808132,0.005498703603342852,0.0013777518923019816,0.6373316284370888,0.998100359502668,BARBUNYA
71431,1014.6580000000001 px,348.13775187083763,262.1950979513327,1.3277813147195345,0.6578647744117823,72348,301.57714422677554,0.7545421895466261,0.9873251506606955,0.8718810255006058,0.8662580906728653,0.004873762818255906,0.0016929080440216872,0.7504030796561983,0.9963711876754947,BARBUNYA
66455,983.9989999999999 px,380.8743796763273,224.54409765688305,1.6962119407757774,0.8077326375537904,67706,290.8833682859424,0.6752733406495143,0.981523055563761,0.8624783699081736,0.7637252170469945,0.005731312612690201,0.001202769433431242,0.5832762071534789,0.9893600673441368,CALI
81061,1141.82 px,417.82955124874735,248.4662741872931,1.681634872239396,0.8039777277874832,82201,321.2632421173904,0.7491359074358168,0.9861315555771828,0.7813156608758108,0.7688858797977458,0.00515450773181613,0.001111256974327423,0.5911854961523537,0.9941581462919471,BARBUNYA
165366,1566.762 px,592.0672143302826,360.19407180310196,1.6437450271361844,0.7936559482833311,168206,458.85785441100916,0.8584198504983389,0.9831159411673781,0.8465449554741867,0.7750097342073681,0.0035803442928430424,7.967703845971893E-4,0.6006400881161755,0.9872991579396031,BOMBAY
67959,1017.3100000000001 px,359.5833377072138,241.19317761456568,1.4908520268423153,0.7416768411638713,69095,294.1565675293634,0.7694720275365436,0.9835588682249078,0.825182894199832,0.8180483817881369,0.0052911805310144906,0.0014616665282262632,0.6692031549461894,0.9976828799207983,BARBUNYA
233661,1149.5220000000002 px,453.1338178019559,248.93938209157074,1.8202576627079181,0.8355773788986538,89077,333.39928838395025,0.7008863340772973,0.9800621933832527,0.8302225164054022,0.7357634219427512,0.0051904768307574475,9.382958442739066E-4,0.541347813068907,0.9853925049288518,CALI
71372,1020.27 px,400.44071409916603,230.537828076229,1.7369848473056553,0.8176537746770787,72734,301.4525713720784,0.7702236035569369,0.9812742321335276,0.861603584604711,0.7528020022894726,0.005610613603362187,0.0011115095162628752,0.5667108546510391,0.9843681673324923,CALI
64222,958.611 px,365.0574835742565,224.9765327641778,1.622646944945643,0.787529461452162,64957,285.95452442998976,0.8044442217601523,0.9886848222670382,0.8782312244937157,0.7833136897516132,0.00568430574529377,0.0013200794151831973,0.6135803365522866,0.9956242585852874,CALI
78630,1108.8529999999998 px,412.0149754138641,244.01773569188438,1.6884632350416773,0.8057509363806716,79898,316.4092688315654,0.8056352459016394,0.98412976545095,0.8036189849239218,0.7679557484864138,0.0052399208370070465,0.001124214729409074,0.5897560316333283,0.9957813770569514,BARBUNYA
67922,1003.5219999999999 px,388.24698914233016,224.64370607443547,1.7282789530443596,0.8156041460663221,68623,294.0764804561931,0.6768847476207086,0.9897847660405403,0.8475523526468618,0.757446905398629,0.005716071216135128,0.0011606096469564968,0.5737258144979597,0.991558250015056,CALI
181822,1603.2469999999998 px,579.5137629134539,401.9407075513229,1.4417891794138744,0.7203770324914807,183395,481.1475454606796,0.7662696706871992,0.991422885029581,0.8889051507930504,0.830260774207938,0.003187258763589961,9.342329208570236E-4,0.6893329531883645,0.9938727929203947,BOMBAY
75626,1096.341 px,371.1089149333782,260.32656242915607,1.4255514745421718,0.7126862730168061,77287,310.3063225429695,0.7679949630351776,0.9785086754564157,0.7906598447301313,0.8361597096062109,0.004907160433361254,0.0014796771543830183,0.6991630599687428,0.9966929310838583,BARBUNYA
49166,856.3319999999999 px,293.7755666002112,214.16888258605397,1.3717005152799027,0.6844901513655532,50168,250.20011082421408,0.7759785353535353,0.9800271089140488,0.8425397396198888,0.851670932745413,0.005975177289187878,0.001939178820273841,0.7253433776834418,0.9949538849232422,BARBUNYA
75270,1137.9560000000001 px,407.26925143381413,235.98588296188538,1.7258204021449586,0.8150187610382034,76553,309.57509675717733,0.7162159590461872,0.9832403694172664,0.7304337638624968,0.7601239122946329,0.0054107778853967605,0.0011142356482417405,0.5777883620420987,0.9971589433341717,BARBUNYA
74557,1115.534 px,417.50805084921336,228.54865253545316,1.82677975222124,0.8368636663764695,76068,308.1053727814877,0.735276134122288,0.9801361939317452,0.7528919707908518,0.7379627103113339,0.005599850461381404,0.0010244572997865633,0.5445889618100499,0.9948440887177852,BARBUNYA
84917,1141.779 px,454.69477191623713,240.90829746284138,1.8874184770923923,0.8481074864068217,86284,328.8155750877318,0.7288449819327262,0.9841569700060266,0.8185409377034321,0.7231567095042507,0.00535457884659417,9.033057205855069E-4,0.5229556265010153,0.9870361121574442,CALI
80180,1079.668 px,369.8248817675165,277.44191528418884,1.3329812886733359,0.6612131612686276,81244,319.51267063586903,0.8113249549713638,0.9869036482694107,0.8643615839892299,0.8639566627015774,0.004612433047736549,0.0015851766654018018,0.7464211150264475,0.9949653798009422,BARBUNYA
77062,1073.3090000000002 px,421.44465737481914,234.38190183059652,1.7981109210361532,0.8310891475236861,77975,313.2385445573087,0.7788288561437552,0.9882911189483808,0.8406217023985161,0.7432495324735474,0.00546890370578001,0.001029481669262891,0.552419867522147,0.9933121967889174,CALI
78004,1080.753 px,433.65675800430313,230.14081501762567,1.8843105164596332,0.847560931611066,78679,315.14723138165374,0.7465283426963604,0.9914208365637591,0.8392161602015711,0.7267204432186586,0.005559416927392225,9.564857792905917E-4,0.5281226025919238,0.9951469740439934,CALI
212510,1769.7459999999999 px,670.9666465850378,408.56052622015426,1.6422698805304679,0.7932367696023938,216642,520.1693336324907,0.8398144196266262,0.9809270593882996,0.8526432464968101,0.7752536378372198,0.003157341520799199,7.035202050523651E-4,0.6010182029798431,0.9870340924043434,BOMBAY
82861,1120.2009999999998 px,429.1834536339267,248.52902871013845,1.726894664423636,0.8152749039441829,84461,324.8105631230307,0.7651909722222222,0.9810563455322575,0.829789857594541,0.7568105442389185,0.005179559185068086,0.0010481447409806872,0.5727621998712079,0.9890999869411332,CALI
70573,1049.0159999999998 px,394.676397227454,228.3701261417378,1.7282312879334238,0.8155928246531318,71745,299.7604616866518,0.6726362943194815,0.983664366854833,0.8059056839450888,0.7595094710310187,0.0055924559991420795,0.001147929228361489,0.5768546365858178,0.9969382315370751,BARBUNYA
75489,1049.908 px,404.655826676487,239.283854360454,1.691112121868945,0.8064319929674841,76318,310.02512800176805,0.7322275571075222,0.9891375560156188,0.8605795990947475,0.7661452216024212,0.005360460817820967,0.0011392689933542098,0.5869785005842232,0.9926464576144376,CALI
80621,1149.201 px,414.21092187806863,248.710277204058,1.6654354879682884,0.7996671438028891,81780,320.39014550403004,0.7975012859573458,0.9858278307654683,,0.7734951653407715,0.005137754702596949,0.0011344452532309098,0.5982947708055475,0.9964213435654121,BARBUNYA
85728,1116.254 px,423.1451872572886,258.8708293965553,1.6345804131105368,0.7910296645549189,86756,330.382020835057,0.7360395631568102,1.516188,0.86458261725371,0.7807769786453271,0.004935904106677966,0.001131499782648103,0.6096126903825256,0.9964609632828946,BARBUNYA
65994,1024.7199999999998 px,343.70828052527673,245.33335685995547,1.4009847047479849,0.700366244681535,67205,289.87267983591056,0.75454483089799,0.981980507402723,0.7897759255556036,0.8433683337303041,0.00520817469050636,0.0016253034863180312,0.7112701463390297,0.9964785959648417,BARBUNYA
157309,1514.2839999999999 px,571.2437728252539,354.81379685701785,1.6099818493119438,0.7837115004741937,160099,447.53998652940913,0.8013091205460612,0.9825732827812791,0.8620823768900827,0.7834483417052734,0.003631348319709959,8.438963992229351E-4,0.6137913041207429,0.9881928588999033,BOMBAY
87240,1252.9599999999998 px,431.9901950173121,258.3226384054295,1.6722893420564895,0.8015090511758197,89042,333.2827896587155,0.7747229326513214,0.9797623593360437,0.6983145767524677,0.7715054496673451,0.004951744555448327,0.0010821662567391487,0.5952206588664125,0.9953811639941431,BARBUNYA
72092,1062.088 px,346.69501329540117,265.1115142443521,1.3077327640166314,0.6444075530367142,73330,302.96928104850394,0.7528404344193818,0.9831174144279285,0.8031116651802224,0.8738783929100222,0.0048090636033873545,0.0017299927735419734,0.7636634455950029,0.9986677084864176,BARBUNYA
51576,861.13 px,310.8525300919125,211.42622146431037,1.4702647946834055,0.7330733474356255,52274,256.25885888932845,0.7839489284085728,0.9866472816314038,0.874017407436813,0.8243743707460195,0.0060270771306792405,0.0017170559136455601,0.6795931031428956,0.9991818142606477,BARBUNYA
78027,1183.2509999999997 px,366.6860699921905,273.40721839671255,1.3411718686232006,0.6663751912220132,79713,315.1936895895134,0.7525534562078644,0.9788491212223853,0.7003272303492983,0.8595736663686904,0.004699476719496975,0.0015825654265393982,0.7388668879145127,0.9909474847281161,BARBUNYA
60673,957.3119999999999 px,328.3949053137162,235.9652894498346,1.3917085266201064,0.6954843318807228,61537,277.9411140830311,0.7631631908631229,0.9859596665420803,0.8319521101423472,0.8463624422477367,0.005412537789687607,0.0017131927846656403,0.7163293836475536,0.9969217110908257,BARBUNYA
79018,1096.4309999999998 px,424.8237749299305,238.38887890965316,1.782062052865034,0.8277156956225041,80014,317.1889694580868,,0.9875521783687855,0.8259871386728125,0.7466365777442735,0.005376291160620751,0.0010306224348961104,0.5574661792256804,0.993439323753743,CALI
80689,1074.372 px,430.38063248520507,239.86413758299514,1.7942683588383008,0.830290920662565,81353,320.52523399123436,0.7957652024694767,0.9918380391626614,0.8784455244601782,0.7447482758236172,0.00533382037805903,0.0010121763248716446,0.5546499943422508,0.995190935078143,CALI
148827,1503.932 px,532.8745984606718,364.54030180666456,1.4617714305379712,0.7293868412407692,153846,435.3072727675246,0.749169418492268,0.9673764673764674,0.826866107976687,0.8169037781590783,0.00358049680811057,9.835731672682424E-4,0.6673317827705767,0.9754865347440006,BOMBAY
218077,1795.5770000000002 px,710.8683797004618,394.69049461953585,1.8010780330185236,0.8317015021380314,220398,526.9385734572959,0.8053749025951245,0.989469051443298,0.8499857808169492,0.74126039152189,0.003259712760632537,6.070748958159922E-4,0.5494669680391858,0.9896328860046688,BOMBAY
63127,989.8559999999999 px,351.10020348259917,229.1462507266796,1.5322101163303932,0.7576578147203045,64252,283.5062481507182,0.7185280458932799,0.982490817406462,0.8096195283178197,0.80747958941234,0.005561807205832673,0.0014585519668516168,0.6520232873175212,0.9990366769109045,BARBUNYA
53524,919.5339999999999 px,324.56384550586654,210.51583945712122,1.5417549878567456,0.7611196587569717,54727,261.05339184236783,0.7890903729913018,0.9780181628812104,0.79546823523852,0.8043206150564581,0.006063893683317139,0.0015654822254747497,0.6469316518047993,0.9974101009724525,BARBUNYA
62128,937.5399999999998 px,354.1882333352443,224.65424547072337,1.576592655051345,0.7731040282471973,62849,281.2540247450802,0.73581732477438,0.9885280593167751,0.8882140228904365,0.7940806561997478,0.005700943750567285,0.0013982505076143763,0.6305640885506221,0.9941427105480566,CALI
69221,1021.744 px,378.5480822103894,233.55537934489038,1.6208065225138266,0.7869813496944965,70135,296.8752507807154,0.820542911332385,0.986967990304413,0.8332273961021515,0.7842471398804185,0.005468688435740446,0.0012760706447162106,0.6150435764106169,0.996866640276559,BARBUNYA
64011,963.4159999999999 px,356.28690430236,228.90417357675526,1.556489332348898,0.7663095989741809,64811,285.4843892370343,0.7600812197207182,0.9876564163490765,0.8666360819955153,0.8012766840140727,0.00556602621896799,0.0014153212679746952,0.642044324344588,0.9993351417375073,BARBUNYA
76864,1111.913 px,415.5122888817365,235.94649492108576,1.761044549615827,0.8231356368835322,78170,312.83587448776325,0.7603371186641871,0.9832928233337598,0.7812521575506136,0.7528919910640788,0.005405811418632084,0.0010714486533729528,0.5668463502084329,0.9982416755041849,BARBUNYA
86232,1145.7700000000002 px,442.0627791490167,250.07816873693469,1.7676984015907315,0.8246060758370058,87163,331.3517653817504,0.8016510486390005,0.989318862361323,0.8254360443465173,0.7495581646109448,0.005126435420134251,9.981978035566404E-4,0.5618374421349281,0.9931591484157377,CALI
143603,1405.2069999999999 px,516.0199143520155,356.29380306876277,1.448298875555875,0.7233655933385414,145400,427.5991327664306,0.7736938800799539,0.9876409903713893,0.9138875643394095,0.8286485092409313,0.00359337837198398,0.0010451151078447233,0.6866583518672178,,BOMBAY
79702,1118.025 px,432.03439478738454,240.9668005353841,1.7929208248915753,0.8300095944023486,82207,318.55884573259294,0.7884417537195315,0.9695281423723041,0.8012647805015617,0.7373460297978454,0.005420621750864277,9.883579291567594E-4,0.543679167658645,0.9747737017549029,CALI
230867,1815.0729999999999 px,671.6153919037116,440.6864180199469,1.5240210826586267,0.7546227504637221,233243,542.1706317888979,0.7410628019323672,0.9898131991099411,0.8806098330055906,0.8072635593596224,0.002909100875845017,7.620789006426548E-4,0.6516744542699667,0.9931656073374844,BOMBAY
67429,1124.6019999999999 px,393.2619082161088,219.29543151341628,1.7932973135924604,0.830088267842368,68968,293.00728533937047,,0.9776853033290801,0.66997543587687,0.7450690728438273,0.005832236993224114,0.0011086668764711206,0.5551279233083605,0.9955094135690442,BARBUNYA
63441,964.0039999999999 px,364.01511015974904,224.0159248393903,1.6249519333089024,0.7882127699700802,64762,284.21046771282624,0.7283027965284474,0.9796022358790649,0.8578714448649856,0.7807655775280858,0.005737852653012233,0.00131526052448099,0.6095948870527654,0.9905623902516133,CALI
70213,1067.05 px,386.60281934711776,232.09088091520158,1.6657389459793976,0.7997492668253975,71494,298.9949299812456,0.6748654363706267,0.9820824125101407,0.7749217549378558,0.7733904540224991,0.005506143012648908,0.0012151292609861824,0.5981327943731274,0.996333090454805,BARBUNYA
74049,1156.0929999999998 px,396.9097089214219,239.4829340016863,1.657361141728066,0.797462283467818,76062,307.0539285664557,0.7102612799263351,0.9735347479687623,0.6962152289450037,0.7736115334665311,0.005360095462753338,0.0011842517376007332,0.5984748047124377,0.9918888856336872,BARBUNYA
83343,1113.5259999999998 px,416.8090886485983,257.6891371517212,1.617488006113316,0.785987328258107,84140,325.75390001788566,0.8065321527072143,0.9905276919420014,0.8446528841349688,0.7815422189426415,0.005001128932826972,0.0011509529972856568,0.6108082399897878,0.9879750022186657,CALI
191554,1682.5439999999999 px,635.3960002872996,385.93085176113675,1.6463985643743342,0.7944065915202219,193468,493.8563837313428,0.7125045565119065,0.9901068910620878,0.8502922659379802,0.7772418830273429,0.0033170594207758623,7.467200200775752E-4,0.6041049447318898,0.99459751373802,BOMBAY
77456,1095.843 px,400.13883512419363,248.45609472086474,1.6105011856269467,0.7838701999401202,78640,314.0382813878059,0.8356817642362385,0.9849440488301119,0.8105284318754895,0.7848233008683995,0.005166014706726317,0.0012089906852188273,0.6159476135859703,0.9919843619642935,BARBUNYA
87911,1153.126 px,442.27871838188054,255.64935633775997,1.73002085636996,0.8160171336246901,90019,334.56204449580486,,0.9765827214254769,0.8308058680656244,0.7564506963387985,0.005030982680004556,0.0010161436157803878,0.5722176559914528,0.9899484792483446,CALI
75720,1046.46 px,406.82072054877335,238.3826244869874,1.706587136643344,0.8103365019762979,76733,310.49911163696834,0.7693949093126048,0.986798378794,0.8689108182305603,0.7632332768550388,0.0053726983696351475,0.0011246086284038331,0.5825250348988804,0.9941297313311445,CALI
76074,1094.85 px,390.4287458177331,250.4580577607351,1.5588587937973761,0.7671272810458533,77592,311.22407542827204,0.8204702329594478,0.9804361274358181,0.797511346844472,0.7971341218137744,0.005132223175036584,0.001278235559895351,0.6354228081598174,,BARBUNYA
73650,1047.8029999999999 px,416.0419230344401,226.12733352241932,1.8398568477047548,0.8393958631933386,74346,306.22555815892434,0.8205213903743316,0.9906383665563716,0.8429917804669211,0.7360449541369293,0.005648905947514462,0.0010227311078539554,0.5417621745104343,0.9967648466004406,CALI
70445,998.333 px,379.107300447879,238.9717847118581,1.5864102990442588,0.7763078618607963,71483,299.4884968222795,0.769722465034965,0.9854790649525061,0.8881967577185658,0.7899834597446751,0.005381606933748017,0.0012928964125144304,0.624073866670167,0.9900372094499261,CALI
67439,998.9620000000001 px,357.31010938286795,240.53374564544666,1.4854884848862449,0.7394793568774707,68597,293.02901163092133,0.7460809151353563,0.9831187952825925,0.8492255451004284,0.8200971759154242,0.005298271169247289,0.0014783430032965974,0.6725593779444543,0.999079211338743,BARBUNYA
65219,1011.11 px,353.65054573549037,235.30899930061372,1.5029197641680168,0.7465123893062922,66672,288.16559452523575,0.7194356502266885,0.9782067434605232,0.8016544141281532,0.8148314713495919,0.005422507946081515,0.0014745215961541542,0.6639503267017408,0.9978640684258577,BARBUNYA
178573,1634.8139999999999 px,619.8859139751062,373.26960810226547,1.6606921659833467,0.7983765220692627,183684,476.82932504407927,0.6645343276805883,0.9721750397421659,0.8396319620016954,0.7692211006801941,0.0034713305705515738,7.496878830496327E-4,0.5917011017316494,0.9826333842494651,BOMBAY
74336,1054.454 px,406.7324635895469,235.6378361429756,1.7260914895804675,0.8150834507824806,75627,307.6483947584207,0.7299293008641006,0.9829293770743253,0.840144086543386,0.7563900654580731,0.005471540889872295,0.0011047720449234683,0.572125931123668,0.9875417006808642,CALI
226687,1839.8079999999998 px,720.6955205465366,405.53724088200994,1.777137702517982,0.8266594145135988,231500,537.2400326459112,0.7583838505493329,0.9792095032397409,0.8415723788437827,0.745446610017081,0.0031792538634616745,6.05579474572698E-4,0.5556906483859582,0.9875388021833494,BOMBAY
59413,920.7959999999999 px,348.2599063107353,218.41225373428344,1.5945071778546924,0.7788960670168387,60023,275.03996268060797,0.7137639808262953,0.9898372290621928,0.880571242323413,0.789754886211918,0.00586167852676578,0.001406601401008244,0.6237127802955996,0.9945145051010402,CALI
75698,1058.905 px,415.3089974132795,233.41395708794155,1.7792809075971698,0.8271203792720567,76255,310.454001516106,0.7733676607308875,0.9926955609468232,0.8483601716475334,0.7475253448630903,0.005486393265519293,0.001056745447267456,0.5587941412126819,0.9942517467368819,CALI
208936,1752.441 px,663.4179616778237,405.37699253523465,1.6365456695724057,0.7915972994903301,211979,515.7766740739503,0.7917031378478024,0.9856448044381755,0.8549413632629687,0.7774535871315879,0.0031752209369272106,7.155691341837458E-4,0.6044340801437734,0.9891839764012729,BOMBAY
80291,1103.6349999999998 px,430.90682730907946,239.3027915496085,1.800676141380284,0.8316187630212786,81330,319.7337584402544,0.6501084985101697,0.9872248862658306,0.8283727443680547,0.7420020713919132,0.005366813557049725,0.0010034985321715263,0.5505670739498898,0.9913929942911213,CALI
83108,1143.9759999999999 px,458.952240724562,234.28890489241698,1.9589158135136961,0.8598857910655666,85574,325.29431609520924,0.6294057951257933,0.971182835908103,0.7980293580573982,0.708775962356469,0.005522359348372744,8.596869762754561E-4,0.5023633648143387,0.984087539464758,CALI
72477,1038.598 px,388.03376836248106,240.6997531546386,1.612107047376933,0.7843597488320108,73544,303.7771921717797,0.8081735057983943,0.9854916784509953,0.8443356149540979,0.7828627736542938,0.005353888383383433,0.0012404853632647505,0.6128741223736942,0.9880186918335853,CALI
102108,1232.802 px,480.9413523744692,273.75787968301677,1.756812819164692,0.8221903740300762,103967,360.566142938876,0.7559467843314356,0.9821193263246992,0.8442731409291769,0.7497091717289741,0.004710124107557383,9.178747204342802E-4,0.5620638421745446,0.9874409631212002,CALI
75110,1074.352 px,424.1143225783777,228.39825293399736,1.8569070346651841,0.8426063870061723,76851,309.2458927860774,0.7735005767012687,0.9773457729892909,0.8177384763379939,0.729156919073224,0.005646575989593632,9.845753188355228E-4,0.5316698126323561,0.9872614151961425,CALI
76904,1129.184 px,398.3228726041746,246.66028230231302,1.6148642533214168,0.7851961752080776,78367,312.917263742851,0.7070136890588657,0.9813314277693417,0.7579304613468008,0.7855869829845454,0.005179481855354398,0.0012168672232927534,0.6171469078347603,0.9966084805102017,BARBUNYA
74151,1071.243 px,382.42807743879877,248.68719389091697,1.5377875774598402,0.7596904524426349,75148,307.2653340057369,0.7733568344423354,0.9867328471815617,0.8119903766431561,0.8034591394637064,0.005157423061574338,0.0013257685173561366,0.6455465887877595,0.9927135249093922,BARBUNYA
71092,1025.4039999999998 px,397.07434978474413,230.49501863138437,1.7227025214794738,0.8142721710024671,72226,300.8606749216524,,0.9842992828067455,0.8496510173152569,0.7576935530707294,0.005585359109108537,0.0011355473078188453,0.5740995203649462,0.9890026913128491,CALI
68470,1015.665 px,344.134644646873,255.58088444473128,1.3464803731097945,0.6696498175537798,69737,295.26041324230476,0.8119485817284887,0.9818317392488922,0.834082901211261,0.8579793340635041,0.005026064621686476,0.0016800226612221072,0.7361285376800542,0.9911826280722067,BARBUNYA
154721,1475.51 px,538.8861414756187,367.7969601771632,1.465172907399898,0.7308731707278436,155903,443.843323258297,0.8038957934990439,0.9924183626998839,0.8930480228863165,0.8236309845395758,0.0034829541010956413,9.88685622574478E-4,0.678367998693631,0.9939264129329974,BOMBAY
60353,950.902 px,344.28402808281567,224.5974163006509,1.53289398317009,0.7579085300746875,61174,277.20719010047566,0.7856417599583442,0.9865792657011149,0.8387590227783773,0.8051700557941508,0.00570450562661037,0.001478932102695705,0.6482988187475561,0.9937733585544054,BARBUNYA
57563,986.047 px,343.6359123805583,213.95891603586415,1.6060836292653373,0.7825143228746522,58779,270.724006902953,0.7109264039323692,0.9793123394409569,0.7439745025675084,0.7878222186601403,0.005969735982845896,0.0014185602520352522,0.6206638482145861,0.9968380458942729,BARBUNYA
75186,1059.922 px,409.8002883128695,236.98933455081195,1.729192957521073,0.8158210289230726,76389,309.40230834700947,0.80270322208699,0.9842516592703138,0.8410058780940998,0.7550075418951161,0.005450486637311062,0.0010924968703615455,0.5700363883185057,0.9857029082111075,CALI
72834,1078.61 px,364.27612378062076,255.11542303823174,1.4278875006550669,0.7138140432273133,74384,304.52443087745985,0.7793900481540931,0.9791621854162186,0.7867108521817466,0.8359714266116838,0.005001457063742493,0.001506752920243082,0.698848226111174,0.9978766469191114,BARBUNYA
69651,997.4649999999999 px,361.70289486453515,245.9155265276614,1.4708420406462202,0.7333209172924413,70419,297.795915906093,0.7461834310017891,0.989093852511396,0.8797147803520011,0.8233163741131334,0.005193075402571896,0.0014718766044915642,0.6778498518827972,0.9970100593950314,BARBUNYA
63219,981.8240000000001 px,367.103504446759,222.04028267902027,1.653319388795055,0.7963441242551644,64634,283.71276104294685,0.7680784370899548,0.9781074976018813,0.8241195145917121,0.7728413311404214,0.005806854022473608,0.001277856336108083,0.5972837231188984,0.9875007600441721,CALI
82134,1100.982 px,433.7330938746079,243.38129203820932,1.7821135315795535,0.8277266845759796,83687,323.38252390517,0.7656611231262584,0.9814427569395485,0.8514759787079784,0.7455795475884526,0.00528079837673324,0.001006596216112249,0.5558888617822016,0.9906570626364178,CALI
57351,952.862 px,329.425015075134,222.74480968291095,1.4789346406952781,0.7367526079058988,58282,270.2250194377018,0.7242568130730179,0.9840259428296901,0.7937629861391032,0.8202929561255994,0.005744015188490768,0.0016042471315248755,0.6728805338692744,0.9951463305888024,BARBUNYA
57929,917.333 px,330.45353117522757,223.88703738831748,1.4759833129690194,0.7355094769567014,58707,271.5833087414675,0.7991529632490895,0.9867477472873762,0.8650712155462014,0.8218502243737763,0.005704457718504161,0.0016053319172960653,0.6754377913032266,0.9969349089122135,BARBUNYA
67593,992.946 px,392.31779796054536,222.24080376483832,1.7652824832998362,0.8240744056954421,68881,293.36339333203085,0.7243762860082305,0.9813010844790291,0.8615100042727233,0.7477697796456684,0.005804118739522515,0.0011194061529124757,0.5591596433513315,0.9870747237762891,CALI
79755,1101.326 px,394.75359364571415,258.28108395621393,1.5283875520386008,0.7562486610366697,81023,318.66474528939176,0.8050205910852714,0.9843501228046357,0.8262966635237948,0.8072497639512027,0.004949578003206246,0.0012965212595487314,0.6516521813992725,0.9959770823094483,BARBUNYA
61884,977.8739999999999 px,332.1090455102429,237.93804122453543,1.3957795222700053,0.6976430334549002,62975,280.7011862931662,0.7245691270138629,0.9826756649464073,0.8132469500568936,0.8452078920702232,0.005366638315400473,0.0016894146818759383,0.7143763808177902,0.9971119235388304,BARBUNYA
152869,1475.473 px,537.2074019542575,365.4009172262565,1.4701862437351747,0.7330396294112352,154271,441.178938713216,0.7610989131354772,0.9909120962462161,0.8824025517388626,0.8212450854330964,0.0035141683529967328,9.86037565208006E-4,0.6744434903480138,0.9915575416863869,BOMBAY
82624,1160.196 px,418.8289346995757,251.61131212023332,1.6645870615683482,0.7994372560308067,84071,324.3457170122616,0.7073972602739727,0.9827883574597661,,0.7744109590826467,0.00506909535606574,0.0011245950943496936,0.5997123335473046,0.9982733910858048,BARBUNYA
85465,1121.047 px,444.04322045752644,247.72100937514182,1.7925133664584731,0.8299243850582342,86667,329.87485155857314,0.7858850574712644,0.9861308225737593,0.8545756605210216,0.7428890620572515,0.005195614818434756,9.761410253410092E-4,0.5518841585243028,0.9892597308914999,CALI
80420,1161.915 px,413.43250444221906,248.22349455573067,1.6655655629302084,0.7997023517395078,82080,319.9905064023022,0.6797339216133749,0.979775828460039,0.7485575862318369,0.7739848777347978,0.005140916493934581,0.0011380208369318268,0.5990525909621499,0.9977613658906731,BARBUNYA
75180,1059.0839999999998 px,372.15283561830825,258.7489338619524,1.4382777546703207,0.71874285237646,76407,309.38996262514644,0.7655180840664711,0.9839412619262633,0.8422700758111261,0.8313518882937294,0.004950157430411124,0.0014586071027126743,0.6911459621695498,0.9940598626186783,BARBUNYA
75192,1029.627 px,391.05979475869896,245.33478400167246,1.5939843033266456,0.7787303762159508,-75850.0,309.4146535762751,0.814621409921671,0.9913249835201055,0.8912953801244604,0.7912208253655877,0.005200816506525947,0.0012573093134479484,0.626030394492202,0.9978826222259576,BARBUNYA
90988,1150.237 px,448.31955370097177,259.5863198098523,1.7270538525657557,0.8153128126495185,91581,340.36674293526823,0.8122913207277662,0.9935248577761763,0.8642100567225545,0.7592056606174536,0.0049272382479115025,0.001009766771303648,0.5763932351135842,0.9954621572957552,CALI
83127,1093.874 px,410.1196952785108,259.05152893767166,1.583158752084364,0.7752548313712535,83960,325.33149806804727,0.6951406136323725,0.9900786088613626,,0.793259874649804,0.004933652065857192,0.0012050643239790934,0.6292612287294228,0.9962204216103466,BARBUNYA
78720,1086.768 px,429.918017185599,237.36778058472515,1.8111894382908709,0.8337624327618284,80443,316.5902982745239,0.7527251864601262,0.9785811071193268,0.8375702928347197,0.7363969073616409,0.005461356925630069,9.90668027956782E-4,0.5422804051717891,0.9821725424392386,CALI
76135,1047.6559999999997 px,409.33993531478217,237.56337291723605,1.7230767954174098,0.8143620428450736,76684,311.348828066546,0.812297285763059,0.9928407490480413,0.8716794488375673,0.7606119051812498,0.005376501416100114,0.0011100230630963883,0.5785304703034504,0.9968524288217961,CALI
77590,1074.368 px,409.11671932504527,245.29210889762757,1.6678755837832098,0.8003259864078773,79050,314.30980938558264,0.7988838895009421,0.9815306767868438,0.8447136012206221,0.7682643962928876,0.005272802156528486,0.001133089114933801,0.5902301826112749,0.9844305103892507,CALI
138244,1395.6989999999998 px,967.1357555,346.64539184650937,1.4732094049851712,0.7343323244041862,139249,419.54466701695526,0.7973652639350314,0.9927827129817809,0.8918105808296853,0.821539200460178,0.00369405725719053,0.001037998078093335,0.6749266578927485,0.9943083000828061,BOMBAY
59208,958.477 px,371.6911507477525,203.74937083163115,1.8242566798152249,0.8363679359755687,60037,274.5650505156829,0.7427367153394551,0.9861918483601779,0.8098915421222562,0.7386913838635237,0.006277718395280241,0.0011530117330446647,0.5456649605942079,0.9954329493050952,CALI
100376,1201.8139999999999 px,465.4631658895847,276.10970302615567,1.685790686774567,0.8050599519778143,101303,357.49502450011346,0.7643153021442495,0.9908492344747934,0.873303561605489,0.7680414922131927,0.004637195802677779,9.953456613933803E-4,0.5898877337610676,0.9944272478169629,CALI
82602,1118.8229999999999 px,441.62570630299456,240.62627718446834,1.8353178691470862,0.8385239479578799,84018,324.3025329444929,0.7145501730103806,0.9831464686138685,0.82923505928973,0.734337988744687,0.0053464287342073384,9.590196984030657E-4,0.5392522817135922,0.9896993486072944,CALI
68888,1079.833 px,364.55293237533976,241.57088052589182,1.509093031336062,0.7489295121429937,70428,296.1603041559012,0.7425036107697945,0.9781336968251264,0.7424039078486891,0.8123931474811942,0.005291965688876724,0.0014218762115438776,0.6599826260744012,0.9959751818117528,BARBUNYA
89150,1166.008 px,463.5134811821309,246.63833906851136,1.879324532157897,0.8466776985413671,90081,336.9114207223313,0.6677902621722847,0.9896648571840899,0.8240017826703179,0.7268643403058795,0.005199253855099617,8.952291962305963E-4,0.5283317692083016,0.9929068549915456,CALI
76127,1050.1100000000001 px,405.5025491253356,240.36757295961522,1.6870102074603264,0.8053757386289327,76860,311.33246991287905,0.7064954108006274,0.9904631798074421,0.8675189917235852,0.7677694519662569,0.0053266587298243144,0.0011417156377355742,0.5894699313725663,0.9944417912164575,CALI
71598,1026.517 px,391.952383880419,236.08056435545618,1.6602484196465808,0.7982551086379901,72930,301.9294701150389,0.776079604578564,0.9817359111476759,0.8538438662300966,0.7703218108431119,0.005474348220347203,0.0011890523084855877,0.5933956922606112,0.9851842603007683,CALI
172359,1545.5009999999997 px,568.8688778674389,387.3404907800065,1.4686532686574536,0.7323802040628064,173829,468.4594909818862,0.7574555042847726,0.9915434133545036,0.9067869240358513,0.8234929158684777,0.0033004883868404836,9.36262096119719E-4,0.6781405824855679,0.9959533830766987,BOMBAY
96319,1252.315 px,434.98046170682625,283.48272365261494,1.534416122796462,0.7584650688369545,98108,350.19588762483505,0.748730984196575,0.9817649936804338,0.7717820329824062,0.8050841783805559,0.004516040051358779,0.001170314848652447,0.6481605342786949,0.9945479739575981,BARBUNYA
149231,1447.234 px,537.385706461403,354.9290902436387,1.5140649815221348,0.7508492386561202,150684,435.8977064637678,0.7468458323949654,0.9903573040269703,0.8953470343739671,0.8111449583095222,0.003601032670567127,9.616138657987188E-4,0.6579561433909563,0.9961883560856034,BOMBAY
171620,1583.298 px,929.2037208,389.9038980083302,1.4519520852445795,0.725019858294305,174696,467.45413750168973,0.7902637589331761,0.9823922700004579,0.8603049768851958,0.8257130459682822,0.0032986934958523766,9.458849430707253E-4,0.6818020342822185,0.9899438854000633,BOMBAY
91893,1168.57 px,451.79716719333635,261.8717295327568,1.7252613254567533,0.8148852357168523,93253,342.05526086342877,,0.9854160187875993,0.8456347641717069,0.757099171268274,0.004916556943329049,9.96441758368604E-4,0.5731991551351073,0.9889183341390863,CALI
83982,1174.925 px,412.0556943254543,260.2859528335848,1.58308848341464,0.7752319870022998,85570,327.0003110792839,0.7419560031804929,0.9814420941918897,0.7644970033366443,0.7935827985937478,0.00490647632022879,0.001200379175283191,0.629773658223885,0.9969874254921397,BARBUNYA
72372,1056.5099999999998 px,412.96246150841034,225.84486450438726,1.8285227003706703,0.837204750489348,73044,303.55706602148666,0.7887440603339291,0.9908000657138163,0.8147665941980786,0.7350718147908571,0.0057061081842205595,0.0010276349042307531,0.540330572899924,0.9880067182518004,CALI
75614,1086.054 px,430.4794643286791,224.20134505700918,1.9200574564760895,0.853667894234188,76304,310.28170254722494,0.713292518418595,0.9909572237366324,0.8055810434287196,0.7207816591927346,0.005693118527371639,9.478615295452976E-4,0.5195262002286315,0.9975201545836738,CALI
139841,1430.241 px,524.8024562900072,341.3400849100567,1.5374767848560562,0.7595779119516652,141672,421.96100670003847,0.7802756388795893,0.9870757806764922,0.8590648267224755,0.8040377891578726,0.003752851140152081,9.674910224206246E-4,0.6464767663938796,0.9939430202794016,BOMBAY
172746,1599.927 px,601.7414306716629,369.4322407273755,1.628827601746111,0.7893538490759672,176302,468.98511532331213,0.7965196702263044,0.9798300643214484,0.8480423266860883,0.7793797990605893,0.0034833885049243567,7.928266811916604E-4,0.6074328711837247,0.9894034267919405,BOMBAY
86131,1137.663 px,413.0687207122052,266.26822499375385,1.5513256255863614,0.7645115809879357,87730,331.15765917095183,0.6954180291469864,0.9817736236179186,0.8362614667858033,0.8017011275992433,0.004795819399661042,0.0012220600884623501,0.6427246979938983,0.9970752941951894,BARBUNYA
57433,975.96 px,340.4333752276232,217.33213836348227,1.5664198483993073,0.7697060618839076,58982,270.41813321738357,0.698392431538499,0.9737377505001525,0.7577175205612441,0.7943349650620317,0.005927487249971674,0.0014556773021185529,0.630968036720099,0.988360856423906,BARBUNYA
69112,1103.241 px,396.14079826283785,223.26823986239393,1.7742819064054511,0.8260421840817173,70526,296.6414189147169,0.6755816226783968,0.9799506564954769,0.7135469243511503,0.7488282454509937,0.005731867089113871,0.0011117438708528893,0.5607437411852136,0.9949174741150258,BARBUNYA
170146,1599.868 px,611.0735400858268,357.50562437962196,1.7092697244867692,0.8110007069601645,173278,465.44238695944847,0.811022345942648,0.9819249991343391,0.8353400498565823,0.76167982481139,0.003591465800464465,7.456607906289539E-4,0.5801561555247098,0.991643352113024,BOMBAY
68384,1005.6679999999999 px,363.0102958895796,240.87384716193293,1.5070556648914137,0.7481359325404138,69167,295.0749278186294,0.7438541530696602,0.9886795726285657,0.8496794251374397,0.812855533740523,0.005308409801848087,0.0014295444763485694,0.6607341187325907,0.9957630966229868,BARBUNYA
168165,1588.5559999999998 px,614.8503149083568,350.57336457417483,1.753842068564413,0.821522035424034,170374,462.72489455440865,0.8135231626610937,0.9870344066582929,0.8374143855488778,0.7525813736037162,0.0036562323605289853,7.23481469796477E-4,0.5663787238952563,0.9933388327073287,BOMBAY
72214,1065.4689999999998 px,432.42886586970235,215.34511553745705,2.008073713631484,0.8671829516908636,73763,303.22552742720234,0.7982093511661325,0.9790003118094438,0.7993732828900599,0.7012148155682303,0.005988158333144575,8.930532836727145E-4,0.4917022175723873,0.9873742980414195,CALI
67986,1030.513 px,360.4515938108441,240.55598757585904,1.4984104010180836,0.7447228151986351,69183,294.214995689147,0.7228708133971292,0.9826980616625471,0.8044932495935841,0.8162399632599311,0.005301850289925044,0.001451705891602142,0.6662476776225736,0.9983124498038074,BARBUNYA
78761,1082.7740000000001 px,415.0856329468736,242.1995471781162,1.713816717591198,0.8121181924098778,79766,316.6727329324174,0.7451019346293931,0.9874006468921596,0.8442001948536967,0.7629094042215333,0.005270192518465657,0.0011012809235363943,0.5820307590496548,0.9974940450115929,BARBUNYA
61254,961.2389999999999 px,347.3497103719354,224.9855621210032,1.5438755584908221,0.7618779606423037,62242,279.2687148128262,0.7867096492467346,0.984126474085023,0.8330701095121756,0.803998697778647,0.0056706453516821,0.0014616171524850763,0.64641390602976,0.9979826301879297,BARBUNYA
84185,1175.0839999999998 px,408.7205273435262,263.6448984303294,1.5502690542352153,0.7641409386655232,85882,327.39528260732413,0.6806733560264879,0.9802403297547798,0.7661375603147519,0.8010248096302516,0.004855027942549459,0.0012329781096743482,0.641640745643181,0.9947157919070326,BARBUNYA
71493,1036.269 px,386.91273176697285,235.89211565412813,1.64021052884309,0.7926493175479302,72432,301.7079958697664,0.7668125361992406,0.9870361166335322,0.8366202505533348,0.779783065012906,0.005411896713901681,0.0012343106003784993,0.6080616284809218,0.9973490852198835,BARBUNYA
88389,1123.692 px,421.28546665894737,267.75757576299947,1.5733839293191099,0.7720409572546766,89351,335.47037144820445,0.7772853185595567,0.989233472484919,0.8796572907973677,0.7963017905855871,0.004766265787133551,0.0011821396622329343,0.6340965416898123,0.9976773083315758,BARBUNYA
78419,1078.779 px,424.1695851710662,237.92017907068126,1.7828230746457787,0.8278780360612794,79787,315.98444876067356,0.7368406216526037,0.9828543497060924,0.8467714299591766,0.7449483881151876,0.005409015483123557,0.0010275494389714588,0.554948100955416,0.9893742796141711,CALI
89342,1157.6979999999999 px,452.06593181815407,253.86192987740827,1.7807551216382067,0.8274363419855831,90617,337.27402420840076,0.8220647773279353,0.9859297924230552,0.8376738696481528,0.7460726422181954,0.005059948644737683,9.670531239992352E-4,0.5566243874664394,0.9912117288095914,CALI
64252,951.839 px,357.24251988774756,230.73941603121963,1.5482509491980847,0.7634303803779445,65192,286.0213055496455,0.7834081154896606,0.9855810528899251,0.8911883982302385,0.8006362334458923,0.00556002178745794,0.0014092797721393085,0.6410183783064255,0.9924573126663402,CALI
70778,1058.993 px,407.2359155438054,226.12793337848112,1.8009093766500541,0.8316667878917685,73027,300.1955171172037,0.7890523968784838,0.9692031714297452,0.793089082778035,0.7371538355509126,0.0057537075863093815,0.0010479970679743602,0.5433957772674222,0.9786065505129449,CALI
71810,1055.735 px,385.0461832824717,246.37942938697628,1.5628179034285294,0.7684833258438761,75224,302.3761427550659,0.7348396471623585,0.9546155482292885,,0.7852983768787064,0.005362013414322124,0.0012579009877154899,0.616693540728331,0.9637797063789667,CALI
66884,1022.644 px,352.6405248204782,242.60097545797584,1.4535824687216223,0.7257529064300494,68186,291.82075613305267,0.7715485418973791,0.9809051711495028,0.8036799854841282,0.8275304044582296,0.005272419783811946,0.0015251957297651238,0.6848065703028011,,BARBUNYA
81286,1076.791 px,409.97314831560664,254.27997826788993,1.612290323085093,0.7844155082825882,82185,321.7087963257182,0.8140892748049555,0.9890612642209649,0.880973374367323,0.784706992756656,0.005043588666136932,0.001179640063537867,0.6157650644811946,0.9927920547568982,CALI
78098,1113.014 px,432.349970446643,235.35250105037636,1.8370315527435166,0.838854004153218,81009,315.33706088045966,0.7606552906342527,0.964065721092718,0.7922249613820255,0.7293560366262958,0.0055359928608497404,9.663481317421321E-4,0.5319602281632188,0.9772277239404729,CALI
58857,953.9179999999999 px,319.23006244412204,235.8839230661267,1.3533353960482946,0.6737985090302108,59856,273.7499952227899,0.7719457013574661,0.9833099438652767,0.812804123722717,0.8575320041191516,0.005423824905179028,0.0018092008091805105,0.7353611380886085,0.9951902570536716,BARBUNYA
82734,1124.761 px,441.1885252546853,241.86712230562227,1.8240946559789195,0.8363360213430286,84616,324.56155116421127,0.6716785061903795,0.977758343575683,,0.735652748395601,0.005332614466297837,9.63410547188877E-4,0.5411849662220015,0.9871726047816851,CALI
92098,1199.087 px,464.87751976526346,254.1832113043743,1.8289072570123095,error,93238,342.4365862331579,0.6400672745468697,0.9877732255089127,0.8049310380321016,0.7366167897429603,0.005047639685609497,9.167154757359267E-4,0.5426042949312246,0.9923729326857641,CALI
80758,1084.3829999999998 px,418.93349291001374,248.33502489208095,1.686969017326774,0.8053650859140234,82018,320.6622509022885,0.7758850939136283,0.9846375185934795,0.8630381980830352,0.7654251959538749,0.005187516938383984,0.0010983741586209823,0.585875730601028,0.9883542055276219,CALI
70620,1163.561 px,391.03948442092394,230.86227173212748,1.693821521754114,0.8071247148961269,72221,299.860261870754,0.6992633079847909,0.9778319325403968,0.6554797279639748,0.7668286038040535,0.00553723427387318,0.0011810434581361708,0.5880261076120741,0.9960112764266317,BARBUNYA
71742,1057.8549999999998 px,360.1150077974531,254.16616859359138,1.4168487088195936,0.7084194624888775,73033,302.23294231170445,0.7300944394691851,0.9823230594388838,0.8056215176396648,0.8392678332409172,0.005019584173809666,0.0015362072722959065,0.7043704959129038,0.9979864276648145,BARBUNYA
75825,1041.481 px,404.1326347929116,240.34394115325134,1.6814762745994212,0.8039362390484033,76515,310.71431972077454,0.7392944892944893,0.9909821603607136,0.8784551235443787,0.7688424367905673,0.005329807250813209,0.0011487900148517852,0.5911186926100576,0.9939520570960402,CALI
73724,1080.903 px,367.59973355680614,258.7821968729742,1.4204985427851748,0.7102215859246008,75524,306.3793599380597,0.7323042692254207,0.9761665166039935,0.7929490991394839,0.8334591458312743,0.004986160999902422,0.001484168899079217,0.6946541477697974,0.9867552046466748,BARBUNYA
51782,858.6610000000001 px,311.32875030145436,212.42636014856024,1.465584356309296,0.7310520546074905,52581,256.7701113943681,0.713663551917087,0.9848043970255416,0.8825619680994465,0.8247555394281509,0.006012296749863937,0.001716015219353792,0.6802216998174202,0.996922282074529,BARBUNYA
175387,1587.9719999999998 px,603.2318039405704,372.20736881510345,1.6206874298617928,0.7869458041905938,176888,472.55651940531516,0.7972281314205713,0.991514404594998,0.8740204267934789,0.7833746767301923,0.003439432819653512,7.989961888249857E-4,0.6136758841421333,0.9945767914384774,BOMBAY
81506,1109.772 px,435.6977307393086,239.74016670684804,1.8173747717130588,0.8350037583035121,82324,322.143853477269,,0.9900636509401876,0.8316333898376178,0.739374641521871,0.005345590885815874,9.854479404880275E-4,0.5466748605255954,0.9935130998489723,CALI
182755,1630.171 px,616.8017129153164,379.6072900147508,1.6248415906115732,0.7881801388635965,184677,482.3804442533659,0.8240299032383152,0.9895926401230256,0.864197102277311,0.7820672902696594,0.003375019632378411,7.788118561124324E-4,0.6116292465097277,0.993800637763424,BOMBAY
220196,1025.391 px,389.38444311140745,235.52069114952386,1.6532918666759553,0.7963364766801941,72353,302.1297116814201,0.7985053016127596,0.9908780561967023,0.8568555525427033,0.7759162365790182,0.005431275621209985,0.0012143418564996705,0.6020460061869469,0.9953577653936213,CALI
71260,1075.6750000000002 px,360.49606356018035,254.15512203030386,1.4184095944255535,0.7091924208219919,72747,301.2159523627985,0.7134847210541071,0.9795592945413557,0.7739154764986277,0.835559615791794,0.005058883855742076,0.0015210526169183826,0.6981598715421307,0.99027666023827,BARBUNYA
114004,1279.3559999999998 px,451.3612557792678,323.7479960574839,1.3941746706568812,0.6967950943084995,115298,380.9913398726899,0.7489866041219098,0.9887769085326719,0.8752802579062288,0.8440940266680944,0.003959170342964,0.0012397875137779369,0.7124947258567577,0.9933420997661099,BOMBAY
80371,1097.029 px,432.09587955476496,238.55652924504957,1.8112934528440774,0.8337834278293478,81474,319.89300625351245,0.7851337358107184,0.986461938778015,0.8392145779815032,0.7403287589391798,0.005376266060578628,9.962285812004418E-4,0.5480866713124263,0.9927457993393014,CALI
58778,968.674 px,329.370046870347,227.65049931009656,1.4468233009306606,0.7226927795642825,59726,273.56621494702773,0.7193049011809337,0.9841275156548237,0.7871715373104693,0.8305740535499093,0.005603628004871669,0.001644987112013262,0.6898532584303279,0.9980957685199391,BARBUNYA
207561,1752.359 px,667.5314214099088,400.3320375695491,1.6674444180449575,0.8002098184586555,210438,514.0767191234934,0.7206603822717567,0.9863285148119636,0.8493945137973697,0.7701161363126545,0.003216073450262375,6.977994370475386E-4,0.5930788634091311,0.9889260402520035,BOMBAY
145339,1465.758 px,543.2584514086767,342.46875483305183,1.586300775594862,0.7762725206496314,147256,430.1759665442315,0.6959580142985065,0.9869818547291791,0.8500950460435313,0.7918440392943346,0.003737871124809423,9.064893242790248E-4,0.6270169825659676,0.9946375257555443,BOMBAY
203536,1735.247 px,648.1573184622057,401.6988750212869,1.6135402879280119,0.7847951832604841,206049,509.0678579297813,0.7748793153334247,0.9878038718945493,0.8494317594447337,0.785407868474859,0.003184484899291554,7.474806386703654E-4,0.6168655198622215,0.9953373685313517,BOMBAY
63450,996.603 px,374.6192674568717,217.0295963485557,1.726120647873401,0.8150904067208874,64422,284.2306266281768,0.7911964586320843,0.9849119865884325,0.8027810461291058,0.758718654696262,0.0059041649717395065,0.0012068722333823025,0.5756539969841057,0.9936482502251173,CALI
80987,1094.0349999999999 px,425.6211603022421,244.00518668117687,1.7443119389850066,0.819351167329422,81826,321.11656919172924,0.7613563719775881,0.9897465353310684,0.8502815267456808,0.7544657059900357,0.0052554256893358456,0.0010503781469518429,0.5692185015150429,0.9928946280838443,CALI
71795,1062.443 px,425.87958820646213,215.51818097594958,1.9760726741378145,0.862501642480309,72633,302.34456025247255,0.737948401685682,0.9884625445734033,0.7992686612176014,0.7099296811236206,0.00593188367165488,9.294664614241041E-4,0.5040001521402858,0.9959409284057199,CALI
76420,1073.143 px,420.3524512120431,232.52304046598823,1.8077883824744205,0.833073647490018,77276,311.9310276465955,0.7845432053137865,0.9889228220922408,0.8338764392831712,0.7420702002502292,0.005500555498718177,0.001028883684668047,0.5506681820994153,0.9954915421976316,CALI
147044,1438.4370000000001 px,527.341687812202,356.5589039071303,1.4789749520588442,0.7367695215084736,148317,432.69184833555306,0.8088451277537886,0.9914170324372796,0.8930493958324733,0.820515158076492,0.0035862849746484183,0.0010026999507605355,0.6732451246332907,0.9957126759283719,BOMBAY
74267,1049.271 px,408.7938995615819,232.7689243538245,1.7562219729133066,0.8220577629597152,75168,307.5055792483224,0.7390707255664912,0.9880135163899532,0.8476770110317304,0.7522264387460579,0.005504381482510158,0.0010871329586440675,0.565844615148577,0.9937487463786046,CALI
77067,1129.233 px,398.9042898756818,247.76691243494597,1.6099982275898872,0.7837165082060126,78528,313.2487062927871,0.7152190658264735,0.9813951711491442,0.7594709997405856,0.7852728442464503,0.005176071338908765,0.0012141220123495903,0.6166534399109096,0.9928109452937715,BARBUNYA
77524,1106.223 px,385.9260831196088,257.27225323705414,1.5000688114003933,0.745383344243722,78905,314.17610104215237,0.7907384740922072,0.9824979405614347,0.7960872515065641,0.8140836154491813,0.004978149774516392,0.0013487261493969494,0.6627321329428105,0.9941438029403693,BARBUNYA
66877,1003.152 px,391.04318018815815,219.52161707689285,1.7813424727606013,0.8275619747194868,67627,291.8054849266091,0.8058440775997108,0.98890975497952,0.8351282221781466,0.7462231786939773,0.005847199787492832,0.0011184141023556225,0.5568490324201435,0.9919388323656465,CALI
69985,1009.0299999999999 px,378.87767255161464,236.0335037610213,1.6051859863725952,0.7822371517606808,70931,298.5090778155505,0.7025477834885963,0.9866630951206101,0.8637870198956018,0.7878771947821351,0.005413698257506818,0.0012867907442781492,0.6207504740577665,0.9964199619916717,BARBUNYA
89031,1135.554 px,429.780642664706,266.9790163079815,1.609791842850001,0.7836533916350514,90324,336.686486077651,0.7334173586397785,0.9856848678092202,0.8676319426330568,0.7833914621890439,0.004827314560823826,0.0011215036685617795,0.6137021830306879,0.9879327681820399,CALI
73688,1059.474 px,415.6538965885894,228.3115045984227,1.8205560745599896,0.8356365771147106,75227,306.3045470972389,0.7204113954988952,0.9795419197894373,0.8249469601656226,0.7369221114277595,0.005640727073452793,0.001026127202173226,0.5430541983111473,0.9886606195506645,CALI
81511,1102.379 px,426.7298798788018,244.23819700672834,1.7471873159424205,0.8200105001924786,82369,322.15373431159827,0.7732024283817113,0.9895834597967682,0.842877037131121,0.7549359665254637,0.0052352428491712994,0.0010489554911421739,0.5699283135537362,0.9957715204375425,CALI
44924,817.2149999999999 px,282.1488205724007,203.1618504048167,1.3887883970843737,0.6939200062885198,45772,239.16315206921496,0.7942715700141443,0.9814733898453203,0.8453092542512914,0.847648952010574,0.00628058099395425,0.0020000631164310187,0.7185087458446245,0.99785660943266,BARBUNYA
65532,975.5279999999999 px,366.868766604199,227.8834095338128,1.6098967772805939,0.7836854863460662,66381,288.8562511796909,0.7031707709641075,0.9872101956885253,0.8653340800946995,0.7873557998774181,0.005598314817252624,0.0013271536433913382,0.6199291556006089,0.9980219497437001,BARBUNYA
185350,1641.8489999999997 px,604.654587477713,392.9410130724,1.5387922547201873,0.7600536739931091,187679,485.7931140070456,0.8280024301770813,0.9875905135896931,0.8640443383388663,0.803422522656295,0.0032622313864457135,8.384371900505181E-4,0.6454877499114049,0.9932715500804312,BOMBAY
72059,1082.571 px,366.42191037298295,251.0428057877501,1.4595993269880148,0.728430665339729,73183,302.899931254649,0.7357463753318358,0.9846412418184551,0.7726544619680388,0.8266425196744525,0.005085026303070858,0.0014646839650302532,0.6833378553337275,0.997399473750542,BARBUNYA
81494,1097.336 px,428.7057345127228,246.83472377080406,1.736812908506314,0.8176136426127061,83718,322.120138238278,0.7537365889752127,0.9734346257674574,0.8504646067395869,0.7513781885945786,0.00526058034349428,0.0010343029336657016,0.5645691822956703,0.9805510435559746,CALI
74155,1093.5859999999998 px,393.05634174382953,240.7041059164326,1.6329440673533437,0.7905551536061542,75479,307.27362145136374,0.8004641623488774,0.9824586971210535,0.7791918828469865,0.7817546463901762,0.005300469850230322,0.001221169688788837,0.6111403271526296,0.9979579715442682,BARBUNYA
74193,1077.858 px,420.9260079298468,228.1902873868856,1.8446271870291617,0.8403043296614627,76427,307.3523410396217,0.7635381290521766,0.9707694924568543,0.8025086038732654,0.7301813982728439,0.005673392475433623,9.948226178477615E-4,0.5331648743836855,0.9834904224571341,CALI
78301,1086.5839999999998 px,426.09852346150245,236.71162766405124,1.8000743253146618,0.8314947455659372,79580,315.74662245589894,0.7708764053793293,0.9839281226438804,0.8333943678134607,0.7410178751403871,0.005441801809191485,0.001012132151159993,0.5491074912775743,0.9884342968867061,CALI
72182,1024.3490000000002 px,393.57723703475284,233.89675507399033,1.682696439761422,0.8042550741686588,72828,303.1583362173528,,0.9911297852474323,0.8644559733945615,0.7702638966149965,0.005452567635071803,0.0011839653525623846,0.5933064704285178,0.9983546854774823,CALI
62711,969.097 px,355.48258567025005,227.33158144521758,1.5637184389882683,0.7687900015583102,64180,282.5705665668078,0.6998214484990515,0.9771112496104706,0.8391103770002777,0.7948928525824432,0.005668584230362298,0.001396010660888844,0.631854647086654,0.9880427624098258,CALI
73343,1038.02 px,957.0174744,233.83574767395842,1.7147017622131042,0.8123344934746851,73970,305.5866618972612,0.8032307523819954,0.9915235906448561,0.8553760607630201,0.7621402454634675,0.005466896208294661,0.0011377849202267832,0.5808577537551145,0.9959978139590403,CALI
76932,1078.688 px,429.2529262539178,230.13624231992137,1.8652121974651719,0.8441341406715624,78422,312.9742236280258,0.7471447439981354,0.9810002295274285,0.8308549127839483,0.7291137799789648,0.005579640802967787,9.726738261673016E-4,0.5316069041552145,0.9915596818870045,CALI
67309,1023.5139999999999 px,401.7107936964421,214.18206392661776,1.8755575809283207,0.8460051148230182,68457,292.74644407162157,0.7749761090578333,0.9832303489781907,0.8074124232928926,0.7287492610737245,0.005968158696406753,0.0010383233846200128,0.5310754855154995,0.9960626529037836,BARBUNYA
152533,1504.6480000000001 px,548.8942349168655,354.89181100606834,1.546652297670176,0.7628650605935452,154915,440.69382509525656,0.7749085551717131,0.9846238259690798,0.846649880905755,0.8028756672257694,0.003598527760660745,9.223543575449771E-4,0.6446093370232244,0.9969865122066188,BOMBAY
59183,934.8570000000001 px,353.57734908788746,214.67130180662878,1.6470638884296804,0.7945941216275274,59939,274.50707818936314,0.7863387542517006,0.987387176963246,0.8509743529637911,0.7763706552399371,0.005974305950828573,0.0013388862134511138,0.6027513943176893,0.9927700552813048,CALI
68210,1068.2469999999998 px,374.5396101583785,235.43998371264672,1.5908071528559997,0.7777193077939846,70112,294.69928630111315,,0.972871976266545,0.751129034730215,0.7868307605075364,0.005490978011411501,0.001298239405617584,0.6191026456808681,0.9848729171011986,BARBUNYA
66833,1018.336 px,400.39707666791844,214.34621454459653,1.8679922923696535,0.844640388388399,67787,291.7094761801288,0.7596040189125296,0.9859265050820953,0.8098761804051385,0.7285504644732133,0.005991008583602688,0.0010411618877851937,0.530785779284135,0.9915037446021842,CALI
59921,1021.206 px,359.0814765415642,213.1506727078102,1.6846368438808443,0.8047604260909514,61108,276.21329939030034,0.7652745849297573,0.9805753747463507,0.7220415685037194,0.7692217990485183,0.005992581508011618,0.001294195977157606,0.591702176131439,0.996803286515495,BARBUNYA
225405,1796.132 px,663.2439940602409,435.837856504911,1.5217677495455642,0.7537768289224057,228671,535.7187317809872,0.7852081765738651,0.9857174718263356,0.8780048376203318,0.8077249648374941,0.0029424546663128185,7.725801891551091E-4,0.6524196188217312,0.9928311350937207,BOMBAY
66466,1010.092 px,356.17058449197225,239.33481536330345,1.4881687144067002,0.7405812525266444,67508,290.9074416036264,0.7803921568627451,0.9845647923209101,0.8186297893981498,0.8167643659247307,0.005358688419522346,0.0014710430965769428,0.6671040294444274,0.992763345873843,BARBUNYA
89932,1174.522 px,459.70387031889436,252.1136975750955,1.8233990248862433,0.8361988889155653,91798,338.3858429915806,0.72111167239983,0.9796727597551145,0.8192223720429956,0.7360952666264131,0.005111682941765938,9.257202657010266E-4,0.5418362415498104,0.9879836744899511,CALI
56988,902.722 px,345.5850375831499,211.00160284335857,1.6378313383699847,0.7919673213519295,57852,269.36847472443293,0.7577183885121659,0.985065339141257,0.8787902428282147,0.7794564157298656,0.0060641720639985595,0.0013807613520660869,0.607552304022449,0.9950682032268553,BARBUNYA
76362,1065.768 px,420.379029410011,233.61338272827453,1.7994646732159665,0.8313689675398325,77651,311.8126330267369,0.7969650162812056,0.9834000849956859,0.8448153688979321,0.7417416455439185,0.005505081446400186,0.0010279078082631166,0.5501806687342001,0.9900306772735292,CALI
58043,953.88 px,332.99196248039584,223.07992176574146,1.492702524927699,0.7424280184041053,59165,271.85040536122625,0.7717457784869033,0.9810360855235358,0.8016268019663446,0.8163872885587466,0.005736987448622501,0.0015719857265362226,0.6664882049203024,0.9948686263190651,BARBUNYA
79761,1088.061 px,414.3102850975784,246.6338453119134,1.6798598123205986,0.8035125836068594,80464,318.6767317009846,0.8058457434985552,0.9912631735931596,0.8466306102171686,0.7691740783744478,0.005194396824232123,0.0011215365885515038,0.5916287628431812,0.9938533825132142,CALI
58891,981.815 px,347.1969327877299,216.4020640681188,1.6044067522315297,0.7819960853452341,60173,273.8290525656444,0.7586015895711765,0.9786947634321042,0.7677140118718268,0.7886851141425799,0.005895585620684483,0.0014070880973138231,0.6220242092700945,0.9979798414044176,BARBUNYA
80728,1107.051 px,425.12604112995837,244.0028530960887,1.7422994679596762,0.8188874406190897,81858,320.6026855273988,0.7888292830690157,0.9861956070268025,0.8277492578828715,0.7541356080546301,0.005266153517118699,0.0010506814568311575,0.5687205153359268,0.9908814512875382,CALI
82346,1149.477 px,388.13529255010667,270.99415876882017,1.4322644233863997,0.7159075391353081,83842,323.7996040003164,0.7705970428598166,0.9821569141957491,0.7831623488709739,0.8342441674729055,0.004713468687612108,0.0014082932740763358,0.6959633309625614,0.9968035189191709,BARBUNYA
89042,1128.166 px,436.546229323502,261.1475299126222,1.6716460211956314,0.8013373069549787,89791,336.7072846588092,0.8158512002932014,0.9916584067445512,0.8791414486995872,0.7712981169957437,0.004902700178831361,0.001070296689740264,0.5949007852811798,0.9944635307214409,CALI
80390,1137.745 px,427.36438182498006,240.14657721345222,1.7795980554206312,0.8271884288582828,81621,319.9308159606694,0.6697101726967518,0.9849180970583551,0.7804085548130489,0.7486136645137913,0.005316138597151139,0.0010299284570501593,0.5604224186967672,0.9973266465268937,BARBUNYA
71241,1036.1599999999999 px,394.0272885179249,231.45452456675764,1.7023961370186,0.80929142314668,-72309.0,301.1757931947349,0.7567719730608256,0.9852300543500809,0.8338467214319227,0.7643526272699612,0.005530906198929337,0.001164531141138588,0.5842349388144922,0.9945993029490896,CALI
76062,1046.158 px,404.2641436825209,241.261974395354,1.675623125839369,0.8023953037769102,76949,311.19952803891897,0.7737899041689557,0.9884728846378771,0.8733393806157959,0.7697925549472229,0.005314929185171582,0.0011512564362337208,0.5925805776521733,0.9929417198372336,CALI
59769,934.18 px,348.4229805951053,220.94279752240828,1.5769827507491745,0.7732327279125589,60962,275.8627454899917,0.7676371996249727,0.9804304320724385,0.8606463343419809,0.7917467011470342,0.005829493225503276,0.0014130437706399918,0.626862838777211,0.9885518838373224,CALI
93494,1160.772 px,447.71119255118737,267.388569506235,1.6743841869453868,0.8020666767386684,94456,345.0221123282815,0.7100522510480588,0.9898153637672568,0.8719664148433589,0.7706354410356508,0.0047886622943845315,0.001041813272201533,0.5938789829802121,0.9943815780612758,CALI
66972,986.0940000000002 px,368.1112826605334,232.49289280682004,1.5833227339400848,0.7753081274819686,67922,292.01266888613463,0.7414886903377952,0.9860133682753747,0.865498859638078,0.7932728026579513,0.005496495291473055,0.0013426285628658462,0.6292817394368011,0.9963560841036478,CALI
71048,1038.979 px,396.1093553468168,232.83220766382482,1.7012652988230046,0.8090078777252612,73199,300.7675567183798,0.8086501251991806,0.9706143526550909,0.8270812621675411,0.7593043503227545,0.005575235831364948,0.0011431587841457095,0.5765430964190603,0.9808527632137132,CALI
81788,1100.3919999999998 px,422.51434195568214,248.70608094364488,1.6988500657184213,0.8084000521812836,82525,322.7006598766099,0.7927651985111662,0.9910693729172978,0.848798500455077,0.7637626178153692,0.005165969848335723,0.0010843393597353352,0.583333336372186,0.9909958768316341,CALI
79035,1077.848 px,392.82226370207525,257.4770602559176,1.5256592696515652,0.7552347974542477,80061,317.22308777600597,0.7988174651303821,0.9871847716116461,0.8548979609691726,0.8075486475394753,0.0049702317163544665,0.0013038606407638962,0.6521348181428356,0.9949355303621548,BARBUNYA
83287,1109.766 px,432.87644866662157,246.3195329353511,1.7573776773124772,0.8223170072575423,83902,325.6444410125214,0.7601398218457944,0.9926700197849873,0.8498147265480271,0.7522803377628784,0.005197407142370617,0.001026798782747556,0.5659257065846304,0.9945452037691203,CALI
66792,987.8709999999999 px,958.332353,227.041542605987,1.6735386994941905,0.8018419155855341,68160,291.6199850352355,0.7741397095469349,0.9799295774647887,0.8600700788666787,0.7674961310377303,0.005688747274284021,0.0012175903084712166,0.5890503111578849,0.985798491671815,CALI
80677,1122.027 px,362.29905231076634,285.445525338284,1.2692406086289232,0.6158381605318235,82097,320.5013989838402,0.7338609178150726,0.9827033874563017,0.8052912662964619,0.8846321759321807,0.004490735306354554,0.0016964776653213306,0.7825740866945049,0.9932748100933569,BARBUNYA
188888,1655.013 px,630.1989919647748,384.8905253825387,1.6373460774032473,0.791827783551562,191255,490.4076581028639,0.7788232383622644,0.9876238529711642,0.8665854905614091,0.7781790582906477,0.003336363305052596,7.546946228940499E-4,0.6055626467621192,0.9915156242978841,BOMBAY
64036,1028.773 px,354.63211806943593,230.47969432433152,1.538669682416347,0.7600094077513773,65223,285.5401328826841,0.7769284899662712,0.9818008984560661,0.7603174262551803,0.8051727926875933,0.005538011713246235,0.001435786938484756,0.6483032260843382,0.9975245189886819,BARBUNYA
80951,1107.182 px,395.53882040424475,261.6134599897812,1.5119207567519455,0.7500242537370485,82239,321.0451905664624,0.7799273554093243,0.9843383309621956,0.8298393960013426,0.811665439661146,0.004886151133454124,0.0013081419588436716,0.6588007859403215,0.9960545828276672,BARBUNYA
87415,1134.346 px,442.0689702234489,253.3326080141081,1.7450140891409844,0.8195125223678941,88262,333.61689825760357,0.7906495057027343,0.9904035711857878,0.8536989318432344,0.7546716026889945,0.00505712944258364,0.0010118493713137005,0.5695292279051758,0.9938365268721185,CALI
86940,1118.525 px,379.3463316118995,292.3414042247524,1.297614111890417,0.6372645281152256,88117,332.7092514783366,0.7484504132231405,0.9866427590589784,0.8732490243354448,0.8770593617304934,0.004363311842786974,0.0015926192834031978,0.7692331239991005,0.9981677570347836,BARBUNYA
78136,1200.683 px,413.47834174544784,241.6903031342545,1.710777537962573,0.811372431045713,79916,315.4137680372033,0.7399803015379953,0.9777266129435908,0.6810897044161349,0.7628302046141594,0.005291777692042692,0.0011053323406085838,0.5819099210716802,0.9955184220870041,BARBUNYA
63064,972.1769999999999 px,364.0969279252625,222.1178333514033,1.6392061926393817,0.792361857804675,64230,283.3647448945939,0.7339851024208566,0.9818464891795111,0.8384954168822927,0.7782673325734835,0.005773451222968135,0.0013065633441168706,0.6057000409510453,0.9928672580088805,CALI
75990,1047.96 px,409.9496980873977,237.59243656120032,1.725432442298308,0.8149261199769409,76906,311.0522030213337,0.6974438988573264,0.9880893558369959,0.8695146350199309,0.7587569998771413,0.005394784814941409,0.0011029726201681207,0.5757121848625602,0.9933524811883023,CALI
74439,1155.858 px,396.64603136723593,239.58466134076497,1.6555568672365053,0.7969643328784035,75814,307.86145986553885,0.8053554040895813,0.9818635080591975,0.7001666613484253,0.7761617046925761,0.00532847071249259,0.0011928647094600034,0.6024269918312856,0.9973521433349152,BARBUNYA
204023,1700.494 px,621.6446109314304,422.19890123782096,1.4723975100571458,0.7339861657154185,207033,509.676516660815,0.8027660830218375,0.9854612549690146,0.8866225758502342,0.8198840747563951,0.003046933977695801,8.492833501374522E-4,0.6722098960391502,0.9897601771638176,BOMBAY
197598,1687.798 px,641.6806396449272,395.19276069000506,1.6237155724324384,0.7878466891540459,199491,501.5870687732875,0.8402633078473563,0.990510850113539,0.8716687424652251,0.7816771112976695,0.0032474045265889692,7.478693516065317E-4,0.6110191063266693,0.9921212379963648,BOMBAY
62033,990.706 px,348.3721294035711,227.46520594502482,1.53154029846555,0.7574118436671357,63197,281.038909545558,0.7108658782544921,0.9815814041805782,,0.8067204171203631,0.0056159161962757095,0.0014672110033566359,0.6507978313988529,0.9967231049413318,BARBUNYA
165004,1583.383 px,607.8831700181613,352.8829748989693,1.722619716046655,0.8142522782449045,170614,458.35534014504594,0.6992287481989999,0.9671187593046292,0.8270511708530429,0.7540188028751511,0.003684051114022456,7.345715662497505E-4,0.568544355089276,0.9793857155238173,BOMBAY
58360,1017.74 px,343.4058787501124,217.04336755222454,1.5821993669881793,0.7749426137162733,59984,272.59174571278584,0.7377163154634745,0.9729261136303015,0.7080296739044676,0.7937888154534006,0.005884267970358334,0.0014410933249254315,0.630100683538913,0.9969449026340872,BARBUNYA
148325,1454.9309999999998 px,549.7336941197211,344.9498496953945,1.5936626573548576,0.7786283530496033,149846,434.57249737281234,0.7788869517728113,0.989849578901005,0.8805204080610298,0.7905145746408825,0.003706278065866989,8.928063854091897E-4,0.6249132927196555,0.9959009786919801,BOMBAY
63048,967.121 px,358.5487664221666,224.36813984513554,1.5980377903460172,0.7800096950799503,63896,283.32879630645124,0.7517527543282301,0.9867284337047703,0.8470704881983778,0.790209931925553,0.0056869173712436015,0.0013678126518710788,0.624431736513787,0.9978655124404187,BARBUNYA
92830,1186.9080000000001 px,467.3913065217281,254.32137861267992,1.837797943182528,0.8390012706718547,94277,343.7947453608987,0.7731967349658504,0.9846516117398729,0.8280643740252815,0.7355608471184013,0.005034916584312486,9.091728530993341E-4,0.5410497598135401,0.9943401357447248,CALI
72624,1060.2420000000002 px,425.20458333919663,218.79768746938353,1.943368726868723,0.8574481416936659,73654,304.08510107673226,0.7791104340549703,0.9860156950063812,0.8118578999417837,0.7151501018373448,0.005854876946177525,9.44683551869036E-4,0.5114396681579646,0.993915856778306,CALI
61475,964.033 px,376.1844411586894,208.63606718148748,1.8030652429402614,0.8321096841030474,62087,279.7720518790148,0.8031328386287625,0.9901428640456135,0.8312364908726804,0.7437097903817769,0.00611930770489938,0.0011547714801636686,0.5531042523097064,0.9972830530620925,CALI
73871,1055.692 px,373.47536373107056,252.65693286505632,1.478191631220914,0.7364405428869213,74889,306.6846562988295,0.7685369177790031,0.9864065483582368,0.8329316813061889,0.8211643553540114,0.0050557778252774506,0.001418038758843684,0.6743108985039694,0.9967607270096227,BARBUNYA
160687,1513.8579999999997 px,579.7961934164185,355.7084648395759,1.6299758108874522,0.789690029487849,162673,452.3196245188341,0.7888336884272124,0.9877914589390987,0.8810901095474274,0.7801355539324336,0.003608233356876527,8.244316641144684E-4,0.6086114825094652,0.9920219947187798,BOMBAY
72980,1056.8680000000002 px,408.48227311008037,231.7964838518886,1.7622453383334709,0.8234024270236706,75011,304.82949656286905,0.7850097346370217,0.9729239711508979,0.8210549545113194,0.7462490213883081,0.0055971810511109945,0.0010707404667503692,0.5568876019230073,0.9813725804645252,CALI
64571,973.6379999999999 px,367.6009010465744,225.41667810822912,1.6307617702984625,0.7899196564164143,65393,286.73044945225854,0.8020943318882526,0.9874298472313551,0.8559577829070978,0.780004751446271,0.005692972093456418,0.0012998936151698652,0.608407412278759,0.9921675487104159,CALI
47149,857.6899999999999 px,300.2878932268089,200.31991421049716,1.4990416425162048,0.7449745601558974,48091,245.01422671901767,0.7207674080868303,0.9804121353267763,0.8054186039744718,0.8159310856197498,0.00636891330095673,0.001741241530675613,0.6657435364806235,0.9979772844204606,BARBUNYA
49755,868.813 px,332.0911111573769,191.9920822953887,1.7297125339077228,0.815944139583643,50783,251.6943256179964,0.7342827626918536,0.9797570052970482,0.8283120385382642,0.7579074451610941,0.006674527407444013,0.0013585166848665898,0.574423695430617,0.9935878657599305,BARBUNYA
76890,1076.649 px,416.74939160594664,237.32469208779764,1.7560304742827657,0.8220147491887588,78603,312.8887799117869,0.7923373384720018,0.9782069386664631,0.8335495899711362,0.7507840112401073,0.00542007272214783,0.0010622945109786657,0.5636766315337858,0.9898333426143856,CALI
176521,1635.591 px,620.756962862974,368.8891317885774,1.6827737912830416,0.8042752588700625,181196,474.0817626488026,0.7448143459915612,0.9741992096955783,0.8291952752506988,0.763715577932956,0.003516618208955161,7.379578896443144E-4,0.5832614839774689,0.9814971387021384,BOMBAY
75799,1096.146 px,409.70622352847136,236.30386936171968,1.7338108962630563,0.8169107012892414,77029,310.66104398746324,0.7968776282590412,0.9840319879525893,,0.7582531729979316,0.0054051666054759475,0.0011021629124492785,0.5749478743614314,0.9968508893511325,BARBUNYA
82032,1144.548 px,420.1297866544539,249.07045682370622,1.6867909266004384,0.8053190169564792,83528,323.18166150590116,0.7557766721945827,0.9820898381381094,0.7869101416201906,0.769242438341345,0.005121535335655036,0.0011061980268394227,0.5917339289453378,0.9981314223066244,BARBUNYA
73969,1050.21 px,417.00423411192253,227.8170497107467,1.83043470469564,0.8375776386918686,74638,306.8880184766346,0.814654507808542,0.991036737318792,0.8427665947748127,0.7359350178546794,0.005637554030903791,0.001020066190665321,0.5416003505047674,0.991364077639249,CALI
73236,1060.551 px,409.7792191289599,231.11911473179393,1.773021758085631,0.8257687287954221,74642,305.36367056057003,0.7218712112998137,0.9811634200584122,0.8182223993867018,0.7451907180887821,0.005595324964893766,0.0010643263748048297,0.555309206325675,0.9845753052806845,CALI
59936,922.98 px,295.43286044848855,259.7326000776653,1.1374500557887155,0.47652765718930756,60869,276.247869409425,0.834159104826588,0.9846720005257191,0.8841237129338988,0.9350614179819423,0.004929138755480655,0.0023244026259388556,0.8743398553984005,0.9945179173012081,BARBUNYA
74367,1051.933 px,413.3412635284439,231.1058577620857,1.7885365067378012,0.8290892046963774,75062,307.7125366690799,0.7356222921241616,0.9907409874503743,0.844527833175402,0.7444515315077048,0.005558127442661986,0.0010530620790852757,0.5542080827641673,0.991221388352878,CALI
69057,1015.989 px,398.4042885695746,222.61165195948666,1.789682997555225,0.8293306369184228,70214,296.5233603626806,0.778984771573604,0.9835218047682799,0.8406971203617235,0.74427753131703,0.005769209328085127,0.001092032826854453,0.5539490436233725,0.9913931848847274,CALI
181877,1596.933 px,596.6735480977784,389.9349479853459,1.5301874099271602,0.7569138048443416,183602,481.22031199628015,0.7884009345834905,0.9906046775089596,0.8962192233975192,0.8065051878542827,0.0032806432264540233,8.561846296266388E-4,0.6504506180358718,0.9953113464978314,BOMBAY
75507,1063.461 px,414.65054511799224,233.91633339766622,1.7726446849398554,0.8256867719772598,76890,310.0620878216457,0.7021294402082946,0.9820132657042528,0.8389845125853795,0.747767225853797,0.005491551049809849,0.001059108597447026,0.5591558240610833,0.9911845995750442,CALI
194219,1695.2059999999997 px,639.867504993124,392.1446533167206,1.6317129395522496,0.7901970185965581,197270,497.279912261614,0.8208124487570684,0.9845338875652658,0.8492911841366415,0.777160753407782,0.0032945669836273693,7.413470215697246E-4,0.6039788366373514,0.9855200829568808,BOMBAY
75101,1065.121 px,416.2620854022163,232.54061417627042,1.790061864576832,0.8294103027344921,76439,309.2273646512473,0.8077634607524684,0.9824958463611507,0.8318742651371317,0.7428669953268842,0.005542696973438653,0.0010412263567177041,0.5518513727459929,0.9878480972669764,CALI
72837,1052.169 px,371.91038210448363,250.02333635026875,1.4875026768839608,0.7403081402693256,73876,304.53070242567503,0.7844503559466242,0.9859358925767502,0.8267818034974153,0.8188281830221155,0.0051060639799069656,0.0014159148722936766,0.6704795933112991,0.9973401898466269,BARBUNYA
49991,911.8240000000001 px,329.2584333588139,193.81967803979836,1.6987874331893427,0.8083842492837414,51285,252.29054298735716,0.7374173943828181,0.9747684508140781,0.7555786021213184,0.7662386667327062,0.006586354210934246,0.0014004935143670182,0.5871216943963153,0.9973949561932943,BARBUNYA
75016,1044.3139999999999 px,407.40378729593635,237.00022235151377,1.7190017091700598,0.813379819711734,76320,309.05232192600164,0.8115979660283458,0.9829140461215933,0.8643737446015671,0.7585897126221544,0.0054308919070056565,0.0011093758746031088,0.5754583520961627,0.9892138908094898,CALI
71826,1033.615 px,399.28307790478385,230.56152338364194,1.7317853909231782,0.8164340048438136,72664,302.4098271223139,0.7377438141312052,0.9884674666960256,0.8448389705639674,0.7573820275810159,0.005559032633096425,0.0011283373574939354,0.5736275357027307,0.9933997861612529,CALI
85666,1119.3 px,435.6466448513375,251.49782004389394,1.7322084333586034,0.8165337277666253,86305,330.26253017755806,0.7628860470915114,0.9925960257227275,0.859261484390218,0.7580972654805105,0.005085408970318884,0.0010361088133878493,0.5747114639290276,0.9955200445657304,CALI
82272,1161.2769999999998 px,439.7710967365869,239.0191387952021,1.8398990932412085,0.8394039438165394,83224,323.654080500233,0.7895282330812636,0.9885609920215322,0.7666378723096966,0.7359603277750074,0.005345331300279401,9.673240979488479E-4,0.5416376040586964,0.9965585365729361,CALI
68566,1008.527 px,377.9922530016534,234.0837481513504,1.61477358418431,0.7851687520539016,69879,295.4673291995431,0.7491095815579591,0.9812103779390089,0.8471174331600433,0.7816756212679593,0.005512823454797617,0.0012695801317603552,0.6110167768846502,0.9866537508067713,CALI
73398,1037.523 px,409.9397199406832,229.4542441305866,1.7865859116878178,0.8286772103372539,74232,305.70122031891117,0.8129319510898458,0.9887649531199483,0.8568378131535698,0.7457223719700669,0.005585161992706656,0.0010654282938769948,0.5561018560566627,0.9935237414942805,CALI
66291,1048.4099999999999 px,371.47924099172127,227.64889271840985,1.63180780963087,0.7902246509027969,67835,290.52422043616036,0.7665471785383904,0.9772388884793985,0.7578829292457162,0.7820739044813407,0.0056037658353580615,0.001293156007832452,0.611639592070689,0.9980782630203898,BARBUNYA
82896,1107.807 px,429.84032644564155,247.66136115982425,1.7355970444184512,0.8173294521481894,84124,324.8791549182034,0.765542462413653,0.9854025010698493,0.8488192670347332,0.7558135775780644,0.005185296352606176,0.0010437875268453109,0.571254164051353,0.9914670387392612,CALI
179166,1593.2979999999998 px,584.127094563679,392.7594104333726,1.4872389535343034,0.7401998697904977,181118,477.62038929679306,0.7656143169697799,0.989222495831447,0.8868934345422952,0.8176651857821414,0.0032602563799140403,8.989458749848208E-4,0.668576356040144,0.9943328001149215,BOMBAY
79102,1091.847 px,414.2250756834079,243.917273659169,1.6982195211898512,0.8082408647122087,80113,317.35751837264047,0.683871079295916,0.9873803252905271,0.8338227840580683,0.7661475294537617,0.005236594216118529,0.0011129567976023802,0.5869820368881029,0.9968243536311576,BARBUNYA
65707,1000.6529999999999 px,361.11582248314465,233.20335911889367,1.5485018048090704,0.763518891857622,66803,289.2416822761086,0.8199947585828207,0.9835935511878209,0.8246212070354058,0.8009665161919322,0.005495850099428442,0.0013953144308641507,0.6415473600606406,0.9934372449243967,BARBUNYA
84228,1118.273 px,426.15727367792437,253.54741897911623,1.680779380022107,0.8037537685767036,85117,327.4788853864525,0.7643402270479233,0.9895555529447702,0.8463902930832564,0.7684460775717048,0.005059567764614194,0.0010882953467207155,0.5905093741353385,0.9925159797564367,CALI
66943,1039.622 px,339.82589447245596,251.66174160498136,1.350327993064042,0.6719893438562754,68327,291.94943884721886,0.7985185008469118,0.9797444641210649,0.778330613431545,0.859114751394798,0.0050763469589420246,0.0017058300666476746,0.7380781560641457,0.9966475952025066,BARBUNYA
71881,1073.977 px,376.09120273368603,243.94443273163563,1.5417084887828765,0.7611029874487307,73314,302.52558852948,0.7812812486413634,0.9804539378563439,0.7831302736116861,0.8043942169625845,0.005232136485770733,0.0013512465118484074,0.6470500562828494,0.9975625644387071,BARBUNYA
78297,1070.184 px,423.83617577750965,236.34504234481363,1.793294124440137,0.8300876016564838,78943,315.7385574080699,0.7828525721141829,0.9918168805340563,0.8590888427674385,0.7449542428247442,0.005413185381017276,0.001028373921736159,0.5549568239025878,0.9952008116224705,CALI
73094,1052.343 px,369.04610154132337,253.2377064813987,1.4573110247641232,0.7274173406632478,74275,305.0674864400859,0.7757718555311449,0.9840996297542914,0.829424691271726,0.8266378784817658,0.005048924693426593,0.0014542526470432333,0.6833301821408347,0.9958246079879145,BARBUNYA
69923,1015.485 px,376.51098849959635,236.70041542851735,1.5906646712806523,0.7776737928219379,70617,298.37682330656446,0.7746327520882724,0.9901723381055553,0.8520849443608773,0.7924783935140962,0.005384651523813285,0.0013100476313506954,0.6280220041866826,0.998972414846626,CALI
79671,1092.549 px,441.1951845172391,232.84693453660933,1.8947863127133944,0.8493910538012668,81249,318.4968881615567,0.704143319251233,0.9805782225012,0.8387417947939454,0.721895658290241,0.005537713653867017,9.277008988989356E-4,0.5211333414583005,0.9874363224937833,CALI
66456,1053.899 px,351.86170443403773,241.40551625487743,1.4575545326915396,0.7275254670238206,-68026.0,290.88555685169376,0.7207183758459136,0.9769205891864875,0.7518757477970258,0.8267042226706005,0.005294656681624499,0.0015255210025003658,0.683439871781402,0.9961508829371072,BARBUNYA
70938,1026.906 px,403.3067676802687,226.25402588373692,1.7825396304219234,0.8278176000291639,72261,300.53463498309634,,0.981691368788143,0.8453322175983601,0.7451762753987617,0.005685341674141768,0.0010813652536771218,0.5552876814171713,0.9898222984112115,CALI
76482,1065.6619999999998 px,418.2855862645268,235.4400066891578,1.7766121915583057,0.8265460924806731,77846,312.0575377401333,0.7434820647419073,0.9824782262415538,0.8463113021859049,0.7460394237509916,0.005469072281903281,0.0010450583457380746,0.5565748217907118,0.9888176139077698,CALI
76278,1083.7779999999998 px,433.5725896803778,225.43958822014875,1.923231820566407,0.8541917550468916,76973,311.6410852139184,0.8213593487530688,0.9909708599119171,0.8160720422792237,0.7187748779129576,0.0056841106174831246,9.35866371511145E-4,0.516637325118787,0.9936133433607635,CALI
83470,1156.057 px,416.9460404825509,256.49560499340754,1.6255484786699066,0.7883890449956161,84731,326.0020012193852,0.814262023217247,0.9851176074872243,0.7848411800030424,0.7818805542369176,0.004995160422697388,0.0011515713505755765,0.6113372010938295,0.9937582571923933,BARBUNYA
75806,1051.147 px,404.43482414004507,240.60364185055306,1.6809173004590388,0.8037899020951753,76774,310.6753883528493,0.742861062658017,0.9873915648526845,0.8621573497702957,0.7681717048314085,0.005335129463895273,0.0011459296322894768,0.5900877681035926,0.9918887381945903,CALI
65757,997.5859999999998 px,392.34676290370004,214.52005647650904,1.8289514246266472,0.8372884785182005,66564,289.35171114605504,0.8112139156180607,0.9878763295475032,0.8303308310742794,0.7374897374062833,0.005966615917753244,0.001088759030159581,0.5438911127795888,0.9947504255600015,CALI
68269,1055.883 px,344.25340213427353,254.07701234350733,1.3549175462943865,0.6747435178147851,69922,294.82671262883355,0.7488263425763426,0.976359371871514,0.7694879265692911,0.8564235263936144,0.005042602090762623,0.0016733578237843917,0.7334612565604741,0.993779526040915,BARBUNYA
152089,1489.9759999999999 px,553.2596943752831,353.38884615118184,1.56558335216555,0.7694230254151657,154964,440.05196183999243,0.8007887365472505,0.9814473038899357,0.8608928926314486,0.7953804810178339,0.003637736419959912,8.980710708347672E-4,0.632630109584161,0.9904351676436297,BOMBAY
225329,1147.917 px,391.15737308374975,258.3241976937509,1.5142111214353817,0.7509053051588623,80416,317.19097651955326,0.7004485338439174,0.9826278352566653,0.7535644778831866,0.8109037393797004,0.004950168606078915,0.0013203132046492167,0.6575648745399814,0.9956920460937012,BARBUNYA
83706,1126.544 px,446.9605372113984,239.84469112823072,1.8635415072516035,0.8438286752069739,84590,326.46253894068997,0.7418903109157301,0.9895495921503724,0.8288389185923339,0.730405733305899,0.005339647542725711,9.37452017537695E-4,0.533492535246128,0.9941854832400486,CALI
57200,956.741 px,352.7864470176083,206.90379536874067,1.7050747976318068,0.809960425013723,58277,269.8690459442344,0.737893134497794,0.9815192957770648,0.7852665925624651,0.764964323957617,0.006167595227580564,0.0013027478085255906,0.5851704169279341,0.9977593302235175,BARBUNYA
83577,1120.306 px,419.08316375513976,257.60427028825,1.6268486670900317,0.7887724339003512,85744,326.2108849047356,0.7557237413194444,0.9747270946072029,0.8368031729229483,0.7783917683110095,0.0050143360464618226,0.0011354973801688847,0.6058937449743406,0.9856974314096935,CALI
82319,1166.127 px,391.42239665159263,268.9452484477423,1.4553980741832975,0.7265654703219431,83725,323.74651516742824,0.6903060796645702,0.9832069274410272,,0.8271026848154448,0.004754945962069421,0.0013726602921389313,0.6840988512289171,0.9956361506295722,BARBUNYA
201946,1713.493 px,665.433210525946,388.29929183258474,1.7137121404095879,0.8120926082498694,-203438.0,507.0755694184913,0.8183074335960452,0.9926660702523619,0.8643317177162192,0.7620232374902182,0.0032951046840538857,6.853648697379611E-4,0.5806794144750733,0.9951173622718642,BOMBAY
50486,982.6659999999999 px,325.5099200568053,198.52382863682286,1.639651634224168,0.792489429545824,51525,253.53652923296758,0.7999429585498796,0.9798350315380883,0.6570054427045712,0.7788903305580441,0.006447528424846597,0.0014637883207603219,0.6066701470368192,0.9947276980239369,BARBUNYA
59780,977.357 px,390.39981312386243,196.32491307757934,1.9885393402394778,0.8643552614679426,60533,275.88812947328495,0.7666854768378393,0.9875605041877984,0.7864286363029234,0.7066809977845807,0.00653060911883343,0.0010046784973929026,0.49939803262981053,0.9930726343225765,CALI
77511,1065.949 px,361.2097371233145,275.0141599676447,1.3134223240207366,0.6483179270155454,78676,314.1497578416498,0.7828761312217195,0.9851924347958717,0.8572359009270886,1.927200,0.004660109366713299,0.0016446935631745615,0.7564052951599007,0.9934796006705081,BARBUNYA
72492,1053.122 px,411.5200264274221,227.0045174675845,1.8128274759386047,0.834092585645773,74242,303.8086257447958,0.7439426126042917,0.9764284367339242,0.8213770706201339,0.7382596380115103,0.0056767646971724066,0.0010402007375720772,0.5450272931168864,0.988040452098735,CALI
174668,1618.159 px,631.7654455477975,356.5245112302151,1.772011252095522,0.8255489592742187,178496,471.58690058121994,0.754880394148281,0.9785541412692721,0.8382640192459738,0.746458838330912,0.0036169501313795174,6.927008843940419E-4,0.5572007973223344,0.9873660825317732,BOMBAY
224037,1067.775 px,425.3361910724403,223.10129088190354,1.9064712238603216,0.8513924022051856,74872,307.24668643576035,0.8064523146536721,0.9902500267122556,0.8171742332765966,0.7223619642172238,0.005736777954094039,9.635345327795598E-4,0.5218068073477657,0.9948096626229419,CALI
57103,919.308 px,354.5460498678556,205.55226302130256,1.7248462491075174,0.8147860040989187,57779,269.64012632212587,0.6766399658735425,0.9883002474947645,0.8490762836130497,0.7605221562124994,0.006208886571070794,0.0012812709274021812,0.5783939500901094,0.9976406353194058,BARBUNYA
66737,972.11 px,957.9548494,227.088191323614,1.6507677007236543,0.7956331452709914,67291,291.49989279070167,0.7795649939258014,0.9917671010982152,0.8874537374099161,0.7776029244843753,0.005617121708389283,0.0012668498308465092,0.604666308166653,0.9981636112373264,CALI
70563,1014.2219999999999 px,393.4801156636911,229.37225555069642,1.7154651713172133,0.8125207523239557,71437,299.73922331778215,0.7173515239005347,0.9877654436776461,0.8620269567752825,0.7617646010198146,0.005576295164090119,0.0011582669530421832,0.5802853073668774,0.9954592342149822,CALI
89239,1143.46 px,442.60029272637126,257.9500275507906,1.7158373539588898,0.8126114529700044,90157,337.0795510448849,0.75980417198808,0.9898177623479042,0.8576747116428227,0.7615890829364579,0.00495971820309922,0.0010292469874650407,0.5800179312479951,0.995216432401269,BARBUNYA
72464,1020.1169999999998 px,385.24640126431444,241.9811372944842,1.5920513704978603,0.7781161344206677,73680,303.7499471105943,0.7975610024544064,0.9834961997828447,0.8750486462990039,0.7884562869730584,0.005316383325020899,0.001267379073244166,0.6216633164673419,,CALI
72490,1057.572 px,414.97342817707926,226.71880796180773,1.8303440808800664,0.8375599949224675,74676,303.80443478963883,0.7879347826086956,0.970726873426536,0.8144568414286691,0.7321057546364104,0.005724561017755266,0.0010144186707118042,0.535978835971748,0.9810256898978771,CALI
65686,1015.6749999999998 px,352.451030103326,237.83804485973968,1.481895086680422,0.7379900402265277,66838,289.1954576674293,0.7717232952676347,0.9827642957598971,0.8001532147467607,0.8205266348140551,0.005365694822387206,0.001500294314035301,0.6732639584392778,0.9977065520501773,BARBUNYA
76051,1055.349 px,418.4795696646805,232.92516755163226,1.7966266765566097,0.8307815188813249,76842,311.17702456424036,0.7493447630308405,0.9897061502823976,0.8580697406640009,0.7435895253227783,0.00550261758115844,0.0010377246851021352,0.5529253821697548,0.9934004917514401,CALI
71703,1049.125 px,406.8727218519279,227.25824201168308,1.7903540846321035,0.8294717091942551,73498,302.15078202140296,0.7991685428323042,0.9755775667365099,0.8186395424487488,0.7426174471616799,0.0056744169958290154,0.0010645390667075971,0.5514806728289304,0.9873456751949364,CALI
138976,1404.3769999999997 px,509.41007676631807,351.6482863705992,1.448635174719592,0.7235185597915128,140912,420.6539420582124,0.7383935307681682,0.9862609288066311,0.8854871337287343,0.8257668256750625,0.0036654535802319687,0.0010513255350776023,0.6818908503854694,0.9878110711878456,BOMBAY
55607,898.497 px,311.4197591438376,228.71986515003027,1.3615772243462971,0.6786710609849137,56424,266.08463195774425,0.756506360111557,0.9855203459520772,0.865577715253913,0.8544243714312485,0.005600369722226295,0.0018411576300837963,0.7300410064956839,0.9940072072833703,BARBUNYA
64748,960.0070000000001 px,354.715206088771,234.36595323268662,1.5135099667680718,0.7506361213445426,65496,287.1231687664935,0.7968003937976864,0.9885794552339074,0.8828510188558751,0.809447026341008,0.005478396337937404,0.001450731158537981,0.6552044884523005,0.9916585235437329,CALI
62391,965.2759999999998 px,342.42269544827633,232.14084164328335,1.4750644178953067,0.7351204731224686,63399,281.848697771644,0.7389321837174598,0.9841006955945677,0.8414509284239198,0.8231016854845647,0.005488334783034033,0.001553940271143499,0.6774963846475314,,BARBUNYA
83444,1106.53 px,423.056427448456,252.92546192710122,1.672652583986939,0.8016059203398284,84671,325.95122422055863,0.7623937871174052,0.9855086157007712,0.8564038136596482,0.7704674910305472,0.005069944243426203,0.001102047266121039,0.5936201547349065,0.9929202857240679,CALI
77163,1050.917 px,397.9099098743208,249.7765393960072,1.593063587302954,0.7784381330421556,78361,313.44374772899744,0.727815506508206,0.98471178264698,0.8779749669319584,0.7877254120863643,0.005156744940895517,0.0012247708408563904,0.6205113248466323,0.9885139971222846,CALI
166208,1531.4549999999997 px,564.8854422440645,377.13363280981946,1.4978389438125883,0.7444945646788974,167540,460.0245626608887,0.7589822273366578,0.9920496597827384,,0.8143678846340855,0.0033986657816956136,9.220846148407248E-4,0.6631950515233953,0.9933593755155374,BOMBAY
83810,1123.2849999999999 px,442.5761071164153,243.27358666609413,1.819252608479335,0.8353777534490113,84912,326.6652816634391,0.7957124004291397,0.9870218579234973,0.834691105563408,0.7380996768935676,0.005280707637709286,9.667895497231016E-4,0.5447911330303887,0.9911126898419473,CALI
141519,1442.904 px,523.100668094997,347.09579257032027,1.507078677679502,0.748144918992995,143783,424.4850846983619,0.7806006784522463,0.984254049505157,0.8541806724276235,0.8114787661125179,0.0036963281827528246,9.886872350274346E-4,0.6584977878514945,0.9924079753701076,BOMBAY
84365,1108.866 px,445.2606933962775,242.41888851633064,1.8367409244444346,0.8387981032000807,84908,327.74510551888034,0.7952585191120328,0.9936048428887737,0.8622119547647562,0.7360746420685972,0.0052777892893531375,9.556948285740181E-4,0.5418058786964135,0.9951570305062797,CALI
80340,1105.4879999999998 px,941.569504,240.56285953325917,1.7800040956676775,0.8272754906088102,81292,319.8313071355319,0.7497340375893541,0.9882891305417507,0.8261019094932969,0.7469153656668205,0.0053298839337158265,0.0010232531495730445,0.5578825634692004,0.9930332478767596,CALI
69478,999.1189999999999 px,380.0828991284322,234.9613655616609,1.6176399818747522,0.7860330120085938,70380,297.425851413608,0.79729636684951,0.9871838590508667,0.8746267109580121,0.7825288959214818,0.005470550377507012,0.001265354803683983,0.6123514729520935,0.9905642256072024,CALI
66540,1015.555 px,393.79686114568705,216.633982612091,1.8177981884348557,0.8350882029994886,67380,291.06933762709826,0.7709955506117909,0.98753339269813,0.8107477706065408,0.7391357482644224,0.005918197492420905,0.0010895973693445728,0.5463216543624078,0.9931025136027183,CALI
171055,1550.608 px,975.5370683,376.6415788152017,1.5447355095468869,0.762184369548883,172890,466.6840369293482,0.8168035526692771,0.9893863149979756,0.8940083945616731,0.8021222332973594,0.0034013131517210515,8.685375481314709E-4,0.6434000771499435,0.9938829460187243,BOMBAY
57744,947.6779999999999 px,342.4605385490983,215.38625847018966,1.589983228184895,0.777455903363874,58657,271.1493025460092,0.7208808768819754,0.9844349353018395,0.807969805680202,0.7917680200316999,0.005930668788949472,0.0014377231269853252,0.6268965975449183,0.996755075902596,BARBUNYA
75058,1114.9419999999998 px,399.97843167203996,239.5075108578757,1.6700037098602225,0.8008977990779815,76233,309.1388260130582,0.7642758227435646,0.9845867275326958,0.7587562835028441,0.7728887398271885,0.0053289247205100055,0.00117297098244038,0.5973570041516594,0.9975884130442596,BARBUNYA
63169,970.643 px,365.6305242772641,222.05000654380814,1.6466134361726714,0.7944671855822729,63951,283.6005444306754,0.7208110822036606,0.9877718878516364,0.8425483105262849,0.7756478893310782,0.005788132221141131,0.0012923396417583335,0.6016296482237563,0.9906514623650751,CALI
173809,1558.175 px,567.890054950672,391.48669525907377,1.4505986073801562,0.724408866996401,175580,470.4258624171017,0.8183406154657425,0.9899134297756008,0.8996004432953446,0.8283748910833871,0.0032673224916469922,9.490289726668543E-4,0.6862049601774135,0.9954079596107118,BOMBAY
89832,1166.3980000000001 px,455.90640522291176,253.16469420338157,1.800829324394879,0.8316503069548984,90594,338.19765638254967,0.7845932136774532,0.9915888469435062,0.8297502658960456,0.741813785698384,0.005075100245156645,9.479905046254263E-4,0.5502876926521679,0.9909742137816204,CALI
139686,1402.2930000000001 px,508.6819485108108,350.9469320143291,1.449455464936338,0.723891088912985,141092,421.7270907184834,0.7654027397260273,0.9900348708644006,0.8926582292246344,0.829058495103096,0.00364161010058854,0.0010612407128394378,0.6873379883026104,0.9962658034035674,BOMBAY
99804,1212.67 px,475.7429149319764,269.1308176003524,1.7677013698164958,0.8246067275023518,100799,356.4749633883818,0.8112563402262973,0.9901288703260945,0.8528497843848443,0.7493016757576979,0.004766772022483832,9.268958973625269E-4,0.5614530012932945,0.9924812394737391,CALI
170021,1556.114 px,925.0014297,373.57746055468726,1.5611547880179037,0.7679152359828265,171568,465.27138385615024,0.791959344897617,0.9909831670241537,0.8823270833784315,0.7977736936153746,0.003430236507493307,8.570825899968654E-4,0.6364428662247177,0.9935858279065561,BOMBAY
202236,1685.383 px,633.5119695128973,408.9218692721378,1.549224967205886,0.7637737533827433,203633,507.4395260216338,0.7970645499475812,0.993139618824061,0.8946869708827643,0.8009943780727622,0.003132538071920416,7.954153950606682E-4,0.6415919937041711,0.9939703354059033,BOMBAY
87031,1181.8799999999999 px,443.31011793184683,252.31607514547903,1.7569634343600402,0.8222241536810727,88107,332.8833291377715,0.767333803561982,0.98778757646952,0.7829554846066688,0.7509039737030049,0.005093703599083624,9.989667723101715E-4,0.5638567777229632,0.9906757406753233,CALI
184715,1664.133 px,643.8353873687554,368.569885179327,1.7468475132077013,0.8199327795568547,187214,484.96024837687014,0.7987330277609617,0.9866516393004796,0.8381774309174672,0.7532363984508825,0.0034855609309950757,6.921140002998272E-4,0.5673650719512567,0.9911002650189613,BOMBAY
65824,983.196 px,374.9335756166672,225.9208722609403,1.6595791786055787,0.7980717783745227,66684,289.4990842690998,0.8318042813455657,0.9871033531281866,0.8556850178420197,0.7721343275084123,0.005696001088002358,0.0012488816060519552,0.5961914197168682,0.989426866625414,CALI
74759,1058.713 px,405.8508879925081,238.55777585694935,1.701268745211121,0.8090087428799198,76604,308.5224710209226,0.7510372610281191,0.9759150958174508,0.8381405559873808,0.7601867586073086,0.005428789684084967,0.0011183145667494118,0.5778839079618866,0.9831358309760178,CALI
81585,1111.999 px,443.1497148959668,236.52885341092673,1.8735545727525813,0.8456456081494904,82719,322.29993524234266,0.7589161131885919,0.9862909367859863,0.8291085400188404,0.727293563345754,0.005431754794336787,9.37473273348952E-4,0.5289559272841643,0.9910277963478278,CALI
79102,1069.854 px,428.94733482343696,236.94452487342215,1.8103281139439047,0.8335884172445536,79847,317.35751837264047,0.8263722028373832,0.990669655716558,0.8684569573908445,0.7398519412721634,0.005422711623264102,0.0010022487953960629,0.5473808950041887,0.9909390232618596,CALI
59802,1015.5169999999999 px,375.26400850397334,206.2712910954468,1.8192740565643206,0.8353820174550283,61962,275.93889043455295,0.6653612078461042,0.9651399244698363,0.728704038952086,0.7353193596545811,0.006275107998126707,0.001131631345655103,0.540694560682823,0.9836715867757027,BARBUNYA
75607,1190.215 px,412.63353756478193,235.26106418006316,1.753938923140134,0.8215438872496867,77466,310.26733998084853,0.6900715563506261,0.9760023752355872,0.6706887653386358,0.7519198313640169,0.0054576102419720655,0.0010761391629868801,0.5653834327984915,0.9916480092838584,BARBUNYA
85895,1173.1779999999999 px,397.57740171559925,276.2313056326914,1.439291613978987,0.719216302057134,87671,330.7036599359414,0.8008857808857809,0.9797424461908727,0.7842416935409785,0.831796924344571,0.004628644294960117,0.0013667932035716435,0.6918861233490881,0.9958258951647736,BARBUNYA
80737,1095.419 px,419.11036400162345,250.48786894566427,1.6731762929906067,0.8017454511645938,83362,320.6205563018111,0.749563651218063,0.9685108322736978,0.8455162000221383,0.7650026910347871,0.00519105693797916,0.0010966988969159954,0.585229117290466,0.979191485018227,CALI
78467,1110.7359999999999 px,393.02998372028645,254.91168676002422,1.5418280296041815,unknown,79670,316.081140463543,0.8173645833333333,0.9849002133801933,0.7992363297053537,0.804216353855825,0.005008857019132711,0.0012924388333204508,0.6467639438091576,0.9971987771023028,BARBUNYA
69570,1025.985 px,341.45398245454385,260.8840028644013,1.308834496195691,0.6451706026807539,70767,297.62270600077755,0.7832254432873628,0.9830853363856035,0.8305195205789287,0.8716334302541007,0.0049080635684137395,0.001747533284380425,0.7597448367365301,0.994380250627334,BARBUNYA
82950,1111.2350000000001 px,426.1205902197249,249.6289111651505,1.7070161794593188,0.8104429794027047,84409,324.98495386060836,0.7778944801845565,0.9827151133173003,0.844139904700179,0.762659588200216,0.005137077639779685,0.0010720593544448938,0.581649647473723,0.9928853590144544,CALI
69272,1018.472 px,395.75200651195087,224.1743966170937,1.7653755847413937,0.8240949413039794,69978,296.98459512724594,0.7671572698982247,0.9899111149218326,0.8392075899579436,0.7504310533881718,0.005713015453746836,0.0011176050364239856,0.5631467658892813,0.9941655511270147,CALI
91233,1271.386 px,440.8110544089143,264.47060496961217,1.6667676714376773,0.8000272683445693,93179,340.82468130231285,0.6840080971659919,0.9791154659311647,0.7092624538758576,0.773176348218686,0.004831706229203405,0.001065110154158542,0.5978016654447826,0.996396489894966,BARBUNYA
87279,1114.925 px,426.5637511078591,262.0567370521769,1.6277534243392795,0.7890385697888523,88382,333.357277144118,0.8124569471077765,0.987520083274875,0.8823244582864949,0.7814946213276024,0.004887358369228097,0.0011244960161285766,0.6107338431639726,0.9941241045700447,CALI
69962,1000.6010000000001 px,377.1407443772238,239.2072992640762,1.5766272414658806,0.77311544365977,71574,298.4600224967516,0.7781336892448003,0.9774778550870428,0.8781126123865539,0.7913757050822009,0.0053906512732229475,0.0013042229989555978,0.6262755065943505,0.9874030243594977,CALI
59787,1036.442 px,352.5588678548508,216.600880886999,1.6276889845096303,0.7890196323475602,61185,275.9042817012472,0.6941000278629145,0.977151262564354,0.6994015951948771,0.7825764910693938,0.005896915179802478,0.0013643061386124583,0.6124259643744848,0.9968389960400363,BARBUNYA
67801,1015.657 px,355.0918226913255,243.8804044382705,1.4560080114235014,0.7268375591773172,68991,293.8144216552155,0.7815677233429394,0.9827513733675407,0.8259463365931503,0.8274322383104348,0.005237265271770704,0.0015143075436386785,0.6846441089954162,0.9968473076712309,BARBUNYA
74591,1081.147 px,407.15344127829246,236.7925695389355,1.719451932427908,0.8134887392865973,76122,308.17561694809746,0.7604498001794308,0.979887548934605,0.801912158848612,0.7569028914026962,0.005458479458356805,0.00110512677234087,0.5729019870137619,0.9850774286626014,CALI
74312,1025.2109999999998 px,390.61591711649817,243.8090267476853,1.6021388638770186,0.781292055958992,75060,307.5987273191477,0.8084421235857268,0.9900346389555023,0.8884690410517759,0.7874710523570619,0.005256431223981298,0.0012468354483030825,0.6201106583003388,0.9935033855673349,CALI
70263,1021.6779999999999 px,392.88624270787585,231.1264090316887,1.6998760304107394,0.8086586222198217,71785,299.1013709960667,0.7481791464349604,0.9787977989830745,0.8458794405200684,0.7612925536271796,0.005591651974835629,0.0011585805230897896,0.5795663522081923,0.9851909501512944,CALI
70908,1018.387 px,401.1553564463029,226.73009314046763,1.7693079506555507,0.8249588911600692,71865,300.47107953691807,0.800388296911685,0.9866833646420372,,0.7490142527291368,0.005657406166388883,0.0010983922235012081,0.561022350791387,0.9926213057506684,CALI
185149,1647.795 px,645.0968411175412,368.58782569957975,1.750184884411598,0.8206938354762532,186539,485.5296370646911,0.8331413400530981,0.9925484751178038,0.8568896028851086,0.7526461239890402,0.003484203755448537,6.896784006228749E-4,0.5664761879557257,0.9914380615392143,BOMBAY
75526,1059.166 px,377.0555786538261,255.77961546036346,1.4741424095707736,0.734729212362593,76529,310.10109618585335,0.7619652945924132,0.9868938572305923,0.846015433906516,0.8224280815390256,0.0049923943894000225,0.0014089006586883652,0.6763879493039623,0.9970921613915773,BARBUNYA
86549,1132.936 px,441.0470251113193,252.0611176440138,1.7497622371658705,0.8205977344886497,87468,331.9602526768583,0.8307002725841748,0.989493300407006,0.8473467424317062,0.7526640783782008,0.005095922831128254,0.001008805318239964,0.5665032148809064,0.9912459326316726,CALI
63441,964.0039999999999 px,364.01511015974904,224.0159248393903,1.6249519333089024,0.7882127699700802,64762,284.21046771282624,0.7283027965284474,0.9796022358790649,0.8578714448649856,0.7807655775280858,0.005737852653012233,0.00131526052448099,0.6095948870527654,0.9905623902516133,CALI
63966,995.0799999999998 px,376.33558800778565,218.15661575237118,1.7250707099112816,0.8148396759675235,65115,285.3840232362867,0.7932291666666667,0.9823542962451048,0.8117888141647288,0.7583232421547723,0.005883369102457331,0.0012001162778164142,0.5750541395921255,0.9920090528236092,BARBUNYA
81172,1125.6159999999998 px,404.01642101033633,256.2952611624271,1.5763710151249772,0.7730308530829172,82356,321.48312603501074,0.7689655172413793,0.9856233911311866,0.8050736181601804,0.7957179691634018,0.004977287993524077,0.001230861521859901,0.6331670864495286,0.9981062428101675,BARBUNYA
82040,1099.858 px,427.01192079318633,248.24801552180784,1.7201020515536594,0.8136458417847119,83889,323.19741993102724,0.7419868316330223,0.9779589695907688,0.8522407173698769,0.7568814925135561,0.005204923461642934,0.0010536725202658576,0.572869593709548,0.9853941634125049,CALI
84156,1125.18 px,435.70008509032346,247.4989462743194,1.7604118791172887,0.8229948162196264,85328,327.33888728156387,0.7988229710488847,0.9862647665479093,0.8353162708290982,0.7512940632400942,0.005177290806244635,0.0010174712598112138,0.5644427694598105,0.9936517564389115,CALI
89673,1159.738 px,455.86392106583986,253.09817413214847,1.8011347676803968,0.8317131772170464,90645,337.89822387079255,0.8210008789277082,0.9892768492470627,0.8378220543605049,0.7412260726419504,0.005083625183342141,9.465771882502053E-4,0.5494160907642099,0.989572422998467,CALI
72021,1065.356 px,388.5145897030711,237.07450407451984,1.6387868919930293,0.7922416588158319,73318,302.82005424240174,0.7048995810985397,0.9823099375323932,0.7974059996343869,0.7794303284050081,0.005394462583178116,0.0012281096681065232,0.6075116368375391,0.9955821071825885,BARBUNYA
70664,1028.213 px,391.83332578286905,229.8707572371197,1.7045810023528973,0.8098373770277593,71445,299.95366173655145,0.701560700528176,0.9890685142417244,0.8399276930116767,0.7655134007227555,0.005545020459963617,0.0011746111154962153,0.5860107666861182,0.9989028200674133,BARBUNYA
175822,1591.722 px,606.0950909574223,374.26592610146616,1.6194236468994123,0.7865680212425826,178759,473.1421807812381,0.7324940007998934,0.9835700580110652,0.8720645692575739,0.7806401798005587,0.0034472084890253907,7.896795955839201E-4,0.6093990903190487,0.9868752972616581,BOMBAY
178848,1643.858 px,650.5139939594753,351.6060805799274,1.8501215703850717,0.841340787822239,180604,477.19633914856723,0.8032119856646277,0.9902770702752984,0.8316974173814788,0.7335681377798229,0.0036372450011153343,6.497019303414487E-4,0.5381222127657572,0.9955915133412722,BOMBAY
72601,1047.138 px,415.43396717478174,225.37796970269713,1.8432767307416658,0.8400479630315693,73896,304.036945431501,0.6897301919057571,0.9824753707913825,0.8320408066634393,0.7318538431008611,0.00572215213529816,0.0010125969009981757,0.5356100476615,0.9872775376058773,CALI
59758,953.234 px,350.9536995375888,220.08492839294118,1.5946285013710417,0.7789344842220307,60714,275.8373591707328,0.7638366950430759,0.9842540435484403,0.8264315131871451,0.7859650989123974,0.0058729157524948766,0.001382440917035682,0.6177411367083747,0.9850676230645193,CALI
154727,1478.0799999999997 px,550.008240163874,358.91152466222866,1.532434046751456,0.7577399569093959,156062,443.8519291816106,0.7681809154999504,0.9914457074752342,0.8899796738995566,0.8069914171637969,0.0035547011198037446,9.299476832139986E-4,0.6512351473760334,0.9979749122802355,BOMBAY
75037,1057.664 px,414.5013814888421,231.68830892795262,1.7890474638396119,0.82919686992783,75812,309.0955769956801,0.7555987433036614,0.989777343956102,0.8429268382566862,0.7457045761474757,0.005523959932950973,0.0010536527754248,0.5560753148872862,0.9948451318029131,CALI
86145,1130.325 px,429.0970508578359,256.1645592864474,1.6750835949090543,0.8022523000256367,87086,331.184571774125,0.7880653542154566,0.989194589256597,0.8472923258402296,0.7718174038065103,0.004981102221345822,0.0010903438700433942,0.595702104818622,0.9978508232344676,BARBUNYA
76753,1090.653 px,385.1193098170703,254.34945261933228,1.5141346122472394,0.7508759549949979,78292,312.60990831555216,0.7122851627751587,0.9803428191897001,0.8108341412200504,0.8117222386590801,0.005017645040807138,0.0013437221483760702,0.6588929927337087,0.9976526860652772,BARBUNYA
72044,1009.7250000000001 px,380.23395901478506,242.86336269348368,1.565629145531827,0.769438534471594,72712,302.86840337166245,0.7350903506892364,0.9908130707448565,0.8879764810537162,0.7965317042076341,0.005277801885164414,0.0013105244056758393,0.6344627558079181,0.9933333822473192,BARBUNYA
79609,1075.371 px,413.3334933913855,247.9590321147201,1.6669426794671214,0.8000745014786808,80885,318.3729368473733,0.7248779865967366,0.9842245162885578,0.8650782472725557,0.7702568070037962,0.0051920447862852884,0.001127354162629296,0.5932955487356835,0.9889896717253764,CALI
79140,1105.0669999999998 px,382.0721610952823,264.96782988231564,1.4419567887353648,0.7204546453902708,80482,317.4337372906994,0.7557295645530939,0.9833254640789245,0.8143829823930036,0.8308214248866377,0.0048278008730766025,0.0014189263746424263,0.6902642400506629,0.995331206962311,BARBUNYA
76659,1082.9679999999998 px,413.46070911993735,236.69853441563646,1.7467818723115163,error,77624,312.41842176775174,0.7675648073052777,0.9875682778522107,0.8213755396004842,0.7556181636527037,0.0053935051216417815,0.001084577059592109,0.5709588092418842,0.9973404978202924,CALI
72373,1041.799 px,335.8512881523547,275.57868223013423,1.2187128751558771,0.5715922442977356,73521,303.5591632138914,0.7866544928859469,0.9843854136913263,0.8379508906538097,0.9038499297825697,0.004640560542638204,0.0019104493153091445,0.816944695567956,0.9956210187789665,BARBUNYA
76203,1061.1039999999998 px,420.25666324948475,232.99944769398093,1.8036809417739286,0.832235837254448,77432,311.487837687852,0.7823154393421418,0.9841280090918483,0.8504837692155688,0.741184768563533,0.005514962183240617,0.0010266637908010684,0.549354861150578,0.9908608933281602,CALI
74566,1044.0259999999998 px,402.4850745672385,238.38072408165223,1.6884128367249014,0.8057379417681493,75681,308.12396838402907,0.7985392704919788,0.9852671079927591,0.8596626969663186,0.7655537754172158,0.005397702365250094,0.001143645713681074,0.586072583055553,0.9895324724835166,CALI
76081,1055.587 px,411.25164363968344,236.76300474070803,1.7369759438982766,0.8176516968825397,76772,311.23839384464753,0.8148683674999464,0.9909993226697233,0.8580211835010984,0.7568076593934245,0.005405444771226501,0.0010938386686484617,0.5727578333165535,0.9948665781501522,CALI
83018,1118.78 px,444.7359468323097,240.21160785906278,1.8514340368315825,0.8415868189359298,84398,325.11813318365336,0.740306759407883,0.9836489016327401,0.8334753160570233,0.7310363272844258,0.005357102638371313,9.437686899348443E-4,0.534414111809502,0.9894324763672311,CALI
61988,969.081 px,945.4655755,220.61765975269188,1.6280078510758935,0.7891133137788305,62965,280.93695538152906,0.701864830897089,0.9844834431827205,0.8294635971720112,0.782189718644085,0.00579414212691767,0.0013378804861044367,0.6118207559525131,0.9960489941418793,BARBUNYA
77026,1133.607 px,396.35901730532225,248.1558385955542,1.5972181817221331,0.779751973164596,78612,313.1653703281553,0.7035622944830106,0.9798249631099578,0.753220569115905,0.790105325361927,0.005145782168427833,0.0012370040352022921,0.6242664251652765,0.9970896845126591,BARBUNYA
57105,953.054 px,346.2734018078067,210.21898845092275,1.6472032538994301,0.7946333691868511,58126,269.644848276583,0.6960628961482204,0.9824347108006743,0.790039822959788,0.7787050546442054,0.0060638018003293355,0.0013753610953869443,0.606381562128435,0.9988336822425775,BARBUNYA
76336,1059.384 px,420.8877068861687,232.00172157426272,1.814157688271483,0.8343599416106608,77031,311.7595449812297,0.8036214338351405,0.9909776583453415,0.8547368822284827,0.7407190561294932,0.005513620138416588,0.001023836658680455,0.5486647201133674,0.9953643202769868,CALI
86975,1181.9779999999998 px,426.69499647914125,260.54364270621204,1.637710258623661,0.7919325185336209,88249,332.77621520075735,0.7844065656565656,0.9855635757912271,0.7823219490934047,0.77989247107805,0.004905949945146781,0.001119545597970741,0.6082322664442272,0.996108222381631,BARBUNYA
94187,1189.983 px,436.33240454207294,275.36241982693184,1.5845749932627422,0.7757144611532993,95403,346.29844498635964,0.7887565738786722,0.9872540695785248,0.8358326153525237,0.7936574074753784,0.004632618137769256,0.0011338055069180508,0.629892080440539,0.9981112391203217,BARBUNYA
82762,1112.693 px,438.525534543782,242.331721490336,1.809608464986991,0.8334428062736637,83578,324.6164678530212,0.7693923843522237,0.9902366651511163,0.8400209731007935,0.740245304508287,0.005298633848188565,9.814005957855527E-4,0.5479631108465665,0.9915986838885517,CALI
69343,1042.187 px,404.92358834444104,220.65546191117082,1.8350943359265268,0.8384808175819719,70228,297.13675260823993,0.7555679044630405,0.9873981887566213,0.8022711730749693,0.7338094424755661,0.0058394299113744864,0.001044439759872676,0.5384762978663012,0.9881548042451348,CALI
71184,1061.63 px,419.15427152548955,218.26129534732496,1.9204241909151978,0.8537285651048324,72140,301.0552835484337,0.8036125536238429,0.9867479900194067,0.7936808238049324,0.718244579621625,0.005888321413877972,9.666309565696815E-4,0.5158752761558448,0.9906993598247426,CALI
60946,967.8489999999999 px,366.242809685172,212.22744875272832,1.7257089591266348,0.8149921569965162,61813,278.56571449736816,0.7183809142129706,0.9859738242764468,0.8175980745118492,0.7606039139357509,0.006009300195011519,0.0012406174516163691,0.5785183138943831,,BARBUNYA
66050,982.983 px,387.66381521909,218.43315433909947,1.7747480522909718,0.8261431684351203,66646,289.9956412254458,0.7625964069643929,0.9910572277405996,0.8589950710019849,0.7480596069085103,0.005869247770160333,0.0011337231772063224,0.5595931754881149,0.9931368982728519,CALI
88455,1228.134 px,441.9800301857602,257.4831969731981,1.716539313560592,0.8127823319802352,90344,335.59559581369484,0.6700527224797745,0.9790910298414948,0.7369546127475556,0.759300359504132,0.0049966653121447085,0.0010245058559998968,0.576537035943104,0.9896484879200341,BARBUNYA
64445,972.438 px,371.29814949740245,222.66438856604466,1.6675237198393376,0.8002311925794153,65116,286.4505584921376,0.7845751156561968,0.9896953129799128,0.8563972206276421,0.7714839378539418,0.005761473341568818,0.0012589859216758576,0.5951874663666248,0.9924892179174247,CALI
84527,1123.5089999999998 px,437.4509734889248,248.6470827475635,1.759324777331261,0.8227524363081467,85482,328.0596271988205,0.7581712830080367,0.9888280573688027,0.8414962946369956,0.7499346145748746,0.005175280957432829,0.00100973472834394,0.5624019261375658,0.9894476434726451,CALI
79187,1066.901 px,416.0072451595849,243.94728194877325,1.7053161725611794,0.8100205271251578,79761,317.5279827494631,0.8149325923638984,0.9928035004576171,0.8742094759020672,0.7632751266811613,0.005253479045292597,0.00109989494733618,0.5825889190101429,0.9934983055429317,CALI
65349,990.5079999999999 px,373.619547576997,226.60621534754273,1.648761253101474,0.7950713180204476,66724,288.452649509236,0.7606681410778722,0.9793927222588574,0.837014217828446,0.7720491376318862,0.005717295560406387,0.0012529974165699923,0.5960598709181392,,CALI
77949,1084.2400000000002 px,434.3775102345012,230.31726751115514,1.885996282121846,0.8478577633377267,79294,315.0361078869551,0.6791520727690941,0.9830378086614372,0.8332389470248256,0.7252587909463385,0.005572586052861502,9.510613940792557E-4,0.5260003138449447,0.9920346363064896,CALI
87552,1155.741 px,371.3509385402963,301.70535643396863,1.2308397269757134,0.5830260445159181,88998,333.8782242384983,0.8216216216216217,0.9837524438751433,0.8236731232497998,0.8990908318446819,0.004241490069219393,0.00170967079778583,0.808364323907162,0.9949669237347986,BARBUNYA
232023,1129.358 px,427.27906515810974,263.01844588437814,1.624521290593968,0.7880853727795111,88630,333.99642134673616,0.7187071900250195,0.9885366128850276,0.8632172436232362,0.781682157124044,0.004876835496132008,0.001123152334406964,0.6110269947660988,0.9926263621251764,CALI
75698,1060.111 px,414.11515066454353,235.80647025317091,1.7561653427912032,0.8220450445939799,77042,310.454001516106,0.7574041463219403,0.9825549700163547,0.8464310521374995,0.7496803751756264,0.00547062208598039,0.001065911250322428,0.5620206649234677,0.9870012136710618,CALI
66942,1014.517 px,394.25789992573334,218.2104914364827,1.8067779295593356,0.8328681494342098,67661,291.94725825679757,,0.9893734943320377,0.8173157911676867,0.7404981823111012,0.005889544679360243,0.0010923390782046822,0.5483375580060449,0.9907241977537838,CALI
96343,1198.882 px,464.95244140755915,264.9672883334067,1.754754122035292,0.8217276418214641,97272,350.23951441609177,0.7831108871295499,0.9904494613043836,0.8423200725568164,0.7532802997136765,0.00482601166050008,9.585054092619533E-4,0.5674312099367264,0.9957022546079439,CALI
72937,1113.897 px,399.2799917614143,233.2505455820678,1.7118073218865422,0.8116256437489869,74443,304.739680176948,0.7840496205361942,0.979769756726623,0.7386993071165809,0.7632230175937343,0.005474313335637801,0.0011458169765594993,0.5825093745848857,0.9971438124819578,BARBUNYA
84228,1129.158 px,396.62032862297394,271.6941329463296,1.4598045394720476,0.7285212377682547,85605,327.4788853864525,0.7451431402385081,0.9839144909759944,0.8301506663523555,0.8256734760001495,0.004708889307866434,0.001349993191969772,0.6817366889701695,0.9952023132832968,BARBUNYA
193584,1693.3589999999997 px,637.042722607846,390.593854843955,1.630959408878435,0.7899773360426487,197382,496.46631711326773,0.8005955334987593,0.9807581238410797,0.8483620693102083,0.7793297050485026,0.0032907818962716238,7.487964606090956E-4,0.6073547891709862,0.9905710079257981,BOMBAY
75275,1044.47 px,401.37753705559396,239.51647948008753,1.675782551275195,0.8024375284984113,76120,309.5853787405655,0.6730958384748824,0.9888991066736732,0.867099004138789,0.7713071862755625,0.005332149280047744,0.0011641034412690201,0.5949147756003252,0.9969478004468231,BARBUNYA
62209,977.9780000000001 px,344.174160971056,231.39784145116658,1.4873697991849648,0.7402535970835045,63383,281.4373088956575,0.7798741349914753,0.9814776832904722,0.8173440654552505,0.8177177162329904,0.005532546110226109,0.0015258731572360556,0.6686622634412974,0.9945480564972465,BARBUNYA
214138,1763.6460000000002 px,653.1324411138695,422.1838462542204,1.5470332342383895,0.7629999655925752,217249,522.1579929776985,0.8004560406698564,0.9856800261451146,0.865128801767665,0.799467244479843,0.0030500538956834823,7.685815855438021E-4,0.6391478749961931,0.9887830042119544,BOMBAY
184259,1644.5939999999998 px,628.1734098235988,377.5461788450255,1.6638319893616256,0.7992323117483402,186648,484.3612755716092,0.8151682460471248,0.9872005057648622,0.8560934433984436,0.771063002662952,0.003409187121516989,7.433443806731935E-4,0.5945381540756075,0.9892115996470067,BOMBAY
73629,1057.375 px,405.4258688546544,234.52516976299702,1.728709414278918,0.8157063396574717,75311,306.181897634895,0.688623482538673,0.9776659452138465,0.8275622852086741,0.7552105604407338,0.005506334037602771,0.00110487852832446,0.5703429906012071,0.9859572972202991,CALI
52808,928.664 px,332.5824782687627,202.73214620841372,1.6405019356272172,0.7927326053190243,54100,259.3014343932067,0.702682563338301,0.9761182994454713,0.7694711886947523,0.7796605393735235,0.006297956337463315,0.0014354948019701965,0.6078705566562135,0.9972128248053124,BARBUNYA
77528,1071.1439999999998 px,411.6679082232552,243.96276977023987,1.6874210299012316,0.8054819363593405,79378,314.1842061979368,0.769554514412769,0.976693794250296,0.8491271469915221,0.7631981991356704,0.0053099255523585695,0.0011112647603889211,0.5824714911639306,0.9828746435079458,CALI
72142,1049.218 px,412.031627613204,224.8702849510464,1.8323080246147334,0.8379416907357998,72865,303.07432625724687,0.8136927588540491,0.9900775406573801,0.8235056383010025,0.7355608306403091,0.005711397349854509,0.0010313273063203836,0.5410497355722614,0.9913697722047342,CALI
75562,1077.868 px,402.79753357433935,239.9578761108599,1.6786176811643723,0.803186051564141,76928,310.1749933171247,0.6799179369049976,0.9822431364392679,0.8173012273746583,0.7700518684032099,0.005330689150291673,0.0011562268134450956,0.5929798800312746,0.9953865111952257,BARBUNYA
72503,1048.8739999999998 px,409.748250514494,229.48294517288966,1.7855281149795015,0.8284531372704702,74347,303.83167496482895,0.6979159647687346,0.9751973852341049,0.8281694404495356,0.7415081689386775,0.005651466153324607,0.0010539127368807623,0.5498343646027904,0.9817447165801726,CALI
62363,950.295 px,360.5063423568373,220.63437689386836,1.633953636020426,0.7908481125024487,63010,281.785446267757,0.6905283904685977,0.9897317886049833,0.8678006568806066,0.7816379718192015,0.005780772931976289,0.0013310313054426778,0.6109579189896347,0.9982769131885866,BARBUNYA
74623,1049.888 px,404.9169923670669,236.88228305801806,1.7093595482946826,0.8110228837284125,75557,308.2417144819501,0.7715363937138131,0.9876384716174543,0.8507395534028191,0.7612466759669144,0.005426168773261151,0.0011240217049098408,0.5794965016706763,0.9905678783341361,CALI
72624,1080.984 px,378.05047813908163,246.5251456789669,1.5335169039161276,0.7581365378499759,73969,304.08510107673226,0.7250726330607722,0.9818167069988779,0.7810008340840889,0.8043505263465422,0.005205586006541661,0.001344097552826576,0.6469797692339594,0.9921544126120321,BARBUNYA
76045,1062.537 px,419.1725182684275,232.58059508981182,1.8022678035825066,0.8319460726695448,77403,311.1647492557366,0.7324132218669338,0.9824554603826725,0.846432643493277,0.7423309871103585,0.005512164090583569,0.001032505227105764,0.5510552944242394,0.9931492151344857,CALI
78310,1095.037 px,406.6826303425375,245.68474044550553,1.6553027656707167,0.7968940490690792,79412,315.76476806035623,0.7360239106733336,0.9861230040799879,0.8206717813661292,0.7764402620156075,0.005193240075884785,0.001164261007056135,0.6028594804788653,0.9979149653474773,BARBUNYA
71259,1009.8969999999999 px,377.49138074367255,240.60390610104034,1.5689328858407936,0.7705530289006416,71833,301.2138388558582,0.720595819555259,0.9920092436623836,0.8780018344824835,0.7979356727627936,0.005297455489744068,0.001324703256558119,0.6367013378674122,0.9989416674390134,CALI
66365,1009.4449999999998 px,345.072695752701,245.373588853929,1.4063155589174796,0.7031131726397072,67543,290.6863298924617,0.7934600669536107,0.9825592585464075,0.8184339574880569,0.8423915698644099,0.005199618710957598,0.0016151293487271345,0.7096235569786251,0.9979546491534051,BARBUNYA
71764,1021.427 px,396.28945060159487,232.02633612342817,1.7079503009123314,0.8106744786457983,72598,302.2792792904836,0.7052279874213836,0.9885120802225956,0.8643742771508418,0.762773974506772,0.00552212043087892,0.0011531056587203918,0.5818241361848578,0.9937267084749853,CALI
223165,1827.554 px,669.0993604706523,428.4011860362138,1.5618522597042757,0.7681537516954646,226058,533.0501880693998,0.7519441748881341,0.9872023993842288,0.8396446222822281,0.7966682073861887,0.002998227143461799,7.449965110191329E-4,0.6346802326599235,0.9912767555695368,BOMBAY
71461,1013.813 px,341.37522039915746,267.5111633341314,1.2761157932417462,0.6212304239882329,72475,301.6404666259477,0.7884394721744119,0.9860089686098654,0.8737018225169189,0.8836038722237971,0.004777084289320853,0.001796276170918568,0.7807558030088882,0.9963348108847839,BARBUNYA
186519,1621.151 px,583.4342732595953,410.55042519529826,1.4211025916781268,0.7105180610505181,188837,487.3226514789332,0.8330162388123694,0.9877248632418435,0.8918380661948332,0.8352657254026318,0.003128015233084004,9.391766038641203E-4,0.6976688320323848,0.9914589853342738,BOMBAY
79639,1109.5729999999999 px,386.1251508368854,263.56816592291415,1.4649916065729103,0.7307942855915874,81007,318.43291931451375,0.7608724729621279,0.9831125705185971,0.8128752521002308,0.8246883649623551,0.0048484429844283,0.001383380103736936,0.6801108993042827,0.9963567590195278,BARBUNYA
76634,1059.047 px,424.1268957431911,231.45129847118594,1.8324671261068424,0.8379725510570948,77236,312.367474733261,0.7501003279009445,0.9922057071831788,0.8586197818770919,0.7364953221980989,0.0055344481006236275,0.0010044632526286506,0.5424253596196815,0.9939766398697483,CALI
87111,1134.112 px,430.2330874824322,259.63643412695285,1.657059761004358,0.7973792420130923,88384,333.0362892860548,0.785314401622718,0.9855969406227372,0.8510811502742021,0.7740833956655035,0.00493890653858218,0.0010938595878294145,0.5992051034450365,0.9929186655072236,CALI
67215,1017.512 px,369.9794541104024,231.73870696485838,1.5965371471866687,0.7795374582483471,68160,292.5419559642239,0.704080029330121,0.9861355633802817,0.815824958345601,0.7906978420399771,0.005504417973821355,0.0013271908569255622,0.6252030774066769,0.998159937615182,BARBUNYA
63608,972.4630000000001 px,322.7578654684382,251.5858028049892,1.2828937955557704,0.626417468942593,64527,284.5842950015236,0.7807919868411362,0.9857578997938847,0.8452310285361639,0.8817269087725843,0.0050741709449823634,0.0018918262035101463,0.7774423416536573,0.9973759565098262,BARBUNYA
61377,993.9649999999999 px,352.8614992496351,222.87569115116656,1.5832211105082115,0.775275101005558,62512,279.5489644717184,0.7691931724189789,0.9818434860506783,0.780680509607998,0.7922342479023163,0.005749083520693991,0.0013969885030236423,0.6276351035493488,0.9936851456353364,BARBUNYA
66461,967.115 px,363.95563210737276,233.93365929817386,1.555807031785331,0.7660732870561247,67151,290.89649943346456,0.7834148641480521,0.9897246504147369,0.892936338274588,0.7992636293306361,0.005476228646986545,0.0013785468763619958,0.6388223491707805,0.9938843029015244,CALI
87851,1139.091 px,440.5467400248679,255.70183441310485,1.7228923720317655,0.8143177670772794,88744,334.44785429798884,0.7876329143430938,0.9899373478770396,0.8508240009085292,0.7591654276663357,0.005014703760058143,0.0010274737463556638,0.5763321465638104,0.9929582590714824,CALI
82638,1117.3829999999998 px,451.42904407212774,235.63571004221964,1.9157921521794963,0.8529593814681076,83632,324.3731947893111,0.8042392922834369,0.9881145972833365,0.8317360825754126,0.7185474639896762,0.005462729544182189,8.982791222356815E-4,0.516310458005995,0.9891435235360865,CALI
82346,1149.477 px,388.13529255010667,270.99415876882017,1.4322644233863997,0.7159075391353081,83842,323.7996040003164,0.7705970428598166,0.9821569141957491,0.7831623488709739,0.8342441674729055,0.004713468687612108,0.0014082932740763358,0.6959633309625614,0.9968035189191709,BARBUNYA
71658,1057.001 px,417.3026137379277,221.00920160731638,1.8881685047637995,0.8482389269419598,72678,302.0559539168733,0.7428855783286163,0.9859654916205729,0.8059790446384318,0.7238295279563454,0.005823531409443854,9.860782236390286E-4,0.5239291855415057,0.9892665868660201,CALI
64284,1038.268 px,351.48618926549585,233.44687193900518,1.5056367487217044,0.7475808428426,65556,286.09252156209044,0.7302344601962922,0.9805967417170053,0.7493657133436359,0.8139509610888007,0.005467708749696594,0.0014803966605781657,0.6625161670573825,0.997508687743843,BARBUNYA
66985,1009.1439999999999 px,340.0882559356421,251.15170157816559,1.3541148787709762,0.6742646688472633,68137,292.0410089423827,0.7297635908050986,0.9830928863906542,0.8265728591367015,0.8587212402819584,0.005077080778318163,0.0017029529797810369,0.7374021685113852,0.9985272480192493,BARBUNYA
158001,1493.196 px,552.6877073084689,365.1189621632697,1.5137195396094612,0.7507166288186743,159353,448.5232672980304,0.7796204555323096,0.9915156915778178,0.890504388281047,0.8115311076526228,0.003498001324728761,9.358805462305002E-4,0.658582738687893,0.9969095600013755,BOMBAY
159200,1537.8460000000002 px,577.6799313656835,354.21138076882886,1.6308903743064604,0.7899571915813005,162095,450.2218736599077,0.8030669895076675,0.9821401030260033,0.8459159868214412,0.7793621505866505,0.0036286427849603234,8.258120624716959E-4,0.6074053617670488,0.9906115578080132,BOMBAY
157579,1512.321 px,558.9937995391549,362.31485302346357,1.5428398666917318,0.7615080891437791,159950,447.92389333437234,0.7109329531560877,0.9851766176930291,0.8658052971123135,0.8013038672408339,0.003547387656598626,9.021471224185769E-4,0.6420878876551162,0.9906387909941952,BOMBAY
61013,943.385 px,336.5838734683019,231.25785232264712,1.4554484100228762,0.7265879416080239,61950,278.71879079625484,0.7848744468457343,0.9848748991121873,0.8614980733543708,0.8280812384866189,0.005516592750205725,0.0016000828394921317,0.6857185375335327,0.9980279551763922,BARBUNYA
66519,983.7279999999998 px,382.9192919430593,223.5093860888082,1.7132134745827268,0.811970537204363,67640,291.0234033136137,0.6789038579301898,0.9834269662921349,0.8637847051687244,0.7600123823400606,0.005756540115501726,0.0011847425056565224,0.5776188213102147,0.9895843478412522,CALI
68934,1013.374 px,400.5776187351124,221.39457738054065,1.8093379859371432,0.8333880270815128,70217,296.25916825774976,0.8225229095074456,0.9817280715496247,0.84353640205758,0.7395799325814438,0.005811031112877715,0.0010724410723612148,0.5469784766771731,0.9896689353420431,CALI
74056,1043.271 px,397.63978767204776,238.82581828368444,1.6649782277715022,0.7995432974499291,74857,307.06844143432784,0.8121956569423119,0.989299597899996,0.8550191542810549,0.7722276566739886,0.005369447278708649,0.0011778520741393946,0.5963355537321996,0.9928857134101752,CALI
156343,1506.7519999999997 px,555.7075541223268,359.74750958996754,1.5447154999230162,0.7621772471389748,158163,446.16374812677185,0.7463777456330054,0.9884928839235472,0.8653758117616361,0.8028750820769996,0.003554412759908194,9.110443932041861E-4,0.6446083974201491,0.99573658287544,BOMBAY
69900,1039.311 px,387.10436858601554,230.41967300576263,1.6799970399069801,0.8035486055115209,70979,298.32774624058663,0.742771526028882,0.9847983206300455,0.8131974199225714,0.7706648915647603,0.0055379737995138135,0.0012050164018994386,0.5939243750905238,0.9977911920806829,BARBUNYA
213307,1785.693 px,664.751189699743,414.6074683721457,1.603326617124687,0.7816612264832887,219982,521.1438453717201,0.7999332473298932,0.9696566082679492,0.8406232148353988,0.7839682778260421,0.0031164058830687367,7.26152334582992E-4,0.6146062606375303,0.9854145767316252,BOMBAY
72839,1017.7629999999999 px,384.65500983829645,243.2440352549836,1.581354335924731,0.7746670355709936,74031,304.5348833860655,0.7479565431693092,0.983898637057449,0.883650488827064,0.7917091305117477,0.005280893612464427,0.0012798226598316196,0.6268033473356678,0.9911981910813936,CALI
62222,983.348 px,376.8332560798321,214.7422165146331,1.754816831995183,0.8217417650114252,64103,281.4667137558388,0.7381195283399369,0.9706565995351232,0.8086104561287017,0.7469264169620159,0.006056270387962973,0.0011627766385260115,0.5578990723557152,0.9790106827243076,CALI
72849,1034.771 px,396.4643368800202,236.45174491243247,1.6767240902656344,0.8026866096094092,74297,304.5557873270706,0.7904622395833333,0.980510653189227,0.8549583551164845,0.768179528387787,0.00544227562327582,0.0011689911209500992,0.5900997878340828,0.9894345299220464,CALI
83743,1105.143 px,421.84718657343166,255.10538020478683,1.6536193248248712,0.7964274380077374,84943,326.5346829890459,0.7588716108452951,0.985872879460344,0.8616312159256482,0.7740591697230756,0.0050374023688359824,0.0011155345968795595,0.5991675982323774,0.9907951192459636,CALI
67953,991.332 px,385.56509434405854,225.90481870424153,1.70675905257624,0.8103791784243745,68997,294.1435819177235,0.7277429718875502,0.9848689073437975,0.8689209095472029,0.7628895515506516,0.005673996649802931,0.001185538071944483,0.5820004678651544,0.9933345671324593,CALI
75606,1066.5610000000001 px,412.4698493222062,234.2491910466372,1.7608165367797861,0.8230849057460666,76371,310.26528813137753,0.8007074472591714,0.9899831087716542,0.835208157852009,0.7522132554445446,0.005455517410287625,0.0010774066154311034,0.5658247816664798,0.9963136324781495,CALI
77087,1048.2499999999998 px,402.1864262326144,245.8362114349957,1.6359934278394987,0.7914380404520305,77980,313.2893499386781,0.7926683804627249,0.9885483457296743,0.8815790610090156,0.7789654983469767,0.005217305463082159,0.0011849469767389457,0.6067872476149538,0.992699949194883,CALI
66506,986.3889999999999 px,325.0822838844494,261.62851785996355,1.2425338282826242,0.5935365133371575,67473,290.99496415257215,,0.9856683414106383,0.8589625929573198,0.8951424872356514,0.004888014372905443,0.0019358910911810117,0.8012800724544282,0.9956175959533791,BARBUNYA
61846,1001.0690000000001 px,345.73414615376913,228.9225197629733,1.5102670829927205,0.7493849819550067,63198,280.61499048285157,0.7728045184185535,0.9786069179404412,0.7755208072947278,0.8116496261785057,0.005590242637418251,0.0014965278139276496,0.658775115675708,0.9949263722997437,BARBUNYA
45666,789.77 px,274.863357260753,211.88513916338147,1.2972281036132975,0.6369871140013782,46074,241.13016619634288,0.748377581120944,0.9911446802969137,0.9200291145425582,0.8772728696884516,0.006018993501965423,0.0021990871050630886,0.7696076878914111,0.9983567214895898,CALI
147930,1439.8439999999998 px,519.3579714408863,364.7947756720927,1.4236990386828554,0.7117867394002068,149429,433.99346291467646,0.7600341149633162,0.9899684800139197,0.8966753672210871,0.8356345464586248,0.0035108360132555015,0.0010559803863295313,0.6982850952351114,0.9941478188127945,BOMBAY
79634,1074.5499999999997 px,415.7561489937886,245.7389034108398,1.6918613342174178,0.8066239392718244,80475,318.4229230213176,0.7829823215936129,0.9895495495495495,0.866672742352298,0.765888667652814,0.005220837192578404,0.0011081090134054975,0.5865854512390026,0.9924212441657451,CALI
71468,1024.8629999999998 px,405.7050301062516,226.2341339637549,1.7932971607690722,0.8300882359189989,72169,301.65523993979053,0.7864861890612963,0.9902866881902201,0.8550467568355087,0.743533398786771,0.0056767368627392905,0.0010702382089369535,0.5528419151114076,0.9914098367234235,CALI
66354,1007.8090000000001 px,342.8486934105726,247.0840998226188,1.387578940355543,0.6932681613054477,67573,290.66223826179584,0.7695537205418445,0.9819602503958682,0.8209571840802573,0.8477857546148447,0.00516696345978498,0.0016464919522201033,0.7187406857278619,0.9973094390926829,BARBUNYA
58932,928.9060000000001 px,341.43292342342005,220.07629820346912,1.5514297823555356,0.7645480681791207,59770,273.92435607359306,0.7190863167142544,0.9859795884222854,0.858257303901546,0.8022786828143464,0.00579367615936028,0.0014805906087767818,0.6436510848983228,0.9985794625567095,BARBUNYA
203793,1754.6019999999999 px,664.2640947788259,397.0850735369588,1.6728508298285336,0.8016587568853512,207056,509.3891503950717,0.7978116191669277,0.9842409782860675,0.831843996159264,0.7668473343643215,0.0032595039808964287,6.952915119226303E-4,0.5880548342216657,0.9837280174123942,BOMBAY
81568,1133.6059999999998 px,392.55026755676755,265.87100055134806,1.4764689144085639,0.7357146746566539,82755,322.2663544103817,0.7965936169381617,0.9856564558032748,0.7976372105112886,0.8209556356085735,0.004812552319007056,0.0013484473082150986,0.673968155637477,0.9950930311000076,BARBUNYA
73497,1024.659 px,389.13613286356826,242.59533088960916,1.6040545027663422,0.7818869725546206,74507,305.9073173681863,0.7555046154478732,0.9864442267169528,0.8796719794899998,0.7861190250236615,0.0052945852601271924,0.0012472828083794321,0.6179831215041522,0.9912786086823349,CALI
64725,954.98 px,354.4853828304532,233.20955720334868,1.520029397943401,0.753121010921008,65283,287.07216781322325,0.8028604033838597,0.9914525986857221,0.8918531909208073,0.8098279413414543,0.005476792318740103,0.0014530383063053862,0.6558212945773381,0.9968676475548528,BARBUNYA
78653,1077.393 px,411.9322843708845,244.7338608840121,1.6831846761332039,0.8043824231939245,79673,316.4555417622746,0.6813677079543289,0.9871976704780792,0.8514847166291545,0.7682222388700977,0.005237337220079139,0.0011252209291708383,0.5901654082945855,0.9933573716253419,CALI
160568,1505.45 px,542.6695257221279,380.31122741374145,1.4269090329320109,0.7133425564948325,162914,452.1521062861873,0.8058094076672538,0.985599764292817,0.8902996239247442,0.8331997373254202,0.003379686648162323,0.0010047376951468963,0.6942218022791492,0.9905913605304584,BOMBAY
231075,1031.093 px,401.44949435503486,231.0052884723675,1.7378368132167485,0.8178524264739238,73362,302.99869737784957,0.7247999678340236,0.9828794198631444,0.8522864644906136,0.7547616864349139,0.005567490837864184,0.0011144963705832494,0.5696652033100752,0.9899851615208523,CALI
74722,1065.27 px,410.818362854745,234.15107594971514,1.7545012816553098,0.8216706806843951,76147,308.44611403242027,0.7714353558191636,0.9812861964358413,0.8274446615976068,0.7508089752586815,0.005497957266330465,0.0010777026356729466,0.5637141173289915,0.9890371413409075,CALI
69525,1014.682 px,347.6635952781685,255.73371622472143,1.3594750055274891,0.6774399632279101,70517,297.5264347040649,0.7498867484953728,0.9859324701844945,0.8485763994863317,0.8557882928927648,0.00500055512805708,0.001654486952162804,0.7323736022523126,0.9956436069701496,BARBUNYA
170659,1555.849 px,572.0621469843662,381.5330734342287,1.4993776079100054,0.7451083820039514,172297,466.1435266792387,0.7970622577179954,0.9904931600666291,0.8859397143236266,0.8148477034121571,0.003352077224080571,9.11590018860693E-4,0.6639767797560668,0.99555191573844,BOMBAY
54522,897.406 px,340.0239168500328,204.4497627229209,1.6631171996557794,0.7990379952943767,55225,263.4759314587398,0.6904927749141981,0.9872702580353101,,0.7748747026373018,0.006236453483915351,0.0013868943564200639,0.600430804787247,0.998586798644832,BARBUNYA
70686,1048.179 px,401.90082122859684,227.53603966122998,1.7663172033185255,0.8243024252002928,72526,300.00035076504446,0.7176243654822335,0.9746297879381187,0.8084857347601307,0.746453689365336,0.0056857202448659825,0.001088871737565165,0.5571931103671216,,CALI
79274,1060.8799999999999 px,406.7776347556393,250.08661503980696,1.6265470052881137,0.7886835808383632,80125,317.7023633360874,0.8166599705370295,0.9893790951638065,0.8851321432093326,0.7810222003157536,0.005131286862724719,0.0011777675166118582,0.6099956773860612,0.9921866422909922,CALI
59688,964.218 px,351.1883989199036,217.1409106195537,1.6173294931751052,0.7859396628870444,60632,275.6757550931028,0.7280444964871194,0.9844306636759467,0.8067638350130792,0.7849796745591726,0.005883735406110166,0.0013780549763522214,0.6161930894710245,0.9965872570921742,BARBUNYA
55377,921.337 px,322.9626948339596,219.5998638153349,1.470687136243145,0.7332545185491731,56515,265.53377613554005,0.7140259941203775,0.979863752985933,0.819789334517141,0.8221809527321888,0.005832072788954974,0.0016438884491415862,0.6759815190356098,0.994157324383772,BARBUNYA
183410,1635.855 px,614.4548917372272,384.273731902314,1.599003108267175,0.7803126175821921,185080,483.2441048785553,0.7542522042373997,0.9909768748649233,0.8612778202994933,0.7864598547051939,0.003350171156083241,7.9059305101862E-4,0.6185191030629148,0.9890139683202258,BOMBAY
68109,1054.03 px,382.49855130732976,227.4918703154525,1.6813723970748344,0.803909057428054,69487,294.4810217184924,0.750760582010582,0.9801689524659288,0.7703860744328953,0.7698879399987136,0.005615976615532892,0.001217068773992114,0.592727440155463,0.9965955568662215,BARBUNYA
76057,1069.821 px,412.4555663761203,236.74616965765705,1.7421847499055423,0.818860950185393,77069,311.18929938852693,0.7419833178869324,0.9868689096783402,0.8350775682355521,0.7544795724850318,0.005422979691233158,0.001083946091672195,0.5692394252971966,0.9917202457977711,CALI
77502,1050.9450000000002 px,387.9738252295923,256.21898430357436,1.5142274733628311,0.7509115772972996,78712,314.13151894718334,0.8157761778451433,0.9846275027949994,0.8817851838553193,0.8096719379491358,0.0050059846872286175,0.001327106051833291,0.6555686471023091,0.992680056117619,CALI
71275,1020.7279999999998 px,398.3237848312505,229.5219715199851,1.7354494743722928,0.817294912419081,72017,301.2476531875372,0.7758414246527626,0.9896968771262341,0.859660621635594,0.7562883881392131,0.005588548366625753,0.0011277906929211268,0.5719721260342093,0.9926287254816714,CALI
76451,1067.247 px,409.9783474467856,241.13343119747591,1.7002136344629641,0.8087435869142231,78071,311.9942891056628,0.7530040973918525,0.9792496573631694,0.8434573928031358,0.7610018700954909,0.005362628970802025,0.0011094312860362816,0.5791238462888346,0.9846342595029105,CALI
84221,1104.125 px,423.07380817029116,256.2221735582959,1.6511990445433993,0.7957536071834206,86131,327.46527708619755,0.7557519741564968,0.9778244766692596,0.8681480035527519,0.7740145354363078,0.0050233766895464455,0.0011121720450313114,0.5990985010666835,0.9892308725486905,CALI
64930,990.3420000000001 px,377.20823824016736,220.67489026933225,1.7093391902440154,0.8110178578506688,65973,287.5264225069656,0.7452938475665748,0.9841905021751323,0.8319263334852834,0.7622485231192072,0.005809460006779106,0.0012097674504098288,0.5810228109974126,0.9931650612636188,CALI
76727,1083.993 px,422.8767605104284,233.8947377639516,1.8079789419512249,0.8331123577089211,78452,312.5569556879111,0.8046711133484352,0.9780120328353643,0.8205501446371274,0.7391206726769353,0.005511446563927019,0.0010146278087872454,0.5462993687784053,0.9876977547526031,CALI
87082,1139.167 px,449.7991248952373,249.58276371808972,1.8022042796324558,0.8319330286718664,88847,332.9808493511713,0.7370461278036394,0.9801343883305007,0.8432638204728621,0.7402878994678477,0.005165236500025692,9.569132681860048E-4,0.5480261740985182,0.9876551163109507,CALI
71364,1042.468 px,387.3786074857384,236.52891533548538,1.6377642747665437,0.7919480459228997,72498,301.4356761740059,0.8216358109975131,0.9843581891914259,0.8252082922557483,0.7781422885751466,0.005428207604474784,0.001227643542007809,0.6055054212689667,0.9916751471317798,BARBUNYA
73539,1027.3029999999999 px,396.77148039862783,238.22878614165543,1.6655060323511863,0.7996862395636127,74630,305.9947105429751,0.790741935483871,0.9853812139890125,0.8756498370983515,0.7712114546024043,0.005395388574751191,0.001177325027432157,0.5947671077099563,0.990588205735,CALI
86069,1112.116 px,432.5148527305358,254.79717070537242,1.6974868737089008,0.8080556379850674,87165,331.0384484856868,0.7740853329495989,0.9874261458154076,0.8744932128440852,0.7653805329361243,0.005025210618579695,0.0010637600579477362,0.5858073601975857,0.9944003044574639,CALI
71536,1020.47 px,341.89852248692176,267.1090836836476,1.2799958645054974,0.6242151020008998,72443,301.79871449722015,0.790260931044387,0.9874798117140372,0.8632449234384865,0.8827142986813127,0.0047793911105865824,0.001789917361415484,0.7791845330964416,0.9973529800500921,BARBUNYA
76794,1045.608 px,970.4856517,248.7498338792962,1.5909713186244678,0.7777717312029254,78051,312.6933923164864,0.734126149551651,0.9838951454818003,0.8826720172900977,0.7901209081272011,0.005153447550779504,0.0012389444655216415,0.6242910494597532,0.9932291541644367,CALI
184018,1653.6549999999997 px,627.8334711967432,376.17293945552234,1.6690022203762918,0.8006290291562703,186286,484.044413812488,0.8278955513964872,0.9878251720472822,0.8456299450283238,0.7709758017358138,0.003411804666917058,7.435786484724304E-4,0.5944036868621809,0.992061073172834,BOMBAY
168226,1567.559 px,566.9681780107235,384.1188828606335,1.4760226672231356,0.7355261163232336,171839,462.80881112249523,0.7658960327071743,0.9789745052054539,0.8603104355696904,0.8162871022961394,0.0033702767587098516,9.230326561102464E-4,0.666324633375028,0.983510262590687,BOMBAY
66449,1106.1599999999999 px,382.85870246579816,221.87445850670983,1.7255645604391183,0.8149576767109324,68691,290.87023654562324,0.6429138124540423,0.967361080782053,0.6824367623780129,0.7597325976196335,0.00576169246287827,0.0011840577373935727,0.5771936198858761,0.9959848549866355,BARBUNYA
72735,1045.4979999999998 px,391.9073339716922,238.19128331653022,1.6453470862361077,0.7941096644151668,73966,304.3173972784206,0.7175907655880032,0.9833572181813266,0.8361937063003496,0.7765034509418027,0.005388153350817243,0.0012083514594401713,0.6029576093245286,0.9920745456260024,CALI
71892,1066.5529999999999 px,363.4297866450252,253.41367316227775,1.4341364540827155,0.7167952395675679,73244,302.54873549578804,0.7192076830732292,0.9815411501283382,0.7941920701457057,0.8324819445559044,0.005055218753755984,0.0014976799240241367,0.69302618801158,0.9938941198613886,BARBUNYA
94651,1199.819 px,424.7418673475465,284.92762805907955,1.4907008851366164,not_measured,95964,347.1503941359247,0.7625519641648674,0.9863177858363553,0.8262350239207052,0.8173208737434583,0.00448745250813564,0.0012352361426743708,0.6680134106567701,0.9958081825491771,BARBUNYA
183019,1641.7579999999998 px,624.628080918601,375.95657513348584,1.6614367781620063,0.7985799954566399,184890,482.728731523083,0.7167518455423055,0.9898804694683325,0.8532725209083523,0.7728258563290406,0.003412913855493697,7.509856947327099E-4,0.5972598042107148,0.9923094048335206,BOMBAY
74477,1079.628 px,418.15235392077057,230.77358124182373,1.8119593745117462,0.8339177442174954,76573,307.94002918302243,0.7681208745874587,0.9726274274221984,0.8029412315413039,0.7364302180668086,0.005614516614804175,0.0010186348650754469,0.5423294660819274,0.9826789601410986,CALI
79077,1100.848 px,434.8319301440588,235.2069191024205,1.8487208276160954,0.8410775507683582,80926,317.3073643630454,0.8170039983882466,0.9771519659936238,0.819983915227866,0.729724158614392,0.005498842016566875,9.618025031692736E-4,0.5324973476654824,0.9844389372795064,CALI
225335,1017.9520000000001 px,399.7244428434184,232.62299116559063,1.7183359256131225,0.8132185673204555,73168,304.2964769609808,0.7465406093454874,0.9939454406297835,0.8819399059757491,0.7612656228785614,0.0054963828510610985,0.0011386797894485776,0.5795253485766839,0.9958192262627836,CALI
222772,1087.899 px,421.52093009635377,237.6859637879063,1.7734363585410893,0.8258587724592668,79019,315.29062379842156,0.7703350698555529,0.9880535061187815,0.8289812387140923,0.7479833177592168,0.005398923216091627,0.0010424483862249796,0.5594790436460857,0.9922004778437652,CALI
59658,936.462 px,320.24287049062315,237.98070602043956,1.345667368778704,0.6691518511918886,60741,275.60646719518456,0.7746786131671212,0.9821701980540327,0.8548663759359515,0.8606170272360659,0.00536797865316677,0.0018164785761384712,0.7406616675686434,0.9966842373523436,BARBUNYA
67796,1015.155 px,344.1761834235921,253.06613837399368,1.3600246387564956,0.6777626058687016,69240,293.8035877501585,0.738647258781487,0.9791450028885037,0.8267024391633727,0.853642994200334,0.005076644395297541,0.0016628827489521885,0.7287063615473116,,BARBUNYA
166757,1565.8500000000001 px,588.4357894118685,364.0076394372279,1.6165479118010178,0.7857043913526887,169717,460.783687603415,0.7436607533067544,0.9825592014942522,0.8546604835529606,0.7830653673597257,0.003528702179889711,8.184399795660693E-4,0.6131913695582221,0.9912532279937499,BOMBAY
184362,1653.0049999999999 px,615.7104167602272,384.5050669677784,1.6013063796941427,0.7810327139930794,187863,484.49663460798575,0.7850937707598753,0.9813640791427796,0.8478771676471963,0.7868904300130766,0.0033396818040606372,7.898450619119531E-4,0.6191965488461646,0.9915233839519592,BOMBAY
61531,953.732 px,943.031843,215.57672181237328,1.70225060007657,0.8092549685827177,62121,279.89945056591176,0.7726239656449729,0.9905024065935835,0.8500630291597885,0.7627402880906263,0.005963914190694971,0.001245139168368464,0.5817727470765716,0.9903230078192887,CALI
67766,996.422 px,392.89383239425655,222.23676748643953,1.767906529770013,0.8246517605732042,69060,293.73857592853386,0.6848370927318296,0.9812626701419056,0.857699387530224,0.7476283711009657,0.0057978017352987715,0.001117342240606299,0.5589481812750832,0.9881681394792924,CALI
74445,1041.6739999999998 px,399.2665302070054,239.45248832054273,1.6674144128021249,0.8002017302361726,75261,307.87386688026834,0.8209819360815193,0.9891577310957866,0.8621478500072516,0.7710986110472289,0.00536324172485735,0.0011696254712402438,0.5945930679589656,0.9914330512670125,CALI
70522,1054.957 px,368.15640352450674,244.52000893220978,1.505628946817901,0.7475777852045621,71668,299.65213026743714,0.7298827377071238,0.9840095998213987,0.79627846035644,0.8139261667018389,0.005220447569900269,0.0014132778227867464,0.6624758048419498,0.9974427483365261,BARBUNYA
73347,1082.9679999999998 px,363.79764633530704,257.6648280399842,1.4119026221105089,0.7059475224059879,74564,305.59499486688253,0.8148308615230795,0.9836784507268923,0.7858885675925424,0.8400136667877726,0.0049599526406711525,0.001523360534968307,0.7056229603902391,0.9962709079963583,BARBUNYA
80534,1123.8020000000001 px,447.8295685476232,231.7573438697304,1.9323209399541008,0.8556757219481697,82362,320.21722860536653,0.6639077351755521,0.9778052985600155,0.8013265514739576,0.7150426213344462,0.005560751589982159,8.966872099543876E-4,0.5112859503248363,0.9879685481170135,CALI
61636,959.3649999999999 px,368.6321344489939,214.91344905339992,1.7152585660537198,0.8124703729076506,62421,280.13816694498536,0.7194751832656301,0.9874241040675413,0.84154350009829,0.7599396275197677,0.00598079262848001,0.0012304242269536325,0.5775082374748833,0.9905759512953795,CALI
76163,1067.4029999999998 px,370.01191659879186,262.9404450110678,1.4072080717107522,0.70356898577852,77251,311.40607483744463,0.777094174063871,0.9859160399218133,0.8400343941954778,0.841610934317842,0.004858158378724471,0.001503477415421437,0.7083089647633511,0.9967380924800745,BARBUNYA
102379,1296.377 px,456.7220676976273,286.5575739620283,1.5938230540650358,0.7786792388137441,104111,361.0443066306977,,0.9833639096733294,0.7655227693250553,0.7905120688622538,0.004461091314601894,0.0010746199397475176,0.6249093310168804,0.9959948984750627,BARBUNYA
72060,1013.6569999999999 px,399.99680583129,230.51858629825045,1.7352041423408895,0.8172374681248243,72541,302.9020329968352,0.6942664726908365,0.9933692670351939,0.8812965584366191,0.7572611295416013,0.005550885454222731,0.001125964473688281,0.5734444183146217,0.9950431300617933,CALI
60063,942.0160000000001 px,356.03902981179914,216.21329226839788,1.6467027816672233,0.7944923727595024,60728,276.5403890491009,0.6947072567026764,0.9890495323409301,0.8505509339855569,0.776713691179529,0.0059277596825299955,0.0013308042941304998,0.6032841580657289,0.9934297012226045,CALI
55619,932.404 px,311.92403249063494,228.31571074487854,1.3661960951919812,0.6813483075288062,56806,266.11334096325385,0.7445649263721553,0.9791043199662007,0.8039421228800238,0.853135101000092,0.005608227988468598,0.0018326379100137968,0.7278395005584376,0.9943714835894193,BARBUNYA
77622,1072.203 px,420.7897673627886,238.09727652835107,1.7673018923115809,0.82451898922535,79514,314.37461720284097,0.7442542787286064,0.9762054480971905,0.8484781375533322,0.747106136095271,0.005421011663739515,0.0010418119096407977,0.5581675785912056,0.9864506178712107,CALI
57617,901.703 px,344.4109266834132,213.7818121181716,1.6110394203835925,0.7840344786412665,-58093.0,270.85096058350223,0.8190049751243781,0.9918062417158694,0.8904990829201165,0.7864180245142797,0.00597759214612724,0.0014103271865785402,0.6184533092809421,0.9963526609182835,CALI
71587,1129.8410000000001 px,377.2378913109887,242.3102324620606,1.55683846892456,0.7664303726567664,73128,301.9062756700431,0.7061951267633422,0.9789273602450498,,0.8003073991874177,0.005269642411485168,0.0013334853141431945,0.6404919331941289,0.9971424806324795,BARBUNYA
69886,1084.5379999999998 px,386.1316044816055,231.55131557633624,1.6675854486963961,0.8002478277810874,71333,298.2978692906833,0.7776862814920324,0.9797148584806471,0.7466387076043023,0.7725290181599046,0.005525163902378238,0.0012139034198903383,0.5968010838991061,0.9952168032763864,BARBUNYA
80170,1078.8619999999999 px,416.08259418536056,247.79278351180184,1.6791554148127297,0.8033275164928707,81325,319.4927453032666,0.7589915457222112,0.9857977251767599,0.8655456031977394,0.7678589534099468,0.005190003669519279,0.0011129438092974161,0.589607372331819,0.990042411864479,CALI
53755,929.5979999999998 px,325.29715700693214,210.9394479695406,1.5421352437307254,0.7612559215806868,54945,261.616115190251,0.719111194349315,0.9783419783419783,0.7816968625593834,0.8042373244125091,0.006051477202249691,0.0015616297108350923,0.6467976739781914,0.9974494886048244,BARBUNYA
75647,1073.393 px,380.74458376191006,254.1714792569618,1.4979831131131185,0.7445521797898689,76811,310.34940283586957,0.7134557526714389,0.9848459205061775,0.8250571950746501,0.8151117995415517,0.005033174927781803,0.0013705361883434805,0.6644072457518668,0.9952708343662942,BARBUNYA
71272,1020.3160000000001 px,400.3815957702651,228.46441870988957,1.7524899414585897,0.8212165362313402,72196,301.2413132894699,0.7505950249594541,0.9872015070086986,0.860318804886803,0.7523855153979632,0.0056176562432689574,0.0011104439119553951,0.5660839637806585,0.9920564525466129,CALI
75674,1065.907 px,415.5588948742065,234.5933731304859,1.7714008257303315,0.8254159902581888,77018,310.40478299840794,0.7994633198106829,0.9825495338751981,0.8369854840963337,0.7469573791516851,0.00549143556405379,0.001054505726945476,0.5579453262691543,,CALI
74734,1062.473 px,381.3988414159924,250.9818411113944,1.5196272356879972,0.7529688872393361,75706,308.47088053208137,0.8267401212443029,0.9871608591128841,0.8319405384419006,0.8087881950213677,0.0051034180080818965,0.0013470388436337718,0.6541383444059222,0.9940464440670945,BARBUNYA
78848,1088.4049999999997 px,388.6458642861031,259.1222371993225,1.4998553134100499,0.745298465681401,79719,316.84758421562583,0.7345767575322812,0.9890741228565336,0.836410525536612,0.8152604037036074,0.004929051647297371,0.0013431624130674173,0.664649525846969,0.9968781228970466,BARBUNYA
69123,1053.271 px,356.3549968757904,248.6214023369974,1.433323895393221,0.7164104936762575,70470,296.66502498732245,0.725883687228278,0.9808854831843338,0.7829827408197233,0.8324985690904364,0.005155375155531305,0.0015274746796640976,0.6930538675376241,0.9933706691363651,BARBUNYA
94744,1186.03 px,460.9391592885661,263.34138989342665,1.7503483196283978,0.8207309754874109,95963,347.32089978345425,0.6722293174400454,0.9872971874576659,0.8463894306916889,0.7535070361987137,0.004865101318168603,9.674330059815148E-4,0.5677728536009696,0.9938002602310776,CALI
65693,988.9330000000001 px,384.595796135363,222.1746090865292,1.7310519762660028,0.8162609163180589,67513,289.2108666912207,0.7169376841645749,0.9730422289040629,0.8441025665706573,0.7519865521084104,0.005854441053618544,0.0011547966005530604,0.565483774551895,0.9788818054844167,CALI
97818,1209.324 px,466.1825802134626,271.19773247942555,1.7189766888955444,0.8133737637816816,99498,352.9103934243141,0.6988148052894404,0.9831152384972562,0.8405108019214539,0.7570218373726412,0.004765815905185779,9.654963919247737E-4,0.5730820622590495,0.9851147058474911,CALI
78107,1073.854 px,408.98597931412036,247.22169304047483,1.6543288506933802,?,79803,315.3552300511747,0.788959595959596,0.9787476661278398,0.851156349046547,0.7710661147358481,0.005236226961912766,0.001141733377659952,0.5945429532938362,0.9835695606104402,CALI
73626,1048.278 px,408.0943637669268,231.23480248646538,1.7648483678870672,0.8239786021428608,74508,306.17565990893377,0.7025113545284531,0.9881623449830891,0.841953540694153,0.7502570167418401,0.005542802322099894,0.0010833016791199322,0.5628855911703659,0.9934077168841672,CALI
67659,1058.219 px,370.5838909652285,233.34404625889144,1.5881437598543726,0.7768660312381849,69000,293.5065831582597,0.6615140938022468,0.9805652173913043,0.7592491753153929,0.7920111756444349,0.005477229798921481,0.0013294314970678206,0.6272817023456797,0.996213521251119,BARBUNYA
79795,1099.6789999999999 px,421.2060001748593,243.31901398315043,1.7310854309315398,0.8162688173291964,81264,318.7446461858494,0.6659239230217148,0.9819231147863753,0.8291892819861456,0.7567428907791576,0.005278601418320187,0.0010678052001647463,0.572659802744796,0.9913230414116458,CALI
56834,910.081 px,341.57032462384853,212.39130137017415,1.6082124005094252,0.7831693928713483,57509,269.0042681547604,0.806453443823254,0.9882627067067763,0.8622992171094768,0.7875516365509769,0.006009964539252006,0.0014261586012262884,0.6202375802341222,0.9974737677944749,CALI
75230,1074.138 px,403.38912907135284,238.4231268699039,1.6919043650134786,0.806634954524002,76174,309.49282859288724,0.6788179562373111,0.9876073200829679,0.8193713301247466,0.7672314554072752,0.005362078015038586,0.0011460893875402864,0.5886441061663659,0.995929532662332,BARBUNYA
59344,944.279 px,355.4247824728855,214.7311271601881,1.6552084794289783,0.7968679599367302,60734,274.88020580384375,0.7148932069243835,0.9771133137945797,0.8363460635355964,0.773385029291855,0.005989228607321474,0.00132170245628177,0.5981244035327634,0.9900205844808299,CALI
66966,991.5239999999999 px,379.88202770188815,226.43575004113112,1.6776592372577392,0.8029335084541958,68108,291.9995879324745,0.6771835087825744,0.983232513067481,0.8559684568630024,0.7686586009318155,0.005672759724365919,0.001221541190699474,0.590836044786456,0.9912215482408252,CALI
77418,1116.9809999999998 px,364.85692842468166,270.7538284552663,1.3475596282656555,0.6703089014728951,79163,313.9612381716998,0.7657263807564488,0.9779568737920493,0.7797587199851841,0.8605050739402681,0.004712817799796968,0.0015939480202392402,0.7404689822769465,0.9978261064993701,BARBUNYA
174927,1615.125 px,639.2340940312988,351.39406546351626,1.8191374210833613,0.8353548505616423,177314,471.9364086843563,0.7205758774097875,0.9865380060232131,0.8426639855484925,0.7382841639564502,0.00365429061283449,6.696950008341987E-4,0.5450635067488747,0.9915454219938012,BOMBAY
79456,1147.524 px,390.5260079000212,260.8831497583873,1.4969384119353841,0.7441342025677298,81544,318.06685031055514,0.7373901422698208,0.9743941920926126,0.7582510268177675,0.8144575364414234,0.004914997078886695,0.0013340644524344187,0.6633410786662325,0.9929807408701349,BARBUNYA
251432,1919.8679999999997 px,719.1256903918719,450.926186722595,1.5947747360129927,0.7789807753887893,257425,565.8031152369625,0.7667760469399953,0.9767194328445178,0.8572108790212327,0.7867930777561853,0.002860119994240478,6.760925307692928E-4,0.6190433472050505,0.987234690619534,BOMBAY
128118,1360.135 px,504.02496418808596,325.67844739043795,1.5476153495163227,0.7632058776988607,129274,403.88724168062,0.782247133384621,0.991057753299194,0.8702739456730508,0.8013238834930053,0.003934068313492921,0.0010005850463992944,0.6421199662563117,0.9937547160091713,BOMBAY
73257,1057.406 px,401.83920941810214,236.70200727576218,1.6976586470175223,0.8080990907631979,75593,305.4074480569585,,0.9690976677734711,0.8233328675651606,0.760024011840992,0.0054853353183737,0.0011289954649995472,0.5776364985748764,0.9806295966385636,CALI
68764,1045.125 px,354.6890078360358,247.50082613080738,1.4330821168595942,0.7162958454269468,69957,295.8936363867407,0.7250603654614662,0.9829466672384465,0.7911057166239778,0.8342340186745376,0.005158062472166189,0.0015410543057970945,0.6959463979138688,0.9973483371432166,BARBUNYA
68638,1006.709 px,326.93281795327135,269.37996024751294,1.2136493659471828,0.5666462075458533,69930,295.6224211245353,0.770347923681257,0.9815243815243815,0.851072547432002,0.9042298750405313,0.0047631460408705285,0.001964215197334702,0.8176316669158149,0.9923181541307167,BARBUNYA
79263,1095.565 px,420.60709944399457,241.94087935866403,1.7384705741292594,0.8179999790618377,80605,317.6803205021412,0.7338147479516733,0.9833509087525588,0.8298585464205859,0.7552899628229922,0.00530647464067717,0.001065223427002506,0.5704629279411572,,CALI
66910,996.0079999999998 px,355.78037791892075,239.92746817721985,1.4828663871705068,0.7383939692647898,67749,291.87747076167034,0.7790378166915052,0.9876160533734816,0.8475693445342147,0.8203866454607754,0.005317297532789131,0.0014857476553774918,0.6730342480503843,0.998019863848492,BARBUNYA
76834,1095.6229999999998 px,431.37377598337787,229.56673168895756,1.8790779169511846,0.8466338057568915,78131,312.77481864782766,0.7497462919594067,0.9833996749049673,0.8043425172908821,0.725066835448708,0.005614360517262902,9.571769313953712E-4,0.5257219158676039,0.987872442564083,CALI
56385,908.18 px,319.6881974152079,224.84405067377693,1.4218219092620734,0.7108704578317396,57282,267.93956730929483,0.7357892264328219,0.9843406305645752,0.8590720344249055,0.8381278053918817,0.005669738359762489,0.0017257734219646593,0.702458218171012,0.9987704849367425,BARBUNYA
75018,1041.305 px,406.29528434573,236.47278862044948,1.7181481502205906,0.813173048549256,75888,309.0564417172734,0.7895551135107828,0.9885357368753953,,0.7606695268810629,0.005415970624993069,0.0011185106828286529,0.5786181291254603,0.9941516682410086,CALI
192018,1667.608 px,637.5186105803888,385.1775667854584,1.655129128886893,0.7968459994156709,193459,494.4541544986314,,0.992551393318481,0.8676885491691314,0.7755917180966476,0.0033200981709026692,7.410770089159136E-4,0.6015425131801099,0.9956305358282275,BOMBAY
96192,1220.012 px,448.8884279673727,273.8383004402171,1.639246326192313,0.7923733569136042,97341,349.96493865409536,0.8118701574922773,0.9881961352359232,0.8121207626468435,0.77962566386214,0.004666587948762607,0.0010634662833276661,0.6078161757524828,0.9963604331025185,BARBUNYA
74466,1030.978 px,399.0801853567055,239.70146225947602,1.6649050931725338,0.7995234781085067,75530,307.91728749495155,0.7890019071837253,0.9859128822984244,0.8803778230831926,0.7715674663720254,0.0053592268331413735,0.001171595055685752,0.5953163551637465,0.9911452317610306,CALI
191756,1699.1399999999999 px,659.9922340099096,373.0010083888275,1.7694113934456548,0.8249815278846788,193517,494.1167090275695,0.6620128704394178,0.990900024287272,0.8346425055057299,0.7486704896896568,0.0034418335489367195,6.670102162724427E-4,0.5605075021321506,0.9917683603843919,BOMBAY
66144,992.0559999999999 px,373.69821507835,227.61188412195193,1.6418220714614649,0.7931092523242822,67488,290.20192357557283,0.7219778420564318,0.9800853485064012,0.8445550104746896,0.7765675934917933,0.005649767402611726,0.0012674399277383267,0.6030572272616349,,CALI
132851,1369.46 px,511.97575052536484,333.40497318923224,1.5355972216850537,0.7588954931453396,134466,411.2798885887944,0.686341468454878,0.9879895289515566,0.8901762201759374,0.803319079403192,0.0038537591024935067,9.8995773611271E-4,0.6453215433331918,0.9909539690359602,BOMBAY
76997,1099.4569999999999 px,413.36069385769866,237.60768073401434,1.7396773226385214,0.8182804158576081,78041,313.10641198476486,0.7929333498105124,0.9866224164221371,0.8004370283138675,0.7574653725846348,0.005368529862951786,0.0010901500315014755,0.5737537906647797,0.9981464583974066,BARBUNYA
79519,1135.829 px,415.924522203213,243.97464998536358,1.704785813723536,0.8098884288629894,80702,318.1929216022811,0.8113355780022447,0.9853411315704691,0.774559648346393,0.7650256347396078,0.00523050493848279,0.0011051655297357943,0.5852642218087397,0.9977501426194848,BARBUNYA
84160,1124.1409999999998 px,439.66097958156917,247.19115194261795,1.7786274958726291,0.8269800459610398,85880,327.34666652481934,0.7043856712420489,0.9799720540288775,0.8369008620344258,0.7445433680204216,0.005224108597689747,9.902662031131037E-4,0.5543448268631932,0.9859729512536274,CALI
89248,1226.9679999999998 px,426.26979315158763,267.28716270159725,1.5948008458134617,0.7789890389224995,91234,337.09654831891083,0.7402909802750544,0.978231799548414,0.7449753178113673,0.7908056206061838,0.004776239166721805,0.0011522449619053277,0.6253735295823315,0.9973462339272522,BARBUNYA
155247,1508.4529999999997 px,569.6478553057765,350.82705121301,1.6237284249779989,0.787850499911988,157360,444.5971430424399,0.7996240020602626,0.9865721911540417,0.8573724307926489,0.7804771647982214,0.0036693002460967137,8.398540420628278E-4,0.6091446047714703,0.9890854096894249,BOMBAY
220679,1002.344 px,374.9274984041285,226.5619618390961,1.6548563375806278,0.7967704748141253,67511,291.025590826276,0.7416409307303803,0.9853209106664099,0.8320099393294337,0.7762183143808354,0.005636312363261103,0.0012621482168498838,0.6025148715802254,0.9970755537211141,BARBUNYA
68862,1033.621 px,356.63688953285674,246.2047294480666,1.448537931551328,0.7234743427839884,70125,296.10440984482614,0.721460900176012,0.9819893048128342,0.8099661093976501,0.8302685968147617,0.005179008590120193,0.001518101613588957,0.6893459428567534,0.9985437461890215,BARBUNYA
75253,1126.203 px,392.53949218808174,244.96749841200491,1.6024145845171633,0.78137784256027,76962,309.5401354589663,0.7231832247400488,0.977794236116525,0.7455904252315667,0.7885579454274448,0.005216263699627679,0.0012441528795640155,0.6218236332967532,0.9964192589921698,BARBUNYA
187588,1654.3570000000002 px,593.1580854034479,405.88031034596725,1.461411333054928,0.7292287050271504,189950,488.71715717557913,0.7161104621422082,0.9875651487233482,0.8613039726856556,0.8239239575452617,0.0031620257447355265,8.988633832243188E-4,0.6788506878170462,0.9920800886279643,BOMBAY
68218,1005.139 px,384.29156405638093,226.6177580813892,1.6957698607112843,0.8076204375362093,69026,294.7165676760357,0.7484721810780861,0.9882942659287804,0.8485092835994765,0.766908762100218,0.00563328687525845,0.0012020331081845383,0.5881490493860887,0.9973654315549219,BARBUNYA
65881,1003.3749999999999 px,393.3596200121402,214.50798452068742,1.8337761220921085,0.8382261042544522,66670,289.6244023674408,0.8009263761914025,0.988165591720414,0.8223250018861408,0.7362840200997299,0.005970759703285321,0.0010824076559548157,0.5421141582542196,0.9941159988546505,CALI
81169,1095.175 px,430.5853201041911,240.98147425627613,1.7867984310124907,0.8287221730027676,81866,321.4771852038779,0.8000019712007569,0.9914860870202526,0.8504191215566794,0.7466050749851116,0.005304800109699406,0.001016746151765617,0.5574191379935243,0.9959956411831641,CALI
75080,1040.66 px,397.5332068283944,243.2745697501498,1.6340927341344096,0.7908884252546143,76187,309.18412801875195,0.7918578284026789,0.9854699620670193,0.8711970662907179,0.7777567325393759,0.005294794976403761,0.0011950993981520318,0.6049055350103265,0.9884717395980621,CALI
88390,1146.5249999999999 px,442.48802246243565,256.0625676054496,1.7280464950434968,0.8155489223180351,89104,335.4722691358274,0.8198150569947226,0.9919868917220327,0.8449790472500919,0.7581499432887063,0.005006086915515733,0.0010202311409886749,0.5747913365086686,0.9932661544351721,CALI
164983,1530.7659999999998 px,572.7412727520505,370.15130255771805,1.5473166480691833,0.7631002537657237,167334,458.3261718569444,0.7950145044862713,0.9859502551782662,0.8847721531835082,0.8002324848262886,0.0034715169002385122,8.781399909539523E-4,0.6403720297712562,0.9908583026229194,BOMBAY
75703,1082.3809999999999 px,389.22023431538116,248.50310865765772,1.5662590155022078,0.7696516858312695,76726,310.4642543918479,0.7804432989690722,0.9866668404452207,0.8120123492441889,0.7976570255601919,0.005141410965422521,0.0012838871761239544,0.6362567304255325,0.9965428402029483,BARBUNYA
47794,833.459 px,279.6545563592836,217.91856503749486,1.2832984482582588,0.6267231968346096,48528,246.68443566847174,0.7381312741312741,0.984874711506759,0.8645990659456373,0.8821041175940869,0.005851248197666728,0.002185282965735204,0.7781076742764427,0.9985443709768016,BARBUNYA
159806,1560.0079999999998 px,600.0758879212527,347.0466396361498,1.7290929212003998,0.8157973110117382,164335,451.07795189517674,0.7720096618357488,0.9724404417805094,0.8251811414464909,0.7517015113834589,0.003755027270072793,7.395619380078652E-4,0.5650551622161765,0.9770328810757344,BOMBAY
74876,1076.913 px,425.829280728493,225.9667245437238,1.8844778211851119,0.8475904310982937,75676,308.76379993708787,0.8107674982674983,0.9894286167344997,0.811318278448624,0.7250882311541991,0.005687126458791776,9.696970464169455E-4,0.5257529429583252,0.9907697604277654,CALI
69018,1036.307 px,403.378834903492,219.23407153322964,1.8399459175411577,0.8394128995132257,69793,296.4396176264763,0.7971310765392745,0.9888957345292508,0.8075982529213164,0.7348913526843797,0.005844545407045872,0.0010515333434208082,0.5400653002502771,0.993690944401137,CALI
81815,1100.953 px,426.40008242652544,246.6120651788078,1.7290317167465472,0.815782797494214,82888,322.7539207391714,0.6946425539140771,0.9870548209632275,0.8482136171808046,0.7569274351507338,0.005211759242516965,0.0010553125303598377,0.5729391420838684,0.9906299484285649,CALI
69473,1021.7040000000001 px,351.0587716367821,252.6363031612477,1.3895816525335842,0.6943462814955232,70650,297.41514906168777,0.7568936777539303,0.9833404104741684,0.8363262528393077,0.8471947522490737,0.0050531684487035555,0.0016057449558003548,0.7177389482383695,0.9973568737807901,BARBUNYA
76502,1103.519 px,385.6338479486477,253.80970974538255,1.5193817775352598,0.7528759646598987,77696,312.0983365084303,0.800096218206158,0.9846324135090609,0.7894470804332397,0.8093126113504184,0.005040833546164122,0.0013339739582412023,0.6549869028908337,0.9951751647765894,BARBUNYA
230913,1060.4009999999998 px,411.58849838844435,238.44216673839753,1.7261565100606184,0.8150989613608373,77126,311.88408343346447,0.7153277153558052,0.9905479345486606,0.8537798711218431,0.7577570429072535,0.005387495561192774,0.0010956872660682702,0.5741957360755452,0.991151707875851,CALI
207034,1753.619 px,665.6352300378553,399.9981324795483,1.6640958444271958,0.799303965878389,209699,513.4236807011337,0.8268791437015736,0.9872913080176825,0.8460208230358611,0.7713288863510647,0.003215101046387817,7.019929873035465E-4,0.5949482509195736,0.9900509120044914,BOMBAY
82086,1107.548 px,447.2114597878377,235.48521031260393,1.8991063565910131,0.8501358305444643,82699,323.2880159689353,0.833208144704521,0.992587576633333,0.8409183760394768,0.7228974322847337,0.0054480844454332985,9.177625285357051E-4,0.522580697603861,0.9924363246512586,CALI
64821,977.8979999999999 px,371.5523479927206,227.95673295228283,1.6299248685516827,0.7896751323383012,66064,287.2849813848228,0.7430022236995942,0.9811849116008718,0.8518016457998132,0.7732018999122332,0.00573197494627853,0.0012637340761352653,0.597841178027887,0.974436203511887,CALI
84566,1213.8899999999999 px,422.242704230451,255.55795596274075,1.6522385407246416,0.7960434462706125,86165,328.13530035653554,0.7870851249976731,0.9814425810944118,0.7211854984478713,0.7771248551341371,0.004993055178564092,0.0011233350915579349,0.6039230404672534,0.9978249230916035,BARBUNYA
76114,1048.047 px,407.9508412506867,239.55777975131411,1.702932969549902,0.8094257957007113,-76864.0,311.3058860798687,0.7683315836227086,0.990242506244796,0.8707889144173417,0.7630965660604447,0.0053597346250451525,0.0011210914663918458,0.5823163691332427,0.99164574370559,CALI
150648,1489.751 px,511.9428365730987,379.28453141514245,1.3497593341415663,0.6716453448088454,153091,437.9623167982181,0.7814260371603747,0.9840421709963355,0.8529937776985006,0.8554906632347865,0.0033982717100333143,0.0011227910936231471,0.731864274881895,0.9878406363465868,BOMBAY
76070,1063.5919999999999 px,413.17439050219895,235.34698306900808,1.7555967155994883,0.8219172594027456,76858,311.215893180287,0.7774461909531304,0.9897473262379973,0.8450320017309189,0.753231323950197,0.005431502438572353,0.0010784828191126678,0.5673574273797666,0.9960508360788936,CALI
60409,946.447 px,359.7523847368893,215.04997224637526,1.672878080285142,0.8016660179451903,61368,277.3357670007719,0.731414664858582,0.9843729631078086,0.8474594222702058,0.7709073762043465,0.005955277934362253,0.0012974499155401298,0.5942981826862697,0.9941884029691554,BARBUNYA
68338,1004.3759999999999 px,383.9729286829212,228.47915425155713,1.6805600053130638,0.8036962733266421,69306,294.975666806792,0.8171958146487295,0.9860329552996855,0.8512938098748014,0.768219957116764,0.005618732311201984,0.0012071477953676487,0.5901619025124826,0.9918024900219456,CALI
67535,990.949 px,351.4178372230433,245.53815005780453,1.4312148117932493,0.7154078139081018,68489,293.23750212701174,0.7483434168827428,0.9860707558878068,0.8642435773242046,0.8344411440358823,0.005203492074080748,0.001556171651000673,0.6962920228599122,0.9965434564505901,BARBUNYA
73501,1247.2830000000001 px,354.30887501178523,265.5079109721468,1.3344569422225392,0.6621531907040878,75625,305.9156416033335,0.6873877749513692,0.9719140495867769,0.5937082798139443,0.8634151249899059,0.004820463327189905,0.0016525216377066437,0.7454856780613349,0.9948185384164253,BARBUNYA
63703,1010.6109999999999 px,360.8357261852719,225.51982665739047,1.6000177524677386,0.7806303017772727,64811,284.7967322815767,0.7236345874227553,0.982904136643471,0.7837935897613573,0.7892697746213388,0.005664344319502565,0.0013559113445482187,0.6229467771308191,0.9967259022518745,BARBUNYA
79874,1093.895 px,382.91318670074037,270.42333793870586,1.415976851774278,0.7079862328260674,81979,318.90239164386395,0.760755478936691,0.9743226923968333,0.8388108191941395,0.8328320954198346,0.00479396532915267,0.0014226709567526515,0.6936092991613925,0.9821347117879119,BARBUNYA
68564,1007.3409999999999 px,393.52529822862596,223.25661458715166,1.762659077117768,0.8234942048680407,69105,295.4630199284196,0.7242268041237113,0.9921713334780407,0.8490885589592465,0.7508107388734251,0.0057395323818421615,0.0011250664553905897,0.5637167656076585,0.9936404738218085,CALI
78565,1106.256 px,429.93349186033214,236.48213167115668,1.8180379583950206,0.8351359919043142,80656,316.278460904498,0.7780330563780588,0.974075084308669,0.8067290583092925,0.7356450867224923,0.005472328541466711,9.88610641167282E-4,0.5411736936189433,0.9838743170840759,CALI
83266,1117.7779999999998 px,448.4737096842725,237.7470978343046,1.8863477778257953,0.8479195418299414,84030,325.60338439874675,0.7972386852158594,0.9909080090443889,0.8374645858646871,0.7260255782395205,0.005386036433649659,9.23116970563942E-4,0.5271131402580302,0.9943187007885119,CALI
105090,1256.75 px,484.58426800962303,279.666507816285,1.7327218471507144,0.8166546393069706,107776,365.79330742404,0.7790214974054855,0.9750779394299287,0.8361293497234721,0.7548600554584574,0.004611135864588667,9.235352148548022E-4,0.5698137033267453,0.9873286525601074,CALI
192812,1678.8189999999997 px,654.8477551629032,378.21928237856616,1.731397064276207,0.816342390314366,194740,495.4753910129909,0.8149557043348887,0.990099620006162,0.8596787112117931,0.7566268451049877,0.003396301864836749,6.866145942290809E-4,0.5724841827335271,0.9911974333293924,BOMBAY
76913,1063.744 px,412.49840229902554,238.37075659713128,1.7304908042733873,0.8161283042142226,77552,312.9355734080349,0.741473055046756,0.9917603672374665,0.8541524057873812,0.7586346314650299,0.00536318180670401,0.0010958041455542366,0.5755265040580817,0.9959433228881206,CALI
68804,1058.9499999999998 px,383.94461609287737,228.98205358672155,1.6767454482954378,0.8026922540451458,69932,295.97968449871377,0.7644888888888889,0.9838700451867528,0.7710324242287775,0.7708916132505824,0.0055802659161222805,0.001215648283259921,0.5942738793800855,0.9964460222914304,BARBUNYA
83773,1134.941 px,447.32256256766505,242.4610804003251,1.8449252219329189,0.8403608213909343,86024,326.5931664641788,0.7842371818275433,0.9738328838463685,0.8172733956084194,0.7301066250481745,0.005339698501517972,9.35926309532211E-4,0.5330556839392356,0.9834478759941979,CALI
77331,1106.588 px,387.4660742701333,255.28004541094325,1.517807918148872,0.7522788066920766,78870,313.7847785248909,0.6911465036465037,0.9804868771395968,0.7935815778494263,0.8098380719291741,0.0050104883458138814,0.001329390523270349,0.6558377027459623,0.9954356582483879,BARBUNYA
68634,1007.249 px,385.36099875870946,229.42381966993145,1.679690449374971,0.8034681118491351,70059,295.61380704113463,0.7244305587806886,0.979660000856421,0.8501107041391863,0.7671087836946123,0.0056147244624924885,0.0011993226445082795,0.5884558860214274,0.988423731628678,CALI
60192,996.2089999999998 px,353.95621695804556,219.47366616865438,1.6127502817857344,0.7845553440925404,61801,276.83719886731063,0.6857142857142857,0.9739648225756865,0.7621627443876221,0.7821227191501037,0.00588045283356668,0.0013573446627395745,0.6117159478107522,0.9865450672046181,BARBUNYA
179387,1617.553 px,621.6396128733878,370.2418889962433,1.679009402633248,0.8032891200682245,181149,477.9148692093672,0.8222613367069577,0.9902732005144936,0.8615565569965123,0.7687973213294989,0.0034653548633590383,7.46749469950282E-4,0.5910493212834129,0.9923773678548499,BOMBAY
76234,1073.9629999999997 px,420.6549002029275,232.14784445991194,1.8120129488239447,0.8339285427800333,77222,311.55118913806183,0.8010129029546506,0.9872057185776074,0.8305770620460077,0.740633685683364,0.005517943439973338,0.001024167170993515,0.5485382563689241,0.993958423465799,CALI
85890,1152.0159999999998 px,417.5364202968183,262.7196446135723,1.5892851138366986,0.777232329145744,87188,330.6940345656436,0.7146541968980896,0.985112630178465,0.8132712970694211,0.7920124293122978,0.004861292586992878,0.0011799388812108434,0.6272836881851674,0.9969326277852681,BARBUNYA
71085,1049.3419999999999 px,383.9366687306979,236.90528975161394,1.6206335837128867,0.7869297296669351,72146,300.84586258996325,0.7994264507422402,0.9852937099769911,0.811248151089027,0.7835819995640572,0.005401092617721009,0.001256027622995697,0.6140007500408061,0.9950702359410316,BARBUNYA
79824,1132.927 px,442.807460755645,233.41134271498177,1.8971120066618037,0.8497927173966088,81949,318.8025618136398,0.7447866613172602,0.9740692381847247,0.7815189201221022,0.7199575211980563,0.0055472973135353406,9.193665486904174E-4,0.5183388323296497,0.983346822331638,CALI
69232,1021.5130000000001 px,339.7519042486327,260.2171528692769,1.305647612013152,0.6429556109299891,70543,296.8988382616287,0.7796747601243299,0.9814155904909062,0.8337367518738886,0.873869534059642,0.00490744026243114,0.001765310804074378,0.7636479625576158,0.99705513873206,BARBUNYA
53552,937.5550000000001 px,336.4962468374512,203.6038358079593,1.652700920403273,0.7961721604333662,54684,261.12166532032046,0.6892149292149292,0.9792992465803526,0.7655825932735644,0.7760017170309141,0.006283542105569376,0.001405513499313838,0.6021786648349268,0.9952212336198974,BARBUNYA
202363,1709.543 px,628.3358870405369,413.00764012640474,1.5213662557143715,0.7536256098986835,204085,507.59883174731766,,0.9915623392214028,0.8701235340054629,0.8078463163040217,0.003104993931897318,8.157470547133092E-4,0.6526156707659776,0.9928674594537583,BOMBAY
72205,1061.352 px,414.142433846069,223.98931484054296,1.8489383484247686,0.8411184734002567,73083,303.2066314043979,0.7057334428024084,0.9879862621950385,,0.7321312829225696,0.00573564758460036,0.0010165250328090494,0.5360162154338477,0.9910609360931533,CALI
57949,929.665 px,317.018812912238,233.2385836858852,1.3592039871892898,0.6772806708008811,58918,271.63018679421094,0.774646757656369,0.9835534132183713,0.8425639007299235,0.8568267110047119,0.005470652002834182,0.0018188246846466954,0.7341520126911522,0.9978623428528559,BARBUNYA
79937,1075.507 px,419.97378847827844,244.18965706463143,1.7198672274932634,0.8135891201653684,80740,319.0281327524184,0.8129296668429402,0.9900544959128066,0.8684228190623194,0.759638200060952,0.005253809731141755,0.0010791486892000968,0.577050194991843,0.9924497189850678,CALI
186509,1672.0520000000001 px,655.69875622946,366.11750974924985,1.7909516446742504,0.8295971714080097,189519,487.3095876842671,0.8440161464037144,0.9841176874086504,0.8383205229274473,0.7431912643642936,0.0035156413697433365,6.615866207990855E-4,0.5523332554273975,0.9892021522159806,BOMBAY
77785,1104.594 px,381.338440513199,260.26426662227465,1.4651970685881404,0.7308836805596459,79114,314.7045248915634,0.7575919901825194,0.9832014561266021,0.8011251397199318,0.8252630510263775,0.004902467577466079,0.0014026977407450908,0.6810591033893655,0.9978858018213654,BARBUNYA
68752,1025.143 px,403.66524778899657,218.45740887386398,1.8477983871999073,0.8409038273875827,69504,295.86781707315157,0.7980591765429662,0.9891804788213628,0.822103125412036,0.7329534030826633,0.005871323711150171,0.001045252585979621,0.5372206910904573,0.9926755265673666,CALI
81696,1116.1419999999998 px,434.1408751931955,242.82226288480734,1.787895681538673,0.8289540242869413,83499,322.5191123742651,0.7371422384235031,0.9784069270290662,0.8240845188028478,0.7428904551563867,0.005314101977981731,9.984096290572397E-4,0.5518862283624636,0.9867150043899147,CALI
83008,1139.263 px,414.1048469023277,255.7845569724301,1.618959532990736,0.7864290157457724,84045,325.0985514107628,0.8002313699026319,0.9876613718841097,0.8036775338602657,0.7850633815146861,0.0049887341810708336,0.0011689313568394115,0.6163245129952737,0.997804445729571,BARBUNYA
81139,1149.9799999999998 px,439.3938611400192,235.62698345447458,1.8647858352136244,0.844056274019429,82672,321.4177708532407,0.7675985052741119,0.9814568414940972,0.7710080993139163,0.7315026432533983,0.005415322608610153,9.564619462607462E-4,0.5350961170867086,0.9978396596211052,BARBUNYA
67336,1032.7789999999998 px,399.820464936842,217.2274490770695,1.8405614328923543,0.8395305516336453,68914,292.80515361633735,0.6903707349081365,0.9771018951156514,0.7933089992730006,0.7323415865233177,0.005937692540941576,0.0010535429726510042,0.53632419935149,0.9871376368532231,CALI
69566,1014.0550000000001 px,397.01480722132186,226.13336291769266,1.7556666654527493,0.8219329867080654,71239,297.61414981322093,0.78495667087922,0.9765156725950673,0.85012712790852,0.7496298485595563,0.005707023649790441,0.0011116726431863663,0.5619449098514233,0.9865879460469943,CALI
76673,1061.077 px,363.0571425068496,269.5013742784027,1.3471439374991871,0.670055310046429,77754,312.4469484784243,0.7910141339110699,0.9860971782802171,0.8557728787924592,0.8605999218773931,0.004735136782268198,0.0016022028534460626,0.740632225535375,0.9977382125465113,BARBUNYA
61787,943.911 px,361.5859403560702,218.77609385768193,1.652767146447403,0.7961905854500976,62403,280.4811076535307,0.7081766917293233,0.9901286797109113,0.8714548245651595,0.7756969404765246,0.005852136215645203,0.0013069606228534646,0.6017057434646409,0.9944794846270676,BARBUNYA
176276,1616.1299999999999 px,621.1599639559505,365.52255152165617,1.6993752132941886,0.80853247199508,178364,473.75265063927134,0.8004540913631822,0.9882936018479065,0.8481066468648251,0.7626902539276782,0.003523792030429273,7.355002400864755E-4,0.5816964234362665,0.988520483649472,BOMBAY
68837,1038.354 px,396.6017422301588,227.48599588481954,1.7434116798599142,0.8191439546947814,71427,296.0506553631226,,0.9637392022624498,0.8023076228160555,0.7464683682385751,0.005761461746301535,0.00110346377859909,0.5572150247807609,0.9714551823962103,CALI
80095,1086.7559999999999 px,418.7539099991406,246.00203901615362,1.7022375573547313,0.8092517010628417,81279,319.3432656806197,0.8045544037287046,0.9854328916448283,0.8522189294606053,0.762603663047051,0.005228215369238287,0.0010907589375057137,0.58156434689278,0.9899606732993652,CALI
75370,1079.0069999999998 px,356.03659663387475,271.33394617671473,1.3121712253504572,0.6474644394729118,76855,309.7806715834434,0.7606677162811352,0.9806778999414482,0.8135043039786208,0.8700809818772703,0.00472385029366956,0.0016699927757381754,0.7570409150245149,0.9933673051081491,BARBUNYA
56430,946.4599999999999 px,330.9432846487824,217.7435780278449,1.5198762124064187,0.7530630841401565,57314,268.0464652059512,0.7165714285714285,0.9845761942980773,0.7916174989834913,0.809946832704035,0.005864669229997917,0.0015568591779328517,0.6560138718072982,0.9970598787685464,BARBUNYA
145163,1449.277 px,535.8624458165621,346.38394387390065,1.5470187209706237,0.7629948281221776,146814,429.91542427829967,0.7046131891388131,0.988754478455733,0.8684863537917775,0.8022869070871026,0.003691453371841048,9.434002108398688E-4,0.6436642812833893,0.9957606931655045,BOMBAY
79500,1114.478 px,384.103817664715,264.49017053547936,1.4522423154216628,0.7251505856442398,80894,318.15490536285216,0.7842092803030303,0.9827675723786684,0.8043294918159465,0.8283044602294742,0.004831494561820315,0.00140288237019479,0.6860882788360408,0.9963664306405154,BARBUNYA
66494,974.8079999999999 px,380.0148485857691,224.62361596477842,1.6917849307766304,0.8066043786705689,67416,290.96871015217414,0.7632460973370064,0.9863237213717811,0.8793345831251346,0.7656772129694893,0.0057150246426108985,0.0012116599687445892,0.5862615944607246,0.9918285310017338,CALI
64628,1062.5449999999998 px,355.82871694066756,233.28600279160784,1.5252896131043316,0.7550969047572964,66408,286.856977075936,0.7640417558253633,0.9731960004818696,0.7193428253678814,0.8061658978574453,0.005505798058746481,0.0014344906848098263,0.649903454868301,0.9912909892312394,BARBUNYA
53874,913.8779999999999 px,326.25582718970685,210.6497575895197,1.5488070383895793,0.7636265181485293,54878,261.9055311234609,0.7365873666940115,0.9817048726265535,0.8106112762058021,0.8027612361117203,0.006055905022639991,0.0015513307111683177,0.6444256022036174,0.9980909084114058,BARBUNYA
72775,1047.307 px,372.39974552972865,249.10567030865414,1.4949468836590798,0.7433343236662906,73788,304.4010641704485,0.7868928679555383,0.986271480457527,0.8337657781297189,0.817404060621594,0.005117138378972568,0.0014091398198183588,0.6681493983206703,0.998847860838175,BARBUNYA
46774,833.7220000000001 px,305.70388675642926,196.1460607176044,1.558552262727099,0.7670217586298914,47446,244.03792013833117,0.793909973521624,0.9858365299498377,0.8456133914101824,0.7982820327461827,0.006535765313131852,0.001637199600556013,0.6372542038053773,0.9931939812732268,BARBUNYA
169095,1529.2140000000002 px,547.6732620538191,394.21196775823495,1.3892862389954128,0.6941876497191497,171300,464.0026301832699,0.78006642985653,0.9871278458844133,0.9086656259908936,0.8472252752365934,0.0032388495346037383,0.0010293573022924234,0.7177906669997215,0.997216696142052,BOMBAY
72063,1078.081 px,369.1103124303029,250.03781747176183,1.4762179423998074,0.7356086553446589,73332,302.9083381358956,0.7359675640344785,0.9826951399116347,0.7791470266783043,0.8206444738470755,0.005122050323054867,0.0014329921162663918,0.6734573524557433,0.9941698271362395,BARBUNYA
96365,1195.2279999999998 px,463.1308996794645,267.22300436672396,1.7331251131503858,0.8167495226107365,97784,350.2795008680981,0.7786441499676794,0.9854884234639614,0.8476716772724414,0.7563293684583096,0.004806007364494002,9.700811207527244E-4,0.5720341135925455,0.991406687845961,CALI
56627,922.8760000000001 px,356.1840293860488,203.04569679010652,1.7542062452781024,0.8216041772859259,57280,268.51393948865683,0.7921854452869254,0.9885998603351955,0.8355004998527804,0.753862939760359,0.006290003521042061,0.0012531418276106284,0.5683093319441306,0.99693177934622,CALI
90997,1245.1029999999998 px,425.1416049141939,272.953574835957,1.5575601278338294,0.7666796920647841,92766,340.3835760612806,0.7041258492347215,0.9809305133346269,0.7376092929560365,0.8006357696513378,0.004672039791577678,0.0011842032582125635,0.6410176356451901,0.9984235105192611,BARBUNYA
79828,1120.981 px,352.0899634473451,289.49974648948586,1.2162012841698029,0.5691520154046741,81337,318.81054935042306,0.7303234069804675,0.9814475576920713,0.7983045589730712,0.9054803670883423,0.004410607348891931,0.001828918329482289,0.8198946951824394,0.9971569811648919,BARBUNYA
56675,898.4639999999999 px,344.94419084340467,210.22505072556183,1.6408329533177846,0.7928271499591889,57180,268.6277185955786,0.7539777564921243,0.9911682406435817,0.8822669936095665,0.7787570445490654,0.006086355374387379,0.0013808452884793863,0.6064625344347949,0.995103711453233,CALI
70924,1079.045 px,391.006650369572,232.68399787455573,1.680419169092887,0.8036593479522678,72038,300.50497744762345,0.8273432487605716,0.984535939365335,0.765462592221385,0.7685418576988189,0.005513037199954486,0.0011864263644046542,0.5906565870351516,0.99255065120485,BARBUNYA
78049,1073.1779999999999 px,423.5094163514312,236.13295051616637,1.7935210457738995,error,78635,315.2381214685729,0.7683954555299585,0.9925478476505373,0.8515961411476497,0.7443473729211868,0.005426199135817642,0.0010274912455653176,0.5540530115746722,0.9937057367335848,CALI
84049,1146.3980000000001 px,395.4512489630104,271.3095062181963,1.4575650314477928,0.7275301272729308,85440,327.130723863482,0.7880825128926394,0.9837195692883896,0.8036585606708229,0.8272340136017147,0.004705008375626246,0.0013591071464478905,0.6843161132596017,0.9974352371434626,BARBUNYA
58361,919.0219999999999 px,328.5385737285167,227.1540301200509,1.4463250929551377,0.7224650060158524,59350,272.5940811358325,0.717159428838261,0.9833361415332772,0.8683219371229532,0.8297171258833272,0.005629419881916292,0.0016457490858582332,0.6884305089840891,0.9956943198995654,BARBUNYA
150467,1474.0739999999998 px,525.8869355740514,366.7114136215854,1.4340620881702948,0.716760063133614,152958,437.699137053828,0.7872000920781409,0.9837144837144837,0.8701869259141153,0.8323065424244495,0.0034950317051184077,0.0010345800900008187,0.692734180562542,0.9934238255244571,BOMBAY
69441,1019.858 px,400.6709535713824,222.53069837511336,1.8005199125200395,0.8315865823514265,70363,297.3466448876705,0.7496761238502396,0.9868965223199693,0.8389699709110904,0.7421217890572546,0.005769947920844781,0.0010795739275159886,0.5507447497935403,0.9916268887191362,CALI
226565,1108.5649999999998 px,367.6165950707181,230.63670904651178,1.5939205714064453,0.7787101670007208,67763,290.12074483533127,0.6993525590842731,0.9755618848043918,0.6759817752994419,0.7891938196629044,0.00556093295824524,0.0013306447482188306,0.622826884994125,0.9927365844171321,BARBUNYA
73608,1062.4669999999999 px,391.5904484395365,240.20261810593593,1.6302505423435243,0.789770340737252,74612,306.1382308841316,0.7346987663193196,0.9865437195089262,0.8194151363550729,0.7817816601606943,0.005319944142478216,0.0012258257710511063,0.6111825641636113,0.9963807066986331,BARBUNYA
90004,1156.599 px,456.83638260363256,252.35355256767886,1.8103029577168854,0.8335833305890765,90790,338.5212725728526,0.7839386812995384,0.9913426588831369,0.8454852784012293,0.7410120679170284,0.0050757342185195386,9.440168779609675E-4,0.549098884798671,0.9940353352300775,CALI
70827,1018.2369999999999 px,387.57770494099805,236.27357654390917,1.6403768487796622,0.7926968604137576,72309,300.29941264504225,0.6984015855955351,0.9795046259801684,0.8584420099750955,0.7748108542279479,0.005472174523006736,0.001216529057600968,0.6003318598294425,0.9847704844490546,CALI
64429,952.229 px,358.25736305487266,229.94397585192084,1.558020216566069,0.7668384208977227,65054,286.4149972116366,0.73178183635455,0.9903925969194822,0.892911563624398,0.7994671617335823,0.0055604985806837395,0.0014011867305899273,0.6391477426903499,0.9958051044841332,CALI
49245,822.642 px,301.3927909840374,208.34644372586885,1.4465943627076927,0.7225881504285283,49720,250.40104109304954,0.7772253787878788,0.9904465004022526,0.914429542770173,0.8308129742436722,0.00612027192575972,0.0017987199898136408,0.6902501981716169,0.9985120455329285,CALI
68187,1052.8960000000002 px,377.09629404191014,231.80068333958368,1.6268126935996607,0.7887618411995089,69510,294.64959670234833,0.7573304011728642,0.9809667673716012,0.7729305904542035,0.7813643394480064,0.005530325341222083,0.0012715832260131214,0.6105302309610195,0.9932183295537195,BARBUNYA
222553,1584.943 px,601.674950448569,372.972648215111,1.613187865994813,0.7846882435379633,176889,472.22904063928064,0.8219944431929113,0.9901350564478288,0.8761487220879141,0.7848574056261075,0.003435315799847948,8.040989063518715E-4,0.6160011471661442,0.9937255760473088,BOMBAY
65488,984.5210000000001 px,384.49743085311184,218.90547791122327,1.756454130440007,0.8221098875119183,66604,288.7592618525271,0.7908605656594933,0.983244249594619,0.8490272375620869,0.751004398681771,0.005871265435699851,0.0011520767188768464,0.5640076068393687,0.9906534906325926,CALI
71456,1005.7759999999998 px,374.78462551584244,244.4125876142546,1.533409670811833,0.758097311984167,72262,301.6299138159141,0.8015524919514958,0.9888461432011292,0.8876587307353914,0.804808664178152,0.005244970688477419,0.001357354855353146,0.6477169859362216,0.9932154901836944,BARBUNYA
69110,986.6329999999999 px,358.51536605076996,246.51118078672224,1.4543574247082611,0.7261002170971601,69898,296.63712669968857,0.7608970900723353,0.9887264299407709,0.8921532922777718,0.8274042197055546,0.005187604775731008,0.0014997455081868347,0.6845977427865576,0.9956498101601466,CALI
72530,1015.95 px,388.03361550939997,240.48339433620484,1.6135567970523335,0.784800190751946,73747,303.8882429111751,0.7809841714224184,0.983497633802053,0.8830450739267866,0.7831492704884315,0.005349974017777471,0.001241393955636162,0.6133227798665624,0.9896311402407238,CALI
47143,858.562 px,296.8462778026491,203.05871161623685,1.4618741320670967,0.7294319147520079,47996,244.99863643998057,0.7179865976241243,0.98222768564047,0.803681098794091,0.8253384150663389,0.0062967201451466625,0.0018022805383084237,0.6811834993842163,0.9958045369407289,BARBUNYA
171566,1554.742 px,575.3363956493181,381.6426689401534,1.5075263917608186,0.7483196472088378,173000,467.38058981095156,0.8280372207957682,0.9917109826589595,0.8919169726508618,0.8123605482727564,0.003353440633046863,9.008773774112834E-4,0.6599296603900133,0.9948613797436993,BOMBAY
78476,1114.596 px,416.1887826496567,242.24929735415193,1.7180185337801706,0.813141617937968,80209,316.09926686507293,0.6779666874006497,0.9783939458165543,0.7938012203477456,0.7595093381725331,0.005303389350242834,0.0010885935241517967,0.5768544347712793,0.9910466102303424,BARBUNYA
85446,1104.639 px,431.76624696671684,254.77503822197517,1.6946960345092221,0.8073474693526327,86852,329.8381817489308,0.8190131124913733,0.9838115414728503,0.8799557964593584,0.7639276670331221,0.005053089050004878,0.0010615627501169354,0.5835854804586686,0.9889999995304648,CALI
73353,1059.7009999999998 px,381.7712858084231,245.98569283381505,1.5520060594188425,0.7647497798166177,74671,305.6074938952878,0.6777636101563366,0.9823492386602564,0.820844809005228,0.8004988988319172,0.005204576306469035,0.001318281320598457,0.6407984870311121,0.9945231347387123,BARBUNYA
67533,997.712 px,358.14630306287404,241.2795038815904,1.4843627299508908,0.7390142632005507,68874,293.2331600869856,,0.9805296628626187,0.8525414734752695,0.8187524416118497,0.005303278442581761,0.0014700585253890177,0.6703555606453655,0.9950508100373147,BARBUNYA
66945,996.7789999999999 px,373.73648570295927,228.22956451566515,1.6375463297057067,0.7918853845309037,67778,291.9537999792013,0.7477548923241891,0.9877098763610611,0.8467013464603285,0.781175537170439,0.005582739348763302,0.001282394519303173,0.6102352198735238,0.999288444561044,BARBUNYA
85822,1131.029 px,438.5409726967349,251.94103170767872,1.7406492690939035,0.8185057932937346,87602,330.5631017041393,,0.9796808292048127,0.8430649111288377,0.7537792869646737,0.00510988991979603,0.001017578926726562,0.568183213456972,0.9890076952153034,CALI
72741,1036.0349999999999 px,374.02420719338016,248.80976037851804,1.5032537575068257,0.7466441270827958,74004,304.3299487785921,0.8003630962204984,0.9829333549537863,0.8516090669548233,0.813663776102186,0.0051418623223956255,0.0013902091225650342,0.6620487405408682,0.9952272568707214,BARBUNYA
72553,1029.989 px,389.2478023403679,239.3532822013146,1.62624802451207,0.7885954587806524,73700,303.9364221168142,0.78483189823028,0.9844369063772049,0.859409332920253,0.7808301557244108,0.005365013195048694,0.0012302032415713769,0.6096957320886077,0.9915164798625389,CALI
105542,1265.623 px,466.1359798509625,288.99934162159894,1.6129309403801246,0.7846102280606252,107112,366.5791156495942,0.7478883219954648,0.9853424452909104,0.8279926212395606,0.7864209833508249,0.004416592255698798,0.0010420473194899444,0.6184579630544783,0.997529983935036,BARBUNYA
78602,1070.319 px,408.2722778804946,248.88127257070784,1.640429887164384,0.7927120178951004,80518,316.35292743275386,0.7464577397910731,0.9762040785911225,0.8622178126279538,0.7748577225842249,0.005194171622611315,0.0011550051509368292,0.6004044902484118,0.9849214701911918,CALI
70646,1013.02 px,393.1988626398537,229.40419479618268,1.714000317165938,0.8121630956331337,71261,299.91545621618155,0.7702522950783924,0.991369753441574,0.8650902186874879,0.7627576900976082,0.005565762571693425,0.0011621195792658541,0.5817992938030389,0.9972041741053274,CALI
74450,1065.0639999999999 px,379.392112310424,250.76134514510605,1.5129609074751302,0.7504250003686168,75382,307.88420567728525,0.7973482414428308,0.9876363057493831,0.8247515781487139,0.8115197856969942,0.005095931663000994,0.0013633262897788552,0.6585643625776952,0.9963821356363307,BARBUNYA
75359,1046.443 px,395.43517084592094,245.07446946308744,1.6135306615668528,0.7847922633396552,76422,309.7580650309159,,0.9860903928188218,0.8647963271053121,0.7833346345199308,0.005247351621517283,0.0012187348933369471,0.6136131496384738,0.9900836312822867,CALI
70574,1055.918 px,383.8421793353649,235.49608790372727,1.6299301731597458,0.7896766836516673,71425,299.7625854407774,0.7141310397166709,0.9880854042702135,0.795415794735713,0.7809526976942085,0.005438861044228255,0.0012479197091985659,0.6098871160358619,0.9940734126482303,BARBUNYA
74407,1041.935 px,380.58728020872064,249.8268201047877,1.5234044129012512,0.7543917142940247,75370,307.7952806738746,0.7376158612143743,0.9872230330370174,0.8612761181312822,0.808737697447677,0.005114939188634412,0.0013497426971567077,0.6540566632729704,0.996392807117511,BARBUNYA
95737,1284.9579999999999 px,431.620041396861,283.3158307181504,1.5234589620452494,0.7544121653712949,97477,349.13626894711217,0.7652837729816148,0.9821496352985832,0.7286379938570722,0.808897260231928,0.004508393216800829,0.0011906250297278394,0.6543147776107194,0.996821711949695,BARBUNYA
80835,1097.4509999999998 px,430.55828834493593,242.48814831581734,1.7755848742932188,0.8263242244604154,82824,320.8150847430134,0.7748159650333564,0.9759852216748769,0.8434105506787314,0.7451141771680325,0.005326384466443198,0.001012753099275724,0.5551951370167941,0.9857960875681708,CALI
69727,1033.0669999999998 px,345.3283279966475,257.83972101504645,1.3393139219868126,0.6652160344327537,70784,297.9583422825222,0.7228217488208158,0.985067246835443,0.8210202456190847,0.8628262384701172,0.004952576878349097,0.0016931848053485436,0.7444691177924917,0.9970778539487246,BARBUNYA
64033,988.3519999999999 px,383.1935652309192,215.07618293218746,1.7816643386856943,0.8276307601503989,65273,285.5334442198088,0.6953155540112061,0.9810028648905367,0.8237405066543798,0.7451415423631692,0.0059843137949326,0.0011380182496246447,0.5552359181553628,0.9892440349348185,CALI
106064,1234.6039999999998 px,481.0983687022168,282.35270391405965,1.7038914876078177,0.8096653476915093,106961,367.48452902508734,0.810032228993875,0.991613765765092,0.8744248803826186,0.7638448868916192,0.00453592518387216,9.525029924217894E-4,0.5834590112304708,0.9941508426036734,CALI
70724,1029.749 px,394.001823502229,229.94875697785045,1.7134331521530284,0.8120243286344601,71394,300.08097834059663,0.7388787897783071,0.9906154578816146,0.8381348935381794,0.7616233236516962,0.005570977652596417,0.0011563042450521144,0.5800700871302565,0.9939113178612773,CALI
58947,930.106 px,324.8758610862139,231.89184650123295,1.4009800947636446,0.7003638509416958,59792,273.959214927156,0.7760472892914505,0.9858676746052983,0.856262016839438,0.8432735322691584,0.005511321374899722,0.0017191326023208416,0.7111102502257031,0.9962513057486047,BARBUNYA
68131,1036.382 px,357.7621193880517,243.62870188234578,1.4684727892234295,0.7323023938817851,69197,294.52857827781565,0.7769174629963281,0.9845947078630577,0.7971038456568089,0.8232525533491463,0.005251091564604243,0.0014878587365457694,0.6777447665958888,0.9952497477846468,BARBUNYA
69522,1025.9289999999999 px,363.17925777358585,244.66590624032563,1.484388500851644,0.7390249252872837,70630,297.52001551001234,0.7862167235880849,0.9843126150361037,0.8300371086960296,0.8192098230882257,0.005223947207698079,0.0014513065227182015,0.6711047342442419,0.9961801503792511,BARBUNYA
80336,1096.5409999999997 px,428.61531400332126,241.0316075509127,1.778253559184289,0.8268996552025965,81366,319.8233450920117,0.7876078431372548,0.9873411498660374,0.8395959183448327,0.7461780637393033,0.0053352832354526146,0.0010202512894663866,0.5567817028057357,0.9900990447029888,CALI
70178,1013.1639999999999 px,390.04728857402785,231.89712727691614,1.6819841330257588,0.8040690446012757,71324,298.92039871916444,0.7261420663252108,0.9839324771465425,0.8591150978531465,0.7663696363894393,0.005557970996238534,0.0011826308326521792,0.5873224195796816,0.9878669907033215,CALI
87851,1137.1399999999999 px,447.13306221589625,251.99389883397538,1.774380507960183,0.8260635524739496,88453,334.44785429798884,0.7656194169680596,0.9931941256938713,0.8537460362373703,0.7479828323151424,0.005089675270809624,9.827348503351654E-4,0.5594783174381824,0.9927274210886708,CALI
61559,972.702 px,363.41181020472334,216.01488302521722,1.682346165760714,0.8041636297763481,62400,279.9631281693214,,0.9865224358974359,0.817601731676166,0.770374325511347,0.005903471632169518,0.0012826094795925498,0.5934766014070629,0.9984330848458718,BARBUNYA
90014,1145.9560000000001 px,443.96153894635427,260.4755611821613,1.7044268450039874,0.8097989370870612,91486,338.54007795206604,0.8020493629154415,0.983910106464377,0.8613586898465332,0.76254370762728,0.004932138766706893,0.0010286651261606579,0.5814729060419586,0.9910780307003955,CALI
67136,1025.963 px,403.174102299717,213.02992768063453,1.8925702444218944,0.8490067670464475,68108,292.36998832872683,0.7445409277927494,0.9857285487754742,0.8014970506883833,0.7251705569902426,0.006005333983253649,0.0010244188927063748,0.5258723367255389,0.9952503368513659,BARBUNYA
62524,977.204 px,359.21872890650496,224.13671882978204,1.6026768428751264,0.7814593907470689,63879,282.1489487753256,0.7153857595624664,0.9787880211023967,0.8227845848068862,0.7854516651573628,0.005745293469811672,0.001348869202904481,0.6169343182984739,0.9887463455119165,BARBUNYA
190239,1658.79 px,615.3651523971731,394.5142925305135,1.559804458414084,0.7674523401445009,192195,492.158325898153,0.7901340709728868,0.9898228361820026,0.868813581504838,0.7997825745915831,0.0032346950541012787,8.163959803699837E-4,0.6396521666203413,0.9977323013286369,BOMBAY
67448,1006.1649999999997 px,380.9752924499353,226.8285115769409,1.6795740967541788,0.8034375504555888,68544,293.0485639161148,0.7258092286501377,0.9840102707749766,0.8372217999268748,0.7692062181555379,0.005648429789614744,0.001219771952571867,0.5916782060491452,,BARBUNYA
79332,1203.338 px,399.2101884639835,254.67100759386489,1.5675525543159654,0.7700884364508553,81293,317.8185639054615,0.7734199058231699,0.9758773818163926,0.6884668036498818,0.7961183684422294,0.00503214577300438,0.0012469342479944838,0.6338044565711175,0.9935217948348976,BARBUNYA
63223,1029.742 px,345.59293352608427,234.5236670302352,1.4735951296613907,0.7344965240585277,64555,283.7217364545607,0.7337859795728876,0.9793664317248858,,0.820970884907131,0.005466253318034327,0.0015317240754986463,0.6739931938651977,0.9931930879046809,BARBUNYA
75332,1064.37 px,371.6035603520778,258.6551439897425,1.4366757011676308,0.7179920456181638,76292,309.702569224069,0.7588214555527575,0.9874167671577623,0.8356109288477583,0.8334219643391997,0.004932877931716638,0.0014680467932449317,0.6945921706430103,0.9979036937840935,BARBUNYA
79337,1098.328 px,428.7182309408567,237.5457633152516,1.8047816343156429,0.8324609936656898,80444,317.82857920686365,0.6822927416580667,0.986238874247924,0.8264594076693287,0.7413460783073377,0.005403761560694968,0.0010068387421036213,0.5495940078216693,0.9918971716464767,CALI
63745,944.139 px,356.66729944225426,228.0424992639448,1.5640387234549398,0.7688989167103126,64278,284.8906014229724,0.7885621683140146,0.9917078938361492,0.8986366238635781,0.7987572784734566,0.005595220008506616,0.0014049350427293259,0.6380131899143232,0.9978773351010122,CALI
61301,984.7679999999999 px,333.13797657694204,234.9036252163349,1.4181900184390006,0.7090838908068912,62463,279.3758352682103,0.7880825351931606,0.9813969870163136,0.7943457342888158,0.8386189954650375,0.005434462350972122,0.001658040476515813,0.7032818195547887,0.9973872566422196,BARBUNYA
42012,809.77 px,266.70039644938487,202.38108757631596,1.3178128433014509,0.6512851389525391,43087,231.28194861124302,0.7709755560449241,0.9750504792628867,0.805118589919659,0.8671976183400101,0.006348195669079903,0.002214636090266516,0.7520317092545856,0.9910370450256355,BARBUNYA
82745,1117.639 px,434.80792306911235,246.67813001626578,1.7626529074159976,0.8234928368201526,84940,324.5831266857706,0.8035991764431668,0.9741582293383565,0.8324315425684072,0.746497727996043,0.00525479392191809,0.0010065825858113636,0.5572588579032544,0.9822539460664895,CALI
74223,1095.3719999999998 px,432.6433046964728,219.8698707023104,1.9677243785813832,0.8612383431660044,75177,307.4144738441539,0.7813111854986421,0.9873099485214892,0.7773652047702528,0.7105494769180006,0.005828965478308244,9.165339197111991E-4,0.5048805591484443,0.9934657845081938,CALI
176478,1581.1129999999998 px,595.8924511448679,379.29148624145944,1.5710672998484307,0.771268473363924,177909,474.02401666558205,0.8195319030370577,0.9919565620626275,0.8871041652164475,0.7954858561387308,0.0033765820733738365,8.340400815445266E-4,0.6327977473167697,0.9941678482271268,BOMBAY
80942,1087.684 px,421.33062825898185,246.42075033441972,1.709801742293173,0.8111319980505798,81812,321.0273434303588,0.7641011601891797,0.9893658631985528,0.8597621365906531,0.761936877831324,0.0052053399750312795,0.0010821932939538313,0.580547805799346,0.9926216498402003,CALI
66235,982.152 px,387.1243739072025,219.45974485350894,1.7639880797528995,0.8237885058942986,67073,290.40148285698115,0.7551848769197441,0.9875061500156546,0.8628593191082699,0.7501503455491367,0.005844710106547935,0.0011416579170166862,0.562725540927489,0.9926411463685931,CALI
61387,960.4549999999999 px,318.9882421910172,245.26035717240444,1.3006106892635165,0.6394056320730452,62237,279.57173664849853,0.8037893468810559,0.9863425293635618,0.8362424895200959,0.8764327322167718,0.005196348448222216,0.0018912649917803193,0.7681343341009559,0.9990437257220164,BARBUNYA
129409,1348.888 px,484.3644240425226,341.17265927397045,1.4197046887440223,0.7098311875737857,130688,405.9170558681079,0.7993341404358354,0.99021333251714,0.893763393618021,0.8380406068643725,0.0037428959658333083,0.00113880081545489,0.7023120587536058,0.9970757227739616,BOMBAY
49309,867.4479999999999 px,304.072323453285,206.81291062462515,1.470277278797116,0.7330787056056748,50235,250.56370190302133,0.7784566322503237,0.9815666368070071,0.8234726109785537,0.8240266626617722,0.006166669846342148,0.001753862398064725,0.6790199407774982,0.9983475907753186,BARBUNYA
202280,1715.349 px,652.9293624383731,396.37765473355876,1.6472405914941546,0.7946438820334013,204687,507.4947242179259,0.7837910097295789,0.9882405819617269,0.8638887563299371,0.7772582355963903,0.003227849329831783,7.266986388795319E-4,0.6041303648024139,0.9951480594567075,BOMBAY
76522,1051.538 px,380.1616879836261,257.70024229611346,1.4752088884215984,0.7351816948940185,77430,312.1391299440429,0.7308272687334059,0.9882732790907917,0.8696534678141216,0.8210694023367421,0.004968005122495833,0.001392775986844177,0.6741549634536149,0.9945193942603104,BARBUNYA
149264,1501.818 px,581.235919559012,329.48387230096677,1.7640800306853337,0.8238088394886418,151608,435.9458996313067,0.8077056277056277,0.9845390744551739,0.8316303479212103,0.7500326200797467,0.0038940127529679762,7.601472698178792E-4,0.5625489311836898,0.9923813357845249,BOMBAY
75871,1061.687 px,361.05566510068417,268.9466594962263,1.3424805713407655,0.667187589358707,76977,310.80855441670445,0.8085144927536232,0.9856320719175857,0.8458486744301883,0.8608327869056762,0.004758809889162976,0.001611956498157993,0.7410330870117934,0.9948225220340037,BARBUNYA
157119,1483.1229999999998 px,530.0022279398268,379.4318941460389,1.3968309889516959,0.6981964460495855,158406,447.2696323575345,0.7738708565236665,0.9918753077534942,0.8976028658786278,0.8439014192376466,0.003373253571750245,0.0010553478280195595,0.7121696053913141,0.9947805742000884,BOMBAY
89128,1136.9589999999998 px,433.83627866769973,264.01918421600755,1.643199830178841,0.7935011820365924,90295,336.86984748290485,0.7527448397013614,0.9870756963287004,0.8664318680049679,0.7764907271411778,0.0048675643868111,0.0010915322272395827,0.6029378493362353,0.9907473716376973,CALI
69518,1013.957 px,393.9420199744965,228.42965670941118,1.7245660027219498,0.8147189586942809,71385,297.5114563691607,0.7480845385674931,0.9738460460881138,0.8497047726823619,0.7552163549052762,0.005666762852419466,0.0011371044176729465,0.5703517427164122,0.9836092250819409,CALI
223042,1102.784 px,421.01734276888544,258.96380937592545,1.62577675924482,0.7884564385807994,85958,329.44807140337645,0.8197878499370089,0.9916936178133507,0.8808313666734829,0.7825047520292405,0.004938967467140038,0.0011422570908589413,0.6123136869483431,0.9954853616081244,CALI
180547,1649.901 px,658.5985792313139,351.899574589869,1.8715526439578554,0.8452849877347262,-182425.0,479.4575894521844,0.83441324361297,0.989705358366452,0.8334592463830174,0.7279966956682252,0.00364779574975665,6.320157600245334E-4,0.5299791889038546,0.991883952235649,BOMBAY
78569,1157.905 px,411.01492121806876,244.28064770488248,1.682552118146581,0.804217404978035,80496,316.286512185229,0.6695727020163283,0.9760609222818525,0.7364024607841637,0.7695256202570308,0.005231260690833137,0.0011315622749060329,0.5921696802319678,0.9963563497764809,BARBUNYA
71449,1066.064 px,369.20644895669733,248.41485509162524,1.4862494790036584,0.7397929898132705,72753,301.61513926158057,0.7087772553221039,0.9820763404945501,0.7900225050940385,0.8169281444402824,0.005167412405445805,0.0014196729907272306,0.6673715931786428,0.9918806826635994,BARBUNYA
64913,1040.559 px,343.6703557603768,241.09630879287394,1.4254484337859537,0.7126363588035726,66203,287.488779898266,0.7153262953739008,0.9805144781958521,0.7533696581982365,0.8365248124534684,0.0052943224894917325,0.001599209876961762,0.6997737618503105,0.99749141283403,BARBUNYA
65732,974.417 px,380.5056441030558,220.47160036752103,1.725871465843046,0.8150309491194198,66557,289.296701942023,0.7654113975639861,0.9876046095827636,0.869955436026004,0.7602954290572104,0.005788742836108072,0.001193145856072621,0.5780491394452878,0.9976385156237503,BARBUNYA
82885,1156.62 px,412.9039408904298,257.1367989234553,1.6057753795610694,0.7824192060495702,84160,324.85759905745465,0.8103259488101988,0.9848502851711026,0.7785820919068117,0.7867631351662503,0.004981648559937622,0.0011774130850297395,0.6189962308566276,0.9939689075506724,BARBUNYA
71442,1083.116 px,355.22700254240925,256.47242765555774,1.3850494799366069,0.6918973682159116,72935,301.6003639834831,0.7873264271545074,0.9795297182422705,0.7652679503085796,0.8490355795727441,0.004972243253862004,0.0015938068549174527,0.7208614153804256,0.9984287284790246,BARBUNYA
48439,810.3699999999999 px,297.9819919992157,207.3178380770113,1.4373195995248893,0.7182942064579427,48883,248.34341204756478,0.7997985602007793,0.9909170877401141,0.9269116117583546,0.8334175175532702,0.006151695782307969,0.001830733428018617,0.6945847585646554,0.9983402870162424,BARBUNYA
182972,1640.716 px,587.4675311957103,398.9277317140871,1.4726164277211753,0.7340795756838162,185353,482.66674422346745,0.8325044930272767,0.9871542408269626,0.8541372701798255,0.8216058226078723,0.0032106963425863537,9.024705312263108E-4,0.6750361277431586,0.9940692910198653,BOMBAY
43122,838.1859999999999 px,296.4045889406183,185.65759983727045,1.5965120156698027,0.7795295358424137,44074,234.31738230031013,0.731985537505729,0.978399963697418,,0.7905322354751171,0.006873628053907942,0.0016559382042704515,0.6249412153252859,0.9977261593541082,BARBUNYA
57995,929.1099999999999 px,324.56967652794106,229.35238420254225,1.4151571942732102,0.7075779683386797,58998,271.7379756252625,0.7460027527302195,0.9829994237092783,0.8442404331946163,0.8372253949665244,0.005596511363530322,0.0016961596388975994,0.7009463619768528,0.991949286951177,BARBUNYA
69509,1046.853 px,373.8295468556167,238.14590006388502,1.5697500849493238,0.7708273730732051,70544,297.49219740187544,0.7313657407407408,0.9853283057382627,0.7970388682455848,0.7957963727162936,0.005378145950245532,0.0013305162025988248,0.6332918668284099,0.9941099617516124,BARBUNYA
72709,1068.9060000000002 px,418.9479312025771,222.05666643903535,1.8866712624347053,0.8479763626411021,73572,304.26300146115193,0.7824903142488162,0.9882699940194639,0.7996851032262992,0.7262549324155257,0.005761981751950612,9.887990058239115E-4,0.5274462268578798,0.9951176386923781,CALI
73064,1093.0249999999999 px,382.3034482888348,243.98913895688995,1.5668871570401475,0.7698639376695042,74538,305.00487552911335,0.7233343233343233,0.9802248517534681,0.7685163614317375,0.7978083297294211,0.00523244618812048,0.0013076117030060193,0.6364981309856486,0.9973207469214704,BARBUNYA
166686,1562.858 px,600.5925994352116,356.09492202955454,1.6866081549608973,0.8052717192121845,168333,460.68558340122314,0.8258323424494649,0.990215822209549,0.8575707279619977,0.7670517149802463,0.0036031376326458825,7.694124252124516E-4,0.5883683334541371,0.9923468293245001,BOMBAY
86514,1148.281 px,447.0293400844172,250.369397919315,1.7854791512039285,0.8284427541603797,88575,331.89312432350545,0.736414708886619,0.976731583403895,0.8245175394398337,2.255288,0.005167132950556178,9.6845246133234E-4,0.5512193494568236,0.9841906561953512,CALI
172967,1599.26 px,604.4735421980905,370.18591601576946,1.6328917877371127,0.7905399652309365,175602,469.28501396721254,,0.9849944761449186,0.8498356920322541,0.7763532747202099,0.0034947333433434733,7.831254957889566E-4,0.6027244071687937,0.984183734734643,BOMBAY
85801,1130.4909999999998 px,441.84390307303215,250.8260602740625,1.7615550098353256,0.8232491277040528,87732,330.52265607341,0.7622419245940087,0.977989787078831,0.8436610421958658,0.7480529973925613,0.005149635820946518,9.946854143482499E-4,0.5595832869079954,0.9857367424728976,CALI
78522,1076.493 px,430.96662832291724,233.04770300160405,1.8492635746766015,0.8411796282309596,79158,316.19189668885326,0.8161012721376902,0.9919654362161753,0.851488519026009,0.7336806980143602,0.005488482569508128,9.80980617416663E-4,0.5382873666388388,0.9954352198337933,CALI
64564,997.3000000000001 px,386.64395110843327,214.2938140084185,1.8042702394257821,0.832356442135,65459,286.71490712253006,0.68448449509674,0.9863273193907637,0.8157341701622612,0.74154763394222,0.005988537747172314,0.0011170092466407527,0.5498928934053047,0.9921553824429251,CALI
70461,1007.39 px,394.4824514157023,229.06114112010343,1.7221709866924293,0.8141444194052617,71211,299.52250593500366,0.7807486038471767,0.9894679192821334,0.8724959015992964,0.7592796710223476,0.0055985928586835595,0.0011477987235952464,0.5765056188278044,0.9928412504104093,CALI
81862,1110.904 px,435.6896775392629,241.3358116953396,1.8053254279943918,0.8325720570885022,83105,322.84661313247483,0.6589233394507228,0.985043017868961,0.8335643911413193,0.7410012900830798,0.005322245700560247,9.898070410999838E-4,0.5490829119047886,0.9912733429389196,CALI
63530,977.519 px,346.37060519561595,234.55151309707037,1.4767357525093803,0.7358273203343032,64529,284.40975418755403,0.6915055729710902,0.9845185885415859,0.8354843212836278,0.8211140030977254,0.005452079414380859,0.0015288179390090502,0.6742282060831712,0.9956568972732813,BARBUNYA
68513,1015.2019999999999 px,359.08032577529997,243.5444418870964,1.4743934330546713,0.7348358293225398,69406,295.3531122714643,0.8167101765428125,0.9871336772036999,0.8353681620487737,0.822526579905929,0.005241053898899478,0.0014797834060966567,0.6765499746517448,0.9975008397598369,BARBUNYA
73106,1041.578 px,407.7764945939061,230.18074874671638,1.7715490839879509,0.8254482999239747,74302,305.092527206762,0.7917388667475308,0.9839035288417539,0.8467969588457667,0.748185663596416,0.00557787999061508,0.0010781680489378442,0.5597817872112095,0.9916809123671562,CALI
235282,1101.859 px,414.10862210237127,252.46941057868867,1.6402328549553276,0.7926557005151145,82600,322.52503401335855,0.7206530943476113,0.98909200968523,0.8456186605513595,0.778841629464135,0.005068711025867774,0.0011504663534762484,0.6065942837863488,0.9949558738944649,CALI
94198,1183.792 px,456.70187341769497,268.2737270998728,1.7023727159375328,0.8092855573006328,96847,346.31866631032585,0.7616822052057475,0.9726475781387136,0.8446965971021095,0.7583035815436349,0.00484831815343951,9.888793379731135E-4,0.5750243217819042,0.9789057164019981,CALI
94073,1192.258 px,470.13025654035243,256.5516766608039,1.8324973068171697,0.8379784040613709,95211,346.0888089665295,0.7614287564347461,0.9880475995420697,0.8316380808787968,0.7361551488163448,0.004997504667017661,9.053372442985851E-4,0.5419244031288148,0.9930750092320554,CALI
61747,952.4409999999999 px,360.1010530142451,220.61887002569102,1.6322314268598666,0.7903479650906156,62884,280.3903032716397,0.7456466610312764,0.9819190891164684,0.8553612297217441,0.778643386140134,0.005831879330400588,0.0013223386382790147,0.6062855227797738,0.9895982839313103,CALI
233002,1149.0069999999998 px,439.7482887804176,261.371893857452,1.6824620363360463,0.804193887037381,90877,335.7492164289775,0.7349093565309781,0.9742399066870605,0.8427221556740334,0.7635031789666141,0.0049668867893333515,0.0010411359015336096,0.5829371042921255,0.9807695475431678,CALI
76132,1056.149 px,413.05488941314854,235.6125070699394,1.7531110489416295,0.8213569709565847,76777,311.34269385963984,0.7988918853688993,0.9915990465894734,0.8576828351653462,0.75375622426836,0.005425509502090429,0.0010802989074009638,0.5681484456232943,0.9960273174612096,CALI
72916,1030.926 px,980.569454,234.3427459691708,1.7067154876619053,0.810368365293207,73985,304.6958067383093,0.7895187049970224,0.9855511252280867,0.8621398406804629,0.7618225669961393,0.005485166410209053,0.0011396851879944953,0.580373623584587,0.9905326520022756,CALI
86458,1138.801 px,449.82957429342133,246.5628943373425,1.8244009322748027,0.8363963419133428,87340,331.785690708193,0.6490840840840841,0.9899015342340279,0.8377595153544655,0.7375808743330224,0.005202868147463755,9.498634354659415E-4,0.5440255461818658,0.9925207136355048,CALI
77282,1066.269 px,411.8031798114293,240.60227323195275,1.7115514923436745,0.8115627880762332,77964,313.68534950842513,0.6758846268212905,0.9912523728900519,,0.7617361032813449,0.00532857819170608,0.0011066473934453957,0.5802418910422479,0.993113874533675,CALI
64580,1036.017 px,356.780999525505,230.72384853365122,1.5463550984997907,0.7627597245572216,65911,286.7504312097835,0.717603395781941,0.9798061021680752,0.7560911263090256,0.8037155330332684,0.005524636102903453,0.0014219780322640321,0.6459586580389507,0.9988814642786142,BARBUNYA
82869,1142.0119999999997 px,420.49833442112805,251.76734168273012,1.670186179075711,0.8009467066117001,83981,324.8262425246122,0.6870025865499403,0.9867589097533966,0.7984737209113332,0.7724792607603994,0.005074253754976265,0.0011145492357363845,0.5967242083049332,0.9966405254307952,BARBUNYA
61320,971.046 px,339.15160043592863,230.9590195652203,1.4684492559519025,0.7322922452477771,62409,279.4191276257948,0.770739064856712,0.9825505936643754,0.8172076114137486,0.8238767774253263,0.005530848017546129,0.0015718841461909148,0.6787729443807407,,BARBUNYA
173520,1589.015 px,589.0605955462223,377.26290705901897,1.5614060765694884,0.7680012149774047,175941,470.03460064387326,0.807009710905235,0.9862397053557727,0.863581657355494,0.7979393023361561,0.0033947706059602486,8.489255850281779E-4,0.6367071302127115,0.9941583821092483,BOMBAY
58879,953.706 px,346.4185228993576,218.83634976466917,1.5830026559659167,0.7752040794281803,60225,273.80115258059385,0.7517939681810056,0.9776504773765048,0.8134694724818968,0.7903767682195773,0.0058835666859042715,0.0014163060445138668,0.6246954357412234,0.9888945339481423,BARBUNYA
67359,1028.02 px,375.787478404901,230.2702608297405,1.631940994250901,0.7902634331220482,68721,292.85515616737194,0.7627216522861607,0.980180730780984,,0.7793105757819538,0.005578875553450927,0.001269312965980374,0.6073249735256006,0.9911185211287706,BARBUNYA
59295,964.167 px,350.03022804376974,216.35245203941565,1.617870399638458,0.786102245724851,60252,274.7666988648214,0.7767225569819229,0.9841167098187612,0.80153669836562,0.78497991559307,0.005903199730900915,0.001382615497749174,0.6161934678845036,0.996921172140909,BARBUNYA
67483,1025.4479999999999 px,387.62688352330736,224.96487211542532,1.723055159138015,0.8143568493380752,69557,293.12458818284586,0.7866068306329409,0.9701827278347255,0.8064490978795935,0.7562029380380186,0.005744067150590628,0.0011586511914974031,0.5718428834973315,0.9853168306264359,CALI
76106,1067.8970000000002 px,424.8176137736421,229.6271896518962,1.85003184691519,0.8413239467686798,76853,311.2895256696156,0.6819534050179211,0.9902801452122884,0.8386292925914283,0.7327604025276638,0.005581920134728433,9.926847527176104E-4,0.536937807512504,0.9933520437109503,CALI
55327,885.816 px,325.34038349823174,217.25300132677083,1.4975184762068552,0.7443664189830971,55918,265.4138735853165,0.7930139892214195,0.9894309524661111,0.8860534995768802,0.8158036537962065,0.0058803185334146395,0.0016066571063523064,0.6655356015472406,0.9966518598904363,BARBUNYA
62955,1025.614 px,349.4229476037787,230.06950459113645,1.5187712436063567,0.7526445908488327,64331,283.1197547660745,0.7343489367658552,0.9786106231832242,0.7520941511789707,0.8102494604536179,0.005550360536951453,0.0014756248471479768,0.6565041881653789,0.9970796822927144,BARBUNYA
74382,1073.2569999999998 px,413.319573362394,230.47941005634777,1.793303676286508,0.8300895969410031,75387,307.74356827802404,0.7911547911547911,0.9866687890485097,0.8114658661106826,0.744565677774466,0.005556714976236106,0.0010534403139759192,0.5543780485197503,0.9941681924630079,CALI
82073,1106.614 px,424.22116254079737,249.38967087473154,1.7010374208877468,0.8089506592846778,83672,323.262415314631,0.7713772815278482,0.9808896644038627,0.8422050707695004,0.7620138829909101,0.005168827294491457,0.0010750367704648008,0.5806651578708845,0.9877331625440658,CALI
80507,1078.504 px,423.3708414788605,243.36673982188756,1.7396413404260263,0.8182720637652076,81055,320.16354575122034,0.7742993440667859,0.9932391585960151,0.869761114356491,0.7562248373857522,0.005258807823901778,0.0010608911142702495,0.5718760046791073,0.9948591393374427,CALI
81887,1101.864 px,418.652326748594,252.03670968132758,1.6610767823383086,0.7984816633178584,83140,322.89590675592075,0.7746748025164373,0.9849290353620399,0.8475568467339415,0.7712746021589026,0.005112561539054966,0.0011159749159233134,0.5948645119353735,0.9881156294128585,CALI
89334,1152.2160000000001 px,445.928590817723,256.84702893896304,1.7361640999308314,0.8174620796802204,90676,337.25892351333124,0.747164698404202,0.9852000529357272,0.8455880581145503,0.7563070196842091,0.004991700705417008,0.0010074437939956006,0.5720003080236108,0.9930863999399706,CALI
74307,1047.194 px,406.3527455142251,236.2932357529196,1.719696902111614,0.8135479611497276,75534,307.5883789265058,0.7643494897959183,0.9837556597029152,0.8515012727710133,0.7569491834914602,0.005468566158157712,0.0011074398132834263,0.5729720663883884,0.9853382875646015,CALI
61387,946.924 px,324.62449613130724,241.21964691741155,1.3457630847227453,0.6692105434824857,62475,279.57173664849853,0.7672607739226077,0.9825850340136054,0.8603120895284492,0.861215773856495,0.005288163554682705,0.001794454885461869,0.7416926091392417,0.9981425335912875,BARBUNYA
74051,1073.004 px,411.87463518032126,232.96962289199095,1.7679327891227863,0.8246575232509488,76140,307.0580751701273,,0.9725636984502233,0.8082358495742284,0.7455134376888622,0.005562040150441199,0.0010598289683229829,0.5557902857746649,0.9825998700969538,CALI
63592,966.595 px,361.9308349113222,226.02744613440265,1.6012694082120777,0.7810211849681042,64532,284.54850048594255,0.6950553053818913,0.9854335833384987,0.8553094283347695,0.7861957949939818,0.005691452303926944,0.0013412993990166218,0.6181038280662192,0.9897507509812147,CALI
73552,1036.071 px,399.4394505630075,235.2856684586562,1.6976786269206872,0.8081041439880874,74109,306.0217557533462,0.7489410231345716,0.9924840437733609,0.8610439405258612,0.7661280209603993,0.005430708214093532,0.0011540951592119352,0.5869521445006982,0.9964561107440981,CALI
64704,1003.301 px,335.8175772811187,246.51868028428834,1.362239879322126,0.6790574819862084,65994,287.025593810977,0.7956322856721263,0.9804527684334939,0.8077528581017069,0.854706880249758,0.005190058996060811,0.001708523108449493,0.7305238511462745,0.9951487228274355,BARBUNYA
58191,959.2469999999998 px,341.4378910432242,217.4412004232033,1.5702538910688848,0.7709962452709146,59272,272.1967713763039,0.715650826446281,0.9817620461600756,0.7947028770051543,0.7972072769798277,0.005867537781499273,0.0014619101276579338,0.6355394424695917,0.9979582824656262,BARBUNYA
96996,1203.309 px,469.69801565946045,265.45581309376263,1.7694018834447476,0.8249794469716724,98015,351.42444832585545,0.7316145966902503,0.989603632097128,0.8418008480645841,0.7481923206178596,0.004842447272665475,9.360469846630498E-4,0.5597917486315379,0.9904965743654718,CALI
79634,1074.5499999999997 px,415.7561489937886,245.7389034108398,1.6918613342174178,0.8066239392718244,80475,318.4229230213176,0.7829823215936129,0.9895495495495495,0.866672742352298,0.765888667652814,0.005220837192578404,0.0011081090134054975,0.5865854512390026,0.9924212441657451,CALI
76477,1096.5020000000002 px,428.5844833720141,232.05371563302515,1.8469192885055417,0.8407379907844506,78619,312.04733721458194,0.6625974701091665,0.9727546776224577,0.7993221558244735,0.7280882750571323,0.005604096439086446,9.71452370625095E-4,0.5301125362756703,0.9790750683261293,CALI
63409,990.243 px,374.80875134729536,218.03351515419627,1.7190419146442946,0.8133895504330872,64645,284.13877998631574,0.7643690631177974,0.9808801918168458,0.8126007260374603,0.7580900364917963,0.005910970861349262,0.0012042640900820623,0.574700503428133,0.9879342537601375,CALI
96243,1207.2140000000002 px,476.6116146477876,260.2091823247316,1.8316479472003935,0.8378135599304092,98057,350.0577002494678,0.7138894039980714,0.981500555799178,0.8298708109704861,0.7344716106177098,0.004952169141109354,8.889458101433161E-4,0.539448546803373,0.9880798233726332,CALI
70082,1020.3969999999998 px,374.3931053127249,238.78713110800948,1.567894817344145,0.7702037760174373,71054,298.71587466040313,,0.9863202634615926,0.8458201069765671,0.797866922284507,0.005342214909858807,0.0013354356331490322,0.6365916256757516,0.9981087106616948,BARBUNYA
60592,919.0059999999999 px,354.2600075287572,218.45827821770754,1.6216369112628208,0.7872289330964011,61008,277.755522887652,0.812170766034448,0.993181222134802,0.9015471777296364,0.7840442527656895,0.005846646546223218,0.0013628526570056284,0.6147253902949085,0.9968613831926674,CALI
76273,1085.578 px,431.6246141290102,226.68933610128337,1.9040358119720417,0.8509786977311438,77276,311.6308710567441,0.831403967734903,0.9870205497178943,0.8133147070857968,0.7219951338632402,0.005658943717029751,9.485325073381118E-4,0.5212769733221981,0.9925300251618598,CALI
74034,1042.283 px,406.23171763458305,235.38177194092668,1.7258418707823062,0.8150238854097209,75688,307.02282725381025,0.7862240346629286,0.97814713032449,0.8563864161520448,0.7557825101435974,0.005487096707385567,0.0011043576077325945,0.5712072026389571,,CALI
59489,973.6129999999998 px,361.76466333763557,210.16007761272357,1.7213767117286862,0.813953261556009,60627,275.21581945220754,0.6924975263372329,0.9812294852128589,0.7886309269907364,0.760759265189337,0.006081202631371104,0.0012564876914494929,0.57875465957142,0.9962547927907062,BARBUNYA
85743,1128.309 px,444.9294028907323,247.73392190391405,1.7959970902301479,0.8306507641430069,87265,330.41092337304326,0.7359408795962509,0.9825588724001604,0.8463547462850419,0.7426142691994375,0.005189104683656185,9.7347623620183E-4,0.5514759528186145,0.9904492065941299,CALI
73623,1101.269 px,428.5121810557214,219.70806457035366,1.9503707426201722,0.8585540709905297,74981,306.1694220558886,0.7545040890364632,0.981888745148771,0.7628454243213427,0.71449409279704,0.005820357511317406,9.356727781473724E-4,0.5105018086418655,0.9956677916297761,BARBUNYA
61274,1025.5829999999999 px,350.36768220666687,223.70596497690156,1.566197317281386,0.7696308207916773,62720,279.31430300667085,0.7088206373995026,0.9769451530612245,0.7320562780684207,0.7972033871603356,0.005718048147773393,0.0014246366466306515,0.635533240499912,0.9953704563141079,BARBUNYA
80305,1088.048 px,423.33098729396954,244.23967006363566,1.7332605599396378,0.8167813741703358,81916,319.7616325326684,0.7707405558968059,0.980333512378534,0.8524253183986313,0.7553466250525608,0.005271539596463103,0.0010585281406544,0.5705485239782938,0.9889092541433515,CALI
75149,1140.415 px,380.67752314216625,253.4433107685576,1.5020223733180234,0.7461578785035318,76757,309.3261685459262,0.7124478574137277,0.9790507706137551,0.7261180419755928,0.8125674612798364,0.005065636577228789,0.0013622333268928925,0.6602658791307584,0.991734122792893,BARBUNYA
80886,1136.801 px,391.6544904065551,263.80112764273156,1.484658135870354,0.7391364377431956,82299,320.9162722821147,0.7194919098744896,0.9828308970947399,0.7865282558997624,0.8193861685308116,0.004842055366893592,0.0013463687675137274,0.6713936931796035,0.9967901089511426,BARBUNYA
160250,1511.116 px,552.8430861775554,369.98305446517554,1.4942389374473135,0.7430490046438494,161847,451.70414769383046,0.8190353526835227,0.9901326561505619,0.8818856873082707,0.8170567001515465,0.003449878852902062,9.484018448067131E-4,0.6675816512625342,0.997526497241852,BOMBAY
77490,1068.934 px,422.1588211351121,235.36730850287736,1.7936170652601535,0.8301550404042627,78083,314.1071987738068,0.8111587982832618,0.99240551720605,0.8522239653030693,0.7440498292306834,0.005447913551879108,0.001029954538449109,0.5536101483782093,0.9929646096323618,CALI
44027,813.833 px,293.37182832079156,192.11117379284656,1.5270940389814824,0.7557688224956772,44639,236.7634208150723,0.756217794572312,0.9862900154573355,0.8353305514534717,0.8070421150192376,0.006663452615912771,0.0017436682970150474,0.6513169754147244,0.9946222706432744,BARBUNYA
74371,1050.27 px,411.7016906234871,232.08600280813374,1.7739186579202806,0.8259634273285501,75563,307.7208120707775,0.7906089212059362,0.9842250837049878,0.8472499741139775,0.7474363576325388,0.005535782638709808,0.0010657508063149242,0.5586611087109964,0.9910193641968669,CALI
181748,1602.2379999999998 px,587.5345751329933,395.98146834291776,1.483742604399334,0.7387574872424577,183366,481.04962402700863,0.820354956939354,0.9911761177099353,0.8896628363458399,0.8187596856204065,0.003232687980792049,8.961265684615137E-4,0.6703674227972267,0.9946527058056268,BOMBAY
78095,1067.9850000000001 px,424.6406069046967,235.84023482353194,1.8005435214327832,0.8315914460305567,78888,315.3310042575778,0.8017390947262517,0.989947774059426,0.8604047260992338,0.7425832554170883,0.005437487763681371,0.0010199025170205401,0.5514298912258406,0.9928735181710716,CALI
81059,1095.0349999999999 px,428.1097552415273,242.57304381900468,1.7648694533468459,0.8239832573170799,81937,321.25927886473187,0.7788443060840156,0.9892844502483615,0.8494838069722636,0.7504133576294858,0.005281458631879585,0.0010330845564188818,0.5631202073087587,0.9938336524415713,CALI
78976,1093.472 px,428.3417667038952,237.7395384272995,1.801727089812121,0.8318349919321774,80454,317.104661405354,0.750265997872017,0.9816292539836429,0.8300221157387155,0.740307590934887,0.005423695384723146,0.001004902352396875,0.5480553291958159,0.9874461333280012,CALI
76790,1092.1 px,367.71255759736493,268.2932238841819,1.3705622239497963,0.6838447141852592,78048,312.68524851712004,0.7102556513374524,0.9838817138171382,0.8090767427991504,0.8503523800226092,0.00478854743582973,0.0015444693103440368,0.7230991702101162,0.9910524068594291,BARBUNYA
65459,1000.764 px,348.1530578522245,241.19683757544013,1.4434395631050976,0.7211397166878936,66423,288.69531925339385,0.7134884734862935,0.9854869548198666,0.8213265876144182,0.8292195422162059,0.005318643087309988,0.0015511675988450417,0.6876050491932543,0.9925163317963701,BARBUNYA
61355,968.9 px,371.15374684005945,212.88144910777396,1.7434762324083868,0.819158825183652,62711,279.498859151922,0.686113347647164,0.9783769992505302,0.8213001698727921,0.7530541225342011,0.006049282810529858,0.0012000198030528188,0.5670905114657554,0.9887088283648602,CALI
173967,1605.55 px,604.9398200457546,370.00994887438907,1.6349285252627612,0.7911303904590054,176528,470.6396327116343,0.7253430397638435,0.9854923864769328,0.8480648602470224,0.7779941361374385,0.003477325125143013,7.858331690223938E-4,0.6052748758642392,0.9895811601753214,BOMBAY
73343,1057.08 px,405.78928083064386,232.1361587355174,1.7480658034536396,0.8202111862418776,74096,305.5866618972612,0.8123227892964735,0.9898375080976031,0.8248079194296349,0.7530673586836262,0.00553276087466621,0.001097632501236889,0.5671104467147334,0.9913463786833429,CALI
153237,1527.8529999999998 px,573.8191367471188,342.7355750432304,1.6742327862368562,0.8020264586072323,155159,441.7096423178716,0.6621482646570797,0.9876127069651132,0.8249172065653442,0.7697715430367955,0.0037446513358204534,8.110330600027635E-4,0.5925482284692493,0.9920636715297845,BOMBAY
72788,1060.865 px,393.27733293881886,236.87747167399755,1.6602563771031231,0.7982572868975438,73784,304.4282509593731,0.6962560501999197,0.9865011384582023,0.8127358323241289,0.7740803383823095,0.0054030517796727325,0.0011966386844634042,0.5992003702700707,0.9948262359034374,BARBUNYA
76049,1131.395 px,384.66475544003885,253.41209495301902,1.51794157856338,0.7523296111130112,77435,311.1729328485439,0.8310276247923769,0.9821011170659263,0.7465774385640849,0.8089457857727993,0.005058117206538401,0.0013361226272375014,0.6543932843195716,0.9933307750013252,BARBUNYA
67422,987.3600000000001 px,384.0268967337915,225.89315722780242,1.7000377587645064,0.8086993317684567,68542,292.9920759766962,0.7624335632703834,0.9836596539348137,0.869081363652624,0.7629467583355213,0.005695869252377436,0.0011904651950938737,0.5820877560546805,0.9895711642074598,CALI
75266,1048.881 px,401.63308727658625,240.32133812724206,1.6712335675491914,0.8012270724750384,76209,309.5668709245819,0.7637108966748856,0.987626133396318,0.8597184821911146,0.7707703392260544,0.005336182170921615,0.0011617438586938986,0.5940869158306471,0.9928579957779485,CALI
72772,1029.173 px,407.98173271859275,229.65949734472298,1.7764635794974546,0.8265140244724981,73686,304.39478995125273,0.7921020550330895,0.9875960155253373,0.8633708999871672,0.7460990665511252,0.005606300949796525,0.0010716233216460217,0.5566638171084604,0.9888929971172119,CALI
74880,1059.7369999999999 px,367.6958053264532,259.6779414603901,1.4159685773022794,0.7079821160988897,75991,308.77204716387297,0.7580635364149912,0.9853798476135331,0.837875524675811,0.8397486256057078,0.0049104674856631034,0.0015062595357348088,0.7051777542066753,0.9985095413692423,BARBUNYA
67745,988.59 px,359.18362610081954,240.9037809231966,1.4909837642412602,0.7417304353270034,68522,293.69305909075143,0.7654715765923549,0.9886605761653192,0.8710732658223909,0.8176682837104453,0.005301994628397956,0.0014619336264485936,0.6685814221859853,0.9968440455526355,BARBUNYA
54113,872.821 px,327.62992192461815,210.78284085493303,1.5543481651341,0.7655667247332228,54651,262.48583101617857,0.7177551994906621,0.99015571535745,0.8926086725654252,0.8011656245383226,0.006054551067666146,0.0015386893105268674,0.6418663579418805,0.9976837957282695,BARBUNYA
69816,1028.089 px,367.5514924696798,243.53739539054695,1.5092199367586179,0.7489788093280675,70868,298.148439632392,0.7656438488364442,0.9851555003668793,0.8300483719151693,0.8111746129203571,0.005264573915287037,0.0014060487907796933,0.6580042526464912,0.993073136566039,BARBUNYA
68764,1045.125 px,354.6890078360358,247.50082613080738,1.4330821168595942,0.7162958454269468,69957,295.8936363867407,0.7250603654614662,0.9829466672384465,0.7911057166239778,0.8342340186745376,0.005158062472166189,0.0015410543057970945,0.6959463979138688,0.9973483371432166,BARBUNYA
171799,1542.958 px,560.1733752627803,392.09101741335746,1.4286819906211314,0.7141959372343709,173474,467.69785176538517,0.8021393620200209,0.9903443743731049,0.906822498467701,0.8349162463246056,0.0032606323393196716,9.773570319295177E-4,0.6970851383767694,0.9959129831285299,BOMBAY
65761,999.861 px,381.4211099347218,220.48537463260402,1.7299156942735356,0.8159922420618303,66508,289.3605116482362,0.7455895691609977,0.9887682684789799,0.8266068787122841,0.7586379046974057,0.005800111159117437,0.0011850979090833548,0.57553147044367,0.9956209232688303,CALI
67234,990.278 px,366.7312389399318,234.14295276674932,1.5662706675834293,0.7696556259795746,68057,292.5833001911147,0.7524369089586481,0.9879071954391172,0.8615580647689008,0.7978139550828882,0.005454550360530859,0.0013631549747803212,0.6365071069250006,0.9969424112850181,BARBUNYA
69345,1024.41 px,394.18195232894,225.77008028452957,1.74594415625032,0.8197259045939196,70535,297.14103760615063,0.7194658864541833,0.9831289430779045,0.8303809894146926,0.753816951411794,0.005684360117224602,0.0011322046754695665,0.5682399962357711,0.9921153007755484,CALI
69386,1036.784 px,374.2182332975,236.5689490830192,1.581856937472278,0.7748310070050201,70292,297.2288664497343,0.7152605970641597,0.9871109087805156,0.8111574158696744,0.7942661260266283,0.0053932815452324675,0.001324027542558039,0.6308586789533478,0.9979281778669498,BARBUNYA
157188,1515.3059999999998 px,587.4231566238517,342.81493491929774,1.71352848662249,0.8120476651994729,158675,447.3678325023277,0.8026511979411344,0.9906286434536001,0.8602576958025494,0.761576773843108,0.003737073800950783,7.754721405469873E-4,0.5799991824572766,0.9938451213582986,BOMBAY
60321,941.694 px,357.5161264969943,215.13717857046095,1.6618054065439085,0.7986806068138298,61010,277.13369080277795,0.6916752665978673,0.9887067693820685,0.8547887348535209,0.7751641681682515,0.005926893229505384,0.001320023380812766,0.6008794876119775,0.9985447811949176,BARBUNYA
78823,1085.724 px,413.46674964303065,243.76068562576435,1.696199485908113,0.8077294779198506,79895,316.7973494754332,0.7511244520678483,0.9865823893860692,0.8402798476230968,0.7661978859217635,0.005245508920531198,0.0011151446112431592,0.5870592003909798,0.9957695139008079,BARBUNYA
78046,1080.8010000000002 px,413.421349435143,243.1914017499715,1.6999834141347945,0.8086856539024457,79645,315.23206294474636,0.7930295178580501,0.9799234101324628,0.8395934424673047,0.7624958492720502,0.0052971497505976345,0.0011045158410776482,0.581399920157105,0.9883702212463721,CALI
71383,1017.404 px,384.4605801050623,239.0358608336746,1.6083803441215743,unknown,72502,301.47580072342475,0.7440069207037439,0.9845659430084688,0.8665981917920232,0.7841526968539657,0.005385884315664266,0.0012561437600109528,0.6148954519833476,0.9889857586597676,CALI
81976,1180.158 px,408.06182880223645,256.321835479695,1.5919901167942512,0.7780966248725457,83902,323.0713310078901,0.7143317735428159,0.977044647326643,0.7396329967442428,0.7917215191535686,0.004977820689009423,0.0012064485572204748,0.6268229638908346,0.9978959634938885,BARBUNYA
76500,1099.381 px,396.2521483769339,246.96837549049462,1.6044651368417207,0.7820141621487534,77747,312.0942568716059,0.785751702462022,0.9839607959149549,0.7953803274129139,0.7876153054310434,0.005179766645450117,0.0012295509949117463,0.6203378693492358,0.9953104844335231,BARBUNYA
130070,1362.228 px,486.7062301859641,343.11478303830853,1.4184939100441607,0.7092340777736926,131860,406.95241439719047,0.751536932606083,0.9864249962080995,0.8808204695362861,0.8361356176634502,0.003741879220311864,0.0011281748750605774,0.6991227711254393,0.9917013932146332,BOMBAY
84629,1124.297 px,448.1926561608425,243.18121373841652,1.8430398025850436,0.8400029190933166,86214,328.25750476019897,0.7575912199663408,0.9816155148815737,0.841331151389935,0.732402684979286,0.005295970130343529,9.399938251657981E-4,0.5364136929648674,0.9886317867858836,CALI
135222,1371.6670000000001 px,495.10240981567415,348.78466864565985,1.4195073761073558,0.7097340189514822,136192,414.9337268988605,0.7724234842512938,0.9928777020676691,0.9031499003886914,0.8380765649137917,0.0036614042819635424,0.00111419764075542,0.7023723286577009,0.9970227013033064,BOMBAY
75554,1074.615 px,416.1357071513645,234.05380856374896,1.77794888151979,0.8268341108035555,76844,310.15857325394126,0.7631100517129928,0.9832127426994951,0.8221698168498165,0.7453303523918093,0.00550779187271838,0.0010484615631762568,0.5555173341964988,0.9876814229995204,CALI
76081,1066.3709999999999 px,424.9393293121605,228.90631079233208,1.8563897510788732,0.8425104602646997,76674,311.23839384464753,0.7679829608543799,0.9922659571693142,0.8407549336452093,0.7324301903249152,0.005585354152970657,9.915061856635952E-4,0.5364539836993913,0.995867677264983,CALI
71262,1014.354 px,384.5871306313158,238.02341751809516,1.6157533348670556,0.7854647854299295,71891,301.22017933219075,0.7373583734285271,0.9912506433350489,0.8703396690519015,0.7832300026205382,0.005396805178514718,0.0012527769800574715,0.6134492370049685,0.9911826504624284,CALI
63844,981.088 px,371.4302991477748,220.83429912640693,1.6819411686368781,0.8040578148720221,65054,285.1117421188958,0.7410279028738567,0.9814000676361176,0.8335161623152614,0.767604965919765,0.005817779261132993,0.0012459141111140029,0.5892173837046836,0.9910289749294192,CALI
182940,1636.3349999999998 px,624.2977589881912,376.4219039658481,1.6585053962344132,0.7977770769520759,185434,482.6245355489613,0.7926892678868552,0.98655047078745,0.858566817054349,0.773067864813672,0.0034125820432283327,7.518537095922441E-4,0.59763392360757,0.9911790872758998,BOMBAY
69756,1023.7459999999999 px,404.0026819332643,223.44436923819808,1.8080683049237454,0.8331305060527422,70822,298.0202974338258,0.7756009695568058,0.9849481799440851,0.8363864671364231,0.7376691065705715,0.005791654939120137,0.001057861531538586,0.5441557107886251,0.9838706936201652,CALI
74942,1071.175 px,422.5722072497415,229.41314128042416,1.841970363559987,0.8397993546846275,76989,308.89985102220845,0.8001409337931477,0.9734117860993129,0.8207564166432247,0.7309989765598751,0.005638656657811928,9.93167476763855E-4,0.5343595037315848,0.9842743693602013,CALI
66294,1109.72 px,348.02181861008813,243.39408439085082,1.4298696678725453,0.7147652618993677,68370,290.5307942003272,0.7257142857142858,0.9696358051777095,0.6764835830429621,0.8348062640458415,0.0052496729509471166,0.0015727323050292435,0.6969014984901752,0.9964783141860262,BARBUNYA
75389,1081.439 px,933.3331714,231.35716508371974,1.8288626776527945,0.8372711521304559,77225,309.8197153798305,0.7614435197155786,0.9762253156361282,0.8100536656764273,0.7322257531393356,0.005612496311519868,9.952125154887401E-4,0.5361545535604673,0.980553052460335,CALI
87877,1139.6460000000002 px,451.01757339671906,251.88744063984004,1.7905520507535118,0.8295132896829308,89563,334.49734150317533,0.6644663218703687,0.9811752621060036,0.8502470724419728,0.7416503507479708,0.0051323733559033545,9.578441039431871E-4,0.550045242764588,0.9848846374393464,CALI
81342,1096.012 px,421.5484703933596,249.07737448224705,1.6924398342869371,0.8067719439583345,82596,321.81959394643394,0.7619716726618705,0.9848176667150952,0.8509305033521946,0.7634225161489363,0.005182420771475494,0.0010858561441550432,0.5828139381631728,0.9863775249249973,CALI
152063,1455.551 px,524.784869022384,371.2474870160786,1.4135715051982447,0.7067854608383146,153860,440.01434623323706,0.7644506781688937,0.9883205511503964,0.9019419034887932,0.8384661452852766,0.00345110164222976,0.0010521547988240054,0.7030254767895506,0.9937767814181189,BOMBAY
62958,978.8299999999999 px,336.8551999870999,243.3110500714375,1.384463220590258,0.6915781936872515,64609,283.1265004506579,0.7772592592592592,0.9744462845733567,0.8257455544368701,0.8404991238416399,0.005350474919582895,0.0016471045071295661,0.7064387771785643,0.978038504602479,BARBUNYA
70042,1025.456 px,399.90401786292057,223.28104034420636,1.7910343719575794,0.8296145292322256,70743,298.6306149615948,0.6571653750164193,0.9900908923851123,0.8370171211613008,0.7467557254299947,0.005709488847590311,0.0010951944541176296,0.5576441134624774,0.9987597745311094,BARBUNYA
75178,1035.2119999999998 px,394.6328027371889,244.08106788219672,1.616810374361581,0.7857834437114493,76023,309.38584727504923,,0.9888849427147047,0.8815400269793177,0.7839841116327295,0.005249312335220263,0.001223238726680392,0.6146310872925599,0.9937419183397493,CALI
93235,1160.0639999999999 px,450.5124199590907,264.5526283508861,1.7029217315564114,0.8094229842910853,93897,344.5438853809234,0.8152406767804835,0.9929497215033494,0.8706125833140445,0.7647822126906293,0.0048320096525885205,0.0010196677182544283,0.584891832847975,0.9960250127666765,CALI
57761,910.99 px,330.2813373139707,223.64553003792795,1.476807237139765,0.7358574842670521,58490,271.18921317679235,0.7912682539247651,0.9875363309967515,0.8746158591835763,0.821085488457362,0.005718068200238408,0.0016031811589736638,0.6741813793552647,0.9956359401767242,BARBUNYA
169030,1570.87 px,586.9240815585963,368.22109199797717,1.5939447639295485,0.7787178387299378,170989,463.91344046770683,0.782437624404018,0.988543122657013,0.8607819746119558,0.7904147317243644,0.0034723071736295114,8.360225742116331E-4,0.6247554481268989,0.9958256752783291,BOMBAY
67012,1010.404 px,382.8597507364572,224.01086518142577,1.7091124148213979,0.8109618585962718,68008,292.0998602734906,0.8078017262163074,0.985354664157158,0.8248449696095885,0.7629421993605134,0.005713301360002048,0.0011940800516322893,0.5820807995650573,0.9948415209658054,BARBUNYA
74642,1080.3229999999999 px,417.3311725910542,233.5841636103548,1.7866415519812828,0.828688983927816,77403,308.28095318738394,0.7419091921119593,0.9643295479503379,0.8036850450678135,0.7386962044397068,0.005591103836862011,0.0010269298809276821,0.5456720824536292,0.9749204162678105,CALI
84277,1116.607 px,433.56559553157626,249.72154455727406,1.7361961952471316,0.81746958186391,85361,327.57412765913807,0.745484298982751,0.9873009922564169,0.8494117013708699,0.7555353354490995,0.005144530483187302,0.0010340573595469516,0.5708336431121834,0.9910791992904319,CALI
77055,1076.6200000000001 px,364.5500114642591,269.57233176249525,1.3523272551036256,0.6731939269650887,78280,313.2243175737924,0.7370721815155631,0.9843510475217169,0.8353833252030416,0.8592080859240386,0.004731036421572372,0.0015904846282800806,0.7382385349172501,0.998340091536367,BARBUNYA
175545,1617.952 px,628.5570238787457,358.5796123308023,1.752907868333796,0.8213110501325153,177735,472.7693262898241,0.7308315188656073,0.9876782850873491,0.8426884893044233,0.7521502557913116,0.0035806034001466614,7.068941906974826E-4,0.5657300072869355,0.9916725811258049,BOMBAY
70027,1018.064 px,372.3035743259188,240.1702666954873,1.5501651367942386,0.7641044340494773,70967,298.59863629824105,0.7798801674982181,0.9867544069778912,0.8490342778624667,0.8020300015622315,0.005316571812671095,0.0013569814290373887,0.6432521234059132,0.9971470158727116,BARBUNYA
91401,1160.437 px,458.0396388418983,256.2176671122401,1.787697327839797,0.8289121481530074,92128,341.1383408946268,0.8096035289115646,0.9921088051406739,0.8529384174740446,0.7447790801624872,0.005011319775953199,9.511341095311594E-4,0.5546958782476804,0.9916283393071276,CALI
79363,1088.1870000000001 px,412.54308824652793,245.95952066855654,1.6772804204739509,0.802833551613386,80202,317.88065368753837,0.7539424684602524,0.9895389142415401,0.8422109306420168,0.7705392787906288,0.005198179104198782,0.0011303426904364837,0.5937307801591825,0.9958530125937205,CALI
88773,1139.829 px,433.45714156444933,264.0923336277345,1.6413090664549623,0.792963016443496,90305,336.19829580884937,0.7562228469205213,0.9830352693649299,0.8586404741374712,0.7756206175204086,0.004882758739306426,0.0010900399335401878,0.60158734232274,0.9873907592188583,CALI
71483,1048.5990000000002 px,388.3736617423765,234.91524627843933,1.6532501312496621,0.7963248787827413,72503,301.6868946048264,0.7606840335419061,0.9859316166227604,0.8169467629874818,0.7767954532533341,0.005433091248861638,0.0012202630513895583,0.6034111761950527,,BARBUNYA
71126,1037.5829999999999 px,403.791109650637,225.48134401719156,1.7907960918480708,0.829564525842828,71831,300.9326101618653,0.7384650525354043,0.9901852960420988,0.8302187823303206,0.7452680432271883,0.005677123831659829,0.0010803342060370473,0.5554244562556823,0.9946519455795155,CALI
70881,1019.7679999999999 px,353.95486359036113,255.54032881387982,1.3851233002371244,0.6919375187146491,71954,300.4138681392273,0.758572345890411,0.9850876949161964,0.8565188799217703,0.8487349632435116,0.004993649406616176,0.001598402622232192,0.7203510378319651,0.997775006851049,BARBUNYA
57853,930.73 px,358.6434909233029,207.2421815213042,1.7305525752074506,0.8161429088490427,58737,271.40509829692473,0.8079576559968716,0.9849498612458927,0.8392441510129123,0.756754563140714,0.0061992202811142535,0.0012541140258355893,0.5726774688342928,0.9910484684544701,CALI
171116,1598.192 px,613.7203746688998,361.9939189044216,1.695388631185659,0.8075235983790509,174786,466.76724171357836,0.6739609919021962,0.9790028949687046,0.8418652412670228,0.7605536022254399,0.003586575040726173,7.402509870212321E-4,0.5784417818580928,0.9806836207649854,BOMBAY
49317,886.9309999999999 px,310.56307474954696,202.4588914210164,1.5339562148630272,0.7582971307389266,50400,250.58402708014734,0.7130855986119145,0.9785119047619047,0.7878197154407838,0.8068699966415208,0.006297282372195125,0.0016464448830587311,0.6510391914802879,0.998665613890588,BARBUNYA
76661,1076.239 px,420.853681531772,237.3808893299821,1.77290464586113,0.8257432809320093,78917,312.4224971716062,0.722671568627451,0.97141300353536,0.8317003663694859,0.7423541978639436,0.005489801614011975,0.0010284450404152885,0.5510897550862193,0.9770295870788305,CALI
165817,1563.293 px,602.482369308456,355.4534348534692,1.6949684831624177,0.8074167840569709,169163,459.4831461428705,0.736846548996605,0.9802202609317641,0.8526251738029575,0.762649945541604,0.0036334173776419545,7.582213795302813E-4,0.5816349394346115,0.9858528910477481,BOMBAY
77260,1056.8029999999999 px,401.54169680201255,246.4067866284085,1.6295886257692807,0.7895767622171934,77980,313.64069765615346,0.8034609344939111,0.9907668632982816,0.8693136378257474,0.7810912295138298,0.005197277980869953,0.0011933360324183808,0.6101035088234265,0.9942177385205836,CALI
51674,910.012 px,318.88585743066244,206.9663202594546,1.5407620768002477,0.760763262850134,52718,256.5022031769801,0.7977214134646556,0.9801965173185629,0.7841293438336094,0.8043699562084002,0.006171108438105477,0.0015935522383044964,0.6470110264507039,0.9968900528268464,BARBUNYA
76443,1046.0790000000002 px,405.82580424876517,241.27695214633133,1.6819915894935422,0.8040709934166858,77056,311.97796479589715,0.7293761807530104,0.9920447466777409,0.8778465751776146,0.76874846677975,0.005308868101052616,0.0011437174534031109,0.5909742051762163,0.9940136427140269,CALI
66314,1027.756 px,365.63436525852546,231.2619774434928,1.5810396905728508,0.7745642866902305,67453,290.57461549414046,0.7329781589884163,0.9831141683839117,0.7889237806502974,0.7947136349962257,0.005513682861213703,0.0013566387024526423,0.6315697616489142,0.9985368605325686,BARBUNYA
219662,1671.6999999999998 px,610.8914982970679,421.5739848500404,1.4490730458957761,0.7237175185311571,203393,506.5040070011615,0.7968007909045971,0.9906486457252708,0.9060430458528773,0.8291226975872167,0.0030318550123681347,8.838191530419838E-4,0.6874444476543031,0.9961572196465608,BOMBAY
71393,1015.9830000000001 px,393.4260594454679,234.45311974824958,1.6780585383889106,0.8030387836849552,72973,301.4969167624728,0.779144385026738,0.9783481561673496,0.8691457553075328,0.7663369253867708,0.00551070916540092,0.0011723742278243094,0.5872722832112492,0.9854772692017874,CALI
73222,1061.6 px,402.9536876166921,232.4006330617933,1.7338751719731773,0.8169257964920434,74190,305.33448207596547,0.6960530818662306,0.9869524194635395,0.8164500715288346,0.7577408805510512,0.00550317783748999,0.0011191187792706685,0.5741712420582825,0.9955412610658573,BARBUNYA
106806,1263.899 px,494.72700165509417,276.17646947147216,1.7913437832045185,0.8296794253131214,108109,368.767708476466,0.705451086848832,0.9879473494343671,0.8401963182682777,0.7453963645460321,0.0046320150708302355,8.82061380336037E-4,0.5556157402784411,0.9952988021983619,CALI
137115,1427.056 px,519.1997446148976,337.4746462803286,1.5384851879616939,0.7599427538890358,138970,417.8280031021877,0.7899740160973445,0.9866517953515147,0.8460826712273392,0.8047538686909417,0.003786600624402126,9.796739440946602E-4,0.6476287891730376,0.996367299440285,BOMBAY
89989,1149.4859999999999 px,446.87847939435227,258.82633674903826,1.7265572159592557,0.81519450421881,91153,338.4930625451171,0.812072481816377,0.9872302612091758,0.8558386930883763,0.7574610954724686,0.004965923383906392,0.0010083727572774846,0.5737473111543524,0.9906075602107673,CALI
76189,1053.2259999999999 px,399.3877222508778,244.8205283760253,1.6313489922603603,0.790090959896591,77268,311.4592231317405,0.7198507180650038,0.9860356162965264,0.8630957820849875,0.7798417572188048,0.005242065419560275,0.001195936563062369,0.6081531663021134,0.9921100549869,CALI
68728,990.893 px,387.90587181936775,226.49927560404333,1.7126141829146013,0.811823668004721,69493,295.8161716853192,0.7681509298998569,0.9889916970054538,0.8796097795165633,0.7625978186354162,0.005644073329929108,0.0011774829982333394,0.5815554329874952,0.9959800826854263,CALI
79765,1085.663 px,420.86949052006844,243.20556007390087,1.7305093287841868,0.8161326841957773,80680,318.68472239158285,0.8125025465509514,0.9886588993554785,0.8504174428490839,0.7572055698258957,0.005276367962390377,0.0010699661464513566,0.5733602749753597,0.9922053045991265,CALI
83173,1107.6119999999999 px,426.6362051474275,250.91410100112307,1.7003277354488655,0.8087722892103291,84478,325.42149998772004,0.6846528703840898,0.9845521911030091,0.8519555293884279,0.7627610973036573,0.005129503626746992,0.0010710487614843036,0.5818044915598795,0.9892583136079883,CALI
76793,1070.925 px,396.0083844860283,247.52926849147792,1.5998446846283243,0.7805761662849906,77758,312.6913563865291,0.8212452410488942,0.9875897013812084,0.8414210722639817,0.7896079190150612,0.005156829196489632,0.0012365409142691282,0.6234806657712956,0.9974722291027361,BARBUNYA
76682,1047.949 px,400.599310640029,245.25828623836216,1.633377272524418,0.7906809418881311,77378,312.4652857028789,0.7344315678574849,0.9910051952751429,0.8774512568447269,0.7799945666498022,0.0052241635669391644,0.0011927868393364924,0.6083915240032127,0.9937328881033417,CALI
204635,1706.37 px,635.1262867560467,412.6639161877246,1.5390884975441417,0.7601606059840027,206334,510.4403728515996,0.807044458729852,0.9917657778165498,0.8831680830806361,0.8036832729105113,0.0031037031141107176,7.987293669040204E-4,0.6459068031561515,0.994107731223141,BOMBAY
166458,1576.6229999999998 px,590.7963786365979,365.03981839499136,1.618443657007649,0.7862743378944983,170734,460.37040319456435,0.7611839969270588,0.9749551934588307,0.8415091075211727,0.7792370093008656,0.003549221897635427,8.072186708465881E-4,0.6072103166641573,0.9827356854747114,BOMBAY
70057,1009.3129999999999 px,384.76346570130414,233.6409592366844,1.646815125902341,0.7945240365064424,70989,298.662590200901,0.7855597044213454,0.9868712053980194,0.8641908543035178,0.7762238799271962,0.005492148760313804,0.0012299007097381237,0.6025235117692301,0.9922448328933654,CALI
67987,1014.6399999999999 px,398.00088326769844,219.2147418087984,1.8155753576775386,0.834644134775719,68693,294.21715947223316,0.8070631528964862,0.9897223880162462,0.8298732828284607,0.7392374535871079,0.005854073326778626,0.0010783848308736322,0.5464720127859516,0.9921611200746187,CALI
65897,983.841 px,351.74807677632054,239.80237313554872,1.4668248365394378,not_measured,66806,289.6595696320303,0.818555599721753,0.9863934377151753,0.8555111483437227,0.8234858660399362,0.005337846590532506,0.0015141553969446003,0.6781289715675438,0.9946964178722196,BARBUNYA
61978,1036.289 px,354.0364831859203,223.58340243498452,1.58346495907213,0.7753543360180988,63295,280.91429387554473,0.7744539411206078,0.979192669247176,0.7252465060464649,0.7934614290246018,0.005712292800444033,0.0013966690312972392,0.6295810393497633,0.9969195147065617,BARBUNYA
70286,1011.1499999999997 px,383.2150452313258,235.98282091774036,1.623910773424088,0.787904554183598,71648,299.1503211451655,0.8165954084952133,0.9809903974988834,0.8638682644414978,0.7806330280289098,0.005452224414980591,0.0012489388467782495,0.6093879244495847,0.9895916157082247,CALI
80416,1078.826 px,413.62055437930434,248.94456734303301,1.6614966086380032,0.7985963306647137,81066,319.9825483200964,0.7922758620689655,0.9919818419559371,0.8682594561749689,0.7736137504101436,0.005143510674235281,0.001136412834147487,0.5984782348236481,0.9943695575031499,CALI
67909,1003.7359999999999 px,389.0970585758558,225.4098060246864,1.726176271733461,0.8151036750847326,69501,294.04833657652296,0.7105607349509788,0.9770938547646797,0.847028839987082,0.7557197621919243,0.00572968323161666,0.0011527987373339355,0.5711123589674187,0.985840602543281,CALI
57132,914.731 px,335.2396034588863,217.50788403052846,1.5412756413548372,0.7609477087598094,57887,269.7085865704118,0.7193291700241741,0.9869573479364969,0.85803004724299,0.8045248347380557,0.005867807944039878,0.0015163989418364122,0.6472602097102957,0.9976063948447025,BARBUNYA
64410,1004.4189999999999 px,367.12849173412303,224.40690922675347,1.6359946001624914,0.7914383787388978,65579,286.37276245549583,0.7573637486036804,0.9821741716098141,0.8022935936530786,0.7800341539901211,0.005699867904581944,0.001301664404907562,0.6084532813910838,0.9954262828069621,BARBUNYA
66823,1033.42 px,379.3587848852446,225.09516268989123,1.685326243140458,0.804939474506804,68016,291.6876516032823,0.7523756980724193,0.9824600094095507,0.7862888346842112,0.7688965254660369,0.005677069046364943,0.0012239834134333807,0.591201866873744,0.996368021235952,BARBUNYA
91019,1196.401 px,482.88162071138015,243.52993638723856,1.9828429632714513,0.8635131205971258,92588,340.4247201985334,0.7796059957173448,0.9830539594763901,0.7990765557826212,0.7049858714792674,0.005305283739783783,8.083697111090389E-4,0.49700507898538226,0.9854830235763371,CALI
92981,1209.112 px,442.6712769425613,268.7161202323752,1.6473566102389259,0.7946765430505569,94477,344.0742450533317,0.8084601339013999,0.9841654582596823,0.799228595142842,0.7772680609182081,0.004760878856353032,0.001071889909366186,0.6041456385235512,0.995243311168789,BARBUNYA
78161,1149.645 px,418.6997309751655,242.00449261443458,1.7301320585078748,0.8160434490848365,80292,315.4642230999342,0.6837993421052632,0.9734593732875007,0.7431431200694536,0.7534378452195506,0.005356888102444512,0.0010648343726011155,0.5676685866090794,0.9821416203002225,BARBUNYA
89384,1183.212 px,459.0266567952808,249.4321043760016,1.8402869908972501,0.839478110289157,90348,337.3532917678554,0.6886286594761171,0.9893301456590073,0.80231427364811,0.7349318101112156,0.0051354454577472565,9.241576552467051E-4,0.5401247655133478,0.9939845794356416,CALI
75375,1069.9089999999999 px,423.71254040003976,228.6251773396224,1.8533065576177348,not_measured,76234,309.7909467437886,0.7875681775437277,0.9887320618096912,0.8274533290824415,0.7311347132924262,0.005621393570813131,9.908624528103863E-4,0.5345579689811983,0.9906997893396725,CALI
60075,937.1 px,350.75123417832003,218.61233632969487,1.6044439214507231,0.782007593803005,60993,276.56801270205654,,0.9849490925188137,0.8596699927950503,0.7885018946546339,0.00583855570833658,0.0013921824540107529,0.6217352378739474,0.9975393231585743,BARBUNYA
69845,1050.03 px,416.1572514230762,218.25192515887517,1.9067747105558728,0.8514438305225103,72211,298.2103552897307,0.7836042767549617,0.9672349088089073,0.7960526109106411,0.7165809421077765,0.005958296963606217,9.690873447969524E-4,0.5134882465920685,0.979106402769434,CALI
190919,1627.569 px,596.8968718700305,408.8116613018089,1.4600778998556159,0.7286418111153842,192563,493.03713921092447,0.7771296688267283,0.991462534339411,0.9056913006899612,0.8260005412095364,0.0031264403850325556,8.977413767623273E-4,0.6822768940784469,0.9961774146260715,BOMBAY
65482,1011.6610000000001 px,357.07473077036144,234.2268649477171,1.5244823895417197,0.7547953502690399,66602,288.74603351102144,0.7938944254504013,0.9831836881775322,0.8040106164759149,0.8086431456184926,0.005453021147343719,0.001438283781481238,0.6539037369557708,0.9968647314445936,BARBUNYA
79180,1108.719 px,380.7458767876339,267.295343530513,1.4244388688505905,0.7121465545048727,80955,317.5139479646999,0.7044797366430892,0.9780742387746278,0.8094357491800145,0.8339261626247303,0.004808611730078731,0.0014345307784019655,0.6954328447100083,0.9906015746802725,BARBUNYA
68602,1028.9170000000001 px,393.75892850792945,223.15789723086596,1.7644857448202684,0.8238985132529058,69599,295.54488533541166,0.6648769141306454,0.9856750815385279,0.8143028515176637,0.7505731653001997,0.005739758731639449,0.0011236874578733535,0.563360076468761,0.9940408241299852,CALI
80339,1107.539 px,433.02761238282466,237.39406057775096,1.8240878113334267,0.8363346729054761,81278,319.82931664323434,0.6540239990882301,0.9884470582445434,0.8230348585064188,0.7385887354464693,0.005390005008561529,9.894176433232337E-4,0.5455133201284146,0.9950641981662707,CALI
75542,1136.864 px,406.83281761672094,236.93686281386954,1.7170515925008958,0.8129068818649952,77278,310.1339415291136,0.6996573122163564,0.9775356505085535,0.734482265809584,0.7623129897580981,0.005385518223196645,0.001121864855669238,0.5811210943539303,0.9978149004962793,BARBUNYA
56155,934.742 px,344.514405984738,208.1900925364873,1.654806920864203,0.7967567886122062,57050,267.3925328699421,0.7700165919344002,0.9843120070113935,0.8076343496906613,0.7761432562033055,0.006135061988865426,0.0013733026914523648,0.6023983541498699,0.9968529655644098,BARBUNYA
85382,1134.327 px,444.2325693179023,247.3153768414193,1.7962189613577806,0.830696861169729,86773,329.7146323846997,0.756664303438497,0.9839696679842809,0.8338724939027269,0.7422117493342747,0.005202883152396316,9.739465764505698E-4,0.5508782808498442,0.9894980134626671,CALI
74667,1050.3079999999998 px,405.4384925703719,236.86359731815006,1.7116960865277906,0.8115983179981138,76093,308.332575455044,0.6757194570135746,0.9812597742236474,0.8505605183052553,0.7604916185937297,0.005429955570337257,0.001120350125017349,0.5783475019513108,0.9899551557431825,CALI
70136,1018.018 px,368.72153632050004,242.8384350521175,1.5183821137760412,0.7524969396364015,71134,298.83093666744975,0.7275820573467778,0.9859701408609104,0.8504326856042055,0.8104515392550871,0.00525723645945734,0.0013990894429728954,0.65683169748094,0.9973215012162149,BARBUNYA
65469,997.877 px,375.16002011037796,223.47898951204152,1.6787261340742887,0.803214595895044,66351,288.7173700251967,0.717342712510683,0.9867070579192476,0.8262120904430288,0.7695845893713609,0.005730345966951962,0.0012398982755346016,0.5922604401978863,0.9942430791385338,CALI
74893,1083.652 px,428.7292446170506,224.4769841666998,1.9099029070110376,0.8519723212728166,75725,308.79884912973773,0.7774871012281084,0.9890128755364807,0.801440744571692,0.7202654192754285,0.005724556962827642,9.503682113566175E-4,0.518782274204009,0.9908237736080341,CALI
63776,1014.158 px,362.7734171480619,224.69725539654974,1.6144986573504554,0.7850855654977995,64824,284.9598659548915,0.6898506203420264,0.9838331482167099,0.7792124794004361,0.7855037124690653,0.005688243495171568,0.0013358291289282404,0.6170160823026839,0.9961716364413213,BARBUNYA
75899,1141.825 px,377.26580142839225,257.432096750058,1.4654963626959125,0.7310138143453582,77693,310.8659006804286,0.7470962280494527,0.9769091166514358,0.7315547302954859,0.8239970320750982,0.004970629407876155,0.0014134932450444264,0.6789711088685707,0.9950296904225008,BARBUNYA
67666,982.672 px,379.8737590305068,228.42467694105787,1.663015415486517,0.7990103009150171,68581,293.5217658608123,0.7692377650201785,0.9866581123051574,0.8805686209510987,0.772682394830121,0.0056139532265910026,0.001234390644101085,0.5970380832804111,0.9928835361278465,CALI
70448,1027.708 px,396.9221507116302,227.4069283854986,1.7454268149595276,0.8196072616461234,71325,299.4948738250836,0.764741641337386,0.9877041710480197,0.8381834042307622,0.7545431094942117,0.005634257192704267,0.001126555676936014,0.5693353040851941,0.9937331064534342,CALI
68367,1017.3119999999999 px,388.0458726473143,228.1223267311627,1.701042936952936,0.8089520446466727,70183,295.0382482914865,0.8002879617923866,0.9741247880540872,0.8301337145488689,0.7603179651897491,0.00567592365684196,0.0011700308625517504,0.5780834081902806,0.983344698471758,CALI
78877,1092.37 px,416.4442696308773,242.35863090711499,1.7182976652087187,0.8132092940048352,79650,316.905846538172,0.7381340071121093,0.9902950408035154,0.8306550683999326,0.7609802070732468,0.0052796666915688635,0.0010921435190019851,0.5790908755572416,0.9950504994136808,CALI
67360,998.5399999999998 px,391.0083958942975,220.7396397222007,1.771355595154449,0.8254061313700586,68045,292.85732999766384,0.7102188857492303,0.9899331324858549,0.8489478426665991,0.7489796461476312,0.005804756471114868,0.0011267921946693045,0.5609705103434307,0.9936782522134829,CALI
62766,996.0259999999998 px,346.5206833108835,231.42794597261639,1.497315641179676,0.7442852572084668,63965,282.69445212958675,0.7020805369127516,0.9812553740326742,0.7950472979808381,0.8158083073960852,0.0055208342623535595,0.0015084710025444691,0.6655431944164656,0.9965282348804598,BARBUNYA
186765,1648.501 px,635.8735910633054,377.52688102766535,1.6843134171860685,0.8046763372941443,188680,487.6439106278911,0.8080447536472665,0.9898505405978376,0.8636284216456266,0.7668881322975764,0.0034046721337686685,7.264121960276149E-4,0.588117407458865,0.9905740402636524,BOMBAY
186439,1663.337 px,627.8109192897664,382.694746844511,1.6405004888787935,0.7927321919511295,188370,487.2181313137669,0.8486226421964896,0.9897488984445506,0.8468103009946659,0.7760587086713144,0.0033673797826086088,7.5344259687553E-4,0.6022671193045881,0.9880195036547993,BOMBAY
82769,1102.587 px,419.7589985620247,252.88350962957122,1.6598907503968765,0.7981571624193917,84000,324.6301955736476,0.7078145310255183,0.9853452380952381,0.8555626892380441,0.7733728084108705,0.005071451854704354,0.0011190968232892547,0.598105500789317,0.992789788521679,CALI
88489,1188.149 px,467.2957134452463,244.07099629581043,1.9145892815502372,0.8527586082925064,90923,335.66008710311365,0.73505615364168,0.9732300957953434,0.7876936376631513,0.7183033728864783,0.0052808339278921255,8.671892700686767E-4,0.515959735500091,0.9878509792999697,CALI
68488,1019.038 px,349.3068275418424,249.94291775309537,1.3975464105244344,0.69857202605797,69675,295.2992210281324,0.761155380699941,0.9829637603157517,0.8287882583817946,0.8453863415903585,0.005100263221905186,0.0016069163172014796,0.7146780665475305,0.9987957665840442,BARBUNYA
68412,1000.541 px,382.7686782826122,231.40404882349856,1.654114006339473,0.7965647285356762,69728,295.13533122014036,0.7699372003511378,0.9811266636071593,0.858761115599399,0.7710540280995277,0.005595051720204236,0.0012198968489295962,0.5945243142485073,0.9834109953078263,CALI
75608,1063.2450000000001 px,419.5405316926296,232.38757668407115,1.805348365343089,0.8325767392392289,76934,310.26939181675044,0.7485866476569539,0.9827644474484624,0.8404481315366134,0.7395456895784861,0.005548890748236028,0.0010238727330667973,0.5469278269741183,0.9873952583883723,CALI
150664,1500.495 px,582.4382025023448,332.04517800383996,1.7540932411781902,0.8215786950046641,152581,437.9855736984708,0.7788185182887745,0.9874361814380559,0.8409114234371934,0.7519863426141034,0.003865808703488191,7.625352674286079E-4,0.5654834594781357,0.9919107142686586,BOMBAY
86715,1120.9299999999998 px,432.84998080952147,257.0624600941969,1.6838319397196684,0.8045510502756478,87738,332.27844817518576,0.7982601491300746,0.9883402858510566,0.8672555890399465,0.7676526808520459,0.00499163905678973,0.0010692567994487782,0.5892906384193332,0.9922663987482676,CALI
75019,1108.2669999999998 px,394.0229119889736,242.89515139240854,1.6221934020922923,0.7873945966219309,76241,309.05850159231534,0.7441327593389807,0.9839718786479715,0.7675246480787644,0.7843668278888414,0.005252308241765067,0.0012263285576396177,0.6152313206924033,0.9980241891877436,BARBUNYA
159369,1510.5779999999997 px,570.1506315458412,358.57913261219426,1.590027359909041,0.7774700246897176,160867,450.46077854225905,0.8090864784184715,0.9906879596188155,0.8776622135754467,0.7900732782158484,0.003577550411597244,8.598743979898373E-4,0.6242157849507375,0.9925201765587707,BOMBAY
59618,927.7529999999999 px,340.2482659043896,224.59743276384123,1.514925000332272,0.7511788911957055,60538,275.51405622585014,0.780595744680851,0.984802933694539,0.8704073145230251,0.8097441892716952,0.005707139889033339,0.0015135251476582742,0.6556856520592752,0.9933145866637635,CALI
86044,1181.857 px,437.0365511360738,251.26702906928332,1.7393310724248152,0.8182000201626922,87370,330.9903675142108,0.6955748492344506,0.9848231658464004,0.7741062822549395,0.757351682951468,0.005079221690484796,0.0010307831502347786,0.573581571669421,0.997648250174885,BARBUNYA
97770,1231.8659999999998 px,497.1008833675604,253.66019613141358,1.959711815053662,0.860008854801002,99373,352.8237949582721,0.7967890469011043,0.9838688577380174,0.809633634744938,0.7097629611279354,0.005084390747341316,7.959247514654424E-4,0.5037634609890952,0.9872312064926544,CALI
78843,1090.7440000000001 px,420.5249114958486,243.24649437351633,1.7288015294070918,0.815728196659975,80669,316.83753790476663,0.7545578960464738,0.9773642911155462,0.8327743489649564,0.7534334571945911,0.005333700030387588,0.0010602003827889534,0.5676619744201937,0.9813748895638803,CALI
190130,1653.353 px,632.0055465850095,385.29370732142905,1.640321486116986,0.7926810368151198,191870,492.0173113219661,0.8149243495778149,0.9909313597748476,0.8740360320191225,0.7785015716721816,0.003324070617919368,7.531612698200396E-4,0.6060646970960569,0.9941409446236449,BOMBAY
76697,1131.072 px,391.9086698640074,250.2439689827003,1.566106353960125,0.7696000533810374,78290,312.49584535246663,0.7991268650495957,0.97965257376421,0.7533689867165965,0.797369054021956,0.005109830500071807,0.0012741594028891374,0.6357974083118693,0.9957263609885985,BARBUNYA
57641,938.653 px,333.54318148805055,223.85447240030797,1.49000007867429,0.7413298097090378,59171,270.90736534483426,0.7797754329004329,0.9741427388416622,0.8221124509056389,0.8122107732384861,0.005786561327666948,0.0015533714035832267,0.6596863401646597,0.9829326987456972,BARBUNYA
210260,1739.133 px,648.6103637168195,417.8989247233611,1.5520747370819001,0.7647738002182071,213691,517.4082978422508,0.8233414521446976,0.9839441062094333,0.8735764792996477,0.7977182092454956,0.003084801501554359,7.705574238924574E-4,0.6363543413618402,0.987669497060104,BOMBAY
51107,886.653 px,317.36034386581497,206.24922086253878,1.5387226314776221,0.7600285315968498,51979,255.09106886125974,0.7158845776719428,0.9832239943053925,0.8169262979087759,0.8037899939039527,0.006209723596881347,0.0015989040933630518,0.6460783543001163,0.9941353854694065,BARBUNYA
77538,1059.981 px,414.4880426838655,241.24340151115686,1.7181321440814477,0.8131691676810866,78881,314.2044681726774,0.8098132598069934,0.9829743537734055,0.867218027701381,0.7580543605990694,0.005345611734683194,0.0010888763761199092,0.5746464136232636,0.9873184747272526,CALI
68394,992.1819999999999 px,377.78084447308225,232.6215927791022,1.624014520577303,0.787935298581938,69082,295.09650188136203,0.729536,0.9900408210532411,0.8730621896535508,0.7811314580890253,0.005523596287292485,0.0012685225877665514,0.6101663548162868,0.9909190201893725,CALI
72651,1068.024 px,397.2520370537827,233.390643224424,1.7020906732400267,0.8092148969126092,73683,304.14162188782103,0.7940520689881304,0.985994055616628,,0.7656137502616361,0.005467950022075164,0.0011588926216263863,0.586164414589687,0.9977049830583066,BARBUNYA
82011,1094.2489999999998 px,427.807331489538,247.03027141545672,1.7318012445934188,0.8164377435347275,83221,323.1402919836451,0.8118614872891423,0.9854604006200358,0.8606957425422762,0.7553407064309451,0.005216462809739401,0.0010474358606942823,0.5705395827915991,0.9880611595683012,CALI
65496,988.059 px,366.1841229065504,228.39163233794898,1.603316720310975,0.7816581545223221,66356,288.7768986985874,0.7891844997108155,0.9870396045572367,0.8430607773296867,0.7886111948449572,0.005590938727655893,0.0013338784216826893,0.6219076166347912,0.9971148802393087,BARBUNYA
61701,973.472 px,327.56459308251146,240.32641859136325,1.362998687378947,0.6794990124786098,62812,280.28584186452275,0.7280869442084396,0.9823122970133096,0.8181918289007515,0.8556658679954475,0.005308902498865682,0.0017555020720720414,0.7321640776524029,0.9979386767862425,BARBUNYA
87909,1150.644 px,458.2581399114073,245.02875794816308,1.870221861910404,0.8450445388243675,88517,334.5582387838079,0.7660514482902855,0.9931312629212468,0.8343749354540511,0.7300650215367398,0.005212869443531462,9.134878513176411E-4,0.5329949356714404,0.9968187809802573,CALI
88472,1150.062 px,449.5908041292508,252.75271346277387,1.7787773589835971,0.8270122478513194,89820,335.62784300741396,0.6645784037558685,0.9849922066354933,0.840568674986303,0.7465184784138197,0.005081729859495104,9.735395201746685E-4,0.5572898386132847,0.9912945473169336,CALI
63231,934.028 px,355.66255839822463,227.2279161876272,1.5652238702244055,0.7693012198042489,63775,283.73968642604274,0.7611589946070878,0.9914700117600941,0.9107939206439309,0.797777780444204,0.005624813120118686,0.0014054506661405788,0.6364493869704807,0.996185772675886,CALI
82427,1206.1260000000002 px,429.8247672481075,245.25832752862084,1.7525389314169093,0.8212276193412763,84490,323.9588182993099,0.6906325932132383,0.975582909220026,0.7120229607928064,0.7536997469303841,0.005214611319690241,0.0010379948137093948,0.568063308522925,0.9955530636959211,BARBUNYA
66871,990.1279999999999 px,372.968458458255,229.41788986940674,1.6257165414195145,0.7884386642337614,67765,291.79239468496274,0.8018682399213373,0.986807348926437,0.8571661209338977,0.7823513974644105,0.005577432047647784,0.0012889067590046905,0.6120737091145161,0.995058353475465,BARBUNYA
77636,1070.451 px,403.52583325452645,245.65076743092712,1.6426809387761883,0.7933537119749127,78613,314.4029664221683,0.6995494683726797,0.9875720300713623,0.8514113413367914,0.7791396250555702,0.005197663883437148,0.0011815418868896034,0.6070585553317347,0.9972035175644505,BARBUNYA
81863,1097.7239999999997 px,424.94510590541995,247.96291047826452,1.7137446285244704,0.8121005568538405,83241,322.848585021918,0.7609075530273456,0.98344565778883,0.8537116364734754,0.7597418596786344,0.005190930040499615,0.0010668151155393158,0.5772076933479499,0.9891865840180487,CALI
196076,1692.0400000000002 px,641.3045355862482,393.1082328555507,1.6313688749986022,0.7900967561709311,199295,499.6515955878574,0.8039657872940636,0.9838480644271056,0.8606232043321489,0.77911751416369,0.0032706936880915983,7.43415315986576E-4,0.6070241008766076,0.9902802245441092,BOMBAY
45564,802.7439999999999 px,296.0736966465412,196.34028052174517,1.5079620741081212,0.7484894913317497,46120,240.8607203682513,0.7464613368283093,0.9879444926279272,0.8885412016840969,0.8135161045926877,0.006497974204339856,0.001755587034404011,0.661808452431661,0.9979820465911333,BARBUNYA
164698,1546.5439999999999 px,569.9455172843533,369.03192355682125,1.5444341827966452,0.7620770761711007,166443,457.9301328137206,0.8138941875290328,0.989515930378568,0.8653137973320327,0.8034629958941378,0.003460549109790971,8.89586735828009E-4,0.6455527857711835,0.9970137891446154,BOMBAY
63991,982.0490000000001 px,372.12017283649084,220.98923320575594,1.6838837233758885,0.8045645311854535,65219,285.439786482452,0.7715150346024933,0.9811711311120992,0.833801065100734,0.7670634577714063,0.005815195462432074,0.0012418503242105665,0.588386348248226,0.9907741948717652,CALI
61786,966.634 px,327.7161335653199,241.10305745810237,1.3592367389296534,0.6772999278576416,62957,280.478837902268,0.734219032227398,0.9814000031767715,0.8309517571947075,0.8558591084633415,0.005304051622783801,0.0017554829388268182,0.7324948135396658,0.99563386163854,BARBUNYA
219636,1055.7 px,414.8341237596527,224.06143333042334,1.8514302867459431,0.8415861168035026,73111,302.99869737784957,0.810963402838698,0.9862537785011831,0.8130181203264808,0.7304092889749867,0.0057531151881903405,0.0010100618846550942,0.5334977294209455,0.9877338541601308,CALI
74590,1060.781 px,410.78039434158757,233.03998024028704,1.762703523738857,0.8235040598132278,75598,308.17355117173145,0.7823250545393522,0.9866663139236488,0.8329885015243926,0.7502148481688914,0.005507177830025306,0.0010760971587001785,0.5628223184130727,0.9920888839055964,CALI
77440,1060.302 px,411.36665141544665,241.18858035067512,1.7055809641457396,0.8100864254861709,78059,314.00584444288774,0.8082157468481256,0.9920701008211738,,0.7633235299031752,0.005312069362286243,0.0011124438510108387,0.5826628113038436,0.9937785994754764,CALI
85631,1129.8369999999998 px,441.9871146091679,249.09610647456506,1.7743638022471409,0.8260599323922879,87138,330.1950566789526,0.7571933857989213,0.9827055934265189,0.8429645163677705,0.7470694184624167,0.005161531625336244,9.917499574714124E-4,0.5581127160017735,0.9902950008473854,CALI
78837,1093.551 px,421.06069814222496,242.8306028476216,1.7339688375539897,0.8169477904251715,80747,316.82548191123453,0.6637843208244576,0.9763458704348149,0.8284415442248859,0.7524461041106665,0.005340902090924629,0.0010560779402073667,0.5661751395913203,0.9817300486491292,CALI
103801,1235.37 px,470.03478562549947,282.90140511959527,1.661479148280633,0.7985915637697495,105041,363.54303456819883,0.7733358167256472,0.9881950857284298,0.854707077535143,0.7734385745182953,0.004528229840035255,9.995661448998748E-4,0.5982072285528928,0.9939088365913782,CALI
164571,1551.3780000000002 px,588.4700029209049,360.2032855872061,1.6337163664722734,0.7907793196642258,166960,457.7535418941185,0.7744772768985331,0.98569118351701,0.8592665689070161,0.7778706469693142,0.0035757818991250276,8.075702636055204E-4,0.6050827434164593,0.9885335809894127,BOMBAY
196411,1687.1979999999999 px,654.8413345093996,384.0744664459346,1.7049853393510614,0.8099381423761982,197945,500.07824609852605,0.7666734325841381,0.9922503725782414,0.8670488508575473,0.7636632261052664,0.0033340359476271677,6.99451413464088E-4,0.5831815229055034,0.9943159467343086,BOMBAY
70651,1028.338 px,378.2561005095492,238.69744090953304,1.5846675987318575,0.7757444631311471,71776,299.92606934890466,0.7639267332727823,0.984326237182345,0.8395690267214158,0.7929179964179665,0.005353867609935446,0.0013054507441036206,0.6287189490434822,0.9963105472579523,BARBUNYA
68173,1030.906 px,368.816598039885,237.0123116221598,1.5561073410728337,0.7661773451891545,69468,294.6193467565059,0.7712314044912043,0.9813583232567513,0.806091116982758,0.7988234486253919,0.005410009799185675,0.0013588797694612748,0.6381189020737642,0.9929815079943208,BARBUNYA
254616,1985.37 px,738.8601534818813,447.41832874876803,1.6513855289481494,0.7958056520436629,263261,569.3743583287609,0.7837473450918829,0.9671618659809087,0.8117319584911376,0.7706118074517647,0.00290186065872483,6.312464571718085E-4,0.5938425577840758,0.980663006398178,BOMBAY
66062,1010.706 px,357.6602761043642,236.03258974458254,1.5153003934388822,0.7513225613601373,67275,290.02198331211775,0.7086296594261196,0.9819695280564846,0.8126656325380974,0.8108867623517972,0.005414009205055315,0.001443908241340828,0.6575373413573802,0.9963665920595948,BARBUNYA
65635,978.9970000000001 px,371.9755562864866,225.3596423405849,1.6505863801661602,0.7955824740138844,66337,289.08316713135065,0.797635106395907,0.9894176703800293,0.8605629248042804,0.7771563540823251,0.005667335358977475,0.0012752410487685125,0.6039719986905323,0.9969079550403267,CALI
69392,1065.193 px,383.8567096345237,230.4881579415459,1.6654075118769167,0.7996595701160929,70781,297.24171727444724,0.7613780996269476,0.9803760896285726,0.768533249320949,0.7743559245257324,0.00553171416927778,0.0012268797432813834,0.5996270978481016,0.9986234730811837,BARBUNYA
72114,1045.819 px,420.26366169693597,221.44105053171393,1.897857965755755,0.8499211969941708,73362,303.0155054267546,0.8147738057576717,0.9829884681442709,0.8285455598613393,0.7210128617907196,0.005827768002009817,9.715251889393922E-4,0.5198595468676431,0.9866195820969337,CALI
74154,1054.801 px,413.1876242616392,230.66055779665953,1.7913232683061822,0.8296751237053067,75125,307.27154961091213,0.7631367706082124,0.9870748752079866,0.8375358022307976,0.7436610671967785,0.005572020717178294,0.001051217706092184,0.5530317828642517,0.9906587007575862,CALI
82203,1109.738 px,432.65538031191414,245.0023249679816,1.7659235697802305,0.8242157355095644,83666,323.51833069528624,0.8150369826885324,0.9825138048908756,0.8387965129759163,0.7477506242082376,0.005263255359438392,0.0010149890128336972,0.559130996003809,,CALI
58094,922.3699999999999 px,350.1062379209321,212.85566948121647,1.6448057915216927,0.7939565426404268,58691,271.9698110302769,0.7846723215732887,0.9898280826702561,0.85808597985173,0.7768208091502171,0.006026547284072917,0.0013537290047259851,0.6034505695287983,0.9925589916580312,CALI
64734,1032.0919999999999 px,372.8922115956568,224.14631970663697,1.6636106811108864,0.7991721806473743,66426,287.09212578697804,0.6918021224071046,0.9745280462469514,0.7636695672580526,0.7699064685702915,0.005760376488331585,0.0012484826337905187,0.5927559703463772,0.9861151635604809,BARBUNYA
73849,1042.9509999999998 px,400.01749109177536,238.03226898279468,1.680517909614554,0.8036852375476615,75202,306.6389850282365,0.7577054091767217,0.9820084572218823,0.8531525106720855,0.7665639424699177,0.005416694756757374,0.0011537392671861057,0.5876202778950232,0.9875064010552678,CALI
68374,1009.761 px,392.11275827319264,222.81518174684913,1.7598116753044704,0.8228610593112521,68994,295.0533521784187,0.7668169481640984,0.9910137113372177,0.8426819000284845,0.7524706757254995,0.005734822568128128,0.0011341175415789657,0.56621211782679,0.9964266956504557,CALI
90494,1208.656 px,427.67313387928795,270.20066068325946,1.5827982537045842,0.7751375938480324,92071,339.4415109577257,0.6862884877900803,0.9828719140663184,0.7784383521796989,0.7936937910472864,0.004725983312476937,0.0011568681860529492,0.6299498339470134,0.9970834970928257,BARBUNYA
174091,1588.1109999999999 px,584.7234814747736,383.24982995308017,1.5256979541161417,0.7552492206426842,176822,470.80733382402747,0.7508712454496834,0.984555089298843,0.8674101029481938,0.8051794544603716,0.0033587232049604727,8.708126230915943E-4,0.6483139538851017,0.9891312730674462,BOMBAY
71312,1049.152 px,411.027863340713,222.22689788776364,1.8495864688184769,0.8412403082313337,71982,301.32583429595593,0.781544194202422,0.9906921174738129,0.8141335554103943,0.7331031814896163,0.0057637966028257935,0.0010269488819139114,0.5374402747101974,0.9940422599020665,CALI
70731,1017.526 px,396.36713085018,228.46248751482923,1.734933096289833,?,71452,300.09582842595927,0.7771954113924051,0.9899093097464032,0.8584769360073158,0.7571158278999435,0.005603867198967638,0.0011358393210662192,0.573224376856617,0.9945059430086606,CALI
92222,1180.856 px,460.1372663642433,260.2161093439976,1.7682889330881364,0.8247356505707205,94510,342.66703561119823,0.7228845776993925,0.9757909215955983,0.8310947123888516,0.7447061141532144,0.004989452260461097,9.46612668395374E-4,0.5545871964571805,0.9806704019276082,CALI
72948,1021.6569999999999 px,392.7992825423849,238.2819707226227,1.648464134114584,0.7949879131931239,73666,304.7626589812811,0.7698997361477573,0.990253305459778,0.8782396159453691,0.7758737668987361,0.005384647729099974,0.001203653080981733,0.6019801021616343,0.9923426078640875,CALI
66505,1006.7679999999999 px,397.1233798501389,214.11313474643157,1.8547361903810407,0.8422032065665915,67219,290.9927764096765,0.7554639222101054,0.9893780032431306,0.824527899875379,0.7327515607856868,0.005971331175853529,0.0010618860846246323,0.5369248498338604,0.9958539505017665,CALI
63391,989.467 px,376.5126195698128,215.15876399927978,1.7499292734878933,0.8206357246597089,64276,284.0984476907727,0.6979312319024079,0.9862312527226337,0.8136447712888939,0.7545522591390732,0.00593952800192161,0.0011876514185062772,0.5693491117718792,0.9963206775239418,CALI
63015,970.092 px,351.9240146652637,228.27618471324345,1.541658912458803,0.7610852107904174,63991,283.254637934644,0.7096683371811476,0.9847478551671329,0.8414493094580341,0.8048744221222432,0.005584765764742739,0.0014457634145925635,0.6478228353866152,0.9987218478681074,BARBUNYA
76132,1124.522 px,395.33195215112596,248.17532680808938,1.5929542925789348,0.7784034010138804,77886,311.34269385963984,0.8066881410528101,0.9774799065300568,0.7565561923447105,0.7875475082788678,0.005192717282497845,0.0012322008042420505,0.6202310777962533,0.9879997577664008,BARBUNYA
232567,921.6189999999998 px,349.5601190199555,214.55419197395784,1.6292392882371853,0.7894744836270642,59540,273.6988283031064,0.7751646903820817,0.9881592206919718,0.8704479017372054,0.7829807046366225,0.005941363457465038,0.0013774318541464675,0.6130587838332618,0.9988194566200581,BARBUNYA
65935,1007.8699999999999 px,368.86491786551164,228.98362566691137,1.6108790171838625,0.7839855415916539,66901,289.7430747785233,0.6817664819257176,0.9855607539498662,0.8156744108860069,0.7854991373404716,0.00559437200069025,0.0013137537056943426,0.6170088947626251,0.9939266819889186,BARBUNYA
69693,1028.8149999999998 px,401.54916703562753,223.90666040847037,1.7933775007098314,0.8301050168824591,71239,297.88568879895473,0.8159817351598173,0.9782984039641208,0.827417016708796,0.7418411324273143,0.005761685779570797,0.001076398221381628,0.5503282657610401,0.98694632982051,CALI
98399,1207.5229999999997 px,475.46007958498984,267.26614176827195,1.7789761038913359,0.8270549387501789,99895,353.9569154041142,0.7157852622390339,0.9850242754892637,0.848027089468625,0.7444513863562827,0.004831960483185701,9.154792574500187E-4,0.5542078666477914,0.9859225513550168,CALI
65345,996.042 px,362.3966987283893,230.22979344864055,1.5740651689775,0.7722673225267382,66369,288.4438213079268,0.7106115968506677,0.9845711100061776,0.8276885036171704,0.7959339097735847,0.005545897906930742,0.001372965624976435,0.633510788727465,0.9971872667073665,BARBUNYA
74172,1096.388 px,400.5306372636224,236.31646654170507,1.6948909364000535,0.8073970590972191,75432,307.30884060192034,0.7843079200592153,0.9832962138084632,0.7753919833713074,0.7672542672426202,0.005400024770312549,0.0011543373946521674,0.5886791106020102,,BARBUNYA
76759,1076.6339999999998 px,380.9286893779643,256.7573132697196,1.4836137850445748,0.7387040952930551,77956,312.62212687896283,0.7332027891871239,0.9846451844630304,0.8321526314911785,0.8206841217170008,0.004962658312093231,0.001388667465656091,0.673522427638405,0.9992471581810247,BARBUNYA
67055,1011.117 px,396.7678305421508,217.68540995490284,1.8226661613396502,0.8360542224609326,68471,292.19356199652367,0.7973625380517504,0.9793197119948591,0.8242106203276733,0.7364346086154844,0.0059170506381649515,0.0010735488433055095,0.5423359327666418,0.9884973527323336,CALI
90252,1192.1550000000002 px,453.40847071671215,255.90495632701314,1.7717846392053278,0.8254996147864914,91633,338.98733809898846,0.755152072961553,0.9849290102910524,0.7979969832932636,0.747642269592238,0.0050238052421742695,9.68250982305517E-4,0.5589689632810326,0.9903726229338605,CALI
68345,1030.6100000000001 px,401.547580051592,218.43245205658746,1.8383146655679459,0.839100443472024,69433,294.9907738979724,0.7599799844323363,0.9843302176198637,,0.7346346698442838,0.0058753029490319995,0.0010555910734911524,0.5396880981372201,0.9921165456381246,CALI
59255,922.943 px,329.2752344764207,229.5490083205205,1.4344441602494398,0.7169407137212037,60140,274.67400536505465,0.7476594241300124,0.9852843365480546,0.8741482770791414,0.8341775408703688,0.00555691898534167,0.0016597695752663209,0.6958521696925356,0.9981610812123598,BARBUNYA
62326,970.848 px,377.36340184644206,211.43556423039436,1.7847678711006327,0.8282918111708127,63122,281.70184214016734,0.8016411997736276,0.9873894996989956,0.8309533419139424,0.7465001660516045,0.006054670632584187,0.0011598182024309606,0.557262497915073,0.9945842020481057,CALI
72980,1056.8680000000002 px,408.48227311008037,231.7964838518886,1.7622453383334709,0.8234024270236706,75011,304.82949656286905,0.7850097346370217,0.9729239711508979,0.8210549545113194,0.7462490213883081,0.0055971810511109945,0.0010707404667503692,0.5568876019230073,0.9813725804645252,CALI
225335,1802.309 px,676.7098296242478,428.7621503173816,1.578287237162442,0.7736622537378581,228491,535.6355410285037,0.7861089985557098,0.9861876397757461,0.8717260306600605,0.791529127522682,0.0030031279189839475,7.27145295539149E-4,0.6265183597168182,0.9888259309890021,BOMBAY
86471,1156.345 px,438.1979857903878,256.51621839480066,1.7082662006032039,0.8107526658336588,89363,331.8106337548486,0.6928766025641026,0.9676376128822891,0.8126536526806333,0.7572162458856448,0.005067571622745057,0.0010276834214135618,0.5733764430331493,0.9794795978556173,CALI
61720,977.621 px,379.5612910591706,208.51694757379846,1.8202898875873676,0.8355837731960168,62412,280.3289936860871,0.749866355639792,0.9889123886432096,0.8115116100056925,0.7385605442109902,0.006149729278340419,0.0011287042798042695,0.5454716774652338,0.9929165784552834,CALI
168514,1547.595 px,567.0395457322064,381.1117796751154,1.4878562562815247,0.7404531856125282,170385,463.20480204926764,0.823023199023199,0.9890189864131232,0.8841607175567834,0.8168827122121454,0.003364940276369954,9.242638000416687E-4,0.6672973655110708,0.9928425600758259,BOMBAY
77995,1077.542 px,406.62963613270534,244.81430649556137,1.6609717052629756,0.7984529473852574,78742,315.1290502185081,0.7894230769230769,0.9905133219882655,0.8441278180622108,0.7749780690251125,0.005213534664179824,0.0011600312232675882,0.6005910074698921,0.9975646698428753,CALI
88811,1234.396 px,415.8528419277604,272.3769317605156,1.5267549980825628,not_measured,90775,336.2702443087621,0.7027965940744493,0.9783640870283669,0.7324325098536639,0.8086279818358848,0.004682447466279631,0.0012349453489353456,0.6538792130079759,0.99831335660222,BARBUNYA
169410,1566.7930000000001 px,573.4514258092483,380.0423610135478,1.5089144912159038,0.7488601305876211,172175,464.4346146376085,0.7461812223612114,0.9839407579497604,0.8672127639315163,0.8098935563412428,0.0033849915932309092,8.983573632539149E-4,0.6559275726030659,0.989738619488838,BOMBAY
79893,1115.52 px,410.7433013680588,248.93385480478932,1.650009805577302,0.7954212138337909,81400,318.94031878633086,0.7683940215823186,0.9814864864864865,0.8067962503998293,0.7764954844644804,0.005141167578737296,0.00115291492399515,0.6029452373937281,0.9948655539257855,BARBUNYA
77093,1063.375 px,400.0078969898813,247.25096725671767,1.617821363564406,0.7860875148248453,77813,313.3015420042932,0.6828734664954161,0.9907470474085307,0.8567456707280853,0.7832383919465934,0.005188640953003273,0.001204506783757441,0.6134623786190854,0.9924725418729927,CALI
73777,1027.6779999999999 px,389.14324800926494,243.14148995640693,1.6004806422755524,0.7807749886505472,74836,306.4894678319732,0.7428211840515505,0.9858490566037735,0.8778427699529938,0.7876006313867127,0.005274587581621169,0.0012519658800523535,0.6203147545607484,0.992801756792388,CALI
68924,1031.2959999999998 px,366.94526343284866,239.93023197576278,1.5293831894845025,0.7566169648192479,69919,296.2376788683815,0.7713415998925646,0.9857692472718431,0.8143548199609462,0.8073075425392248,0.005323911314387567,0.0013949756129024071,0.6517454682407224,0.9967685629500668,BARBUNYA
85816,1200.3680000000002 px,397.8603704253418,276.01316621190426,1.441454318595409,0.720221866233633,87299,330.5515463146296,0.8018987814906182,0.9830124056403854,0.7484267699747623,0.830822999438838,0.004636202694431595,0.0013626245828112947,0.6902668563965475,0.9949881411360801,BARBUNYA
87691,1135.4519999999998 px,397.07604067850065,282.71020531042967,1.4045338060665042,0.7021997283936682,89021,334.143156322812,0.7671735022396416,0.9850597050134238,0.8547268117151676,0.8415092377566963,0.004528127637710833,0.00140066402502224,0.7081377972298558,0.9946034755628,BARBUNYA
74187,1036.095 px,398.6391950347036,239.03366524852584,1.6677115109297858,0.8002817932599743,75002,307.3399129713996,0.7871466768525592,0.9891336231033839,0.8684373981756751,0.7709726409231888,0.005373437327762325,0.001171083380439004,0.5943988130520765,0.9912857426099497,CALI
69135,1014.9760000000001 px,384.55596373342513,230.10830121995207,1.6711955270394274,0.8012169006976323,69901,296.6907749244413,0.8143301373412801,0.9890416446116651,0.8433275438432387,0.7715152095004509,0.005562391896050121,0.0012156801198773982,0.5952357184905247,,CALI
50167,873.8249999999999 px,309.8928256241198,206.77236788993457,1.4987148852939407,0.7448442966839055,50937,252.73426408132497,0.7945988754256751,0.9848832871979112,0.8256178304074645,0.8155537759621305,0.006177224582377255,0.0016857127244665196,0.6651279614860891,0.9968371765044165,BARBUNYA
79044,1091.7849999999999 px,405.4557524067526,248.5061190748916,1.6315725098284664,0.7901561057503819,79952,317.2411489294007,0.7912470720134537,0.9886431859115469,0.8333060348182793,0.7824309978247512,0.005129494362718898,0.0011858738991315642,0.6121982663570358,0.998845861952785,BARBUNYA
77583,1084.672 px,384.86278498794246,257.31289811354856,1.495699546386936,0.743637100477526,78675,314.2956308942078,0.7256987316197104,0.9861201143946616,0.8286661034283078,0.8166433418706736,0.004960658713738093,0.001360970821727215,0.6669063478217019,0.9974915219194878,BARBUNYA
74870,1046.748 px,406.5258720240601,236.13162880334798,1.721607029453126,0.8140087238939318,75593,308.751428683855,0.727034375606914,0.9904356223459844,0.858684092776784,0.7594877717046793,0.005429756538320557,0.0011144055412438578,0.5768216753689391,0.9930602510560946,CALI
60956,951.012 px,368.42624488174283,211.23378419549988,1.7441634456577224,0.8193170143250899,61512,278.5885670462386,0.7471379893609198,0.9909611132787098,0.8469432877819879,0.756158310968481,0.006044134209622397,0.0012188907505901563,0.571775391246706,0.997269736539147,CALI
186542,1664.9729999999997 px,624.6485736824293,383.92552257296927,1.6270045541546614,0.7888183264128499,188989,487.3526968777199,0.7653852939607669,0.9870521564747154,0.8456138789857233,0.7802030091971194,0.0033485680097909815,7.653663616325825E-4,0.6087167355602404,0.9903849009466699,BOMBAY
182090,1621.3349999999998 px,617.0719421652219,379.36512462880575,1.6265911179078552,0.7886965777136006,183882,481.5020131846032,0.7708818424283477,0.9902546198105306,0.8704632571387199,0.7803012587074982,0.0033888293819826563,7.749589468430212E-4,0.6088700543405061,0.9903826223503401,BOMBAY
71717,1062.753 px,415.6042125040871,220.5620775580111,1.8842958730962127,0.8475583492425424,72675,302.1802780291455,0.6791382575757576,0.9868180254557963,0.7979346032355976,0.7270866582618525,0.0057950585287182554,9.990386534852612E-4,0.5286550086223877,0.996142451038808,BARBUNYA
73276,1056.912 px,406.2672017957907,232.1344281306036,1.7501376468259866,0.8206830986689643,74290,305.44705086154255,0.7045769230769231,0.9863507874545699,0.8243164379559631,0.7518378286787591,0.0055443419645694455,0.0010927642168113113,0.5652601206323913,0.9892830173681466,CALI
72035,1049.2209999999998 px,407.5562342850325,227.19947112423102,1.793825629383546,0.8301985719492764,73039,302.8494850664228,0.6868522173593828,0.9862539191390901,0.8222795240688063,0.7430863757923012,0.005657752957382279,0.0010640963121503596,0.552177361888137,0.9905099037203335,CALI
54076,893.9889999999999 px,342.74242466900824,203.25951298050154,1.6862306695671712,0.8051739758451222,55293,262.39607775479163,0.7700501253132832,0.977989980648545,0.850256720278341,0.7655780518218358,0.006338161562782163,0.0013430771645466285,0.5861097534313174,0.98831624196834,CALI
150738,1465.681 px,532.7870629715128,361.85079096911306,1.4723943577533607,0.7339848202679099,152131,438.093120802289,0.7297893972403776,0.990843417843832,0.8817667062755445,0.822266813985521,0.0035345238955771787,9.966937529596813E-4,0.6761227133818993,0.9955192683324013,BOMBAY
151590,1499.4810000000002 px,569.2305201653388,341.2910880650289,1.6678739646927987,0.800325550380278,153708,439.32946928973854,0.7911754114018194,0.9862206261222578,0.8472244540873308,0.7717953513141403,0.0037550664302746805,8.218754742240304E-4,0.5956680643101174,0.9934992560618003,BOMBAY
89095,1126.165 px,431.91199181908166,263.7291843340942,1.6377102629337075,0.7919325197726529,90202,336.8074780021657,0.7735619709138268,0.987727544843795,0.8827935361424277,0.7798058039176806,0.004847769143263726,0.001105776982653723,0.6080970918237003,0.995886848139815,CALI
84146,1141.257 px,451.5574915961232,239.23811163338723,1.8874814238966156,0.8481185244891906,85277,327.3194383645509,0.7721374956413221,0.986737338321001,0.8118511895322059,0.724867695600781,0.005366357183896124,9.138908316157953E-4,0.5254331761255865,,CALI
86264,1129.948 px,449.0665670476533,247.5021320330813,1.8143947422143045,0.8344075157717982,87923,331.4132406634262,0.7267519250534971,0.981131217087679,0.8490290314614162,0.7380047079484718,0.005205723906237286,9.52571147332466E-4,0.5446509489541094,0.9882118181243675,CALI
65506,997.059 px,376.46937143358934,222.68688283371668,1.6905772205482985,0.8062947684363727,66312,288.79894324152497,0.7226334543127889,0.9878453371938714,0.8280360192476107,0.7671246724316063,0.005747097539669486,0.0012276996559844736,0.5884802630532995,0.9948713274601784,CALI
80434,1189.0159999999998 px,418.6575903322931,245.50963719143706,1.7052592929614543,0.8100063668628178,82457,320.01835813157356,0.7154776730119196,0.9754660004608463,0.7149474694731286,0.7643916305866364,0.005204982847207563,0.0010961317524421149,0.5842945649108968,0.9963737366411766,BARBUNYA
73789,1033.589 px,402.75519276306784,234.87821619321204,1.714740512299188,0.8123439548603092,74581,306.514392429561,0.8086908871718999,0.9893806733618482,0.8679720318988192,0.7610439242924343,0.005458200988806839,0.0011294530412497977,0.5791878547024285,0.9931568786899099,CALI
45504,793.417 px,295.4698305520384,196.3118224893667,1.5051046177722822,0.7473721581277368,45972,240.70208192624517,0.7377790748577265,0.9898198903680501,0.9083567245276849,0.8146418247728765,0.0064932715926520395,0.0017640469732470574,0.6636413026692821,0.9988495891919492,CALI
81010,1102.058 px,399.3088648364652,259.7565191000345,1.5372429004666786,0.7594931645203465,82215,321.1621638969876,0.7518469020306642,0.9853433071823876,0.8381844376801679,0.8042951013084015,0.004929130537420876,0.0012723651833080381,0.646890609988692,0.9944279975836758,BARBUNYA
94295,1181.4060000000002 px,462.0748325819748,261.9257519055326,1.7641443394562784,0.823823058238535,95545,346.49693053590266,0.792601433987005,0.9869171594536605,0.8489853272212489,0.7498718954238479,0.0049003110725062285,9.557663153477752E-4,0.5623078595465544,0.99199222745083,CALI
80286,1211.4850000000001 px,971.4657175,249.22638053471127,1.6511155436243476,0.7957302965723139,81587,319.72380281831886,0.7790446063828755,0.984053832105605,0.6874064494918475,0.7769686461950216,0.005125445915627859,0.0011521934244659588,0.6036802771701248,0.9967458890150476,BARBUNYA
77424,1109.772 px,397.4019910350918,248.711645333716,1.5978423145481033,0.7799482724158376,78571,313.9734041468724,0.7157357590548561,0.9854017385549376,0.7899833579710417,0.7900650002509615,0.005132801082804967,0.0012336316094455507,0.6242027046215517,0.9973774942996861,BARBUNYA
79681,1063.993 px,970.974306,245.756564597353,1.6898126227932662,0.8060983502280822,80392,318.51687579160154,0.7632718355461042,0.991155836401632,0.8844781291212276,0.7669883543951239,0.005211813920394019,0.00111256077384537,0.58827113577774,0.9940679908621566,CALI
74362,1039.5839999999998 px,400.40988564567124,237.341204298639,1.6870643545814659,0.8053897409171791,74937,307.7021921039825,0.788401187446989,0.9923268879191854,0.8646528002650106,0.7684680202333286,0.005384603502402723,0.0011583416925973872,0.5905430981213318,0.9962842106846037,CALI
74298,1052.196 px,420.4341707863422,227.36456344404237,1.8491631431817956,0.8411607472311192,75430,307.56975094234014,0.8034387672343877,0.9849927084714305,0.8433225133344067,0.7315526955553813,0.0056587548895844055,9.997308757347012E-4,0.5351693463743442,0.9896154306761294,CALI
68120,1010.368 px,368.9500198612537,235.45320329112045,1.5669781285798619,0.769894651354259,69182,294.5048009580816,0.7063166189705944,0.984649186204504,0.8385429990858732,0.7982241092406832,0.005416177625679003,0.001356350791352799,0.6371617285730824,0.9984184930421585,BARBUNYA
197245,1702.646 px,642.0772452834813,396.08539008371923,1.6210576339303189,0.7870562678196366,200777,501.13883705145736,0.802082825029685,0.9824083435851716,0.8550020226620267,0.7804961797551342,0.003255226978039906,7.451507889569596E-4,0.6091742866123587,0.9875066277070202,BOMBAY
68500,1007.1400000000001 px,339.4168594023328,257.41662259880303,1.3185506669137343,0.651779552938169,69506,295.32509005223153,0.7664335664335664,0.9855264293730037,0.8486346216331251,0.8700955237528833,0.004954990648209238,0.0017518234661721233,0.7570662204548041,0.9982301698785423,BARBUNYA
66697,1000.3079999999999 px,383.96062760174294,223.75625394453195,1.7159771887177055,0.8126455127356107,67724,291.4125218915638,0.8099800835519285,0.9848355088299569,0.8376231655356601,0.7589645941349664,0.005756790074542228,0.001178273801373447,0.5760272551504543,0.988449629917853,CALI
64948,1087.7050000000002 px,352.1132678459925,235.85239738428243,1.4929391083198624,0.7425237992891867,66338,287.5662740160246,0.7716471818268226,0.9790467002321445,0.689847978821387,0.8166868456141235,0.005421464369125955,0.0014877111310686744,0.6669774037991474,0.9957566504973958,BARBUNYA
63007,962.6289999999999 px,369.3044686207391,219.08930032658574,1.6856344334033424,0.8050194327149298,63780,283.2366572234752,0.7860743069591037,0.9878802132329884,0.8544384503580726,0.7669461955911179,0.005861324434122226,0.0012509360651714232,0.5882064669316893,0.9915010746105799,CALI
195332,1691.9550000000002 px,624.8906193893665,402.31792027643553,1.5532259138742806,0.7651758446276856,198864,498.70274387876475,0.7588066195322819,0.9822391181913267,0.8574437607387453,0.7980640585805071,0.0031991205710757403,8.005000825524406E-4,0.6369062415979909,0.9892592791582728,BOMBAY
82442,1117.9199999999998 px,429.4701703280025,248.57778467842772,1.727709380319669,0.8154687896007828,84580,323.98829384262683,0.7807894836534455,0.9747221565381887,0.828966406272996,0.75439068002135,0.005209361373183602,0.0010407573954869585,0.5691052981030749,0.983248561922304,CALI
53364,919.64 px,314.3128688474999,216.9357311409893,1.448875513472808,0.7236277933792362,54228,260.66291463353053,0.7665258984745325,0.9840672715202479,0.7929075149358962,0.8293103479641505,0.00588997955264785,0.0017185488742534351,0.6877556532404204,0.9964723252325406,BARBUNYA
68309,1097.068 px,381.57507958369763,229.15176043175774,1.6651632039166993,0.7995934117976213,69725,294.91307204210904,0.7000881400401755,0.9796916457511653,0.7132153747978917,0.772883471226324,0.005586014721101138,0.0012295265669286133,0.5973488600948522,0.9946833417315322,BARBUNYA
69773,1095.0569999999998 px,387.1163104294507,231.1532909074222,1.6747168465989626,0.8021549991656213,71055,298.0566099834166,0.7624464551097124,0.9819576384490888,0.7311791675774842,0.7699407179531262,0.0055482251075552255,0.0012027157184502963,0.5928087091621755,0.9927867320444802,BARBUNYA
68551,1025.4940000000001 px,355.97501291738564,245.62837029018445,1.4492422536404816,0.7237943397519206,69684,295.4350081340059,0.727810336773262,0.9837408874347052,0.819138636895215,0.8299318699724865,0.005192849308068236,0.0015196908589372104,0.6887869087960282,0.998219091981617,BARBUNYA
80384,1072.144 px,407.67306824323936,251.3207180120646,1.6221228057436519,0.7873735919423672,80950,319.9188765358982,0.7856751896160763,0.9930080296479308,0.878765985731776,0.7847437112157177,0.005071569817914502,0.0011864065820912,0.615822692292618,0.9989400334623111,CALI
179122,1642.56 px,619.1034091995417,369.88317721916684,1.673780932277178,0.8019063510780022,180813,477.5617381366014,0.7993520287035218,0.9906477963420772,0.8342885987083021,0.771376366274668,0.0034563225578072023,7.548477122207783E-4,0.5950214984471108,0.9959356383957685,BOMBAY
80933,1117.231 px,428.61173342623874,243.6083047880304,1.75942989217541,0.822775895427481,83214,321.0094953020096,0.7671301693822807,0.9725887470858269,0.8147972371962015,0.7489517207938341,0.00529588342735644,0.001027858830672069,0.5609286800800452,0.9869146871113289,CALI
61955,941.725 px,356.2676132264638,221.85024918327304,1.605892328442449,0.7824553008566625,62655,280.8621654727938,0.7468957203134419,0.988827707285931,0.8778858029591258,0.7883460495587117,0.005750425522176803,0.001370084422279822,0.6214894938548269,0.9980452103890468,BARBUNYA
218738,1810.955 px,682.4655468068211,412.08144842413026,1.6561423704383824,0.7971261347925627,223507,527.7365550502258,0.7030640811774197,0.9786628606710305,0.838144275955788,0.7732794095166347,0.0031200136547230983,6.88148301210006E-4,0.5979610451823952,0.9903086227981848,BOMBAY
71019,1024.243 px,389.90322553297233,233.79883978463067,1.6676867425524478,0.800275120533461,72064,300.70616759146543,0.7686038961038961,0.9854990008880995,0.8507038686159997,0.7712328288139183,0.005490125537292448,0.001198130348445408,0.5948000762403188,0.9919402016151647,CALI
75837,1074.8999999999999 px,432.6403338803587,225.8040259440376,1.9159992036084539,0.852993897870567,77237,310.7389054400503,0.7014929514929515,0.9818739723189663,0.8248118330575626,0.7182384098427154,0.005704871420023982,9.36483498863824E-4,0.5158664133733925,0.9883996371917696,CALI
73874,1035.476 px,403.2854110610496,234.61112528687175,1.7189526309459138,0.8133679404817143,74671,306.6908836724127,0.7772937710437711,0.9893265123006254,0.8658076212080683,0.7604809776418757,0.005459098073219937,0.0011262999901010455,0.5783313173551432,0.9941241395260397,CALI
63406,951.1769999999999 px,358.4486262520513,225.98684368502774,1.5861482040593655,0.7762232737232573,64085,284.1320583346373,0.7811699191799724,0.989404696886947,0.8806787957377,0.7926716341628364,0.005653228815128715,0.0013767325973302786,0.6283283196063815,0.9966218357033011,BARBUNYA
163117,1524.028 px,560.1801040448062,371.85703451325026,1.5064394432609436,0.7478951057036195,165192,455.72690815724883,0.7311548891727739,0.9874388590246501,0.8825172382989174,0.813536405285821,0.0034342226993189316,9.27932072630657E-4,0.6618414827253758,0.9970241147638125,BOMBAY
98277,1289.679 px,436.3537019293638,287.6784697870411,1.5168104246813539,0.751899125846591,100632,353.7374206073448,0.7065560452359213,0.9765979012640115,0.7425034883108128,0.8106667115307462,0.0044400388893572635,0.001182866947008302,0.6571805171840742,0.9968182593622874,BARBUNYA
65049,964.019 px,371.51664268972627,224.06728430765972,1.658058399010221,0.7976541968234698,65696,287.78978290668624,0.8130718464076796,0.9901516074037994,0.8795880114709224,0.7746349687678329,0.005711335188699692,0.001268544784694369,0.6000593348379415,0.9949334200325354,CALI
77101,1064.106 px,419.52814403437736,237.02830862066634,1.7699495325082828,0.8250992165853813,78352,313.3177973537822,0.7997365363870218,0.984033591995099,0.8556577552742826,0.7468337984211807,0.00544128019136428,0.0010441832169493907,0.5577607224642089,0.9872083299770087,CALI
72433,1086.0629999999999 px,399.8496229699908,231.01701358558506,1.7308232703902484,0.8162068883737466,73768,303.6849682546076,0.7075262515262515,0.9819027220475003,0.7716783220158586,0.7594979482509092,0.005520268703077199,0.001133043021985598,0.5768371333973409,0.9984031337093213,BARBUNYA
61464,948.743 px,361.5067373866033,217.50640226293618,1.66205101838607,0.7987475985407766,62161,279.7470203194344,0.7895183044315992,0.9887871816733965,0.8580913320142612,0.7738362563911686,0.005881601220008513,0.0013009830348127307,0.5988225517054985,0.9952736318946689,CALI
62821,998.2560000000001 px,348.3495133616555,230.7214201478189,1.509827362966449,0.7492145507637755,64071,282.81828342560823,0.7793685255257118,0.9804903934697445,0.792192727114133,0.8118808052761282,0.005545112515904801,0.0014861382797252557,0.6591504419758142,0.9952033736065129,BARBUNYA
72026,1022.019 px,388.781489973616,238.98520752106685,1.6268014828463573,0.7887585399249534,73768,302.8305655793266,0.749521312021312,0.9763854245743412,0.8665252480483042,0.7789222825394226,0.005397793713014966,0.0012256671804346142,0.6067199222364241,0.9870128691666412,CALI
178200,1593.538 px,578.0201215608884,395.93619414772655,1.4598819964037564,0.7285554112471736,180886,476.3310685561105,0.7572667006629271,0.985150868502814,0.881845930758331,0.8240735067662069,0.0032436594924853445,9.22738898190662E-4,0.6790971445539536,0.9914016951435163,BOMBAY
57786,916.524 px,331.8750114341203,224.93443638756847,1.4754299820161383,0.7352753422736887,59196,271.24789461314924,0.7589440504334122,0.976180823028583,0.8644598229368883,0.8173194283022842,0.0057431732847769415,0.0015808802472571735,0.6680110478803725,0.9856035283607197,CALI
69824,1055.5720000000001 px,389.0487082791876,229.11279950613695,1.6980662325186537,0.808202133866579,70943,298.1655210979096,0.6883959380853791,0.9842267736069803,0.787478789987056,0.7663963785324824,0.005571847907298173,0.0011857490665826262,0.5873634090277042,0.9973819710869868,BARBUNYA
187129,1600.835 px,576.3698506266538,416.26225260014667,1.384631556251879,0.6916698964828513,189047,488.1188817969924,0.773110181080534,0.9898543748380032,0.9176093260917726,0.846884827973373,0.0030800669625052975,9.77321226151606E-4,0.7172139118514896,0.993077014932426,BOMBAY
83874,1107.515 px,431.1387656999394,248.79898899286403,1.7328798941072274,0.8166918349304416,84605,326.7899838965647,0.8060312518018797,0.9913598487087052,0.8592864933195531,0.7579693822382965,0.005140314825809422,0.0010465889210940175,0.5745175844107049,0.9955699708363622,CALI
71482,1028.478 px,368.1825732284608,248.6883646792273,1.4804977856658637,0.7374071681763616,72669,301.68478439715665,0.7349351757605667,0.9836656621117671,0.8492128297077282,0.8193890920794841,0.0051507032991307015,0.0014322110136540998,0.6713984842188413,0.9940039691854117,BARBUNYA
206303,1734.416 px,666.0177998119804,395.98594680115036,1.6819228187065691,0.8040530183864562,207854,512.5164756351725,0.8175920421670035,0.9925380315028818,,0.7695236910783135,0.003228347623699027,6.983096359864961E-4,0.5921667111307917,0.9959787039292998,BOMBAY
59553,970.6179999999999 px,972.0779173,211.18953806567217,1.7086379200652657,0.8108446035921044,60682,275.36382225632536,0.7725326899128269,0.9813948123001879,0.7943590104234077,0.763105248565329,0.006059248955721363,0.0012674660107258669,0.5823296203879527,0.9949904713720671,BARBUNYA
65144,974.5659999999999 px,368.20264094360164,226.98201110853233,1.6221666164000288,0.7873866274076005,66001,287.9998557329976,0.7793742896452713,0.9870153482522992,0.8619097111316021,0.7821775938242419,0.0056521343630050605,0.0013050096535090346,0.6118017882806807,0.9924444368027585,CALI
64314,997.7959999999998 px,346.2438025571775,237.397932348185,1.4584954432094686,0.7279426060518852,65360,286.1592704772942,0.730840909090909,0.9839963280293758,0.8117678892912045,0.8264675594591729,0.0053836459022479945,0.0015493855285436905,0.6830486268384017,0.9962233097342936,BARBUNYA
79196,1071.839 px,414.83261716617966,243.91500992354545,1.700726073791883,0.8088724386332332,79962,317.54602656126235,0.7518417255259361,0.990420449713614,,0.7654798909750512,0.0052380501182658174,0.001109390793790509,0.5859594634871763,0.9965565377377437,CALI
96668,1190.245 px,469.52839814387767,264.4105915600043,1.7757548794611153,0.8263609709031039,97524,350.8297597275047,0.7477876106194691,0.991222673393216,0.8574718390295795,0.74719603992941,0.004857123330821758,9.338930423829115E-4,0.5583019220861926,0.9914073623570758,CALI
68838,1021.5459999999999 px,324.8827085275856,270.18965099217326,1.202424694412136,0.5552958058384948,69878,296.05280572978717,0.7575270710449864,0.9851169180571854,0.8289383891226446,0.9112605810002643,0.0047195256766260725,0.002007467173854726,0.8303958464849397,0.9984884719507605,BARBUNYA
184172,1632.7039999999997 px,632.663269888903,373.84609254695346,1.692309435625419,0.8067385981076961,186777,484.2469137051514,0.8099317478187448,0.9860528865973862,0.8681975477996615,0.7654101901477325,0.003435176193389348,7.272868569778998E-4,0.5858527591819881,0.9914441522508648,BOMBAY
81835,1085.899 px,414.761970276533,253.54524672571475,1.6358499148880614,0.7913966216031877,83167,322.79336756414625,0.7666113968280733,0.9839840321281278,0.8721076265511881,0.7782617276818585,0.005068271158752771,0.0011469442279464282,0.6056913167743514,0.9908200889937608,CALI
67848,1001.425 px,388.5368326295351,222.97815673608892,1.7424883150747232,0.8189310355071858,68623,293.9162408428485,0.800566371681416,0.988706410387188,0.8501783786703605,1.210141,0.005726577535513724,0.0011567525453475215,0.5722460161624295,0.9971319965110949,BARBUNYA
70446,1016.413 px,396.56521826488233,228.76413829342164,1.7335112978076685,0.8168403145105138,71496,299.49062250496803,0.797207070592762,0.9853138637126553,0.8568913924193783,0.7552115231268867,0.005629350399808113,0.0011295682493353504,0.5703444446636321,0.988698538466247,CALI
73365,1026.958 px,395.96439152901604,238.4027012986912,1.6609056414713947,0.7984348898577004,74691,305.632490418632,0.7611029846565622,0.9822468570510503,0.8741650139968284,0.7718686249499166,0.005397183827833654,0.0011817361611292457,0.5957811741820751,0.9895363132814604,CALI
164201,1560.469 px,570.612444193175,368.3300170077615,1.5491880049003741,0.7637607376056222,166229,457.23867562254446,0.8068686610582593,0.9877999627020556,0.8473744611922598,0.8013121344892209,0.0034750850737399587,8.837961014568763E-4,0.6421011368796713,0.99473537918688,BOMBAY
61453,964.1659999999999 px,369.29617935737633,213.19880443614016,1.7321681532599416,0.8165242362934654,62238,279.72198651984786,0.802331805778596,0.9873871268356952,0.8307097883417515,0.7574461967264343,0.006009408480584778,0.0012201652305485536,0.5737247409353403,0.9937877249855068,CALI
198323,1689.6169999999997 px,646.5186691073077,393.3605136580264,1.6435779562494877,0.7936085410802313,201273,502.506404168655,0.7389221110676428,0.9853432899594083,0.8729842457616601,0.7772496420907687,0.0032599278404789544,7.338881454838457E-4,0.6041170061302281,0.9929133942710794,BOMBAY
157613,1470.934 px,516.2064274389098,389.93285740660434,1.3238341361436825,0.6552851126943726,158756,447.9722138306607,0.7707237163814181,0.9928002721156995,0.9154097341682548,0.8678160325380213,0.003275151335479369,0.001145834283227042,0.7531046663300321,0.9969856653767942,BOMBAY
102015,1271.97 px,456.79189501158777,286.89442141684896,1.5921951105068122,0.7781619054237393,103901,360.40190365223884,0.8049727375306752,0.9818481054080327,,0.7889848913433464,0.0044776934275507305,0.0010703082312880595,0.6224971587680719,0.9911369324949069,BARBUNYA
77977,1055.268 px,402.5569313261362,247.72803237451373,1.6249954737361054,0.7882256437672017,78830,315.0926847450029,0.7393637699710804,0.9891792464797666,0.8799355200983726,0.7827282558692968,0.005162508577223235,0.0011953211283566212,0.6126635225361915,0.9955754510445296,CALI
97060,1246.4689999999998 px,407.9240221625516,303.89830519645966,1.3423043669126187,0.6670784036293812,98830,351.5403678270746,0.7599436266833699,0.9820904583628453,0.7850316872347559,0.8617790292501849,0.00420280261861273,0.001429889389559454,0.7426630952553909,0.9968799159061533,BARBUNYA
68384,985.315 px,364.76295572782993,239.0638113760288,1.5257974581275546,0.7552863136002422,69193,295.0749278186294,0.748249299719888,0.9883080658448109,0.8851445013718964,0.8089498212060803,0.005334039478939956,0.0014090367548766707,0.6543998132293493,0.9984815716244879,BARBUNYA
64782,974.8209999999999 px,374.85848505777744,221.31748725789885,1.693758996192465,0.8071087729127417,65489,287.198544890174,0.7973267363290625,0.9892042938508757,0.8566717843283264,0.7661519115564576,0.005786460514614822,0.0012298504790577258,0.5869887515816143,0.9942174786551432,CALI
72404,1074.953 px,424.6557135876437,220.86968295711472,1.9226527964460256,0.8540964168854763,74367,303.62416899351854,0.7556566752943141,0.9736038834429249,0.7873964847052306,0.7149890117535279,0.005865086370748076,9.454784716615622E-4,0.5112092869282866,0.9828779650818487,CALI
65902,1011.4159999999999 px,348.50301644226425,241.2555956930127,1.4445385834105968,0.7216457071973489,66877,289.6705585266419,0.7470357523407921,0.9854209967552372,0.8095595858646728,0.8311852261245234,0.005288200911084099,0.0015569654321503426,0.6908688801276752,0.9979867534220973,BARBUNYA
199021,1747.665 px,705.4098963801059,364.76853768573756,1.9338561950971886,0.8559240656854836,202063,503.38991590290806,0.7837632418383019,0.9849452893404532,0.8188274445385811,0.7136133452140561,0.0035443993165550666,5.669885118613251E-4,0.5092440064675955,0.9848046767234725,BOMBAY
67882,989.4499999999998 px,380.79661956598403,228.21095320559132,1.668616752250848,0.8005254279120984,68501,293.98987529456235,0.7427564775910365,0.990963635567364,0.8713182042593728,0.7720390890802541,0.005609684740667394,0.0012293495207685342,0.5960443550678683,0.9945695959507979,CALI
77455,1150.021 px,416.51597542567646,239.37808540934932,1.739992091228451,0.8183534533554824,79244,314.0362541769055,0.7692116710032375,0.9774241582958962,0.7359491034169688,0.7539596863144628,0.0053775221151078235,0.0010719004867507833,0.5684552085874033,0.989107567159701,BARBUNYA
63905,1030.26 px,356.70670449147445,228.9156536898769,1.558245138511682,0.7669159549904969,65322,285.2479151655636,0.7136714911105155,0.9783074614984232,0.7565733266966607,0.7996707423041476,0.005581827783295117,0.001407994708180512,0.6394732960972666,0.9964561548516069,BARBUNYA
86338,1143.5900000000001 px,447.3405530257479,247.24673456894422,1.8092880126633502,0.8333779030830106,87277,331.55535859543045,0.7174744049993352,0.9892411517352796,0.8296045972041378,0.7411699126154272,0.005181270738559475,9.644665573331368E-4,0.5493328393663599,0.9939013212278769,CALI
156041,1480.302 px,540.3492308651744,370.242782517474,1.4594456836972158,0.7283628210626057,157801,445.7326236658245,0.8030766222002635,0.9888467119980229,0.8948452498885927,0.8248973038272758,0.0034628670084476156,9.890428597518557E-4,0.6804555618615088,0.9930879327065428,BOMBAY
75780,1073.277 px,364.9634589368101,265.3948535655354,1.3751715756111589,0.686444722125209,77156,310.6221059423019,0.7427227286092326,0.9821660013479185,0.8266864506828165,0.8511046745534137,0.0048160920947058605,0.0015588576156615548,0.724379167046672,0.9961456404874709,BARBUNYA
64332,987.7450000000001 px,341.30036184597526,240.4800296624194,1.419246173268879,0.709605304124804,65485,286.199312354,0.7829706440776982,0.9823929144078797,0.8286044043401503,0.8385555491533827,0.005305296926039533,0.00161814265827411,0.7031754090159315,0.9979790083826395,BARBUNYA
66041,995.358 px,361.8370919053769,233.0117717254974,1.5528704375143925,0.7650518137261211,67102,289.9758830900509,0.7207198358651999,0.9841882507227803,0.8376544154209434,0.8013989985467873,0.005478976573725063,0.001394037279373062,0.6422403548717938,0.9973160608591612,BARBUNYA
76415,1079.0649999999998 px,421.8737337697833,232.95910823964894,1.8109347041962176,0.8337109978324356,77948,311.9208229838743,0.7614165147121833,0.9803330425411813,0.8246948244125576,0.7393700958734958,0.005520823578744793,0.0010177266744347117,0.5466681386719824,0.9899803039994433,CALI
79603,1099.1779999999999 px,429.92875705624175,237.47999429720167,1.8103788419254976,0.8335986738369673,80366,318.36093899778774,0.765825829292696,0.990505935345793,,0.7404969632123047,0.005400911486454552,0.0010017052497450117,0.5483357525266456,0.9926954446455348,CALI
60340,980.9639999999999 px,345.4561468352179,222.9906300836464,1.549195796727572,0.7637634814883754,61109,277.1773333613694,0.7876461988304093,0.987415928913908,0.7879688159252416,0.8023517193155708,0.005725159874630724,0.0014636139219601058,0.6437682814886528,0.9973231157487534,BARBUNYA
94013,1186.7079999999999 px,460.5660539193641,261.52472050523073,1.76108037905408,0.8231436065878821,94873,345.97842319888514,0.8012904105619337,0.9909352502819558,0.838899692624842,0.7512026130772093,0.004898961355550446,9.623036569822627E-4,0.5643053658940272,0.9937871076709048,CALI
153075,1456.6170000000002 px,522.3663458095895,374.79449892062695,1.3937406960719958,0.6965651185086771,154335,441.47609596708065,0.8014062238230859,0.9918359412965303,0.9066160091833546,0.845146513569627,0.003412486335519121,0.0010739367415132978,0.7142726293988958,0.9955108316835917,BOMBAY
62728,981.3689999999999 px,371.7588350151324,217.0091579107924,1.7131020579691578,0.8119432458615501,63882,282.60886426675876,0.7709931170108161,0.981935443473905,0.8184772916817686,0.7601940765046115,0.005926521410137935,0.0012208928357667166,0.577895033952699,0.9899931719545251,CALI
73499,1071.953 px,377.9944357440369,247.9504438954737,1.524475737189584,0.7547928626587949,74611,305.91147951407396,0.7437664440396681,0.9850960314162791,,0.8093015414682594,0.0051428514094618545,0.0013608968526394305,0.654968985022901,0.9984843262791006,BARBUNYA
72205,1085.425 px,375.91116933864,245.46042189454803,1.5314532845549118,0.7573798607927893,73563,303.2066314043979,0.7084199992151015,0.9815396326957846,0.7701538590365198,0.8065911740208334,0.005206165353350045,0.001359288311465429,0.6505893220083063,0.9963471540859739,BARBUNYA
93615,1163.3990000000001 px,438.85973095262176,272.5946706857049,1.6099351093280048,0.7836972084984027,94533,345.245304067097,0.7438026378515811,0.990289105391768,0.8691564018059084,0.7866871342186755,0.004687921069835195,0.0011075625029034143,0.6188766471451924,0.9963512425822444,CALI
52808,928.664 px,332.5824782687627,202.73214620841372,1.6405019356272172,0.7927326053190243,54100,259.3014343932067,0.702682563338301,0.9761182994454713,0.7694711886947523,0.7796605393735235,0.006297956337463315,0.0014354948019701965,0.6078705566562135,0.9972128248053124,BARBUNYA
81074,1099.966 px,445.04817120341346,232.5472870260894,1.913796444993502,0.852626041645481,81570,321.2890020680113,0.7807588597842835,0.9939193330881452,0.8420404254867633,0.7219196097340285,0.005489406853040598,9.197303931730849E-4,0.521167922918532,0.997409318126134,CALI
142399,1430.2749999999999 px,524.5884123459219,347.2617724446897,1.5106425583584095,0.7495303641204353,143783,425.8028157853614,0.7961923399496785,0.9903743836197604,0.874737425779617,0.8116893277935775,0.003683933260387516,9.863949946890588E-4,0.6588395648539898,0.9952710857987724,BOMBAY
72077,1063.3999999999999 px,414.8326379328284,224.71431104425318,1.8460445888163084,0.8405727162867109,73996,302.9377603830138,0.7591847482620603,0.9740661657386885,0.8009644746250818,0.7302650097460917,0.005755409325205383,0.001009666501279593,0.5332869844594595,0.9844715519475519,CALI
146521,1478.2099999999998 px,528.247207981244,357.82351961327873,1.4762786095004383,0.7356342895956534,150261,431.9216726839957,0.7551071943929086,0.975109975309628,0.8426310652613703,0.8176506494651111,0.003605266193796411,9.940042543019041E-4,0.6685525845707181,0.9869698799279839,BOMBAY
67523,1017.032 px,399.3029062240903,218.11683131757624,1.8306836011325907,0.8376260815488777,68784,293.2114489223645,0.696256960197979,0.9816672481972551,0.8203371089237181,0.7343083267162928,0.0059135836118669235,0.0010605821564076757,0.539208718684882,0.9871205588841295,CALI
181020,1593.4560000000001 px,594.8962103793124,388.8031964042209,1.5300702666055914,0.7568706032770859,182766,480.08522408834784,0.7841455490578297,0.9904468008272873,0.8958932674493566,0.8070066941294519,0.0032863562610723255,8.598109137734188E-4,0.6512598043697467,0.9964732625015237,BOMBAY
70550,1019.266 px,395.125443612121,229.49746948999663,1.721698476633285,0.8140307378807913,71937,299.711611188265,0.7445753123944613,0.9807192404465018,0.8533590665345911,0.7585226819320703,0.005600644133410645,0.0011436470887583386,0.5753566590054205,0.990590683330449,CALI
70682,1081.066 px,366.84993944682617,245.6730544323273,1.493244508619394,0.7426473551695204,71974,299.99186239125015,0.7937160310829627,0.982049073276461,0.7600011966536764,0.8177508843087409,0.005190146564143999,0.0014316718128055258,0.6687165087877277,0.9985572545704071,BARBUNYA
62441,971.6059999999999 px,334.6205025038225,239.7088797409221,1.3959453770151573,0.6977304391165232,63560,281.96161159421735,0.7159351495138506,0.9823945877910636,0.8311881397439862,0.8426310088127263,0.005358986923717148,0.0016665264410031621,0.710027017012753,0.9911589319548149,BARBUNYA
79902,1076.13 px,424.7412430423967,241.48488661401828,1.758872983721294,0.8226515512631727,81032,318.9582827007773,0.8232651589305033,0.9860548918945602,0.8670378101444679,0.7509472836122477,0.005315777365302455,0.0010427599654005326,0.5639218227646134,0.9918668589915465,CALI
70314,1019.1840000000001 px,376.3267496474308,238.29378230079803,1.5792554300573143,0.7739802072566415,71331,299.2099018222964,0.7080824152585043,0.9857425242881777,0.8506413192417215,0.7950800789543053,0.0053520884837646955,0.0013193090338810077,0.6321523319499843,0.9983300028554066,BARBUNYA
206702,1735.169 px,663.5370803705906,401.7599413487485,1.6515760086558902,0.7958587902190635,209401,513.011852081263,0.7006847457627119,0.9871108542939145,0.8627222177408368,0.7731472245601435,0.0032101144660941386,7.075368866531835E-4,0.5977566308450529,,BOMBAY
68562,984.765 px,384.8710509836725,229.51086792084098,1.6769186333974204,0.8027380134523296,69637,295.4587105944454,0.788522139160437,0.984562804256358,0.8884400590821133,0.7676823440975812,0.00561347467961367,0.0012026458039464639,0.589336181439157,0.9882688239906053,CALI
70069,1111.0600000000002 px,393.3433339491918,227.88812623413278,1.7260369833620464,0.8150704467939186,71813,298.6881679277706,0.7405148908287713,0.9757147034659462,0.7132811686460138,0.7593573912361058,0.005613657023065718,0.0011513584055669688,0.5766236476249041,0.9952737412817094,BARBUNYA
66235,982.152 px,387.1243739072025,219.45974485350894,1.7639880797528995,0.8237885058942986,67073,290.40148285698115,0.7551848769197441,0.9875061500156546,0.8628593191082699,0.7501503455491367,0.005844710106547935,0.0011416579170166862,0.562725540927489,0.9926411463685931,CALI
90231,1159.7959999999998 px,445.2509806370313,259.2653121953616,1.717356544409326,0.8129809625599207,91068,338.94789770848035,0.6929758540181863,0.9908090657530636,0.8429511769894711,0.7612513221723609,0.004934567727688171,0.00102221233344837,0.5795035755091676,0.9952142579092731,BARBUNYA
82640,1130.9509999999998 px,448.0703902262397,237.87267523254872,1.8836564131975133,0.8474455135637312,84169,324.3771199960223,0.7764436176409794,0.9818341669735888,0.8119187944883943,1.223333,0.0054219553512371696,9.186531577284819E-4,0.5240924897066107,0.987210179344509,CALI
84870,1160.1649999999997 px,449.832097734101,244.34854629444325,1.8409444400460944,0.839603693319461,87068,328.72456580193887,0.7551249199231262,0.9747553636238342,0.7923636561095453,0.730771697835245,0.005300248588831166,9.324013172845281E-4,0.5340272743570067,0.9831145415605019,CALI
63732,1018.8909999999998 px,341.2361727717172,238.5801588544799,1.430278923486892,0.7149610092803278,65059,284.86154999413554,0.7671067993885485,0.979603129467099,0.7714574179137926,0.8347929461297307,0.005354236063072196,0.0016039556672786596,0.6968792629079554,0.9967317219523293,BARBUNYA
88499,1153.301 px,455.65064222936746,250.07159779809695,1.8220807410414162,0.8359385176897792,90225,335.67905277141904,0.7274528177812849,0.980870047104461,0.8361089845074479,0.7367026876754481,0.005148653004320585,9.354970087296277E-4,0.542730850028229,0.9888994294054732,CALI
82038,1107.55 px,421.65572531269436,250.3074429109483,1.6845512878444708,0.8047381876546684,83311,323.1934803967792,0.707712215320911,0.9847199049345224,0.8404236115911969,0.7664866406286862,0.0051397611510847945,0.0010943117421553677,0.5875017702622487,0.9896768637061776,CALI
188247,1691.965 px,664.188712816929,368.01324415058303,1.8047956788890929,0.8324638635530661,194252,489.5748406298675,0.7275471318920005,0.9690865473714556,0.8263331541169217,0.737102018119976,0.0035282831217333024,6.42471091384506E-4,0.5433193851165414,0.9805804785150128,BOMBAY
63640,977.0299999999999 px,380.13754652853373,214.57404403862827,1.771591471986706,0.8254575357437518,64680,284.65587052956727,0.7569702160053288,0.9839208410636983,0.8377689050103394,0.7488233486249445,0.00597324868838048,0.0011585315593786428,0.5607364074458752,0.9933958374635752,CALI
63211,999.8859999999999 px,341.43709082098405,236.13357570118515,1.4459489287243719,0.7222928254518411,64474,283.69480936783873,0.7254625166414176,0.9804107081924497,0.7945139917688774,0.8308845670096818,0.005401545471848002,0.00158803682379213,0.6903691636948666,0.9982385526689328,BARBUNYA
72224,1079.9089999999999 px,377.8104375625952,243.83227988561296,1.5494685024469865,0.7638594822043628,73410,303.2465216271283,0.7145584961662133,0.9838441629205831,0.7782463279364185,0.8026419904740899,0.005231092677816172,0.0013392439159510825,0.6442341648722092,0.9982205466697269,BARBUNYA
80391,1097.037 px,396.48381217437117,259.69931300242723,1.5267033539309576,0.7556235949856935,81413,319.9328058214794,0.7417444016940239,0.9874467222679425,0.8394111704248527,0.8069252665497851,0.004931942781833429,0.0012898257700255421,0.6511283857964419,0.9940798904350783,BARBUNYA
53609,893.4559999999999 px,354.7254336862836,193.35432504701393,1.8345875304316697,0.8383829636497789,54085,261.26059548601535,0.7953857566765579,0.9911990385504299,0.8439199057367944,0.7365149794053735,0.006616900775733247,0.0012010489865726286,0.5424543148884976,0.9951799219232923,CALI
59678,971.509 px,347.2440928428692,219.32041956379373,1.5832729735493976,0.7752919568830663,60638,275.6526610622597,0.7642305574408688,0.9841683432830898,0.7945668970370307,0.7938296626027698,0.0058186281853089775,0.0014253110783878093,0.6301655332280274,0.9977240576222807,BARBUNYA
156250,1509.428 px,568.1211215528,352.35722724804333,1.612344171254557,0.7844318865795106,157716,446.0310290381928,0.7916202249468032,0.9907048111795886,0.8617972148187041,0.7850984800901115,0.00363597517793792,8.521130544875203E-4,0.6163796234398033,0.9938160931332456,BOMBAY
73191,1073.038 px,385.0103594937889,242.26257612373539,1.5892275466316563,0.7772138769695346,74320,305.2698404996984,0.6930965909090909,0.9848089343379979,0.7987986839965069,0.7928873417875476,0.00526035112915234,0.0012824499801210216,0.6286703367669234,0.9991002169401951,BARBUNYA
162230,1486.167 px,543.4072552903068,381.8371778381746,1.4231386748846304,0.7115137125443597,163470,454.48613987929866,0.7828348630051053,0.9924145103077017,0.9230087218909981,0.8363637685266027,0.003349610154042451,0.001011008647795832,0.6995043533040207,0.9954916984371145,BOMBAY
80784,1264.547 px,394.39575075976995,261.84845883159863,1.5061984802951078,0.7478008329576191,82343,320.71386527851485,0.696672042222548,0.9810670002307421,0.6348414372091337,0.8131777907360482,0.004882102282132228,0.0013168268457907993,0.6612581193463604,0.995985974442289,BARBUNYA
70612,1016.702 px,398.3628875775676,228.06934720835838,1.7466743885298772,0.8198931617163147,71873,299.8432769512088,0.7758878340365682,0.98245516396978,0.858422358596922,0.7526887827692647,0.005641574910462352,0.001116970999149695,0.5665404037066775,0.9895616132218304,CALI
190062,1654.4479999999999 px,631.5148943633628,384.65028953004054,1.6417897283658291,0.7931000375297561,191654,491.9293184507857,0.7637183361193263,0.9916933640831915,0.8725672642387103,0.7789670882532471,0.0033226783595003886,7.546481318312859E-4,0.6067897245817421,0.9962211370962347,BOMBAY
72848,1037.806 px,398.881551848076,235.12230308272711,1.6964853891709741,0.8078019871195211,74019,304.55369699753624,0.7863557858376511,0.9841797376349316,0.8499534529678117,0.7635191339045259,0.005475531954865968,0.001147851696952085,0.5829614678383175,0.9889856126373702,CALI
62646,954.4959999999999 px,374.7266240995584,215.07312849327386,1.742321910341661,0.8188926222510479,63615,282.4240862948467,0.7906254732697259,0.9847677434567319,0.8640820525353262,0.7536803315576837,0.005981652844548071,0.0011905556338437167,0.5680340421769,0.989698157504752,CALI
86784,1143.9730000000002 px,429.6761242718803,260.06834270296963,1.6521661952628501,0.7960232955631431,88254,332.4106205437731,0.6806054427103757,0.9833435311713916,0.8333318459163349,0.7736306528715525,0.004951098408368828,0.0010939966636050256,0.5985043870624648,0.9888287160211168,CALI
65563,1033.627 px,364.120052113853,230.64375048578225,1.5787119804761356,0.7738018271029469,66934,288.9245650190919,0.8144472049689441,0.9795171362835031,0.7711537788338023,0.7934871022394313,0.005553742997023519,0.0013580789849165882,0.6296217814203298,0.9939914494970014,BARBUNYA
63958,1016.1029999999998 px,381.8207997492616,213.89627832206983,1.785074535866131,0.8283569149658797,65090,285.36617669613815,0.7580207407407408,0.9826086956521739,0.7784473982887613,0.7473824812151031,0.005969867721774627,0.0011489896742405525,0.5585805732272439,0.9971079574974597,BARBUNYA
172941,1635.318 px,643.1323079877496,347.7146649728632,1.8495978823267112,0.8412424524574957,175771,469.2497417218722,0.721399073958203,0.9838995056067269,0.8126497306775733,0.7296317350158849,0.0037187960517618703,6.501251764510805E-4,0.5323624687422904,0.9846564948159604,BOMBAY
63320,993.072 px,341.4139113302988,236.59768486309034,1.443014590476071,0.7209436532557155,64491,283.93930332490163,0.7397628366142882,0.9818424276255602,0.8068434844059718,0.8316570997899564,0.005391881101236557,0.001591099235920826,0.6916535316310416,0.9980661376978957,BARBUNYA
68226,1011.2840000000001 px,385.8758433963868,227.5336848712244,1.6959064483783057,0.8076551145473307,69707,294.733848037685,0.7889222941720629,0.9787539271522229,0.8383270926464291,0.7638048690571252,0.005655847380710973,0.0011874275877820457,0.5833978779953723,0.989388223262572,CALI
73021,1081.3419999999999 px,378.71053941453596,246.23347176389888,1.5380140510615177,0.7597724068884034,74208,304.9151108031649,0.7093480731681254,0.9840044200086244,0.7847503119853415,0.8051402827989567,0.005186323652299147,0.0013443910154218549,0.6482508749855839,0.9970189543407513,BARBUNYA
97727,1184.262 px,452.1707560205335,277.52023232893123,1.6293253728780304,0.7894996947155881,99056,352.7461991125251,0.7616831899239307,0.9865833467937328,0.875646554131857,0.7801172331819411,0.004626876462190935,0.0010570782909183564,0.6085828975074472,0.9915795564085136,CALI
71433,1030.8459999999998 px,413.6810252479669,221.79435650095382,1.8651557766132243,0.8441238399940856,72292,301.58136613369675,0.6827722658714228,0.9881176340397277,0.8447363321839322,0.7290190937641488,0.005791175300602899,0.0010090253713243636,0.5314688390727008,0.9912721752863722,CALI
69517,1018.4199999999998 px,390.3069197344913,227.78927476137608,1.713456088498297,0.8120299435529752,70244,297.50931654547276,0.7927766627132561,0.98965036159672,0.8422616890161122,0.762244535013254,0.00561455355861863,0.001169155478628887,0.5810167311575717,0.9955466555213194,CALI
185896,1652.6830000000002 px,618.1100834169033,387.6740194187152,1.5944067759395064,0.7788642665908889,187616,486.50810723778056,0.8066932243254268,0.990832338393314,0.8552651764057185,0.7870897438662884,0.0033250316489698718,7.871772962644855E-4,0.6195102648994995,0.9877513641198405,BOMBAY
139639,1379.1829999999998 px,473.78059792446135,376.55024111310007,1.2582135029948296,0.606900692502982,140541,421.65613571638363,0.7839162409476226,0.993581944059029,0.9225136551891111,0.8899818556597197,0.0033928959525953446,0.0013130308042684827,0.7920677034035184,0.9965902797084105,BOMBAY
159689,1538.9689999999998 px,566.5970991972476,362.48103433933414,1.5631082609051254,0.7685822778156777,161935,450.91279606949877,0.7797619047619048,0.9861302374409485,0.8472764234068172,0.795826164144416,0.003548128544841834,8.779139723835823E-4,0.6333392835368151,0.9899778660521291,BOMBAY
74894,1116.179 px,385.6530932107398,249.14620370742088,1.5478987336432495,0.7633060152498291,76098,308.80091072306647,0.7904963955120695,0.9841782964072643,0.7554212470351246,0.8007219860526892,0.005149318946921513,0.0013057395811694507,0.641155698948163,0.9924440944700141,BARBUNYA
62719,964.6220000000001 px,363.7687767821923,221.9326844491967,1.6390951052793836,0.7923300236589822,63475,282.5885896603836,0.7971808429508364,0.9880897991335171,0.847021948431762,0.7768357475869471,0.005799977308027747,0.001302935347186329,0.603473778728971,0.9891509168791102,CALI
64595,1013.2359999999999 px,374.3757954924812,220.2918279119093,1.699453851924944,0.8085522888701397,65684,286.7837310451342,0.6809293402064029,0.9834206199378844,0.7906559491908592,0.7660317106448561,0.005795739538547584,0.0012310497801940152,0.5868045817134844,0.9972473067201867,BARBUNYA
68894,1040.782 px,369.55645125847684,238.5738340814513,1.5490233984851283,0.7637027596686936,70189,296.1732013450648,0.7831978627863355,0.981549815498155,0.7992298936589954,0.8014288489254758,0.00536413114724761,0.0013650200689167332,0.6422881998900132,0.9949194502005235,BARBUNYA
62434,947.305 px,361.6383841989758,220.69043033703056,1.6386681726375474,0.792207606007139,63123,281.9458063812887,0.7868773946360154,0.9890848026868178,0.8742816534224315,0.7796346259144888,0.005792330848559692,0.0013200719400015095,0.6078301499248251,0.9960319210513194,BARBUNYA
184936,1622.1709999999998 px,621.6169728010599,380.3633655116274,1.6342714077233012,0.7909401894666335,186576,485.25027402892005,0.7493628211725711,0.9912100162936284,0.8831572891730107,0.780625843986113,0.0033612545572579695,7.69932882235525E-4,0.6093767082990315,0.9958869309056495,BOMBAY
72823,1032.663 px,399.9634503246533,233.1080841119854,1.7157854127980838,0.8125987990973507,73910,304.5014340955536,0.7535024729424912,0.9852929238262752,,0.7613231505238479,0.005492268243887965,0.001138171344940862,0.5796129395235575,0.9944914267035379,CALI
73281,1031.646 px,395.54978027876757,238.01710399817009,1.6618544366534627,0.7986939828170645,74217,305.4574717988373,0.8050556983718937,0.9873883342091434,0.8652465053484573,0.7722352205165255,0.005397712644188365,0.0011840988090531903,0.5963472358062066,0.9910422996105731,CALI
70954,1014.5009999999999 px,382.21369847495174,239.62982058953952,1.5950172542575296,0.7790575113943224,72407,300.56852572606255,0.7417078703364938,0.9799328794177359,0.8663268781020582,0.7863886797499494,0.005386781555302756,0.0012707442098714766,0.6184071556388685,0.9863700834003167,CALI
69728,1007.0229999999999 px,340.83792270991387,261.4609765341393,1.3035900317820859,0.6415127882157312,70842,297.96047888150105,0.7943495101389838,0.9842748651929646,0.8640488430740978,0.8741999027352784,0.004888106968648375,0.0017610167194486038,0.7642254699423702,0.9962367046508538,BARBUNYA
59516,939.011 px,353.4800426644492,216.64193786408416,1.6316325737734763,0.7901736063538347,60643,275.2782678390322,0.7601021711366539,0.9814158270534109,0.8482077563149086,0.7787660818530222,0.005939243945568404,0.0013475318499999989,0.606476610244708,0.9895469925069864,CALI
68389,1030.293 px,344.67791544848046,253.65376497090708,1.358851959039573,0.6770735661057851,69587,295.0857150471588,0.7920068558987365,0.9827841407159383,0.8096076797417866,0.8561201684860071,0.00503996133074735,0.0016701130909212649,0.7329417428885096,0.9959593231859301,BARBUNYA
48638,874.6659999999999 px,964.1973924,204.6563236399567,1.4834968722844202,0.7386556229052619,49543,248.8530188220124,0.776865576284181,0.9817330399854671,0.7989159329700005,0.8196550333055274,0.006242177227951474,0.0017379620869106404,0.6718343736230851,0.9966641919630094,BARBUNYA
87987,1147.724 px,446.7212127262178,253.88403215350516,1.759548282485596,0.8228023114785227,89765,334.70662948709685,0.7522828317373461,0.9801927254497855,0.8393700092898858,0.7492517031919607,0.005077127447534497,9.869809799147296E-4,0.561378114736054,0.9877718976088258,CALI
166007,1524.336 px,569.0053538326617,373.5564915030526,1.5232109915777277,0.7543191763218451,167703,459.74631820477924,0.7745175798745895,0.989886883359272,0.8977901834669733,0.807982411954573,0.0034275985580888863,9.011090326830866E-4,0.6528355780279294,0.9944063281451412,BOMBAY
78563,1162.569 px,376.707710429596,267.25328963688605,1.4095531282006832,0.7047611040536642,81224,316.27443518727307,0.7127576571345623,0.9672387471683246,0.7304499210874873,0.8395751571598972,0.004794976139271616,0.0014696182307988204,0.704886444520066,0.9935748928995164,BARBUNYA
70002,1048.285 px,382.0247491750567,234.11210309072325,1.631802645534367,0.790223146932604,71186,298.54533091400185,0.7057506956486672,0.9833675160846234,0.8005004295615061,0.7814816489211234,0.005457340492772445,0.0012555556031149313,0.6107135676004778,0.9965640152741914,BARBUNYA
76545,1104.3899999999999 px,393.1787015735836,248.45801206486792,1.5824754384291368,0.7750325281616046,78024,312.18603580517987,0.7107110360067594,0.9810442940633651,0.7886453742144164,0.7940054600001116,0.005136569358855361,0.001259351242477174,0.6304446705099888,0.9976632063706071,BARBUNYA
74864,1038.26 px,365.5093152884411,261.72179220324335,1.3965566726847118,0.6980522294845326,75820,308.73905693490286,0.7870396652684476,0.9873911896597204,0.8727113947227692,0.84468177422855,0.004882310794085823,0.0015331253988984618,0.7134872997138912,0.9964254492912316,BARBUNYA
157916,1508.395 px,574.5180542461076,350.8609194323217,1.637452399017975,0.7918583692701843,159638,448.40260474979175,0.7683205698327285,0.9892130946265927,0.8721794114320983,0.7804847931858179,0.003638124409471539,8.327508639983293E-4,0.6091565123943088,0.9974647925974839,BOMBAY
158935,1504.2659999999998 px,546.7005455398554,372.92060266675577,1.4659971630164679,0.731231333546274,160484,449.84700403857653,0.7063777777777778,0.9903479474589367,0.8826329397372932,0.8228398667397743,0.0034397744080275293,9.726823255607018E-4,0.6770654462963296,0.9925760234468979,BOMBAY
164968,1551.4969999999998 px,575.8143384970468,367.2202006381924,1.568035575102727,0.7702511831927992,166784,458.3053362288839,0.7862583049748825,0.9891116653875671,0.8612072811266647,0.7959255363892512,0.003490460807532654,8.640766787580749E-4,0.6334974594765174,0.9933465531963774,BOMBAY
75410,1045.854 px,410.1314888257029,235.94572851387824,1.738245025281647,0.8179474881947885,76328,309.8628633258245,0.75946180031019,0.9879729588093491,0.8663565861265002,0.7555207824032979,0.005438688354670506,0.0010930992519387545,0.5708116526432917,0.9922105155799973,CALI
83551,1112.709 px,427.68312707434296,252.40098736402012,1.6944590096136423,0.8072871348990537,85539,326.16014042517145,0.8008492446898244,0.9767591391061388,0.8480048080577771,0.7626210149003048,0.005118827148380546,0.0010680345493333419,0.581590812367571,0.9854817919247479,CALI
59397,965.459 px,384.13325987579117,197.17416719076834,1.9481926326796029,0.8582114805305929,60021,275.00292587286134,0.6739090970977331,0.9896036387264457,0.8007679887634946,0.7159050116144149,0.006467216523996013,0.0010478974290531243,0.5125199856546355,0.9984876601534167,CALI
76098,1073.5749999999998 px,385.8250106362273,251.6534766230877,1.5331598665497244,0.7580058937949244,77155,311.2731643994651,0.714052471568517,0.9863003045816863,0.8296947222654407,0.806772904343796,0.0050701071071017284,0.0013249580018441843,0.6508825191833237,0.9979069562506531,BARBUNYA
64510,989.333 px,348.66112686270156,236.3516490286895,1.4751795821842537,0.7351692777583754,65406,286.59498081938796,0.7859405458089669,0.9863009509830902,0.828231825838377,0.8219871925448273,0.005404760918659147,0.0015220063120432968,0.6756629447077271,0.9967241804713274,BARBUNYA
66601,983.216 px,373.38376246531817,228.8883614262201,1.631292041844053,0.7900743561353726,67832,291.2027247793306,0.7508991487682507,0.9818522231395211,0.8657504770931683,0.7799019508953045,0.005606278621421873,0.0012794239234508072,0.608247053010302,0.9922285770508034,CALI
176920,1640.2039999999997 px,627.0168971130382,362.91344899188664,1.7277312231188653,0.8154739833294445,180242,474.61725659160874,0.7178825467544746,0.981569223599383,0.8264014325454933,0.7569449225003023,0.003544070184902997,7.176938043166436E-4,0.5729656156989887,0.9899305840166676,BOMBAY
146862,1422.934 px,534.4641251022721,352.756695637686,1.5151069610063945,0.7512485478142091,148492,432.42398871812776,0.8194143772178454,0.9890229776688306,0.9114855518369783,0.8090795404375953,0.00363922679183364,9.619527937208475E-4,0.6546097027547104,0.9918037173859885,BOMBAY
66678,993.9119999999999 px,389.5368350987029,222.08112296900688,1.7540294730636143,0.8215643128529233,68362,291.3710115365823,0.7161668671593058,0.9753664316433106,0.8481966650741276,0.7479934765675065,0.005842059376386558,0.0011280723919003016,0.5594942409875451,0.9813693887015104,CALI
74945,1082.572 px,388.6936408591952,246.45536368403717,1.5771360584284608,0.7732832749062817,76519,308.9060337387031,0.7325715514544886,0.9794299455037311,0.8035981858281507,0.7947288076436648,0.005186385227289282,0.001276204752053929,0.6315938776987212,0.9961094788013085,BARBUNYA
58910,993.443 px,358.49945895543215,209.88839024633657,1.708048065615623,0.8106986814745183,60140,273.87322172923086,0.7612094585863807,0.9795477219820419,0.7500893146372865,0.7639431940210492,0.006085545051017351,0.0012785670529500196,0.5836092036910823,0.9968325714400272,BARBUNYA
80217,1194.35 px,398.653515193065,257.7597308649008,1.5466089829291862,0.762849713273959,81872,319.5863835647891,0.7510111223458038,0.9797855188587062,0.7066641380542489,0.8016645316924291,0.004969688659424623,0.0012661338571675642,0.6426660213736418,0.9939530416798349,BARBUNYA
73422,1057.58 px,415.71002744850387,226.24035207833376,1.837470741313945,0.8389384225745092,74671,305.7511959969169,0.7382953905558683,0.9832732921750077,0.824915788690774,0.7354915104490519,0.005661927316723923,0.001022008974215397,0.5409477619426278,0.99397568514884,CALI
174621,1591.3120000000001 px,590.5548665695671,379.99376027975956,1.5541172732278234,0.7654863905633522,177034,471.52344855924065,0.76636559932589,0.9863698498593491,0.866554056106034,0.7984413900409292,0.003381923517615677,8.478435346477096E-4,0.6375086533304911,0.9907632099731247,BOMBAY
203657,1685.9379999999999 px,605.762137529023,432.3898212991784,1.4009629914712658,0.700354969758879,206515,509.2191531768312,0.8073553430696288,0.9861608115633247,0.9003803473530615,0.8406255882118973,0.0029744233565702285,9.162056544668647E-4,0.7066513795565982,0.9899924306309088,BOMBAY
78844,1086.074 px,411.13037249890425,246.75185359991002,1.6661693377409108,0.7998656497822235,80130,316.83954719242223,0.6804639762488349,0.9839510794958193,0.839962077787328,0.7706546837360372,0.005214478875994423,0.0011345665207736781,0.5939086415642917,0.9895523679937798,CALI
81641,1118.031 px,433.6838380708376,242.09493379060837,1.7913792382203977,0.8296868591957889,83249,322.4105297159561,0.6737390242292203,0.980684452666098,0.8207492387408551,0.7434229764017487,0.005312083855793506,0.00100089519041408,0.552677721842035,0.9900553963347695,CALI
52596,887.9419999999999 px,312.68668071727944,214.51495934712318,1.4576451062850915,0.7275656670636472,53574,258.78042254948616,0.7529202931745305,0.9817448762459402,0.838288258372078,0.827602960112863,0.00594506579810783,0.0017203807314978546,0.6849266595875733,0.9983799935120211,BARBUNYA
59039,930.334 px,349.79416725788093,217.0338862580438,1.611703007713694,0.7842367433631555,60458,274.1729189428074,0.763616374571558,0.9765291607396871,0.8571781081626492,0.783812151849511,0.005924798307184758,0.0013794351953013274,0.6143614893869611,0.9901682602684299,CALI
76848,1094.6109999999999 px,368.2968728330901,266.48826288942587,1.382037876039245,0.6902518779740942,78146,312.8033128561905,0.7900483191117508,0.9833900647505951,0.8059773125191628,0.8493238360944515,0.004792536862808272,0.001538290915604147,0.7213509785581949,0.9969343742853986,BARBUNYA
66372,1013.706 px,934.6106051,218.05619899450986,1.8011227863451988,0.8317107117569115,67804,290.7016598906209,0.7489252225720185,0.9788803020470769,0.8116536284194198,0.7401772856887765,0.005917344493353142,0.0010955939622867747,0.5478624142496047,0.9867674780870557,CALI
70853,1087.6319999999998 px,370.81916382871765,244.15488918543087,1.5187865582617424,0.7526503989201776,72371,300.35452629038315,0.7266974358974359,0.9790247474817261,0.7526692161756371,0.8099757390886025,0.005233640972558927,0.0013895421744045504,0.6560606979121281,0.9964161693927576,BARBUNYA
82691,1103.441 px,436.4676804603554,243.49353288379888,1.792522681366854,0.8299263337760638,83931,324.4771967237379,0.7210208743874579,0.9852259594190466,0.8534338696893662,0.7434163198097559,0.0052782972809659505,9.94493553153946E-4,0.5526678245594815,0.9906696107845477,CALI
168532,1539.35 px,573.7944065197521,376.7821062172802,1.5228812543153525,0.7541954365400169,169925,463.2295402425308,0.7887305487305487,0.9918022657054583,0.8937529466046816,0.8073092643969243,0.0034046614679690036,8.920998034483303E-4,0.6517482483811029,0.992535189992448,BOMBAY
75228,1069.108 px,412.70232221413943,235.90497584883371,1.749443057439349,0.8205251061801233,77009,309.48871461062487,0.7688565471566984,0.9768728330454882,0.8270775283898945,0.7499078584056041,0.005486020128331731,0.0010702094416407527,0.5623617960984796,0.983819939953608,CALI
151014,1456.7669999999998 px,532.7407510810539,362.55235825967935,1.4694174205301307,0.7327092441873482,152434,438.494009775089,,0.990684492960888,0.8942251607692554,0.8230907977009146,0.003527757367403379,9.987791212426357E-4,0.6774784612599279,0.9954986530092854,BOMBAY
72984,1094.5169999999998 px,402.66288800147345,231.48339223794525,1.7394893176075898,0.8182367699836341,74271,304.83785023016924,0.6753775540420491,0.9826715676374359,0.7655833910550345,0.7570547455792692,0.005517139208613853,0.0011178997257482522,0.5731318878040922,0.99695679641549,BARBUNYA
191042,1677.6039999999998 px,629.0483911808736,389.46102041155683,1.61517676535674,0.785290652693854,193440,493.1959337882815,0.7752509881262529,0.9876033912324235,0.8530211791577565,0.784034965676385,0.0032927230199687693,7.674970028246298E-4,0.6147108274031703,0.9928666458348179,BOMBAY
149462,1505.8179999999998 px,564.9686078542684,341.4807662329075,1.6544668506129878,0.7966625648470164,152402,436.23494682935126,0.7981352529049898,0.9807089145811735,0.8283153029856171,0.7721401521513855,0.003780015039637288,8.288154494000381E-4,0.5962004145643647,0.9863938222184623,BOMBAY
169361,1602.094 px,587.0730698453691,369.39068909615827,1.5893012119007273,0.7772374886658229,171156,464.3674434495725,0.7994722456937042,0.9895124915281965,0.8291770734684002,0.7909874720907971,0.0034664005871798647,8.37022114810193E-4,0.6256611810045896,0.9943640732098346,BOMBAY
75381,1063.5330000000001 px,411.6745688897264,235.34558376007593,1.7492343060467614,unknown,76665,309.80327648635557,0.767002442002442,0.9832518098219527,0.8374710795704158,0.7525441207648202,0.005461251096293846,0.0010804378159771236,0.5663226536976965,0.9906310141394505,CALI
64531,980.585 px,386.037346258396,215.9650234928445,1.787499383071104,0.8288703423433063,65443,286.64162478834925,0.7641507199696855,0.9860642085478967,0.8433498423267389,0.7425230423081509,0.005982199969912073,0.0011217095844546874,0.5513404683585519,0.985520747053045,CALI
203686,1722.9319999999998 px,660.9976049508324,394.68475982952816,1.6747482351138407,0.8021633297188092,206087,509.25540734382616,0.7909613734238905,0.9883495805169661,0.8622531093326162,0.7704345727269414,0.0032451793689837905,7.052799243886042E-4,0.5935694308529449,0.9940793567384963,BOMBAY
78536,1162.368 px,383.62990824907564,261.35412043947065,1.46785483084788,0.7320356930594071,80172,316.2200829886058,0.7917174914563948,0.9795938731726788,0.7304514429985671,0.8242842285990295,0.0048847650535942195,0.0013910136898158038,0.6794444895170972,0.997325876230643,BARBUNYA
63685,1062.512 px,369.6487794557639,221.3831020352487,1.669724455287957,0.8008229131644192,65204,284.75649317699293,0.8092327632214288,0.9767038831973499,0.7088907832323643,0.7703433881108485,0.005804330367523968,0.0012608671312756507,0.5934289356061014,0.9908628062570098,BARBUNYA
72849,1035.1979999999999 px,404.1446681665411,231.20327942265092,1.7480057773218038,0.8201974847664497,73725,304.5557873270706,,0.988118006103764,0.8542531916097891,0.7535811092318268,0.0055477037181916175,0.0011036034103099222,0.5678844881910704,0.9926653662094268,CALI
76075,1119.386 px,405.83480557607436,239.85527456943288,1.691998670050485,0.806659091764199,77227,311.2261209566567,0.6781511855945801,0.9850829373146698,0.7629429831969794,0.7668788302050078,0.005334667178127826,0.0011381358125721617,0.5881031402166013,0.9950697310990032,BARBUNYA
162310,1574.4299999999998 px,595.509951244094,352.59592025216614,1.6889303506920983,0.8058713113365213,165976,454.59818577064766,0.796883361727407,0.977912469272666,0.8228268007461627,0.763376304326965,0.00366896649155378,7.685607620911398E-4,0.5827433820078952,0.9842129845380936,BOMBAY
77724,1121.6660000000002 px,401.7467361003612,247.3877495771615,1.6239556598377738,0.7879178566795523,79022,314.58110301636964,,0.9835741945281061,0.7763148533981168,0.7830333758773425,0.005168889096036761,0.0011986656824119284,0.6131412677378676,0.9957142320230178,BARBUNYA
75515,1109.067 px,396.89851365527227,243.92471744930862,1.6271352809407436,0.7888567996169146,76863,310.07851299417024,0.7923508735113582,0.9824623030586889,0.7714850673928708,0.7812539032672975,0.005255889739194494,0.0012077993989975642,0.6103576613703879,0.9931344848082415,BARBUNYA
82124,1107.831 px,437.31675396554084,240.8695710371208,1.8155749274703745,0.8346440486498472,82957,323.3628370295982,0.7271407194907076,0.9899586532782044,0.8408778855199455,0.739424762708904,0.0053250785880563645,9.81932753793459E-4,0.5467489797071191,0.9926637391762542,CALI
67889,1009.0169999999999 px,381.72575585920254,229.9273035024978,1.660201942285013,0.7982423852658198,69235,294.00503303944555,0.7610191911039369,0.9805589658409763,0.8379388163289881,0.7701996224427877,0.005622792438527634,0.0012205203374370257,0.5932074584110126,0.9848441746319192,CALI
75126,1080.13 px,421.56663585876623,232.7284480133908,1.811409990730957,0.8338069457754849,77577,309.27882895176293,,0.9684055841293167,0.8091854645238977,0.7336416182977485,0.005611461223261803,0.0010027474578277087,0.5382300240985394,0.9749552429634579,CALI
54614,925.529 px,339.95229289380563,205.37060380373535,1.6553113571145983,0.7968964260693058,55585,263.6981313854275,0.769753347427766,0.9825312584330305,0.8011868038709564,0.7756915805471609,0.006224636409964581,0.0013901128624635248,0.6016974281317528,0.995996586333135,BARBUNYA
79501,1086.552 px,418.22828974520326,243.72560097424468,1.7159801353383426,0.8126462303435641,80789,318.15690633080743,0.7334040590405904,0.9840572355147359,0.8462163737393192,0.7607254557663657,0.005260667032429822,0.0010867568180806357,0.5787032190509448,0.993043228147775,CALI
77809,1075.4099999999999 px,410.58568755934465,243.1165010699782,1.6888433559726266,0.8058489018672871,78761,314.75307105141684,0.7658969210174029,0.9879127994819771,0.8454570631564464,0.7665953309829474,0.0052768405654788604,0.0011241348571026548,0.5876684014848548,0.9924798753627512,CALI
68551,991.1890000000001 px,381.21391959524027,230.85431304920897,1.6513181606183835,0.7957868530308863,69514,295.4350081340059,0.7335109570279061,0.9861466754898294,0.8768205325692787,0.7749848390837579,0.005561026383207251,0.001237392685373396,0.6006015008096781,0.9917841655816784,CALI
76939,1075.9729999999997 px,411.3313285014247,240.8925726104257,1.7075301411083128,0.8105704074678883,78365,312.98846197963695,0.751636349426545,0.9818031008741147,0.8351291721669747,0.7609156908128696,0.005346200606992873,0.0011055316302917804,0.5789926885252267,0.9886474671381618,CALI
91678,1214.3669999999997 px,435.5938923997088,268.66102743303526,1.6213512490503752,0.7871438135830052,93416,341.6548770063589,0.6846495649901049,0.9813950500984842,0.7812231074038798,0.7843426709317821,0.004751345932499714,0.0011092253470690336,0.6151934254444019,0.9974446287518598,BARBUNYA
66252,984.959 px,375.209210063533,226.72074632370217,1.6549399035932308,0.7967936155067309,67161,290.438747962103,0.8131673908240665,0.9864653593603431,0.8581684648064575,0.774071478450446,0.005663364276754407,0.0012542338641106073,0.5991866537504594,0.9916179029921361,CALI
74185,1082.9909999999998 px,377.39517355127583,251.43902355480682,1.5009411356110123,0.7457296702594618,75436,307.3357701703107,0.7808618584480653,0.9834164059600191,0.7948336956437625,0.814360627027345,0.005087216735880243,0.0013801524979933782,0.6631832308523706,0.9953989916337374,BARBUNYA
66408,967.957 px,367.4426756985675,231.08046593916433,1.590107040009616,0.7774955172035306,67002,290.7804871148899,0.7988740120538453,0.991134592997224,0.8906726880330105,0.7913628610559988,0.005533108596834229,0.001338602451588645,0.6262551778587363,0.9958127671556509,CALI
92281,1169.006 px,456.33232509029,259.58578021134025,1.7579249707698539,0.8224395677408722,93747,342.7766305157129,0.7150018595425526,0.9843621662559868,0.8485719575384558,0.7511557075162077,0.004945030126356346,9.711103671850721E-4,0.5642348969341746,0.9918826147003404,CALI
64746,1018.798 px,374.78073468560746,220.60771215556244,1.6988559965724557,0.8084015484964319,65891,287.118734260624,0.7990373935579415,0.9826228164696241,0.7838746854004178,0.7660979012207751,0.005788477043919431,0.0012299321905151152,0.5869059942548766,0.9970687677642163,BARBUNYA
80355,1090.694 px,423.1654107172297,244.8939554423351,1.727953676736917,0.8155268647200559,81839,319.86116303357926,0.782637914913511,0.9818668361050354,0.8488225749038785,0.7558773825380518,0.005266198876451119,0.0010604310140258655,0.5713506174325766,0.9872674000985284,CALI
84614,1122.443 px,432.0825362191736,250.97300181617985,1.721629550160315,0.8140141456617448,85567,328.22841260046494,0.8088132676958372,0.9888625287786179,0.8439631773011713,0.7596428577570913,0.005106513534629892,0.0010489193223415815,0.5770572713413604,0.9934788504761651,CALI
82487,1101.453 px,430.1606150819936,245.74297793912123,1.7504492648760805,0.8207539088623543,83172,324.07670438735545,0.7711443716286331,0.9917640552108883,0.8544043142229111,0.7533853472977359,0.005214889801811117,0.0010363192740619632,0.5675894815229302,0.9935365906832087,CALI
48160,829.2339999999999 px,304.5282824438078,202.71551294303723,1.5022445890925962,0.7462457388706976,48950,247.62717232655513,0.754043432651208,0.9838610827374872,0.880120508644972,0.8131499982181386,0.0063232616786504945,0.0017053109435443824,0.6612129196021588,0.993303530710461,BARBUNYA
56376,921.455 px,350.69229282901745,205.398729729478,1.7073732310365282,0.8105315186067042,57032,267.9181826117622,0.6826503923278117,0.9884976855098891,0.8343645823777067,0.7639694059155946,0.006220595516337048,0.0013071204040844228,0.5836492531750264,0.9965071111855015,CALI
91870,1286.118 px,439.6443117651631,266.57931169915787,1.6492064180183414,0.7951961803875198,93731,342.01245149090613,0.7002286585365853,0.9801453094493817,0.6979462005851275,0.7779298909105249,0.0047855046453158055,0.0010811086466739677,0.6051749151720612,0.9980583541254685,BARBUNYA
67812,1029.053 px,387.4898407691983,225.07482058862394,1.721604574673527,0.8140081329007769,69284,293.83825484027915,0.8139035250909178,0.9787541135038392,0.8047128403529302,0.7583121515056672,0.005714178032932199,0.0011655357297270523,0.5750373191211542,0.9899868792069796,CALI
65908,990.132 px,361.10480993814593,233.02384082188473,1.5496474895637902,0.7639224570182885,66692,289.6837446499287,0.7180068196921334,0.988244467102501,0.8448153645418273,0.8022151372050375,0.005478922284671754,0.001399710798608467,0.6435491263608971,,BARBUNYA
76433,1076.228 px,417.3471389808505,236.44355061111165,1.7651026551672724,0.8240347299227166,77887,311.95755820743096,0.7505130546636424,0.9813319295903039,0.8292437299169807,0.7474774092598842,0.005460300380475063,0.0010514499000380962,0.5587224773538685,0.9862025282789494,CALI
61204,953.807 px,376.0897293031396,208.61218234746775,1.8028176737862731,0.8320589167719499,61712,279.1547117567083,0.7671500733257292,0.9917682136375421,0.8454124899105209,0.7422556108457331,0.006144855390221875,0.001150549707599206,0.5509433918319724,0.9932504840504356,CALI
64252,966.933 px,378.930744945132,217.74625576994185,1.7402400036925934,0.8184109453738467,65281,286.0213055496455,0.7467689446768945,0.9842373738147393,0.8635823350600819,0.7548115569008803,0.005897571203155263,0.0011808836776255034,0.5697404864311311,0.9914851862107313,CALI
75247,1045.398 px,401.2606549515754,240.5491435356373,1.6681026132696612,0.8003871114461685,76118,309.5277952344293,0.7617326692581795,0.988557240074621,0.8652382775645586,0.7713883517231048,0.005332580102217702,0.0011646876135956222,0.5950399891740886,0.9925877609412481,CALI
66882,1028.361 px,356.49777851095405,240.08747445555633,1.484866211031542,0.7392224379870087,68146,291.8163930127592,0.736456131078224,0.9814515892348781,0.7947452111745845,0.8185644079793125,0.00533024997026037,0.0014761781330617663,0.6700476900105227,0.9949311746763618,BARBUNYA
74232,1046.3029999999999 px,408.22388377188696,236.71187204705964,1.7245602438171321,0.8147175805485006,76425,307.4331112368682,0.7758604471294042,0.9713052011776251,0.8520912088374317,0.7530992758097906,0.0054992979277385355,0.0010911788287321891,0.5671585192252312,0.9780990341980283,CALI
146618,1460.1019999999999 px,551.0396700998214,340.38020188241467,1.6188945980183056,0.7864095557539135,148342,432.06461966930374,0.8156319537160659,0.9883782071159888,0.8642328366656796,0.7840898634231449,0.003758335743904714,8.762715159328085E-4,0.614796913922926,0.99529140282815,BOMBAY
83168,1154.625 px,400.25594045729065,265.05421632498593,1.5100908259709869,0.7493166889860886,84772,325.41171837617344,0.7133618101658862,0.9810786580474685,0.7839424982306945,0.8130090911440114,0.004812619522620367,0.0012970087290829688,0.6609837822828116,0.9981455457408778,BARBUNYA
155333,1491.9329999999998 px,564.3184251981274,352.08192752118754,1.6028042937937164,0.7814990035761477,156942,444.7202696104002,0.7419775495581562,0.9897478049215633,0.8769502447423593,0.7880661870189027,0.003632959031230501,8.643527914351702E-4,0.6210483151225121,0.9954189061317156,BOMBAY
73425,1034.6570000000002 px,404.74385297973555,231.92694393396113,1.745135110713925,0.8195403104034171,74120,305.7574423823226,0.745030592676022,0.9906233135456017,,0.7554344312614701,0.005512343928903447,0.0011073965603355222,0.5706811799353408,0.9959157641288143,CALI
76856,1086.973 px,423.9872826538782,235.67742082966836,1.7990152860689501,0.831276159881666,78926,312.8195940956475,0.7510162601626016,0.9737729011985911,0.8174291647786942,0.7378041910540455,0.005516645189105316,0.001008368538023826,0.5443550243369143,0.9793030098305444,CALI
140867,1414.3359999999998 px,500.30777555712854,360.1775879144642,1.389058598715317,0.6940653171641782,142672,423.5061215002779,0.8137615102884938,0.9873486037905125,0.8849402280201298,0.8464911844087842,0.003551632217319376,0.0011248574992403,0.7165473252817863,0.9953262235691266,BOMBAY
62185,981.28 px,347.5787654837853,230.0615340840176,1.510807823079415,0.7495943105039167,63550,281.3830149269072,0.7585664271685961,0.9785208497246263,0.8115393971140122,0.8095517991015877,0.0055894309798791555,0.0014809006697501371,0.6553741154286175,0.9901443406333069,BARBUNYA
55387,883.8639999999999 px,328.45682284674575,215.23241418287515,1.5260564915081423,0.75538283311386,55945,265.5577501490899,0.8026403501144828,0.9900259183126284,0.8909366319665224,0.8085012448439719,0.00593021508380569,0.001563050391535263,0.6536742629142523,0.9975438522520949,BARBUNYA
77520,1081.174 px,421.98504377613585,235.70643229417652,1.7902992280222199,0.8294601843896715,78423,314.1679956772647,0.811014395714764,0.9884855208293485,0.8333595977565289,0.744500309456303,0.0054435635162040225,0.0010316267333981756,0.554280710780531,0.9923283286179918,CALI
73519,1073.069 px,362.1862058881657,259.14827267886767,1.3976022380707935,0.6986013015033279,75073,305.9530978587804,0.7698727682077595,0.9793001478560868,0.8023320813221584,0.8447397854606623,0.004926429982564585,0.0015474045642078242,0.7135853051401256,0.9973084195182698,BARBUNYA
78210,1053.7769999999998 px,399.7875310121217,250.34453235659393,1.5969493211965151,0.7796673262628473,78946,315.5630916215283,0.8036540002877166,0.9906771717376435,0.8850640878359349,0.7893269978246529,0.005111718846849785,0.0012239806486383303,0.6230371094948796,0.9949586890880868,CALI
162374,1557.8329999999999 px,580.9771110746996,357.4782703208088,1.6252095842170156,0.788288932680301,164508,454.68780260397057,0.7871533837502424,0.9870279864809006,0.8407842248859247,0.7826260173363504,0.0035780181006485,8.280173202384937E-4,0.6125034830117574,0.995446530957012,BOMBAY
68020,1007.3989999999999 px,396.92424904474905,221.09410392580136,1.795272881532634,0.8305001622263913,69372,294.2885553889002,0.7538846895573338,0.9805108689384766,0.842254734226903,0.7414224656143955,0.005835405013889283,0.0010877115300480702,0.5497072725177294,0.9868745591323488,CALI
96220,1184.057 px,467.1455145339471,264.2926466684935,1.767531259089078,0.8245693740572638,97317,350.0158696322459,0.7880813143971038,0.9887275604467873,0.8624421971397658,0.7492651834224355,0.004854973129639857,9.43862654970061E-4,0.5613983150890559,0.9922890707198461,CALI
171423,1547.307 px,565.2782103435726,387.56738685006803,1.4585288378824628,0.7279573918747829,173027,467.18576870141897,0.7682651369156994,0.990729770498246,0.899758534328615,0.8264705062971848,0.0032975633978146023,9.49035276509005E-4,0.6830534977791252,0.9962532243273388,BOMBAY
78477,1141.441 px,382.8720740508526,262.094354009954,1.4608177100843296,0.7289676861368197,80301,316.1012808455248,0.7542964244521337,0.9772854634437927,0.7569118776194607,0.8256054757431607,0.004878780713468311,0.0013982387053238779,0.6816244015770908,0.9957289974494474,BARBUNYA
74521,1037.1029999999998 px,405.06528446302156,236.45194771345342,1.713097685936188,0.8119421748109387,75533,308.03097914529485,0.7843242503657394,0.9866018826208413,0.8706523108142127,0.7604477375878776,0.005435585733726353,0.0011212529572678309,0.5782807616025216,,CALI
64382,990.697 px,362.7910489238453,226.50212422439537,1.6017114637054295,0.7811589701897779,65321,286.31051040634054,0.7862970200293112,0.9856248373417431,0.824313916713247,0.7891884633196695,0.005634976374201567,0.0013483255802569521,0.6228184306368614,0.997575420158086,BARBUNYA
56893,938.2750000000001 px,339.61345528829895,214.15951700272782,1.5857966997748374,0.776109749427963,58014,269.1438600797306,0.7164192260712982,0.9806770779467026,0.8120979407942474,0.7925005793756125,0.005969336390914505,0.0014524599624036352,0.6280571683106816,0.9959709847770085,BARBUNYA
198997,1716.7869999999998 px,653.6835728437379,392.2606567038151,1.6664520432323549,0.7999420383777329,201507,503.359563019978,0.7592986874236874,0.9875438570372245,0.8484447392088501,0.7700355094288186,0.0032848915955704756,7.124326517256238E-4,0.5929546857813002,0.9881305476644464,BOMBAY
75264,1045.212 px,404.77308666268806,240.56193103852223,1.682614888046729,0.8042337898731784,77076,309.5627579263166,0.7741935483870968,0.976490736416005,0.865741797242469,0.7647809800760946,0.005378043774748725,0.0011348864479422875,0.584889947486152,0.9841445335090689,CALI
68882,1003.4759999999999 px,356.958068501755,246.81824738744032,1.4462385673674438,0.7224254164397671,69727,296.14740640506625,0.7788557213930348,0.9878813085318456,0.8596103432447485,0.8296420015047515,0.005182167598236913,0.0015144472100987426,0.6883058506608102,0.9954544673703201,BARBUNYA
71694,1119.481 px,384.79615661431,238.59897241447143,1.6127318266311672,0.7845497361735757,73042,302.13181878154234,0.7578246392896781,0.9815448645984503,0.7188846681650154,0.7851736915459266,0.0053672016711901974,0.0012583186534854906,0.6164977258958582,0.9942455035979879,BARBUNYA
154772,1499.695 px,571.5532442773913,347.1984700542708,1.6461859529163578,0.7943466069683065,156330,443.91646828851776,0.7068247415147418,0.9900339026418473,0.8647615507111357,0.776684364463291,0.003692872381809315,8.289385019616397E-4,0.6032386020017463,0.9930429128721762,BOMBAY
169553,1587.35 px,625.2960706994332,348.7432744851719,1.792998220890479,0.8300257722115657,171550,464.630589316374,0.7815375112930287,0.9883590789857184,0.8456096876389952,0.7430569470821323,0.0036879092124552986,6.935030565633748E-4,0.5521336266070188,0.9899746102001928,BOMBAY
82415,1090.1129999999998 px,398.945244587111,264.78889810050293,1.50665397019662,0.7479789877442591,83412,323.9352359335866,0.7794707373359059,0.9880472833645039,0.8715114341615947,0.8119791884443789,0.004840687309192635,0.0012979751711604884,0.6593102024667921,0.9933523341377298,CALI
232697,1009.5819999999999 px,396.92471476083256,225.56006013269393,1.7597296016295043,0.8228427566602685,70818,297.6868695686246,0.74048855221721,0.9828009828009828,0.8580960560879736,0.7499832046185286,0.00570294130403495,0.0011129734786259377,0.562474807209878,0.9898035684180708,CALI
75281,1046.68 px,411.5999200479812,234.54856667407597,1.7548600952225484,0.8217515074919023,76360,309.5977166698873,0.8014755983306362,0.9858695652173913,0.8635100410637575,0.7521811875808837,0.00546751398158873,0.0010795916931503702,0.5657765389505885,0.9928586710175137,CALI
62738,1066.4759999999999 px,358.63331648603065,223.2364286885597,1.6065178904396695,0.7826482106656586,64416,282.6313899013955,0.6985091909104068,0.9739505712866369,0.6931677693564111,0.7880790124874091,0.005716365145303176,0.0013601248415094737,0.6210685299231299,0.9977577045105734,BARBUNYA
72327,1036.092 px,400.48674786344674,230.72818546569084,1.7357512999771711,0.8173655456885901,73037,303.46267736257136,0.674572603736278,0.9902788997357503,0.8466690314890677,0.7577346291269605,0.005537167971344681,0.0011259938078498576,0.5741617681781725,0.9966020355124544,BARBUNYA
85477,1117.4309999999998 px,414.71498327322666,263.45565001074044,1.574135848885077,0.7722907877309878,86390,329.8980093382309,0.7914830178895514,0.9894316471813868,0.860236180136442,0.795481288702039,0.004851772795877565,0.0011983952868424446,0.6327904806750568,0.9960981804638266,BARBUNYA
55544,924.1899999999999 px,357.6967018772121,198.22572114612973,1.804491868204743,0.8324017652982514,56205,265.93385883104446,0.7691370333444112,0.9882394804732675,0.8171927147136002,0.7434618698897945,0.00643988012885662,0.0012136468832150745,0.5527355519800297,0.9974068088156237,CALI
60595,956.0819999999999 px,327.7434485213424,236.18992537631124,1.3876267076132178,0.6932939497680038,61552,277.76239884697713,0.7384951006678692,0.984452170522485,0.8330218059962889,2.089646,0.0054087539982068215,0.0017212134561160294,0.7182553512839529,0.996670308327727,BARBUNYA
80421,1114.4709999999998 px,436.1660601474491,239.21367017862642,1.823332503622196,0.8361857659216756,82594,319.9924958919295,0.727344258736705,0.9736905828510546,0.8136577941825751,0.7336483168446295,0.005423534402052314,9.692010233913218E-4,0.5382398528089579,0.9813902183713995,CALI
69648,1038.597 px,400.3222293964111,224.72407899549802,1.7813944602012626,0.8275730877808889,71221,297.7895025210167,0.780710898880183,0.9779138175538113,0.8113801640818236,0.7438745107160576,0.005747792174885296,0.0010856242355731325,0.5533492876930541,0.9857333556527214,CALI
51734,878.392 px,319.93875913050493,206.31112795749533,1.5507586153880144,0.7643127919088194,52632,256.6510756013481,0.7465223665223665,0.982938136494908,0.8425761838205819,0.8021881321876935,0.006184303535982235,0.0015797031731191388,0.6435057994227804,0.9979221625070284,BARBUNYA
56546,951.015 px,315.49363734305547,229.12416172706904,1.3769549006309911,0.6874410334437523,57830,268.3218278422285,,0.9777969911810479,0.7856642988899083,0.8504825330295515,0.00557941564996738,0.0018006531848101521,0.723320538988362,0.9959797608870752,BARBUNYA
70518,1045.719 px,371.09996845348724,243.2863132985028,1.5253631140283757,0.7551243327415881,71865,299.6436320291726,0.8072115384615385,0.9812565226466291,0.81036346491583,0.807447204261159,0.005262485726388826,0.0013798352461136365,0.6519709876691621,0.9944924960071888,BARBUNYA
59938,957.732 px,347.3380320173276,220.19352800140314,1.5774216216523596,0.7733773797136775,60922,276.25247841845,0.749225,0.983848199336857,0.8211530580262711,0.7953418657150353,0.00579495532078694,0.0014303595815507286,0.6325686833590732,0.9978275183107674,BARBUNYA
57187,898.194 px,326.1756938520264,224.48361734539083,1.4530044450868413,0.7254933842090884,57817,269.83837726455766,0.6919177253478523,0.989103550858744,0.8907726601367337,0.8272792312567997,0.005703668558449061,0.001647944303717365,0.6843909264688414,0.9944230583363282,BARBUNYA
62838,982.2079999999999 px,350.09768014910594,229.61650066185794,1.5247061040472574,0.7548789833398756,63926,282.8565475856413,0.7076351351351351,0.9829803209961518,0.8185124388686299,0.8079360807680108,0.005571432575019987,0.0014643829203044851,0.6527607106067738,0.9952682399443734,BARBUNYA
79328,1104.444 px,391.25363092088054,260.39706146471667,1.502527058946457,0.7463573515004471,80574,317.8105514370959,0.8122459427635284,0.984535954526274,0.817238783633204,0.8122878008545912,0.004932100026735586,0.001324498169179728,0.6598114714171879,0.9913845896076017,BARBUNYA
164596,1550.9019999999998 px,583.9204221680142,360.6172304822606,1.6192249643399617,0.7865085320077041,166206,457.7883092710307,0.8160598127875615,0.9903132257559896,0.8599247103133822,0.7839909204944867,0.003547597889183298,8.267196929735103E-4,0.6146417634177925,0.9952432874520264,BOMBAY
74933,1081.712 px,373.0301534830213,256.0249979778013,1.4570067627355863,0.727282138467707,76038,308.8813021301871,0.7282118561710399,0.9854677924195797,0.8047475980263531,0.8280330671559131,0.004978182556190481,0.0014435814854872945,0.6856387603036289,0.9989803105560309,BARBUNYA
131249,1374.898 px,521.1492463878016,323.7902564005205,1.6095272667598524,0.783572436030554,132831,408.79263325914445,0.8149884503613919,0.9880901295631291,0.8724989374616893,0.7844060719507413,0.003970691177744604,9.272773696597789E-4,0.6152928857131915,0.9903306765987353,BOMBAY
80594,1114.614 px,446.80222107519404,233.08449751781004,1.91691093072826,0.8531457372506589,82168,320.33649162776584,0.7114708946132523,0.9808441242332782,0.8151989050620654,0.7169536687998138,0.0055438645690149896,9.035594677997728E-4,0.5140225632055131,0.9853354700496061,CALI
81029,1076.7519999999997 px,415.0172132671736,250.70244339287225,1.6554175047141682,0.7969257903549578,82216,321.1998242065918,0.7509360172004745,0.985562420939963,0.8782516391042189,0.7739433785841904,0.005121835556000612,0.001133553832234767,0.5989883532543115,0.9915758050971012,CALI
70718,1060.02 px,362.1831184834754,249.03968185350118,1.4543189092914575,0.7260829727408595,72065,300.0682491110668,0.7317522402268165,0.9813085409005758,0.7908820428900682,0.8284987173546505,0.00512151246476817,0.001488488070623976,0.686410124658301,0.9982592238196739,BARBUNYA
188980,1696.319 px,650.0019913953249,374.7298893591212,1.7345880589002003,0.8170930873906675,192822,490.52707281459095,0.645608712882111,1.862741,0.8252977396002297,0.7546547230749284,0.0034395279468479464,6.881320458261392E-4,0.5695037510592971,0.987854406086329,BOMBAY
66795,1067.697 px,363.0668916697189,234.76170913949377,1.5465336872887865,0.7628230306478666,68388,291.6265340989828,0.7819048064991923,0.9767064397262678,0.7363050401351431,0.803230866791001,0.005435539960621587,0.001395674079707517,0.645179825365823,0.9977923342873416,BARBUNYA
85130,1132.32 px,442.9890755766934,249.17110763915892,1.7778508903938213,0.8268130219973526,87434,329.22770606877,0.6937721056835037,0.973648695015669,0.8343612784704947,2.323234,0.005203677617487294,9.792725576424535E-4,0.5523402845393821,0.9819786666687172,CALI
69819,1001.884 px,383.37995898906985,234.0775761252729,1.6378329156309006,0.7919677746543087,71154,298.15484529664167,0.7517361671888627,0.9812378784045872,0.8740748135364463,0.777700655200764,0.005491054855971438,0.0012390402211128507,0.6048183090996977,0.9905913346197093,CALI
68859,1084.476 px,413.5414071229865,217.10722214410688,1.9047795970992374,0.8511052345049128,70948,296.0979598222834,0.7101794554455445,0.9705559000958448,0.7357507014566338,0.716005591513172,0.006005626092783609,9.736518826502699E-4,0.5126640070781272,0.9765119408495557,BARBUNYA
89600,1151.504 px,440.56654806496516,261.6907208114687,1.6835390521254476,0.8044747747775661,90899,337.76065965158017,0.7476635514018691,0.9857094137449257,0.8491550013336628,0.7666507162994467,0.004917037366796486,0.001047788082677874,0.5877533208024548,0.989505668587349,CALI
71260,1017.1709999999999 px,386.780096543098,236.44530487248127,1.6358121247182078,0.7913857129200457,72469,301.2159523627985,0.7966996109297437,0.9833170045122742,0.8655013358833665,0.7787783162964144,0.005427730796282599,0.0012315540183945029,0.6064956659334781,0.9921129639230273,CALI
61918,960.372 px,353.1381441571403,224.0962376757782,1.575832543284638,0.7728529172555758,62627,280.77828643061383,0.753920709136957,0.9886790042633369,0.843621821296101,0.7950947556253578,0.005703319618804553,0.0014059925802685175,0.6321756704229473,0.9962029945252641,CALI
67063,990.719 px,370.0897581639312,231.6978532478427,1.5972947223125689,0.7797760613821408,68087,292.21099156016396,0.7177119006849315,0.9849604182883663,0.8586019240648124,0.789567895663649,0.005518538660124528,0.0013230058891821575,0.6234174618627231,0.9957814216308248,BARBUNYA
70966,1038.1280000000002 px,361.02011915295645,251.01302727519916,1.4382525204843275,0.718731051820591,72074,300.59394127572756,0.7643985824922715,0.9846269112301246,0.8274816681075305,0.8326237938788458,0.005087226547261455,0.0015081901888389494,0.6932623821332028,0.9970863684600478,BARBUNYA
72067,1021.302 px,398.383650798026,231.5815869544385,1.7202734294950843,0.8136872208738914,72949,302.916744783825,0.7129487648763887,0.987909361334631,0.8682363073204666,0.7603643979290677,0.005527962185161391,0.001139808580759202,0.5781540176380336,0.9945829946985417,CALI
142592,1408.745 px,519.7756355353764,351.2923849138061,1.4796097434987376,0.7370356301604633,144325,426.0912732770718,0.804164293327769,0.9879923783128356,0.9029012395390229,0.8197599967112573,0.0036451949305387147,0.0010154239584773844,0.6720064522080406,0.9943072943810358,BOMBAY
65901,1054.483 px,347.05897627609147,242.85383346341956,1.4290858469333902,0.7143897399021717,67385,289.6683607810697,0.7716925454928687,0.9779772946501447,0.7447709072369357,0.8346372823696496,0.005266368890852816,0.0015764571134715207,0.6966193931213943,0.995528915409112,BARBUNYA
62326,949.778 px,358.03480163294927,222.5335143259517,1.60890283298418,0.7833811787320553,63269,281.70184214016734,0.7985393978219091,0.9850953863661509,0.8682302400398221,0.7868001681829884,0.0057445496523593565,0.0013579804778186262,0.6190545046527787,0.9959985463074736,CALI
66291,975.667 px,378.628405270273,226.05542280239914,1.6749361752814125,0.8022131976807761,67815,290.52422043616036,0.7740297043575732,0.977527095775271,0.8751070895830634,0.7673069859319668,0.005711611007078985,0.0012212792928838676,0.5887600106599992,0.9861354404135029,CALI
221428,1812.571 px,679.7200366979293,417.63820085507257,1.6275331981276386,0.7889738390028888,225247,530.9716432274115,0.8053391525731951,0.9830452791824087,0.8469394194245181,0.7811622646977784,0.003069711313374683,7.050863722859712E-4,0.610214483787762,0.9931443303429025,BOMBAY
231760,1506.502 px,559.4930681285684,354.490224650835,1.5783032343971028,0.773667513029982,157005,442.2958473819185,0.7639571192744485,0.9785930384382663,0.8507188267755527,0.7905296286535607,0.003641489860512408,8.772663570878842E-4,0.6249370937791364,0.9863402364063366,BOMBAY
73806,1033.627 px,392.50889817915805,240.17505061354024,1.634261748572438,0.7909373915976344,74622,306.54969880709945,0.6913911007025761,0.9890648870306344,0.8681081677258151,0.7810006352191713,0.005318116388629082,0.0012205150778708633,0.6099619922127492,0.9968375519563353,BARBUNYA
70124,1011.921 px,386.98870449012867,233.2943097276347,1.658800443705328,0.7978581211144883,71640,298.80537116157825,0.7886189833558255,0.9788386376326075,0.8605643038288227,0.772129438649288,0.005518634197851358,0.0012099622318040998,0.5961838700288646,0.9889500681338405,CALI
70583,1033.049 px,403.1133886215176,224.27762953153004,1.7973856307628129,0.8309389312844496,71255,299.7816985508654,0.7691293451018851,0.9905690828713775,0.8311284219246089,0.7436659436591672,0.005711196585884952,0.0010775028943025796,0.5530390357584797,0.994024416123213,CALI
73227,1070.181 px,397.3118861000446,235.1378813260356,1.6896974824279507,0.8060687444631968,74236,305.3449068550542,0.7949088145896657,0.9864082116493346,0.8034643905654123,0.7685269873304702,0.005425756703129237,0.001167552905442776,0.5906337302552489,0.9979923270493234,BARBUNYA
84382,1101.7859999999998 px,422.3634289976133,257.7041876375152,1.6389467042410137,0.7922874844892919,85894,327.7781250538884,0.7776856152768562,0.9823969078166112,0.8735045659001247,0.776057069694215,0.0050053735275012836,0.0011199300387788724,0.6022645754223717,0.9870795409696093,CALI
51332,889.637 px,330.8228042475382,198.61889902007712,1.66561594027413,0.7997159849546799,52283,255.65197497837832,0.7516876802999019,0.9818105311477918,0.8150277123936175,0.772776155984358,0.006444767479302155,0.001417757226474796,0.5971829872579607,0.9946775028373821,BARBUNYA
138659,1415.4389999999999 px,509.82752074251476,347.5854183385508,1.4667690122890567,0.7315660184012217,139826,420.173918792484,0.7107328299836488,0.991653912720095,0.8697123005325534,0.8241491518161693,0.0036768440616369276,0.0010463530346050494,0.6792218244393112,0.9962615245580196,BOMBAY
85311,1116.29 px,437.2934804162991,249.6000741816627,1.751976564309954,0.8211003288160804,85881,329.5775156179521,0.8164513350559862,0.9933629091417193,0.8603216028197508,0.7536758044144577,0.005125874511098206,0.0010202016583410844,0.5680272181597799,0.9951703741061118,CALI
60416,997.116 px,352.2230726365392,219.51921038343602,1.6045204974148197,0.7820313004538119,61537,277.35183492221495,0.7497083860720224,0.9817833173537871,0.763607986628165,0.7874323304436553,0.005829963463925768,0.0013826064043358146,0.6200496750279262,0.9948824129977054,BARBUNYA
77837,1082.476 px,416.2736196909338,240.6263901743237,1.729958295053843,0.8160023261813034,79765,314.80969877618264,0.7197932271726868,0.975828997680687,0.8347557140405737,0.7562566636096614,0.0053480172628818405,0.0010790695083610423,0.5719241412540166,0.9894049123039319,CALI
78992,1106.05 px,437.39566792735576,232.0272294860842,1.8851049029725562,0.8477009203449759,79915,317.13678140152706,0.6498724804607158,0.9884502283676406,0.8114157880856663,0.7250569785117266,0.00553721475500501,9.439732286991115E-4,0.5257076220885544,0.9910140159291775,CALI
168315,1604.5189999999998 px,633.0053488728705,345.1358936097402,1.8340756803134377,0.8382840417483671,171729,462.9312194830879,0.7864598908492823,0.9801198399804343,0.8215669442085548,0.7313227610278228,0.003760837411240059,6.635912975942164E-4,0.5348329807973581,0.9809241631099783,BOMBAY
72318,1038.3519999999999 px,399.2766927418781,232.7000453655287,1.715842779981793,0.812612774776603,73244,303.4437961075452,0.7522468170092369,0.9873573261973677,0.8428825512440745,0.7599837446652907,0.005521124654192291,0.0011361208453404884,0.577575292155478,0.9910283949408516,CALI
66547,1044.7029999999997 px,366.5646537864045,233.6356675699125,1.5689584454253531,0.7705616175550365,68580,291.08464745412266,0.7495382050819968,0.9703557888597258,0.7662185504243887,0.7940881491092601,0.005508357308164223,0.001351066498579577,0.6305759885557704,0.9893475227270168,BARBUNYA
76093,1064.213 px,419.91172616055144,233.45641022902132,1.7986729331981803,0.8312054033470696,77371,311.26293816889404,0.8030075981426762,0.983482183246953,0.8443012867061715,0.7412580282406402,0.005518401510790105,0.0010277102755955538,0.5494634644312018,0.9883050612537035,CALI
183612,1610.186 px,590.307164609308,396.92585229635273,1.4871975740410401,0.7401828749528937,185076,483.5101439348638,0.7979799735762464,0.9920897361084096,0.8899361174013551,0.8190822895650821,0.0032149705063356858,8.926205854299474E-4,0.670895797079177,0.9977546018504821,BOMBAY
103899,1240.06 px,488.42097329760753,273.38222560222727,1.7865864257329696,0.8286773191159731,105229,363.7146071557185,0.8254141012909633,0.9873608986115995,0.8490550195225032,0.7446744244008904,0.004700920829821341,8.917198892981817E-4,0.5545399983567975,0.9907336335902376,CALI
71965,1034.1850000000002 px,408.77242790792246,226.09308919111334,1.807982850649596,0.8331131515743003,72960,302.70230233162414,0.7339772356396866,0.9863623903508771,0.8455411045796152,0.7405154596185459,0.0056801560190081635,0.001053601902397575,0.5483631459340664,0.9914311637770539,CALI
71538,1047.2499999999998 px,413.0462106213892,223.86325810915068,1.8450826370980324,0.8403906464409673,73301,301.80293330460535,0.7874124950468895,0.9759484863780848,0.819682985395108,0.7306759523361107,0.005773801484824697,0.001015174891490319,0.5338873473222825,0.9850662747106701,CALI
163401,1564.022 px,572.7285070766676,367.59489988504737,1.5580425823529345,0.7668461325868928,166883,456.12346448003564,0.687674126945382,0.9791350826627038,0.8394191229143345,0.7964043326709722,0.003505048972017721,8.697777810380521E-4,0.6342598610970965,0.9882038718665337,BOMBAY
55796,900.322 px,330.20176873798385,215.517497300257,1.5321343875757327,0.7576300257218671,56573,266.53643960637567,0.7701311249137336,0.9862655330281229,0.8650021849944137,0.8071926465599073,0.0059180186525554495,0.0015497615433284668,0.6515599686603875,0.9982774335523463,BARBUNYA
78217,1171.758 px,400.52414016659503,249.430405472134,1.6057550778882128,0.7824129392195727,80156,315.57721316747546,0.6963764245014245,0.9758096711412745,0.7158716505004623,0.7879105939437595,0.005120678882680172,0.0012173488907524133,0.6208031040488077,0.9968577366951374,BARBUNYA
68774,1136.3049999999998 px,373.3326894445601,235.58363170135866,1.584714042942598,0.7757595075378183,70416,295.9151507605112,0.6868470987715969,0.9766814360372642,0.6693361987597369,0.7926312351612451,0.005428398660025011,0.0013217101572611696,0.628264274953241,0.9956192191975506,BARBUNYA
52104,906.358 px,316.91511091959944,209.60409120023368,1.5119700627257895,0.7500432737318803,53108,257.56722081600543,0.7741130326261366,0.9810951269111998,0.7970423253489775,0.8127325329127318,0.006082356650537376,0.0016369756636624004,0.660534170054745,,BARBUNYA
165855,1538.5919999999996 px,578.1032528705031,367.6221130386615,1.5725475491451355,0.7717625478037107,167630,459.53579261255635,0.784889498840566,0.9894112032452425,0.8804232296474118,0.7949026239357518,0.0034855943617648133,8.584447114298623E-4,0.6318701815399433,0.9936459053585298,BOMBAY
73151,1038.185 px,357.1029914377241,262.2102918970092,1.3618954040827154,0.678856702347474,74289,305.18641178290017,0.7964354150335337,0.9846814467821615,0.8528656672954501,0.8546173487771587,0.004881723987884295,0.0016063486130065837,0.7303708128308996,0.9946886532705593,BARBUNYA
75962,1055.876 px,412.9089482903541,236.67456758094565,1.744627454105875,0.8194237011570673,76866,310.9948911110477,0.8119501897279675,0.9882392735409674,0.8562102403924713,0.7531803134776307,0.005435730342675997,0.0010790299680563714,0.5672805846102622,0.9896932820922941,CALI
79790,1160.7910000000002 px,425.1604783492928,239.5172087124866,1.7750727834326512,0.8262134628530466,81401,318.7346596691653,0.6805291393383199,0.9802090883404381,0.7441324861193762,0.7496808285348366,0.005328493274210964,0.0010382209880134797,0.5620213446726791,0.9976287926366939,BARBUNYA
164498,1591.267 px,616.7934563131925,345.4119747346361,1.7856747925055179,0.8284842353727164,168989,457.65200603716875,0.7939092664092664,0.9734243057240413,0.8163649931884244,0.7419858322958348,0.0037495498809298135,7.010376606106797E-4,0.5505429753277429,0.9830907132337378,BOMBAY
79828,1120.981 px,352.0899634473451,289.49974648948586,1.2162012841698029,0.5691520154046741,81337,318.81054935042306,0.7303234069804675,0.9814475576920713,0.7983045589730712,0.9054803670883423,0.004410607348891931,0.001828918329482289,0.8198946951824394,0.9971569811648919,BARBUNYA
57391,921.48 px,362.56860775187346,203.70164233670184,1.7799002678268925,0.8272532347426118,58763,270.3192385160474,0.7493275884580233,0.9766519748821537,0.8493404909125978,0.745567136085434,0.0063175168188718345,0.001204129497443912,0.5558703544106361,0.9893937926925209,CALI
68841,991.351 px,371.98410572995766,236.20084646794226,1.574863559095857,0.7725321570413278,69365,296.05925673606856,0.8013712981933321,0.9924457579470914,0.8802421006325756,0.7958922227472621,0.005403525598552573,0.0013374391121910416,0.6334444302295774,0.9975885498807995,CALI
92169,1153.4560000000001 px,398.91140701767426,295.71321425216377,1.348980660287674,0.671173308782116,93378,342.56855605658734,0.7817888799355358,0.987052624815267,0.8705479048772186,0.8587584862957038,0.004328043127490526,0.0014519628669289934,0.7374661377848885,0.9948275574888595,BARBUNYA
248424,1884.5569999999998 px,715.0530398111042,446.04361762614036,1.6031011577222904,0.7815912270000326,251082,562.4084464704349,0.8075362771103136,0.9894138170000238,0.878991871923536,0.7865268940315344,0.0028783573238137386,6.794832862822593E-4,0.6186245550348927,0.9917177403718731,BOMBAY
74754,1036.3809999999999 px,352.3274101482656,271.14161809561153,1.2994220976583013,0.6385589945428606,75705,308.51215361332584,0.8179490546218487,0.987438082028928,0.8745918285103242,0.8756405114308264,0.004713157960085956,0.0017092088852486804,0.7667463052588394,0.9963270923511932,BARBUNYA
72360,1091.04 px,369.61125009040546,250.6756944916572,1.4744598627319514,0.7348640322357595,74162,303.5318985824,0.7436029185078614,0.9757018419136485,0.7638834062621497,0.8212193176158932,0.005107949835411905,0.0014330555098542503,0.6744011676255133,0.9943774530433822,BARBUNYA
74237,1065.145 px,369.03609067079634,257.7340379656367,1.431848480641891,0.7157096799398301,75569,307.44346485574266,0.7467309085056731,0.9823737246754621,0.8222669054872362,0.8330986389350243,0.004971053392119783,0.001477113577886861,0.69405334219539,,BARBUNYA
62741,957.314 px,365.75728053468885,221.40774527843664,1.6519624463666436,0.7959665274942853,63687,282.6381472417141,0.756845762262057,0.9851461051706,0.8603050655617774,0.7727478365667375,0.00582963740671473,0.0012822493790024625,0.5971392189185732,0.9864515649061928,CALI
65610,1081.364 px,342.2177384512853,246.04756493943228,1.3908600905500794,0.6950311988768658,68005,289.0281068167489,0.6900432263017848,0.9647820013234321,0.7050762520231464,0.8445737153332631,0.005215938705247451,0.0016370520460985563,0.7133047606318318,0.9921071239621921,BARBUNYA
72268,1077.446 px,395.01144275966743,233.36033896984583,1.692710271605792,0.806841071868554,73750,303.3388788449656,0.6869973572637222,0.9799050847457628,0.7822847669904457,0.767924282713812,0.005465924652123587,0.0011725112174287232,0.5897077039815228,0.9982042877745915,BARBUNYA
70027,1031.138 px,396.8699554545451,227.63280419887016,1.7434655644263901,0.819156367812797,71427,298.59863629824105,0.8012700955432233,0.9803995687905134,0.8276406275900219,0.7523840799595135,0.0056673848009274296,0.0011202652226712032,0.5660818037765237,0.986944131532746,CALI
70925,1050.316 px,382.77907754862287,236.64691346131474,1.617511388379873,0.7859943579533338,72151,300.5070959400816,0.7722753949847014,0.9830078585189395,0.8079216492890084,0.785066670478899,0.005396955622821612,0.0012646046370643111,0.6163296770968242,0.9969202717006028,BARBUNYA
55608,918.716 px,348.45015575572774,205.40623249387204,1.696395243343569,0.8077791294945894,56288,266.08702449317764,0.7594957455235806,0.9879192723138147,0.8279127667369051,0.7636300919885692,0.006266187522581782,0.0013143628836825869,0.5831309173904707,0.9892205145077662,CALI
75881,1164.144 px,372.02076393065,261.7787544559118,1.421126648355663,0.7105298579966808,77787,310.82903643972656,0.7984111952861953,0.9754971910473472,0.7036059467069715,0.8355152899413688,0.004902686626832145,0.0014737760849840528,0.6980857997258098,0.9920683328290227,BARBUNYA
171217,1599.366 px,602.4211212562407,362.68988294120425,1.6609813220345584,0.7984555757690652,173525,466.9049744122677,0.7864452712323733,0.9866993228641406,0.8411259436318574,0.7750474841231023,0.0035184655802650475,7.831524537011602E-4,0.6006986026455505,0.9977491591665186,BOMBAY
77164,1062.542 px,421.4478912966342,235.16115466941756,1.792166278010894,0.8298517477761865,77868,313.4457787719338,0.8123381408569323,0.990959058920224,0.8588797923210033,0.7437355489134869,0.0054617164908070375,0.0010308205711040393,0.5531425667176458,0.9913234550037558,CALI
71249,1039.665 px,400.0629090523436,228.21526963303867,1.7530067540863032,0.821333401604414,72111,301.1927029707652,0.8052554249547921,0.9880462065426912,0.8283269463384743,0.752863352626768,0.005614996828760314,0.001112740531533254,0.5668032277284174,0.9936098864458326,CALI
156974,1473.74 px,550.8549182303311,366.7417330391553,1.5020240910829719,0.7461585578680482,158564,447.06319944193285,0.6891897824960705,0.9899725032163669,0.9082300074001554,0.8115806624331537,0.0035092111956778263,9.39109061532794E-4,0.6586631716354366,0.9893279517055441,BOMBAY
168684,1534.945 px,583.5431610971287,368.641871635161,1.5829540971803988,0.7751882876424318,169806,463.43838788355265,0.7700215462148048,0.9933924596304018,0.8997008233402959,0.7941801374421642,0.003459386551760266,8.488968848930414E-4,0.6307220907076546,0.9984041176678691,BOMBAY
72095,1027.916 px,384.5683452827131,241.65052060517252,1.5914236158880488,0.7779160620940045,73760,302.9755847880841,0.7701387627786739,0.9774267895878525,0.8574321387835925,0.7878328741939316,0.005334188851969112,0.0012676067566525248,0.6206806376606712,0.9877658246976452,CALI
79161,1074.238 px,419.0171591338718,242.55320285039792,1.7275268032321693,0.8154253678564464,80292,317.47585042138275,0.7700486381322957,0.9859139142131221,0.8620255013973308,0.7576678985596205,0.005293227209533379,0.0010760088603700743,0.5740606445077514,,CALI
75820,1061.206 px,418.87296264714973,234.19254939008792,1.7885836408460838,0.8290991409081101,77566,310.70407509689994,0.7762080262080262,0.9774901374313488,0.8460465337898764,0.741762068225518,0.005524570860553281,0.0010316604808656188,0.5502109658581981,0.9840983325480961,CALI
65271,976.35 px,363.59627506550686,231.92635750705617,1.5677229572945142,0.7701458723259983,66871,288.28045081900507,0.796959706959707,0.9760733352275276,0.8604369839455072,0.7928586473199358,0.005570563880827732,0.0013578818718521658,0.6286248346299984,0.985509584774916,CALI
74848,1076.3139999999999 px,418.46199244417977,230.819733276246,1.812938549510248,0.8341149358409521,76416,308.70606318039404,0.6904351195033531,0.9794807370184254,0.8119178425462229,0.7377158947633063,0.005590823969166574,0.0010214383147768601,0.5442247413864258,0.9866460132566969,CALI
72568,1068.0469999999998 px,403.7838784765585,229.70711548606667,1.757820508181214,0.8224161847172582,73709,303.96783922372657,0.7979415904292751,0.9845202078443609,0.7994186741094084,0.7527983543339343,0.005564213957619867,0.0011022959916271787,0.5667053622878797,0.9961663079258999,BARBUNYA
170711,1565.4589999999998 px,592.6428156969814,368.87678582775374,1.6066145620063899,0.7826779977502184,172417,466.2145385134234,0.7933404591504787,0.9901053840398568,0.8753625748451874,0.7866703622571191,0.003471614692064257,8.201295010218816E-4,0.6188502588537469,0.9942538375758535,BOMBAY
85083,1129.571 px,375.3635054884186,289.25979772852565,1.297669114187456,0.6373040268633273,86711,329.1368107409164,0.760702024175667,0.9812249887557518,0.8379644426403206,0.8768481909626442,0.004411733313216724,0.0016087429462931457,0.7688627499944619,0.9977294437170449,BARBUNYA
65330,974.886 px,344.979939802369,242.12596808002243,1.4247952936975081,0.712319636300986,66249,288.4107131462841,,0.9861280924995094,0.8638032920256826,0.8360216924830698,0.0052805746181290225,0.001591223309242492,0.6989322703022567,0.9958354093399697,BARBUNYA
79935,1082.248 px,412.11371288868713,248.7814115936057,1.6565293614536252,0.7972329663417389,80637,319.0241417328871,0.7861428009441385,0.9912943189850812,0.8576167597232695,0.7741167831973023,0.005155610344513506,0.0011420517461886892,0.5992567940277391,0.9926864743575173,CALI
71540,1034.456 px,401.27638013670696,231.4388537202318,1.7338332509276009,0.816915951522433,72721,301.80715205301806,0.8225824997125446,0.983759849287001,0.8401072913271084,0.7521179092330287,0.005609119096123944,0.0011071797765096478,0.5656813493890621,0.9807971330003497,CALI
75409,1085.018 px,386.6434520586245,249.80176285620126,1.5478011349391332,0.7632715351418532,-76423.0,309.8608087979729,0.8231435089672637,0.9867317430616438,0.8049319380372598,0.8014122756978449,0.005127285231983245,0.0013046415408457081,0.6422616356391984,0.9940932885702155,BARBUNYA
81552,1115.057 px,427.5548742964399,245.76047180188672,1.7397218973484958,0.8182907615801084,83067,322.23474572466887,0.7233121651825309,0.9817617104265232,0.8242336546678511,0.7536687454561712,0.005242727024431527,0.0010434196961931126,0.5680165778774791,0.9881908785904076,CALI
69609,997.8799999999999 px,392.4624071903888,226.30166689410578,1.7342444383055968,0.8170124810735532,70137,297.70611594233316,0.8035670995670996,0.9924718764703366,0.878453185481372,0.7585595728100193,0.005638098625039704,0.0011515192563284606,0.5754126255017191,0.9979061455071778,CALI
60993,958.3470000000001 px,356.74694827525457,218.00966359164744,1.6363813530003655,0.7915499330138495,61892,278.67310518245523,0.7282746268656717,0.9854746978607898,0.8345344777955069,0.7811506350082075,0.005848981822098512,0.0013433809794171643,0.6101963145737259,0.9985138708379901,BARBUNYA
81233,1084.6249999999998 px,422.1094261247271,246.678379387605,1.7111731768817398,0.8114697777953962,82039,321.6038991328797,0.7522688546451326,0.9901754043808433,0.8677270487613263,0.7618969850672097,0.005196280158614444,0.001080083523160834,0.5804870158545041,0.9933138110583528,CALI
71133,1050.271 px,366.8312187811585,247.46039741004742,1.482383535387729,0.7381932953990841,72336,300.9474182239255,0.7213568603589899,0.9833692767086928,0.8103604582863655,0.8203975093064872,0.00515697663224043,0.0014410274675596727,0.6730520732762877,0.9977213118833441,BARBUNYA
76161,1088.4509999999998 px,430.8531802438778,228.57274788220474,1.8849717835387731,0.8476774756682821,77773,311.40198613139046,0.802370417193426,0.9792730124850526,0.8078388523054468,0.7227566150379259,0.00565713659542125,9.522362908278676E-4,0.5223771245810808,0.9846661402014557,CALI
74788,1058.364 px,415.3324880557399,230.7264880084323,1.8001075283586894,0.8315015915088877,75500,308.5823051823505,0.7385083293011682,0.990569536423841,0.8390187481139455,0.7429765646961312,0.005553464299830719,0.0010438646920783697,0.5520141756876645,0.993684873416081,CALI
71194,1045.404 px,402.7038224217186,228.82287484395027,1.759893204280164,0.8228792375546932,72636,301.0764290805163,0.8087286441294075,0.9801475852194504,0.8186248866067646,0.7476373759502677,0.005656429227487128,0.001090149697297187,0.5589616459178022,0.9837128021039954,CALI
138265,1396.139 px,512.8063506602302,345.1812988833499,1.4856145229163396,0.7395313441637195,139739,419.576531341789,0.7548369838184875,0.9894517636450811,0.8913839379203796,1.840037,0.0037088659506037697,0.0010253026344556114,0.6694460552633504,0.9945387820082877,BOMBAY
226359,1085.9899999999998 px,420.7147372200635,237.59682638428146,1.7707085722585076,0.8252650044609088,79162,311.6329139149615,0.7751422764227642,0.9635178494732322,0.8127083729164934,0.7407225997694382,0.005515834192779499,0.0010242673918362684,0.5486699698091954,0.9715346188819589,CALI
54631,893.756 px,303.9114566736381,229.35428905637448,1.3250742243539981,0.6560991456423747,55557,263.7391695755992,0.7562430786267995,0.9833324333567327,0.8594311162133559,0.8678158186672812,0.005562985423544107,0.001946246899393318,0.7531042951291635,0.9979190897259407,BARBUNYA
223035,1817.2779999999998 px,680.812554864904,419.9943465426474,1.621004093196222,0.7870402976659665,225889,532.8949069563407,0.7610921152310559,0.9873654759638584,,0.7827336660412864,0.0030524920073750936,7.067899288983465E-4,0.6126719919544321,0.9931438067448171,BOMBAY
232436,1058.6889999999999 px,394.59337113437005,234.8318161646364,1.6803232951097549,0.8036342047927344,73772,304.14371504947957,0.7383558441822413,0.9848180881635309,0.8145554183394614,0.7707775581103469,0.0054312802281337065,0.00118249202048734,0.5940980440865493,0.9982767830577708,BARBUNYA
69411,992.04 px,377.0840491148063,235.01834655048654,1.6044877119148708,0.7820211511092728,70029,297.2824078878741,0.7709249633479941,0.9911750846078053,0.8862980585422104,0.7883717398965451,0.0054326266602527885,0.0012945350561829093,0.6215300002675059,0.9972372480156596,CALI
70873,1041.884 px,406.9148243178106,225.2563867162851,1.80645188467099,0.8328017565262407,72616,300.3969145214631,0.7034471121874721,0.9759970254489369,0.8204496670508677,0.7382304516063677,0.005741464652516622,0.0010518898893055986,0.5449841996789415,0.984487734625935,CALI
54543,974.0419999999999 px,335.9046656046787,207.4933402071076,1.6188696238124969,0.7864020706247461,55730,263.52666750917257,0.6711580346266012,0.9787008792391889,0.7224262499721348,0.784528154840556,0.006158529336572589,0.0014390998014385842,0.6154844257375274,0.9963890407561616,BARBUNYA
81411,1150.3870000000002 px,397.0714870382205,262.38726151691606,1.5133032173233811,0.7505566572350425,82770,321.9560600088688,0.7258405328055206,0.9835810076114534,0.7730454401218142,0.8108264393657625,0.004877368992374747,0.0013004000647348103,0.6574395147745604,0.9949053329038648,BARBUNYA
85601,1136.7240000000002 px,407.7603520208111,268.7694157639238,1.517138216272983,0.7520239985432567,87003,330.13721127566737,0.781594397421499,0.9838856131397767,0.8324892674468901,0.8096353891189939,0.0047634998658988926,0.0012625943793330857,0.655509463313865,0.9944984579220575,BARBUNYA
71223,1077.2749999999999 px,359.8341566418616,255.0095280132834,1.4110616157962457,0.7055237514939254,72555,301.137742726933,0.7969452836522323,0.9816415133347116,0.7712176565671699,0.8368792599826803,0.00505221847776507,0.0015286677584770024,0.7003668957891585,0.988260843622451,BARBUNYA
67943,1015.562 px,383.73816478747244,227.10511507653018,1.6896940637297397,0.8060678653124141,68691,294.12193795761164,0.6851855586930213,0.9891106549620765,0.8278310251475096,0.766465170647039,0.005647942610533425,0.0012023744425750074,0.5874688578149947,0.9926426416760871,CALI
67437,1041.175 px,380.64788010620157,226.56639528586902,1.68007210259898,0.8035683048664494,68653,293.0246665014827,0.799983392251299,0.9822877368796702,0.781736955174288,0.7698050660881869,0.005644496049738297,0.001222722757996397,0.5925998397750377,0.9956104588106661,BARBUNYA
62934,992.2800000000001 px,368.3417167755763,218.1674481073798,1.6883440676919053,0.8057202082673169,64268,283.0725304729562,0.6788923528333027,0.9792431692288541,0.8032055928291586,0.7685052156213601,0.005852825448494872,0.0012593098838285144,0.5906002664372333,0.9971364562165614,BARBUNYA
177711,1607.597 px,607.9823028289646,375.2245473136494,1.620315907319234,0.7868348554119549,179829,475.6770676986967,0.7476587151331566,0.9882221443704853,0.8641115310924167,0.7823863712567838,0.0034211855362299725,7.907541807280789E-4,0.612128433928358,0.9918414388165292,BOMBAY
186519,1621.151 px,583.4342732595953,410.55042519529826,1.4211025916781268,0.7105180610505181,188837,487.3226514789332,0.8330162388123694,0.9877248632418435,0.8918380661948332,0.8352657254026318,0.003128015233084004,9.391766038641203E-4,0.6976688320323848,0.9914589853342738,BOMBAY
77038,1054.205 px,397.26098454275285,248.0322878964454,1.6016502847750655,0.781139909448553,77933,313.18976363749096,0.7968514036285401,0.9885157763720118,0.8710933936338817,0.788372822460711,0.00515668870612883,0.0012287888323234987,0.6215317071946679,0.9954764358250725,CALI
88625,1140.249 px,447.482797124421,253.79142614347157,1.7631911523734973,0.8236121227983519,89422,335.91792844704463,0.7966148923165426,0.9910872044910648,0.8565775979955217,0.7506834466167062,0.0050491711946338055,9.890704250318486E-4,0.5635256370243371,0.9936034173369502,CALI
182361,1634.593 px,608.4481310664864,385.26417550946485,1.5793010867462256,0.7739951832068245,184578,481.86018368137553,0.8270340136054422,0.9879888177355914,0.8576746215186685,0.7919494843985668,0.0033365035893995233,8.095828147700202E-4,0.6271839858391559,0.9905123504256084,BOMBAY
85330,1118.8809999999999 px,426.934459172948,258.29299123230277,1.6529076423485798,0.7962296646415971,87158,329.6142144268834,0.8036958896884301,0.979026595378508,0.8565324313918944,0.7720487474012003,0.005003333636153146,0.0010965239384888442,0.5960592683637622,0.9852309199711657,CALI
84609,1209.172 px,446.1431862571361,242.59242772380708,1.8390647657192036,0.8392442381416492,85785,328.21871464085865,0.774020912808409,0.9862913096695226,0.7271939586943826,0.7356802137771273,0.0052729991638848835,9.527824925477053E-4,0.5412253769431596,0.9953485210492599,CALI
52341,904.349 px,289.78051380232426,230.42027818686086,1.2576172378688166,0.6064069002557165,53407,258.15234070405626,0.7657230634189159,0.9800400696537906,0.8042290462691722,0.8908547276583153,0.0055363962056958075,0.002150970634834068,0.7936221457911713,0.9980728909014159,BARBUNYA
211734,1776.5849999999998 px,679.8398710904265,400.16997501399635,1.698877760798142,0.8084070393082657,213916,519.2187417312234,0.801840490797546,0.9897997344752145,0.8430017655754536,0.7637368206992987,0.003210820515790693,6.738615986478076E-4,0.5832939312918728,0.990945087880282,BOMBAY
83592,1112.64 px,430.59261249018823,249.2471351080341,1.7275729660986934,0.815436348147096,84331,326.2401569756576,0.7849898580121704,0.9912369116932089,0.8485261718363816,0.7576538647260037,0.005151122266367454,0.001047044144971171,0.5740393787342496,0.9916949121773787,CALI
65553,977.3100000000001 px,338.7465415711052,247.10254714046357,1.3708743414067168,0.6840219125446224,66402,288.90253006165267,0.7553581305309734,0.9872142405349237,0.8624575942038418,0.8528575043798937,0.005167521571417101,0.0016864286118390111,0.7273659227771004,0.9971272803487462,BARBUNYA
50683,905.491 px,314.9375831675491,205.45621084202162,1.5328696167267943,0.7578996041770925,51613,254.03070650181692,0.7698839470166484,0.9819812837850929,0.7767904924752842,0.8066065153191663,0.00621387019646724,0.0016225154551428745,0.6506140705553286,0.997306540969206,BARBUNYA
74095,1056.298 px,423.5727588560213,225.3735347558553,1.8794254583390773,0.8466956558307887,75501,307.14928628787646,,0.9813777300962901,0.8344990592037232,0.7251393765676066,0.00571661730016899,9.750004977975687E-4,0.525827115448857,0.9882528674595831,CALI
63213,964.795 px,359.6080056333437,225.86703324183895,1.5921225885510544,0.7781388142079322,64317,283.69929739310925,0.7981439393939394,0.9828350202901255,0.8533873043237034,0.7889126297215114,0.0056888299184241166,0.0013593094851457551,0.6223831373341105,0.9909102516829106,CALI
78096,1273.205 px,397.7600750576528,251.976601941793,1.5785595646278934,0.7737517581384363,79835,315.3330231447973,0.735263380878407,0.9782175737458508,0.6053993960924376,0.7927719319217541,0.005093219563840053,0.0012409812608144295,0.6284873360429503,0.9921046955581042,BARBUNYA
94151,1158.189 px,444.1690204312746,271.54187856988744,1.6357293496331087,0.791361815518335,95228,346.2322578506519,0.7939068402590393,0.9886903011719242,0.8820149154706732,0.7795056429520251,0.00471762403406522,0.0010744349918570448,0.6076290473940501,0.9939166665120551,CALI
93368,1170.4599999999998 px,442.9813402096897,269.0760699570991,1.6463052261775553,0.7943802612230018,94486,344.7895442336276,0.735053770213034,0.9881675592151218,0.8564357096222179,0.7783387536604093,0.004744466414721207,0.001074092682446842,0.6058112154496393,0.9973501700717181,BARBUNYA
55699,948.396 px,317.4639035492548,223.77110151034987,1.4186992931907763,0.7093355080045187,56924,266.3046552394528,0.7367592592592592,0.9784800787014265,0.7781760043616724,0.8388501882014294,0.005699633809390739,0.0017408619856867432,0.7036696382455736,0.9982956184188045,BARBUNYA
69354,1088.9950000000001 px,373.50013943592563,237.30933746083502,1.5738956731846558,0.7722110353952817,70740,297.16031933211144,0.7584645669291339,0.9804071246819338,0.7349023001160631,0.7956096610322407,0.0053854159736413994,0.0013310648324670548,0.6329947327278372,0.9962676709890207,BARBUNYA
56277,944.618 px,335.31263385528086,213.9215296602936,1.5674562274669397,0.7700559584257723,57408,267.6828381855302,0.6982431325839351,0.9802989130434783,,0.7983082388153042,0.005958253529066597,0.0014927297455784446,0.6372960441603928,0.9989336531592535,BARBUNYA
69542,1009.509 px,389.89810136883403,229.614857633414,1.698052579817445,0.8081986836935139,70904,297.5628075213243,0.7463990554899645,0.9807909285794878,0.8575049790451175,0.7631809605552227,0.005606656428760088,0.0011732587871292723,0.5824451785539921,0.9890225380458388,CALI
65277,1009.049 px,365.3323503156458,229.3557321717856,1.5928633954612252,0.7783745088095532,66391,288.29370052374924,0.8019681556833259,0.9832206172523384,0.8056483801741056,0.7891272160121177,0.005596647369144504,0.0013387386268567155,0.6227217630510354,0.9919107019210728,BARBUNYA
161534,1532.1399999999999 px,578.5565899433308,357.2269048987022,1.6195773106938585,0.7866140129285618,163293,453.51017256424336,0.7921750559064694,0.9892279522086066,0.8647227989059801,0.7838648464943841,0.003581639716365166,8.341159259613406E-4,0.6144440975696644,0.9951397191135919,BOMBAY
69810,1022.531 px,400.08410381541796,223.75574219314203,1.7880394929488441,0.8289843754981518,70894,298.13562789100143,0.7805407097654241,0.9847095663948995,0.8390242926209966,0.7451823880224662,0.005731042885194356,0.0010900934977463755,0.5552967914188657,0.9928925933647085,CALI
155088,1485.027 px,526.9150883851729,375.68793692210426,1.4025339559795988,0.7011688975325584,156676,444.3694122167804,0.7191686490547139,0.9898644336082105,0.8837295146416884,0.8433415971795973,0.0033975232666948628,0.0010601230824073267,0.7112250495334344,0.9975172823139138,BOMBAY
51512,887.7449999999999 px,276.6573220584498,237.61360812415606,1.1643159844359288,0.5121879776178356,52436,256.09981536189696,0.7421195182389212,0.9823785185750248,0.821375616663363,0.9256932491661666,0.0053707354025945364,0.002432662753177386,0.8569079915518145,0.9977116717546655,BARBUNYA
81676,1102.7849999999999 px,427.1439930697889,245.50832752489498,1.7398350490839287,0.8183170197676243,83192,322.4796320014477,0.7525799793601651,0.9817770939513415,0.8439614779897868,0.7549670304008218,0.005229736924797846,0.0010480247782265386,0.5699752169922354,0.9916628596323087,CALI
71853,1046.04 px,402.669560783907,229.7830878958284,1.7523898928821788,0.8211938986614993,73226,302.46666098572854,0.7781014467642727,0.9812498292956053,0.8251980355479841,0.7511535274652845,0.005604074440648366,0.0011005214266712026,0.5642316218235399,0.9887537913280913,CALI
77492,1134.5389999999998 px,428.92301285908724,231.93176872557564,1.8493499843335128,0.8411958703413079,78865,314.1112522667999,0.7362800243235026,0.9825905027578774,0.756532996917508,0.7323254823121228,0.005535061849727549,9.820165929553773E-4,0.5363006120436833,0.9918075284810394,BARBUNYA
106064,1234.6039999999998 px,481.0983687022168,282.35270391405965,1.7038914876078177,0.8096653476915093,106961,367.48452902508734,0.810032228993875,0.991613765765092,0.8744248803826186,0.7638448868916192,0.00453592518387216,9.525029924217894E-4,0.5834590112304708,0.9941508426036734,CALI
64222,977.4119999999999 px,337.0460686149963,243.1834250220837,1.3859746756358449,0.6923999460999878,65307,285.95452442998976,0.7162997167012425,0.983386160748465,0.8447697555533764,0.8484137661211892,0.005248140335321171,0.0016773203994045053,0.7198059185439402,0.9976327744746989,BARBUNYA
80599,1106.493 px,434.394910284079,239.280659892285,1.8154200614442761,0.8346130404923919,82146,320.3464282087587,0.6756672926027765,0.9811676770627906,0.8272602862437309,0.7374543776290182,0.005389581884193092,9.832760687029797E-4,0.5438389590842027,0.9872961565164343,CALI
166639,1586.606 px,581.6554036176145,367.44904680966994,1.5829552659552781,0.7751886677601512,170464,460.6206296890346,0.7680632374631269,0.977561244602966,0.8318563385030948,0.7919132648372175,0.003490511846672235,8.467970756166136E-4,0.6271266190251411,0.9927133840065767,BOMBAY
68400,1003.086 px,380.68430000829807,231.1731653837346,1.6467495237882965,0.7945055477689217,69457,295.1094455619561,0.8059384941675504,0.9847819514231827,0.8542591272408813,0.7752078180148836,0.005565559941641785,0.0012398273231270988,0.6009471611113969,0.9896094513821216,CALI
72581,1058.6309999999999 px,406.6801864573647,231.0870626553149,1.759857007070799,0.8228711671452095,74418,303.99506475668784,0.7049436674436674,0.9753151119352845,0.8138485552353771,0.7475039967027208,0.005603121842594683,0.0010791054985533433,0.5587622250865414,0.9833416171050209,CALI
64652,978.7470000000001 px,376.2127995896945,219.29376132191,1.7155654466496053,0.8125451961577729,65266,286.9102351715911,0.7929647255065496,0.9905923451720651,0.8481075716849001,0.7626275222015343,0.005819043488054422,0.001214174934119584,0.5816007376192518,0.9977741292055118,CALI
161008,1496.088 px,505.59652136268755,407.8607155741093,1.2396303494221164,0.5909719693446632,163019,452.7711923463319,0.8140597823888687,0.9876640146240623,0.9039471510514187,0.895518804453044,0.003140195029828875,0.0012457624142067007,0.8019539291290094,0.9941264293866331,BOMBAY
76438,1082.556 px,426.84969549110957,228.68955156013863,1.866502831367268,0.8443694806689296,77160,311.96776166851976,0.7380251228625774,0.9906428201140487,0.8196311142509535,0.73086092121862,0.005584260387387289,9.828435397981684E-4,0.53415768616453,0.9970068336226838,CALI
76288,1060.9289999999999 px,416.7754391446189,234.02511237488156,1.7809004978790144,0.8274674509026467,76857,311.6615125240139,0.7981252092400402,0.9925966405142017,0.8517133445770901,0.7477924158958633,0.005463184762277407,0.0010537798163973262,0.5591934972713719,0.9958679777012935,CALI
58984,924.535 px,349.13923949058506,215.54298533799044,1.6198125814352244,0.7866843990664141,59646,274.04518114110095,0.6847775610662209,0.9889011836502029,0.8671562752400539,0.7849165895559296,0.005919219440705701,0.0013859202364844786,0.6160940525601116,0.9979568976842833,BARBUNYA
75291,1077.8 px,420.5838860970547,230.7847279549058,1.822407790255665,0.8360031727035911,76797,309.6182787928632,0.7980137363802094,0.9803898589788663,0.8144727730581854,0.7361629606546911,0.005586111037136639,0.0010120108693015316,0.5419359046398803,,CALI
67548,1071.8339999999998 px,369.8283631432676,232.83461373429196,1.5883736408939233,0.7769398850053232,68736,293.26572382017434,0.7197135977156008,0.9827164804469274,,0.7929779136668496,0.005475045347653041,0.0013354014662019119,0.6288139715634293,0.9987915374571725,BARBUNYA
81592,1092.9769999999999 px,432.9595097012292,242.33491939849714,1.7866162696481547,0.8286836342957479,82729,322.3137616268213,0.8085460599334073,0.9862563309117721,0.8582926566304807,0.7444431971230733,0.005306396579336567,0.001005323256719285,0.554195673742823,0.9901350072775481,CALI
62353,974.133 px,336.41451501000483,236.40062162173336,1.4230695025341538,0.7114799799646622,63337,281.7628530038543,0.7674215384615385,0.9844640573440485,0.8257160110554485,0.8375466587566079,0.005395322037592495,0.0016376955785911158,0.7014844055943579,0.9982610641046296,BARBUNYA
57583,926.308 px,332.54527341608383,220.72307312312742,1.5066176304575911,0.7479647817484516,58564,270.7710337249627,0.7180820551190922,0.9832490950071716,0.843321789582262,0.8142381064191864,0.005775059886009479,0.0015658204076634905,0.6629836939451021,0.9988629220035906,BARBUNYA
79453,1159.254 px,404.925431502282,250.16974023519165,1.6186027579578575,0.7863220610004901,80866,318.06084566925693,0.727245267821184,0.9825266490243119,,0.7854800437928643,0.005096414628802965,0.0011966995811707785,0.6169788991968401,0.9986437478418083,BARBUNYA
165950,1572.499 px,595.2191257711798,357.0544198081774,1.667026348787261,0.8000970768544483,167660,459.667382406888,0.7432438484758911,0.9898007873076464,0.843347117524724,0.7722658135545161,0.003586737726852545,7.869490651437622E-4,0.5963944867850186,0.994205323742082,BOMBAY
192239,1729.088 px,678.5730081836936,364.12961813495104,1.8635479631107783,0.843829857377144,194337,494.7386146646964,0.8202722307561017,0.9892043203301482,0.8080108064872664,0.7290867875646003,0.003529840501582372,6.152501906032071E-4,0.5315675438012687,0.9906016135066537,BOMBAY
45012,854.1659999999999 px,299.2873978506231,192.1275180324174,1.5577539381949688,0.7667465770399208,45841,239.3972814958832,0.779820169435734,0.981915752274165,0.7752711330292471,0.7998909516910846,0.006649057981218855,0.001679047642421271,0.6398255345972692,0.9966907462765974,BARBUNYA
74685,1046.325 px,404.9604555860614,235.02670117745618,1.7230402058883398,0.8143532598716083,75389,308.36973813677895,0.745336965959103,0.9906617676318826,0.8572550361084214,0.7614811122496004,0.005422246175082833,0.0011245934148307714,0.5798534843128885,0.9991108669955507,BARBUNYA
82299,1145.1699999999998 px,421.06206402262376,249.71119464678108,1.6861961860309072,0.8051650430608569,83888,323.7071844926509,0.7705033142343557,0.9810580774365821,0.788614027161516,0.7687873407547303,0.005116247633903496,0.0011024431749445999,0.59103397530473,0.996599234973521,BARBUNYA
154568,1481.09 px,526.7970164088235,375.0376976795712,1.4046508382176401,0.7022598700056052,156202,443.6238158063931,0.7593837204732147,0.9895391864380738,0.8854551172027488,0.8421152777792434,0.0034081893820766492,0.0010572791496637243,0.7091581410692124,0.9961195772817327,BOMBAY
71970,1040.987 px,390.9669662889095,236.04619337909878,1.6563154893203564,0.7971739364848877,73124,302.71281775734184,0.7801287749040692,0.9842185876046168,0.8345853455595764,0.7742669940397183,0.0054323602374449,0.0012042906360434625,0.5994893780593012,0.9929435425626478,CALI
94276,1160.8890000000001 px,445.5841933765365,271.7865437697356,1.639463776227445,0.7924356433498526,95109,346.462020024493,0.8272001403878213,0.9912416280267903,0.8790824697308397,0.7775455798803856,0.0047263799204096115,0.0010656432019878967,0.6045771287915254,0.9911823025893004,CALI
81020,1107.628 px,381.55145746249246,271.3382108100131,1.406184025181949,0.7030458989442214,82059,321.1819856630239,0.8040250873293109,0.9873383784837738,0.8298779991283288,0.8417789511250837,0.004709349018297858,0.001458588846778698,0.708591802557246,0.9964104731308812,BARBUNYA
73299,1042.622 px,408.6516883894455,229.42789650018045,1.7811769824997026,0.8275265913284119,73978,305.4949842297622,0.7156288442387675,0.9908215956095056,0.8473330466613792,0.7475681439951012,0.005575133199490382,0.0010740837767386935,0.5588581299162806,0.9954252374897075,CALI
156208,1462.0 px,518.8727298659343,385.17032677896015,1.3471253982753004,0.6700439925197802,157666,445.971078438939,0.8107962213225371,0.9907526036050892,0.9183714852542653,0.859499936630257,0.003321678338279309,0.0011182032059619575,0.738740141067416,0.9951756067573944,BOMBAY
69580,1012.7769999999999 px,352.2390496882487,252.62604858596256,1.3943100945443092,0.6968667998974428,70646,297.6440953935969,0.817069447380164,0.9849106814256999,0.8524455115415412,0.8450059573378608,0.005062360587643701,0.0015921057913795202,0.7140350679364745,0.9955863030824581,BARBUNYA
72058,1035.943 px,397.7170238654042,233.41021544355522,1.7039400915234695,0.8096774820848759,73724,302.89782949787923,0.7645411140583555,0.9774022028104823,0.8437627483413133,0.7615913107113721,0.00551940136924983,0.0011454065471130784,0.5800213245510659,0.9883215888411072,CALI
82787,1093.3629999999998 px,427.02047863813425,248.5425314711471,1.718098210839646,0.8131609397655906,83424,324.66549276138034,0.8125772953024086,0.992364307633295,0.8702484592230172,0.760304268771401,0.005158061998117268,0.0010632026149708421,0.5780625811120148,0.9931682863619005,CALI
78152,1091.4029999999998 px,379.4282692438696,262.7353850836439,1.444146052588522,0.7214651587861216,79157,315.4460602070383,0.8164817484694624,0.9873037128744141,0.8244791439275843,0.831372055739716,0.0048550039569540075,0.0014307081206251064,0.6911794950648814,0.9981641394280762,BARBUNYA
76097,1053.5059999999999 px,404.9215574731695,242.38336892934498,1.6705830901756489,0.80105302572698,77694,311.2711191802279,0.7538312183621108,0.9794450021880712,0.861595402781553,0.768719554282691,0.005321123795592067,0.0011461853147720581,0.5909297531365792,0.98719725307164,CALI
78121,1069.5839999999998 px,412.38011120900126,242.37378789722095,1.7014220670754703,0.8090472253615658,78892,315.3834911250994,0.7021859888183796,0.9902271459717081,0.8581196809558632,0.7647883167800439,0.005278735694742787,0.0011139729870443356,0.5849011694832528,0.9951637568170559,CALI
59508,928.1419999999999 px,343.74191824474735,222.09566201147928,1.547720091115425,0.7632428974749903,60177,275.2597660903243,0.7837837837837838,0.98888279575253,0.8680732370523434,0.800774509829601,0.005776398437936872,0.001465135750785405,0.6412398155928377,0.9924597458161851,BARBUNYA
73611,1116.098 px,390.9581355019843,240.5775021621546,1.625081863384174,0.7882511833036665,75022,306.14446937271305,0.7738913770264303,0.9811921836261364,0.7425879914142998,0.7830620252463303,0.005311137404762662,0.0012318333366618285,0.6131861353828846,0.9964776674893583,BARBUNYA
86371,1139.925 px,435.2204194491948,254.90795877468503,1.7073630087552083,0.8105289846622189,87429,331.6187158746031,0.7804796501120509,0.9878987521303,0.8352668684741067,0.7619557839089726,0.005038964692422165,0.0010477077545939244,0.5805766166323371,0.9912550389863058,CALI
66617,1018.106 px,406.2663514785829,209.71542108807367,1.9372268828431278,0.8564669893067925,67508,291.23770145985964,0.7988511949730787,0.9868015642590507,0.8076234884761122,0.7168639499675935,0.00609853868349795,9.934648578459934E-4,0.5138939227631405,0.9955291221064658,CALI
77123,1075.0699999999997 px,392.0032145831294,252.44764780003288,1.5528099310857526,0.7650306916607396,78234,313.36249521697704,0.6671655218948425,0.98579901321676,0.838533259082244,0.7993875650999908,0.005082831510484932,0.0012803096813872343,0.639020479236492,0.9922773463256019,BARBUNYA
59244,934.803 px,340.33006203154804,222.21342204184708,1.5315459296039162,0.7574139132167027,60023,274.64850916815476,0.7044554632040809,0.9870216417040134,0.8519498726613423,0.8070063147777269,0.005744549018154548,0.001502946199670902,0.6512591920911275,0.9974333647643012,BARBUNYA
79796,1110.3880000000001 px,431.5476329188217,238.29028759053853,1.8110164593043052,0.8337275082205736,81173,318.7466434516402,0.6875172318720706,0.9830362312591625,0.813282572868782,0.7386128879812429,0.005408136158689931,9.928757537234557E-4,0.5455489982919921,0.987998215263774,CALI
81589,1105.0699999999997 px,431.5228587763385,242.80635986427222,1.7772304605923752,0.8266794049656029,82925,322.30783610610086,0.7096423477020491,0.9838890563762436,0.8395796359381105,0.7469079089345656,0.005288983303831871,0.0010153603296958974,0.5578714244290054,0.9914660885892856,CALI
163479,1560.254 px,607.2519203709778,344.1510193520326,1.7644925809440037,0.8239000236071197,165102,456.23231750256326,0.8109721009603936,0.9901697132681615,0.8438810356582249,0.7513065042657177,0.0037145561226272356,7.300544992174606E-4,0.5644614633519728,0.9959880643133515,BOMBAY
72648,1044.995 px,397.2866435468288,234.5561319389009,1.693780675281247,0.807114300610465,73835,304.1353423164103,0.688150042625746,0.98392361346245,0.835997736816845,0.7655312537094174,0.005468652179644709,0.0011585419626257332,0.5860381004059126,0.9926200094460659,BARBUNYA
79814,1075.684 px,380.94044842112845,267.549826203055,1.4238112348165628,0.7118413535814075,80880,318.7825920960746,0.7899560552674294,0.9868199802176063,0.8668012380967509,0.836830516206201,0.004772852487297071,0.0014438025703210784,0.7002853128539368,0.9970740960184665,BARBUNYA
61137,978.126 px,345.90999935459683,225.73626264827573,1.5323634550181522,0.7577140672874555,62582,279.0018746289595,0.7577526585855581,0.9769102936946726,0.8030163382834646,0.8065736033925722,0.005657948531242895,0.0014771165852645414,0.6505609776896785,0.9968958674725427,BARBUNYA
74674,1078.137 px,426.5475773327493,224.097538999017,1.9034014350984032,0.8508706419577552,75550,308.3470281412706,0.7997215528781794,0.9884050297816016,0.8072933559462443,0.7228901171339426,0.005712129755105516,9.622035980126557E-4,0.5225701214499254,0.9946607191073347,CALI
175054,1619.8609999999999 px,607.6671568526028,370.0827939539977,1.6419762463426968,0.7931531689680873,177343,472.1076945613883,0.7681681549904558,0.9870928088506453,0.8383519987556743,0.7769182343285732,0.003471312605553731,7.80143952125019E-4,0.6036019428322279,0.9911000523768206,BOMBAY
61959,933.915 px,338.52762557760025,234.38429845317353,1.4443272344253597,0.7215485190595043,62621,280.87123197694336,0.8223045070871158,0.9894284664888775,0.8926877231337784,0.8296848196590078,0.0054637361090011174,0.0015970630226742803,0.6883768999726003,0.9942415041797283,BARBUNYA
180261,1594.528 px,578.0660713455111,401.3581787068023,1.4402748019439175,0.7196741777608543,182710,479.07769054038107,0.7747163486333162,0.9865962454162334,0.8909377077332621,0.8287594001586637,0.0032068282731456672,9.331884098931813E-4,0.6868421433513482,0.9892414319820988,BOMBAY
67467,1011.5239999999999 px,393.33147731995604,220.07324983663833,1.787275271355916,0.8288229907775321,68144,293.0898366792121,0.7394048988985698,0.990065156139939,0.82860753847656,0.7451471686838778,0.005829983211347118,0.001108703170116422,0.5552443029975993,0.9923744123088605,CALI
68056,1054.6209999999999 px,359.73135472646356,242.2025443942609,1.4852501059645662,0.7393809858149099,69299,294.36642209412446,0.7168014829794405,0.9820632332356888,0.768924066367278,0.8182951478276282,0.005285813958011983,0.0014619467027272787,0.6696069489582399,0.9945337918948357,BARBUNYA
75025,1071.293 px,406.2694496282149,238.53732742619098,1.7031692859639511,0.8094848998453734,76620,309.07086055426765,0.7069293683099653,0.979182980944923,0.821484424937455,0.7607533887598599,0.005415120954724624,0.0011188284642311857,0.5787457185096105,0.9857019321487072,CALI
75677,1039.3429999999998 px,394.2064883168658,245.71936924364613,1.6042955406009747,0.7819616458397435,76411,310.4109357399041,0.8258976317799848,0.9903940532122338,0.8803512405430873,0.7874323354373451,0.0052090660083891505,0.0012353573484750698,0.6200496828923118,0.9947429412151841,BARBUNYA
226806,1812.548 px,679.9753874028949,428.6803406330758,1.5862061376519068,0.7762419755265157,229994,537.3810270033762,0.7682297311944505,0.9861387688374479,0.8675317349181421,0.7902948208991136,0.002998048496966107,7.213980431683856E-4,0.6245659039399621,0.9906902701976791,BOMBAY
181460,1662.9370000000001 px,645.9213640585604,360.19979619147495,1.7932307871579183,0.8300743702080026,184707,480.6683344965035,0.8171886117791168,0.9824208070078557,0.8245921153265279,0.7441592138651189,0.0035595798746751923,6.733516968864186E-4,0.5537729355803518,0.9930426771775055,BOMBAY
80324,1099.0389999999998 px,404.7830227528043,254.22833859350226,1.5922026041323074,0.778164291198441,81394,319.7994577720657,0.7792243068624978,0.9868540678674104,0.8356587861860357,0.7900515579858275,0.005039378302285796,0.00121109569352751,0.6241814642758332,0.9938233528710985,BARBUNYA
54343,867.5899999999999 px,303.8479559922264,228.01623265283624,1.3325716000879944,0.6609513873062484,54907,263.0430698185051,0.7404485502507085,0.9897280856721365,0.9072446142078159,0.8657062344208587,0.005591298897599072,0.001937200856731705,0.7494472843151427,0.9986921668414319,CALI
72742,1056.484 px,405.3662588011232,230.49706297207814,1.7586612756546416,0.8226042460554116,74140,304.33204064495936,0.6618564955507433,0.9811437820339898,0.8189723758054576,0.7507581946879989,0.005572657595352385,0.0010920498089476512,0.5636378668911832,0.9912480899941094,CALI
205889,1779.422 px,687.7230434153582,384.4723515492763,1.7887451220981114,0.8291331754692177,208651,512.0019693575191,0.786183959310229,0.9867625844112896,0.8171186008825303,0.7444886052019194,0.0033402612252978947,6.329835373282699E-4,0.5542632832754993,0.9914357443171332,BOMBAY
68282,1027.342 px,374.666593910746,232.81908214085865,1.6092606777139842,0.7834908156407823,69244,294.85478221254334,0.7959202704277888,0.9861070995320894,0.8129915103108655,0.786979108905515,0.0054870477418755455,0.0012982888183617823,0.6193361178537186,0.9966732607500233,BARBUNYA
79101,1086.6979999999999 px,419.85999178588,242.90888657588687,1.7284669890194078,0.8156487976881827,80579,317.3555123644398,0.8086548488008342,0.981657752019757,0.8417325124428894,0.7558603309988263,0.005307897394291855,0.001068731217073496,0.5713248399776554,0.987516125908173,CALI
75105,1036.857 px,969.9495949,238.28443734312927,1.6945848867951274,0.8073191805254312,76074,309.2355995148916,0.7493115970947402,0.9872624023976654,0.877891787787859,0.7658266526167042,0.005376382481594399,0.0011407535452042713,0.586490461858106,0.9938578729142407,CALI
75754,1051.1979999999999 px,381.6775635425403,254.85110745119013,1.4976492249131794,0.7444187141953557,76767,310.56881439041416,0.7236237546209175,0.9868042257740957,0.8614823454264245,0.8136941860241134,0.00503838165037543,0.0013624346365125218,0.6620982283694443,,BARBUNYA
86875,1114.452 px,427.90998484528956,260.1130482564084,1.6450923462458296,0.7940376259196051,87578,332.5848545091422,0.8373493975903614,0.991972869898833,0.8789859753308871,0.7772308809979929,0.00492558255937024,0.0011087600166775587,0.6040878423769162,0.9937802859544218,CALI
78934,1118.223 px,432.37289287746376,236.10144632862847,1.831301330851002,0.8377462132188891,80988,317.0203309318274,0.772612930064112,0.9746382180076061,0.7932628828160146,0.7332104675250126,0.005477650858659941,9.765370737700379E-4,0.5375975896882474,0.9845031814583785,CALI
67162,1026.783 px,367.1483308944556,233.501495555519,1.572359654575145,0.7716999275772413,68174,292.42659643661517,0.6974247144340602,0.9851556311790418,0.800527296519875,0.7964808003462754,0.005466608065490242,0.0013570596756403723,0.6343816653202435,0.9974761361517434,BARBUNYA
80223,1078.6370000000002 px,423.5090108582679,243.036012442693,1.7425771868197097,0.8189515456219904,80860,319.59833541069787,0.8151749786611389,0.9921221864951768,0.8664791873486383,0.7546435311093181,0.005279147013428417,0.0010561143250921766,0.5694868590451406,0.9923748087656735,CALI
89597,1132.549 px,436.66561081142885,262.2302403970733,1.6651992926148511,0.7996031867538046,90416,337.75500512891944,0.8088780954616447,0.990941868695806,0.8777873754818187,1.873517,0.0048736633013541615,0.0010760847974103102,0.5982815433555831,0.9962580027802386,CALI
74547,1070.415 px,419.08388490190146,229.3790306857311,1.8270366024699192,0.8369140004480666,75913,308.084709684483,0.7257442707217819,0.9820057170708574,0.8175901716723764,0.7351385266379284,0.005621740444308979,0.0010128083829464042,0.5404286533473842,0.9873829306891984,CALI
225726,898.191 px,345.5231590494661,207.02969939133348,1.6689545512808202,0.8006162218759519,56394,265.83090108628505,0.7847992081447964,0.9841649820902932,0.8645164751855658,0.7693576946262752,0.006225530333678061,0.0013454554524460658,0.591911262280657,0.9878729951376778,CALI
77593,1059.9189999999999 px,405.24892710093496,245.89313172047696,1.6480693229024725,0.7948770016407926,78724,314.3158856860968,0.6888338482298214,0.985633351963823,0.8679347019690941,0.7756118885610533,0.005222751112870168,0.0011658882414947128,0.6015738016772438,0.9914353280060817,CALI
89440,1183.885 px,479.13437692794594,241.07753607386454,1.9874700261626301,0.864197790527971,91072,337.4589528833291,0.6906350382999753,0.9820801124385102,0.8019044407987813,0.7043096240495336,0.005357048042575424,8.131296459904207E-4,0.49605204652879537,0.9858885738926112,CALI
183483,1669.563 px,634.1044842773302,374.90971828903105,1.691352486596458,0.8064936065704718,187798,483.3402646031488,0.7632531323316528,0.9770231844854578,0.8271800914290784,0.7622407293870459,0.0034559304364836538,7.196367921792378E-4,0.5810109295364956,0.9826942804112715,BOMBAY
72255,1067.6619999999998 px,367.93629590014166,251.76405467059507,1.4614329928136283,0.7292382211481803,73640,303.31159441214766,0.7101088922085069,0.9811922868006518,0.7965447838942533,0.8243589930971822,0.005092191487096279,0.0014506078044185392,0.6795677495002003,0.9931427299716997,BARBUNYA
219454,1173.139 px,472.0359630850532,246.29454133376416,1.9165506491894893,0.8530857649515652,91713,339.15819345846387,0.7671790081521739,0.9850620958860794,0.8249078309860242,0.7185007499044158,0.0052249312407718716,8.589526923408249E-4,0.516243327613208,0.9894064846768358,CALI
71014,1012.1619999999998 px,401.81323043512583,226.77606143904717,1.7718502909229028,0.8255139125635873,71424,300.6955819925242,0.6680212595832745,0.9942596326164874,0.8710714568164932,0.7483466427098462,0.00565822556728428,0.001094639909499477,0.5600226976550982,0.9922763797636146,CALI
74862,1074.036 px,953.1176522,245.71826878231914,1.5842648354251088,0.7756139305829965,76237,308.7349329084154,0.7550302064527842,0.9819641381481433,0.815518115236407,0.7930864730555883,0.005200005512187271,0.0012690120238949623,0.6289861537437524,0.9964806453455181,BARBUNYA
79821,1153.44 px,399.7272702599882,254.81910365644822,1.5686707335683427,0.7704649094685995,81088,318.79657102971703,0.7181376518218624,0.984375,0.7539403936372502,0.7975352064980888,0.005007795821400236,0.0012497577281694648,0.6360624056039491,0.9977724803939917,BARBUNYA
58102,907.665 px,334.8035816134982,223.8662564927367,1.495551794445452,0.7435777094607305,58986,271.98853657498586,0.8052945252945253,0.9850133930085105,0.886236775629253,0.812382398253353,0.005762341771599914,0.0015481776594244712,0.6599651609918695,0.9870120807928721,CALI
68440,1016.5529999999999 px,396.86501590322916,224.81226329498355,1.7653174701706087,0.8240821232746415,70598,295.19572226181486,0.7676604526998227,0.969432561828947,0.8322615140037362,0.7438189571584582,0.005798729045926785,0.0010949178847214271,0.5532666410282964,0.9766912670698623,CALI
76883,1067.951 px,407.5144316893477,240.7550419114883,1.6926517029668986,0.8068261041429119,77526,312.87453702382606,0.7635765930398856,0.9917060083068906,0.8471055592080518,0.7677630844306722,0.005300449145966568,0.0011360601887954853,0.5894601538144996,0.9977507331852427,CALI
73769,1047.5729999999999 px,399.9223341627412,236.1586534912832,1.6934477235978256,0.8070293775628934,74575,306.4728503074428,0.8015320258597273,0.9891920885015085,0.8447246496748835,0.7663309200999241,0.005421279048960149,0.0011533122918049345,0.5872630791011961,0.9944993244569705,CALI
89001,1134.4019999999998 px,436.04579771664004,262.25695093423184,1.6626663131837849,0.7989152679878649,90415,336.6297561431167,0.8028813192364594,0.9843610020461206,0.8691020679985488,0.7720055047104758,0.004899335936861833,0.0010734914011386316,0.5959924993032765,0.9909366515017681,CALI
64828,1010.2879999999999 px,356.1744539997736,232.84802029752973,1.529643471070354,0.7567130994775471,65960,287.3004928747793,0.7434062657676254,0.982838083687083,0.7981455532097407,0.8066285766664274,0.005494145338430518,0.0014347436846924382,0.6506496606949066,0.9952620054361051,BARBUNYA
73550,1024.467 px,397.50796812039334,237.35105898517162,1.674768041145447,0.8021685859801452,74442,306.01759510732586,0.8135701960090261,0.9880175169930953,0.88063632198381,0.7698401532787444,0.005404595079815001,0.001170968362300244,0.5926538616002407,0.99255774686952,CALI
65473,1081.9080000000001 px,390.1514389372255,215.36199768956254,1.811607633300358,0.8338468191735312,67449,288.7261898623769,0.7485879581989893,0.9707037910124687,0.7028965969454063,0.7400362040157239,0.0059589668861549875,0.0011024593927870434,0.5476535832540023,,BARBUNYA
69417,1047.174 px,366.41299980420314,243.3562737631609,1.5056649008391847,0.7475918754178592,70839,297.29525639821566,0.790266393442623,0.9799263117774107,0.795496005880097,0.8113665632962769,0.0052784332339946,0.00141108514714174,0.6583157000352111,0.9912028432143947,BARBUNYA
78182,1058.6 px,406.8571780961002,246.49428015423663,1.6505745197881312,0.7955791588565959,79204,315.506599117173,0.7480099502487563,0.9870966112822585,0.8767037430954074,0.7754726132486961,0.005203975059426724,0.0011608626235256104,0.6013577738987618,0.9925858188738083,CALI
77815,1075.607 px,432.77016991528916,230.69636566708257,1.8759297254808898,0.8460717649716281,78443,314.7652064214955,0.8502513111888111,0.9919941868617977,0.8452125674656249,0.7273264848247465,0.0055615263113190155,9.600445086750888E-4,0.5290038155275222,0.9923739824408879,CALI
59389,927.16 px,311.702777770075,242.82189757593147,1.2836683218514269,0.6270022648995449,60205,274.9844055983476,0.7643667065652471,0.9864463084461423,0.8681734553554458,0.8822006899187392,0.005248493454513041,0.00196102890446945,0.7782780572930998,0.999050887739222,BARBUNYA
159402,1508.083 px,529.6845987918518,384.0243697790122,1.3792994415866373,0.6887428329414621,161419,450.50741382342915,0.7811908845871111,0.9875045688549675,0.8807509929219366,0.8505201299999726,0.003322948261576717,0.00107260972355585,0.7233844915351701,0.9977638252268937,BOMBAY
53249,919.923 px,325.38662859922766,208.91742051711128,1.5574892117365438,0.7666552108480327,54195,260.38189744604495,0.6966846347079757,0.9825445151766768,0.7907120655025048,0.8002231024888002,0.0061106617701595835,0.0015456542411972358,0.640357013756801,0.9973491405860471,BARBUNYA
90481,1198.799 px,409.7641323439649,281.97779501061603,1.4531787239790916,0.7255716746866524,92264,339.41712868855376,0.7911460473738053,0.9806750195092344,0.7911785635087074,0.8283231788663232,0.00452873125124573,0.0013150902839947401,0.6861192886472108,,BARBUNYA
65289,1017.247 px,395.71673806324,211.9548364494349,1.8669861216290022,0.844457463570475,66261,288.3201981065739,0.7169966724870688,1.924509,0.792860980729993,0.728602483477707,0.006061001670468838,0.0010536266703056866,0.5308615789298824,0.9911112003681496,CALI
75515,1043.1789999999999 px,403.9193940870466,239.4730096780832,1.6867011218927095,0.8052957795138811,76287,310.07851299417024,0.7062625091187968,0.9898803203691323,0.8720179388286016,0.7676742378142576,0.005348863061471848,0.001145906302614535,0.5893237354037013,0.9940130056634253,CALI
147218,1459.1289999999997 px,531.2387000153717,353.5033197997546,1.50278277532527,0.7464583243448092,148914,432.94777894894116,0.7447326220792294,0.9886108760761245,0.8689272142350474,0.8149778601152619,0.003608517300977949,9.819554787595776E-4,0.6641889124780512,0.9981316572340387,BOMBAY
200116,1773.3789999999997 px,636.1081262359635,402.3250586196983,1.5810800560579819,0.7745774724166721,202634,504.77282487691605,0.7734190815561447,0.9875736549641225,0.7996290342341656,0.7935330552429875,0.0031786969869273996,7.774795638528048E-4,0.6296947097632704,,BOMBAY
86177,1130.442 px,441.20448394838564,250.51144635875355,1.7612148680685176,0.8231735165614629,87187,331.2460780849218,0.7690804269446329,0.9884157041760813,0.8474316222725965,0.7507767716242718,0.0051197475422489255,0.0010033942750283377,0.563665760810564,0.9927365185607179,CALI
68164,1012.3480000000001 px,352.57170426485703,250.02010499702558,1.4101734109304989,0.7050750971362707,69862,294.5998987225346,0.7920888723621827,0.9756949414560133,0.8358055937409342,0.8355744240361014,0.005172403383968914,0.001555294739020578,0.6981846181032626,0.9845613843698855,BARBUNYA
93262,1206.743 px,410.56139598606217,290.6016207555316,1.412798025415855,0.7063975930039151,94988,344.5937701425995,0.7297267691152076,0.9818292836989936,0.8047945229690605,0.8393233594575411,0.004402236666445735,0.0013476291315478461,0.7044637017310929,0.9952649267828318,BARBUNYA
189503,1676.898 px,651.1912386223274,373.22669157770014,1.7447606329269172,0.8194543039244476,191559,491.20536789203305,0.796686341775132,0.9892670143402293,0.8468620278768192,0.7543181461274517,0.003436310974614267,6.862627770460867E-4,0.5689958655771556,0.9927615865571972,BOMBAY
76480,1065.5870000000002 px,374.2601199884561,263.14362354949037,1.4222655861469797,0.7110874635626201,77821,312.0534575699254,0.7470354959073239,0.9827681474152221,0.8464083053819337,0.8337876276519939,0.0048935685144934115,0.0014589057023513114,0.6952018080255401,0.988761606981885,BARBUNYA
200419,1716.101 px,651.2283237318373,394.7898344458638,1.6495569716122924,0.7952944207172206,202151,505.1548241047259,0.7866509665391032,0.9914321472562589,0.855190890517156,0.7756954138756692,0.003249334263377411,7.256697973632164E-4,0.6017033751077459,0.9925439972516286,BOMBAY
70342,1013.0729999999999 px,382.58461575514497,236.8221825740751,1.6154931586084726,0.7853862361178064,71805,299.26947063768597,0.7236682372790684,0.9796253742775572,0.8612774854317028,0.7822308015365133,0.00543892149434399,0.0012561231072176552,0.6118850268724563,0.9884960747674144,CALI
63733,1048.882 px,358.4090779455126,227.7786694178216,1.573497109547477,0.7720785902383327,65287,284.86378482461777,0.6904834131438106,0.9761974053027402,0.7279825359092222,0.7948006966160729,0.005623602810875254,0.001384290882276599,0.6317081473413947,0.9939909439192763,BARBUNYA
69053,1142.711 px,400.11905663299274,221.0364114104555,1.8101952256634686,0.8335615441336542,70386,296.5147724525663,0.6678756576911173,0.9810615747449777,0.6645376620098078,0.7410663589676086,0.005794376155025744,0.0010779902742790361,0.5491793483935086,0.994121834494904,BARBUNYA
84648,1132.054 px,439.9157099914938,248.96194087164,1.7669998412259564,0.8244526032493057,86779,328.29435112828554,0.7671838747099768,0.9754433676350269,0.8300271116736937,0.746266486219902,0.005197000637835434,9.942790458289143E-4,0.5569136684549993,0.9840663637365487,CALI
83296,1142.638 px,446.7658888085393,239.01331655420614,1.869209194071062,0.8448611773900523,84270,325.6620351196315,0.7025878066061608,0.9884419128990151,0.8017088622462246,0.7289321841202461,0.005363593555615387,9.340801138636242E-4,0.5313421290463123,0.9931895928106597,CALI
60814,920.1659999999999 px,349.68136137774286,222.40128301389103,1.5722992090648236,0.7716797768544802,61353,278.2638849608842,0.7963283050492352,0.9912147735237071,0.9025703645773314,0.7957641318499957,0.005750014164135608,0.0014222833203884695,0.6332405535389775,0.9956436214771052,CALI
203677,1728.4859999999999 px,662.5508971103653,393.5188546457996,1.6836573121933824,0.8045055784172935,205511,509.2441563268289,0.8022632918173296,0.991075903479619,0.8566829450172441,0.768611375439736,0.0032529490178584983,7.003002001385863E-4,0.5907634464553628,0.9946431964011353,BOMBAY
137518,1417.9439999999997 px,519.7799999097848,339.9302724401023,1.5290782906114166,0.756504272831811,139153,418.44157980880686,0.778239315465411,0.9882503431474707,0.8595106317378766,0.8050359380534714,0.0037797233810103756,9.792663997942824E-4,0.6480828615576326,0.9909694341251003,BOMBAY
80609,1116.2479999999998 px,416.61291732673266,247.14052227956668,1.6857329323576402,0.8050449767862112,81672,320.36630044615606,0.8224568921538619,0.9869845234596925,0.8129653020988282,0.7689783180556202,0.0051683176484850655,0.0011147701711093905,0.5913276536396507,0.9968204995541314,BARBUNYA
58635,926.5229999999999 px,353.2945175484061,211.92769914604884,1.6670521077329068,0.8001040262343524,59458,273.2332349944755,0.728204172876304,0.986158296612735,0.8583301818522414,0.7733865696261162,0.006025317942328065,0.0013296772407461876,0.5981267860780515,0.9971085194229252,BARBUNYA
73346,1040.579 px,378.6514101666743,251.0932419289124,1.5080111565642025,not_measured,75533,305.5929116457796,0.7050805094929103,0.9710457680748812,0.8512089550221287,0.8070560506067154,0.005162536609585721,0.0013510073086352254,0.651339468820909,0.9822271856925323,CALI
71467,1046.223 px,397.86683666549436,232.01611549460083,1.714824144078703,0.8123643721894522,73216,301.6531295106813,0.7712238445185449,0.9761117788461539,0.8204779034629321,0.7581761074605359,0.0055671405916785975,0.0011347294568252524,0.57483100992401,0.9857340945828369,CALI
58641,910.692 px,344.1535559241731,217.28377577759272,1.5838897989164258,0.7754922747620034,59181,273.2472143367882,0.7049044356292824,0.9908754498910123,0.8885220064721685,0.7939688828814322,0.005868821403526084,0.001438614999394912,0.6303865869839894,0.998462884497683,BARBUNYA
73636,1045.21 px,412.0408752005038,230.18327367640148,1.7900556744177822,0.8294090015740417,74832,306.1964518346325,0.7582585056429689,0.9840175326063716,0.8470185872553156,0.7431215451273707,0.005595644456522677,0.001052614349531308,0.5522296308324909,0.9885217842533376,CALI
84154,1169.542 px,416.6822899803014,258.0397874261887,1.6147986096891813,0.7851763216506203,85493,327.3349975906073,0.7574822002394304,0.9843378990092756,0.7731308132522089,0.7855745383517069,0.00495142583810991,0.0011632140436373265,0.6171273553064973,0.9965363953500933,BARBUNYA
69965,1014.949 px,388.2999017456774,232.63413991262613,1.6691440985038437,0.8006671399207909,71261,298.4664214738329,0.786698150334514,0.9818133340817558,0.8534975179322226,0.7686492325442764,0.005549916411715535,0.0011950305188818298,0.5908216426909052,0.9861664581658711,CALI
64654,956.994 px,359.5664067900189,230.46235522709034,1.5601958351753955,0.7675866573704011,65352,286.9146728999882,0.708412771459251,0.9893193781368589,0.8871291156725679,0.7979462694009172,0.005561394604974463,0.0013907788208399768,0.6367182488508409,0.9934051600372533,CALI
71544,1034.654 px,407.0116681395076,226.12565153869673,1.7999358558834533,0.8314661906650127,72741,301.8155893729356,0.7907161803713528,0.9835443560028044,0.83983273700221,0.7415403856910684,0.0056889699784679025,0.0010610910189655543,0.5498821436108585,0.9897525867952386,CALI
52894,918.483 px,331.6248277447896,203.50729897600203,1.6295475858283366,0.789564750692887,53879,259.51249002547394,0.7178881650380021,0.9817182946973775,0.787905314774461,0.7825484352009627,0.006269611444488782,0.0014503248847095318,0.6123820534354752,0.9979056967803782,BARBUNYA
76545,1087.242 px,423.8147901638534,230.93335804276526,1.8352255116186786,0.8385061299006317,77800,312.18603580517987,0.8019381875327396,0.9838688946015424,0.81371861241262,0.7366095828899315,0.005536805672008013,0.0010055148799726788,0.5425936776052788,0.995781759584208,BARBUNYA
174024,1563.3049999999998 px,580.5057916468222,382.87319522016674,1.51618290048487,0.7516597856279216,175448,470.71672854593976,0.7483486996009358,0.991883635037162,0.8948115413603357,0.810873440574254,0.003335780074281836,8.895891468853882E-4,0.6575157366287283,0.996914116676191,BOMBAY
83051,1110.9319999999998 px,433.0473500180466,246.85592640508747,1.7542513818664467,0.8216143539322457,84323,325.18274466797897,0.7357198540094256,0.9849151477058454,0.8456288219316004,0.7509172949665377,0.005214234025093576,0.0010226775211146027,0.5638767838798621,0.9891816273236558,CALI
144458,1440.778 px,524.9804748358645,351.9433714342057,1.4916617769970058,0.7420059826533946,146010,428.87018799789774,0.7618369564070921,0.9893705910554071,0.8744949886380838,0.8169259783080205,0.0036341391604193915,9.98417406119178E-4,0.6673680540345164,0.9954874173921604,BOMBAY
85716,1121.69 px,433.0923441733929,252.95955104447538,1.712101173429291,0.8116978004143771,86374,330.35889698405157,0.8070426513510969,0.9923819667955635,0.8561030888164503,0.7627908953564624,0.005052642962497001,0.0010551649972144154,0.5818499500387138,0.996185982221056,CALI
74367,1073.76 px,407.2304241482621,233.02129423523786,1.7476103438733714,0.820107182702962,75422,307.7125366690799,0.6755723110465116,0.9860120389276339,0.8105422978511911,0.7556226608379577,0.005475956057771083,0.001101183289330975,0.5709656055718353,0.9978253982932628,BARBUNYA
71997,1035.853 px,398.05894663421435,233.53302603237123,1.7045081520034657,0.8098192129395274,73870,302.7695947454062,0.6908175014392631,0.9746446459997292,0.8431949719357467,0.7606149724945844,0.005528826848816122,0.0011414903179995403,0.5785351363829374,0.9861178561851538,CALI
74727,1064.7 px,404.4919384492031,237.44904236286035,1.7034894494586938,0.8095649285334192,75848,308.45643364894255,0.7749191139870583,0.9852204408817635,,0.7625774566275544,0.005412928907211624,0.0011291403722352197,0.5815243773565496,0.9906206414299186,CALI
57779,949.1499999999999 px,329.2330423901832,223.89144820959413,1.4705029826863882,0.7331755472202633,58873,271.23146509070983,0.7164432650935558,0.9814176277750412,0.8059538625078598,0.8238282012085103,0.005698143657560414,0.0016190481894273509,0.6786929051064499,0.9980199412871245,BARBUNYA
68632,1009.219 px,390.7563616357087,226.2789453796381,1.7268790120093571,0.8152711758522381,69718,295.60949990530355,0.6856343656343656,0.9844229610717462,0.846770427869991,0.7565059175694038,0.0056935010146245,0.0011502930166362231,0.5723012033175257,0.9882949365567347,CALI
66737,963.4219999999999 px,366.60905832058745,232.92567764954228,1.5739314875888604,0.7722229307044522,67677,291.49989279070167,0.7292067307692308,0.9861104954415828,0.9035317650969098,0.7951246325610283,0.005493340400686088,0.0013544316873378198,0.6322231813053101,0.9950759722400285,CALI
88631,1174.734 px,424.32905924003273,267.76185623793333,1.5847255662246893,0.7757632399584864,90381,335.9292992422992,0.7685124167591565,0.9806375233732754,0.8070797228431212,0.7916716800964415,0.004787591917501018,0.001160051649394188,0.6267440490667225,0.9932173180352164,BARBUNYA
232457,1020.8760000000001 px,374.45876965738023,225.51232617409104,1.6604802762235953,0.7983185613602026,66946,289.8287524114155,0.7661417688591602,0.9854808353000926,0.7954936039782571,0.7739937635232874,0.005675853664434174,0.0012564950964050585,0.5990663459729428,0.994737851637412,BARBUNYA
66973,1016.147 px,397.9997409749013,217.26436491727983,1.8318684756537673,0.8378563853581095,68392,292.0148489881089,0.7950261158594492,0.9792519592934846,0.8150730593568271,0.733706128232189,0.0059426894565705775,0.0010623102818966724,0.5383246826054694,0.9861400157312792,CALI
79053,1067.951 px,414.14827892382635,244.86828498484346,1.6913104077543597,0.8064828225778033,80109,317.25920905459753,0.8099277700937452,0.9868179605287796,0.8710148637809934,0.7660522213903743,0.005238868593523666,0.001112886240755984,0.5868360058971271,0.99252184441881,CALI
66700,1020.511 px,356.9693595301303,238.92352358279396,1.4940737277651526,0.7429823470853512,67735,291.4190756176324,0.7950129919664354,0.9847198641765704,0.8048228856715308,0.8163699988178815,0.005351864460721594,0.0014663343683285902,0.6664599749699079,0.9957403392095605,BARBUNYA
71243,1053.6519999999998 px,348.7025741267655,260.98072706815157,1.3361238511520683,0.663209716775453,72741,301.1800207277488,0.7614034712722298,0.9794063870444454,0.8064132804810312,0.8637160809092834,0.004894552084089181,0.0016802609681038276,0.7460054684212919,0.9967556994475592,BARBUNYA
73944,1067.612 px,369.35489097095194,255.97155709530875,1.4429528622722168,0.7209151557662747,75339,306.8361531760833,,0.9814836937044559,0.8152408080775007,0.8307353190030305,0.00499506235760781,0.001467477249868307,0.6901211702390669,0.9958123179111134,BARBUNYA
69379,1064.7459999999999 px,961.166943,242.65960137331345,1.50649381659952,0.747916370468593,70780,297.2138731186363,0.7381294351707042,0.9802062729584629,0.7690345745545338,0.813025643731682,0.0052691043256230434,0.0014201477692841128,0.6610106973653161,0.9958085282869854,BARBUNYA
78993,1097.334 px,444.3010521470467,228.8839650748025,1.9411628595382069,0.8570969576569002,79954,317.13878879327376,0.803509307293256,0.9879805888385822,0.8243673837038259,0.7137925675861622,0.005624562330169087,9.006510978069206E-4,0.509499829541246,0.9890221460465138,CALI
72515,1103.397 px,386.00473171676464,239.86238661614112,1.6092757900157952,0.7834954438193832,73844,303.85681757444627,0.6980650750866384,0.9820026000758355,0.7484695173255344,0.7871841783468205,0.005323101864673028,0.0012608109333080474,0.619658930639559,0.9972021151453192,BARBUNYA
76909,1054.986 px,414.61614982921094,238.95171347703456,1.7351461673827224,0.817223889186342,78190,312.92743591132535,0.7757302509481159,0.9836168307967771,0.8683476547240842,0.7547401036843999,0.005390996500139268,0.001079042427486699,0.5696326241095387,0.9883958645398291,CALI
58078,935.7839999999999 px,352.71232432238435,211.08815069743838,1.6709243183808167,0.8011443574414778,58934,271.93235607247766,0.7221206808658783,0.9854752774289883,0.8334322193468477,0.7709749201276205,0.006073079725926932,0.0013235786336859036,0.5944023274657909,0.9932013038647477,BARBUNYA
64474,983.3029999999999 px,381.6531652189445,216.79441645008336,1.7604381674968996,0.8230006710264933,65241,286.515002063164,0.789281036150183,0.9882435891540595,0.8379531744937704,0.7507208852802197,0.0059194894875289955,0.001159786393418341,0.563581847595917,0.9921509950162732,CALI
70136,1030.908 px,396.6158929098156,226.03386719962188,1.7546746327157432,0.8217097371518604,70887,298.83093666744975,0.7705051304023026,0.9894056738188949,0.8292988018275477,0.753451745150816,0.005654954558426708,0.0011241665399596913,0.5676895322708103,0.9961104215338563,CALI
55721,916.614 px,959.3887271,207.19488989112338,1.6549215705479348,0.7967885391669588,56533,266.35724257505746,0.7972899496336996,0.9856367077636071,0.8334044086810449,0.7767979191440175,0.006153717495883497,0.0013821320303399555,0.6034150071864757,0.9986045113852356,BARBUNYA
70563,998.451 px,386.3189647203303,233.877395956722,1.6518012060978178,0.795921585323467,71406,299.73922331778215,0.7516777808551889,0.9881942693891269,0.8894742667339228,0.7758853452477379,0.005474809244509592,0.001223880318897336,0.6019980689702015,0.9943811363935361,CALI
53202,897.6499999999999 px,301.8954431097935,224.7506292136147,1.3432462643869014,0.6676613479734265,54102,260.26695959917794,0.7518654607122668,0.9833647554619053,0.8297050862886405,0.8621095996620389,0.005674513046686093,0.0019335628162661473,0.7432329618294411,0.9983448995466091,BARBUNYA
61883,988.7079999999999 px,349.8545320386321,227.07372831041215,1.5407089787171562,0.7607441796824509,63151,280.69891832147493,0.680736145028931,0.9799211413912685,0.7955090544398209,0.8023303762447166,0.00565348370374145,0.0014451364228718307,0.6437340326449886,0.9918068040019369,BARBUNYA
176570,1601.0369999999998 px,610.4912664863843,369.6681419656924,1.651457610710316,0.795825763292073,178203,474.14755763779664,0.8027149650400517,0.9908362934406267,0.8656135455210819,0.7766655866621991,0.0034575027835214607,7.760300715615132E-4,0.603209433505338,0.9961748098146486,BOMBAY
175512,1606.945 px,602.3650349047135,374.487214510106,1.6085062762228373,0.7832595777525894,177479,472.7248871971496,0.7850743197606023,0.9889169986308239,0.8541116660979309,0.7847814195787919,0.003432044731441232,8.030221985943113E-4,0.6158818765161039,0.9906498637880516,BOMBAY
71556,1076.2610000000002 px,404.6052268398362,226.1113332475797,1.7894071076783016,0.8292725878370307,72868,301.8408999176044,0.7130926992605585,0.9819948399846298,0.7762841393626303,0.7460133480605993,0.005654385751576893,0.0010803179417633632,0.5565359154845849,0.9958693228463669,BARBUNYA
141953,1402.0499999999997 px,524.2311633301414,346.3974997887093,1.5133803322769495,0.7505863011447866,143704,425.1354761647051,0.7147107987271921,0.9878152313088014,0.9074598849389858,0.8109694842711411,0.003692991083880872,9.853172184733814E-4,0.6576715044190006,0.9953071198867084,BOMBAY
74469,1028.4950000000001 px,373.89923565913114,256.99306020135833,1.4549001259651715,0.7263430095396926,76127,307.92348994008694,0.7704699236451673,0.9782206050415753,0.884669422275649,0.8235467221463068,0.0050208709081514605,0.001424661834084444,0.6782292035579263,0.9867557536896848,CALI
170186,1602.527 px,581.4943271056776,381.3481079380505,1.5248386316896074,0.7549285055313529,174345,465.4970946851316,0.7777016158514294,0.9761449998566062,0.8327659971087233,0.8005187204526841,0.0034168164661351557,8.655404804251228E-4,0.6408302217952028,0.9771626785475446,BOMBAY
78474,1172.3519999999999 px,423.80448518076156,236.31429443251707,1.79339335438206,0.830108328003528,80373,316.0952388656734,0.7146343684546034,0.9763726624612743,0.7174961860340774,0.745851565801273,0.005400571975186196,0.0010309299207590292,0.5562945582082108,,BARBUNYA
166256,1577.223 px,597.538931178382,360.22873576289686,1.6587764158039937,0.7978515230132713,169300,460.09098420800336,0.6964768966528424,0.9820200826934435,0.8398485724045426,0.7699765826147542,0.003594089423409573,7.792534068949798E-4,0.5928639377750954,0.9834287177620147,BOMBAY
70380,1081.527 px,369.95935461685593,244.2695499557457,1.5145537161053493,0.7510366614202821,71769,299.350295069941,0.8000818498056067,0.9806462400200644,0.7561089775672828,0.8091437379113163,0.005256597820643022,0.0013899117392806313,0.654713588601097,0.9915988986004602,BARBUNYA
76574,1077.011 px,418.75224764474035,236.70298285841022,1.7691042275340798,0.8249142963334877,78444,312.2451679346701,0.6801620152422234,0.976161338024578,0.829565954112575,0.7456561002141096,0.005468595706698623,0.0010428212697122898,0.5560030197865142,0.9836272928260369,CALI
80220,1067.015 px,406.9650704978468,252.30648869106506,1.6129790106038548,0.7846248280118256,80772,319.5923595436142,0.8294559215832248,0.9931659485960481,0.8854243721726945,0.7853066091216423,0.005073112322336659,0.0011901761705496816,0.6167064703301319,0.9947345923460915,CALI
64717,954.2189999999999 px,329.08574162894206,250.60548926143753,1.3131625432419483,0.6481410000904867,65499,287.0544262271974,0.7899927979394783,0.988060886425747,0.8931658745317623,0.8722785277973643,0.005084996857532674,0.0018158968667338342,0.7608698300563375,0.999145761112849,BARBUNYA
47940,854.752 px,284.15378866300335,215.15725127136207,1.3206795819519976,0.6531994064101656,48828,247.06093129955553,0.7601078167115903,0.9818137134431064,0.8245702134319958,0.8694620348439602,0.005927279696766862,0.0020894773941156275,0.7559642300349999,0.9983865232932875,BARBUNYA
67448,1012.1999999999998 px,386.0879006223107,223.83221716361828,1.7248987009769274,0.8147985483024612,68315,293.0485639161148,0.8025702046644455,0.9873087901632145,0.8272680931416582,0.7590203252776591,0.005724230527551754,0.0011719538256929752,0.5761118541846036,0.9937345889004319,CALI
80984,1080.886 px,414.67258213876516,252.43717122494965,1.6426763939976403,0.79335241960044,82866,321.1106215789699,0.7688159793422952,0.9772886346631912,0.8710624738791962,0.7743714810436011,0.005120426036485789,0.0011357513472180208,0.5996511906536603,0.985032855519346,CALI
75482,1058.086 px,416.94341826374705,233.57021302432125,1.7850881448668776,0.8283598032103325,76513,310.01075354848507,,0.9865251656581234,0.8472495107666768,0.7435319517440631,0.005523746300624613,0.0010413867102855349,0.5528397632643358,0.9868677074141768,CALI
241322,1895.94 px,726.3734931585373,427.3701204803078,1.6996356515101922,0.808598089839022,244319,554.3110258822018,0.8208231292517006,0.9877332503816731,0.8436408515840113,0.7631212194595028,0.003009976268879494,6.296757286588111E-4,0.5823539955893585,0.9897896127030832,BOMBAY
76921,1108.051 px,387.1340580707528,254.73720053522044,1.519738998691033,0.7530111784112642,78431,312.9518477666707,0.7400234741784038,0.9807474085501906,0.7872909977811298,0.8083810794799032,0.005032878642643138,0.0013257473923801427,0.6534799696610938,0.9931189947573974,BARBUNYA
60880,970.236 px,354.03759595416983,219.7636532671345,1.6109924943949587,0.7840201639262048,61670,278.41484063080526,0.6884230047266888,0.9871898816280201,0.8126990239313263,0.7863990825054807,0.005815335018958112,0.001371912757224065,0.6184235169654622,0.9962756441886929,BARBUNYA
179474,1655.841 px,611.4539473114847,377.6808177349781,1.6189700895546864,0.7864321791154899,183984,478.03074592728717,0.7880653376657591,0.9754869988694669,0.8225724171149987,0.7817935398555378,0.003406922157590987,7.850734370367198E-4,0.6112011389598524,0.9895163626777587,BOMBAY
60621,934.49 px,324.545204422403,239.3762759621018,1.3557951936464463,0.6752657370736704,61608,277.8219833659502,0.733590686867709,0.9839793533307363,0.8723356946673424,0.8560347821512054,0.005353676191788373,0.0017733624465896994,0.7327955482526617,0.9935206822464713,BARBUNYA
117034,1265.9260000000002 px,425.92378748920083,351.21510887864844,1.2127148767861398,0.5657218525827331,118019,386.0211352743979,0.7463189108184803,0.9916538862386565,0.9177095970112145,0.9063150418293681,0.003639316672840378,0.0015146642024813153,0.8214069550461693,0.9961324342800933,BOMBAY
200662,1706.597 px,635.6740949610945,403.7872338542014,1.5742798228004957,0.7723385740213369,202914,505.46097131791214,0.7750111040302802,0.9889017021989611,0.8657909559372142,0.7951574168660249,0.003167884776196263,7.811988519567623E-4,0.6322753175970494,0.9953782749478101,BOMBAY
70080,1015.39 px,392.6195817801487,229.12750787390286,1.7135418851420556,0.8120509446065968,70817,298.71161225342445,0.6831208328459469,0.9895928943615233,0.8541579614926361,0.7608168978711078,0.005602448370150523,0.0011579191189698302,0.5788423520862157,0.9918706151938756,CALI
59397,965.459 px,384.13325987579117,197.17416719076834,1.9481926326796029,0.8582114805305929,60021,275.00292587286134,0.6739090970977331,0.9896036387264457,0.8007679887634946,0.7159050116144149,0.006467216523996013,0.0010478974290531243,0.5125199856546355,0.9984876601534167,CALI
221882,1369.7379999999998 px,481.26078234570275,354.6256634046364,1.3570951908141309,0.6760366641532302,135151,412.6845302452896,0.7445671535447097,0.9897078083033052,0.8959032569174575,0.8575070842752506,0.00359794245174718,0.0012000099358384806,0.7353183995822419,0.997897063790204,BOMBAY
171914,1595.6759999999997 px,598.5416463384506,368.35837235043385,1.624889486071011,0.7881943037361296,174673,467.8543609859811,0.8159803307322815,0.9842047712010442,0.8484606069828273,0.7816571559356936,0.0034816341097202706,8.017299796202827E-4,0.6109879094254775,0.9927878301419655,BOMBAY
84049,1146.3980000000001 px,395.4512489630104,271.3095062181963,1.4575650314477928,0.7275301272729308,85440,327.130723863482,0.7880825128926394,0.9837195692883896,0.8036585606708229,0.8272340136017147,0.004705008375626246,0.0013591071464478905,0.6843161132596017,0.9974352371434626,BARBUNYA
71943,1040.514 px,392.52968830072786,235.7331180604484,1.665144429133935,0.7995883261762513,73246,302.65603011815546,0.6708347320129797,0.9822106326625345,0.8350309099949355,0.7710398452365781,0.005456120655251071,0.0011895179924953153,0.5945024429424464,0.9899324309721295,CALI
203688,1738.084 px,676.0589864227641,389.1160898527235,1.7374223375821995,0.8177558262528676,207028,509.2579075360694,0.7880710659898477,0.9838669165523504,0.8472933240809413,0.7532743706739401,0.003319090895991733,6.59191614312458E-4,0.5674222775142205,0.9858521397949725,BOMBAY
76386,1088.169 px,958.7584069,227.60402051348885,1.8900190836016755,0.8485624805266766,77293,311.8616293552962,0.7583618763961281,0.9882654315397255,0.8106454204676782,0.7249629714438088,0.005631607130560065,9.595672398545547E-4,0.5255713099646367,0.9933398056266949,CALI
73478,1011.417 px,376.0807406723031,249.56671424923027,1.5069346960137053,0.7480886858641237,74153,305.86777415747855,0.7760011828320379,0.9908971990344289,0.9026236172426944,0.8133034773615159,0.005118276772262488,0.001381382806474878,0.6614625462883336,0.9967808611154614,BARBUNYA
60813,944.0419999999999 px,359.5404963964963,215.8900137475743,1.665387343098152,0.7996541097435098,61634,278.26159712396435,0.7025206783420359,0.9866794301846383,0.8574793297291331,0.7739367328933687,0.005912230878208546,0.0013084375142061245,0.5989780665216616,0.9975304907785782,BARBUNYA
164719,1536.3079999999998 px,572.9178376719352,369.5414894046154,1.5503478069404018,0.7641685972422422,166293,457.95932632629206,0.8183087256324146,0.9905347789744607,0.8769947165080243,0.7993455539579991,0.003478152718702367,8.759244813326531E-4,0.6389533146324206,0.9905998700776736,BOMBAY
142238,1425.3619999999999 px,516.4426266783904,351.4148645306869,1.4696095094557182,0.7327918528267954,143764,425.5620358585104,0.7674643213640165,0.9893853815976184,0.8797821542168259,0.824025775323006,0.0036308344231386156,0.0010326410685262636,0.6790184783966812,0.9978920129479146,BOMBAY
81272,1094.556 px,422.5549309171075,246.94731545146408,1.7111136848951007,0.8114551448822451,82543,321.681090957669,0.8032020556406582,0.9846019650364053,0.8524616284968272,0.7612763866214902,0.005199268270955649,0.0010771877983498318,0.5795417368274727,0.9916617968533635,CALI
70122,1023.7640000000001 px,396.45544331232384,227.3557115249691,1.7437672476012704,0.8192258403290016,71191,298.8011100312699,0.7277992277992278,0.9849840569734939,0.8407453051956298,0.7536814415633517,0.005653795432422404,0.0011253073078229695,0.568035715357012,0.9905220759073158,CALI
67549,991.709 px,384.4144069739145,224.282669435808,1.7139728537248298,0.812156379933852,68128,293.2678946071586,0.766209165154265,0.9915012916862377,0.863098335257248,0.7628951706460344,0.005690897081731994,0.0011891043204928422,0.5820090413950421,0.9975476975735129,CALI
58299,913.932 px,348.27189941269563,213.73386545570492,1.6294652168019341,0.7895406397274648,58881,272.44924705074015,0.7191192796348834,0.990115657003108,0.8770880659541349,0.7822889171081039,0.005973891480346071,0.001380084893011909,0.6119759498301699,0.9971935237675874,BARBUNYA
154364,1481.35 px,556.1528851778938,353.8528241865262,1.5717067864483945,0.7714821299337535,155283,443.3309701379982,0.8130583178830272,0.9940817732784658,0.8839761020656679,0.7971386680771999,0.003602866505000478,8.973532500929432E-4,0.6354300561438924,0.9987097315546398,BOMBAY
185677,1612.79 px,582.4894600589536,408.71466321110523,1.4251738743175257,0.7125032888653612,187533,486.22145052207514,0.7673998578253898,0.9901030751920995,0.8970410772251625,0.8347300403905417,0.003137111543481172,9.394937525612194E-4,0.6967742403303955,0.9930244436163206,BOMBAY
79678,1099.69 px,430.60633257554736,236.76110629165632,1.8187376268004976,0.835275320207177,80370,318.5108796342886,0.7573954372623574,0.9913898220729128,0.8279569131066028,0.7396799710984457,0.005404331591851544,9.979233560744498E-4,0.5471264596441977,0.9950794787730463,CALI
68024,1011.261 px,380.5696407327228,230.3304483927484,1.6522767327912884,0.7960540828058548,69648,294.29720826243783,0.6991879946551547,0.9766827475304388,0.8358830384499509,0.7733071079863808,0.005594637785674509,0.0012341266915417857,0.5980038832622602,0.9880679024330703,BARBUNYA
101496,1239.9 px,480.4816110942436,270.0436281691737,1.7792740171348802,0.8271189003373733,102579,359.483964638814,0.6683260242582276,0.9894422835083204,0.8296319538912876,0.7481742408832861,0.004733995537698467,9.149947740301665E-4,0.5597646947212815,0.9959747770270143,CALI
63278,1028.0369999999998 px,358.98107188166136,226.09999546032228,1.5877093281262717,0.7767263547722381,64508,283.84511958416977,0.7677319162359564,0.9809325975072859,0.7523936420462983,0.7906966183379711,0.00567307866686149,0.0013678488013425746,0.6252011422511031,0.9926376855072764,BARBUNYA
75846,1055.133 px,416.8471544584965,233.1112728959616,1.7881896026732989,0.8290160469650342,76592,310.7573434530279,0.7594244690757261,0.9902600793816586,0.8561071684089175,0.7454946978268711,0.005495967545533008,0.0010471337514906258,0.5557623444879778,0.993808445970738,CALI
84265,1124.466 px,442.8814200424105,244.93780869440036,1.8081382470232552,0.8331447081416576,85624,327.5508055815288,0.6702059969776505,0.9841282817901523,0.8374606933610729,0.7395903073788066,0.005255817006377624,9.70029277252429E-4,0.5469938227686778,0.9890404518335062,CALI
85561,1167.0010000000002 px,410.0627936596787,266.35034817559125,1.5395616955955511,0.7603312526527377,86847,330.06006830134004,0.734051132463967,0.9851923497645284,0.7894838665111847,0.8049012819613796,0.004792636758098651,0.0012408656241956004,0.6478660737030723,0.9974297909491342,BARBUNYA
84973,1111.998 px,435.52979044176266,250.3747370227147,1.7395117239893503,0.8182419725504835,86321,328.9239788078409,0.8086659433944308,0.9843838695103162,0.8635406837439258,0.7552272795718743,0.005125507990088177,0.0010285546040234334,0.570368243809534,0.9921622470979005,CALI
78307,1078.206 px,423.3616239373426,237.52025007727374,1.7824232830657936,0.8277927827987761,79326,315.75871964140026,0.7816005908891285,0.9871542747648943,0.8464610165600364,0.7458368963742743,0.005406433957849778,0.0010319677395651506,0.5562726759932098,0.9915133694236116,CALI
62879,961.969 px,342.90495927923996,233.90209875381314,1.46601916402706,0.7312408829407828,63902,282.94881044705295,0.7293616823839185,0.9839911113893149,0.8538731089589743,0.8251522842999697,0.005453409871010034,0.0015594962248020137,0.6808762922854581,0.9981776928221714,BARBUNYA
66483,1030.876 px,375.3199021682638,226.10094941406797,1.6599660600315527,0.7981777919071011,67668,290.9446419039674,0.7015194681861349,0.9824880297925164,0.786153975173258,0.775191084254122,0.005645351475839896,0.0012574937207856093,0.6009212171070812,0.9975088251506068,BARBUNYA
66166,974.533 px,364.3490237386494,232.08462162042215,1.569897312431789,0.7708767433097715,66906,290.2501812522204,0.7117685025817556,0.9889397064538308,0.8754909169633484,0.7966267571514595,0.005506589845821863,0.001367987251186221,0.6346141902096503,0.9962791116412061,BARBUNYA
46278,846.3079999999999 px,300.6302145588279,196.47844420260938,1.5300926052163604,0.7568788425430387,47102,242.74056037517477,,0.9825060506984842,0.81194676041874,0.8074390018694373,0.006496179924776954,0.001703243347401721,0.651957741739913,0.9975557195497987,BARBUNYA
75667,1043.8970000000002 px,408.84010006522016,238.42876770642422,1.714726389764436,0.8123405067292823,77183,310.3904261272817,0.7787074199855922,0.9803583690709095,0.8725716140775357,0.7591976082526316,0.0054031493261953055,0.0011072509407073089,0.5763810083765164,0.9883357256222493,CALI
176492,1593.206 px,587.5180638468955,383.51100411888297,1.5319457787051485,0.7575607925228128,178253,474.0428184556732,0.7527113764793688,0.9901207833809249,0.8737577120492849,0.80685658471806,0.003328865126163767,8.702847082329799E-4,0.6510175483028917,0.9973235849855902,BOMBAY
160250,1511.116 px,552.8430861775554,369.98305446517554,1.4942389374473135,0.7430490046438494,161847,451.70414769383046,0.8190353526835227,0.9901326561505619,0.8818856873082707,0.8170567001515465,0.003449878852902062,9.484018448067131E-4,0.6675816512625342,0.997526497241852,BOMBAY
162866,1518.137 px,572.2055991422703,363.59259137819413,1.573754836349472,0.772164248537165,164395,455.37614308704957,0.8115666156736313,0.9906992305118769,,0.7958260872834052,0.0035133520755852685,8.693088896026738E-4,0.633339161200814,0.9967205679892986,BOMBAY
67454,1014.6740000000001 px,933.5773138,249.9889963357216,1.376016696474137,0.6869175388649608,68666,293.0615980482016,0.7316766278703994,0.9823493431975068,0.8233121186309129,0.8519504112782593,0.005099609109804677,0.0016571961612789764,0.7258195032771952,0.9987397551359851,BARBUNYA
57017,903.559 px,349.81190418672963,210.80113190164238,1.6594403503959754,0.7980337150523158,58127,269.4370039956738,0.7915729557128974,0.9809038828771484,0.8776092551697438,0.7702339479329106,0.006135221147845899,0.0013319889105948856,0.5932603345483178,0.9844801374388941,CALI
78863,1118.732 px,399.7921103156325,252.02284417682344,1.5863328247939765,0.7762828632633385,80572,316.8777212371503,0.68724728109314,0.9787891575237055,0.791828331062577,0.7926062397453967,0.005069450950580532,0.0012341576399028866,0.6282246512833374,0.9965733856755072,BARBUNYA
55805,934.264 px,333.92404333996944,213.19784281285408,1.5662637057406312,0.7696532718472008,56596,266.55793515471595,0.7093735699394925,0.9860237472612905,0.8034220512584176,0.7982591863962675,0.005983765672251042,0.0014987529163003812,0.6372177286660308,0.9980510010640854,BARBUNYA
68999,1012.123 px,391.5149719407793,225.36613368725244,1.7372396000017318,0.8177132107263734,69656,296.39881131202515,,0.9905679338463306,0.8464203033824423,0.7570561346421729,0.0056742122630875705,0.001149734789656079,0.5731339909993479,0.9956710652711034,BARBUNYA
71782,1024.023 px,401.44786562434103,230.8044773909921,1.7393417587141178,0.8182025022440562,73091,302.31718608140596,0.7496814621409922,0.9820908182950021,0.8602129893419529,0.7530671152311029,0.005592597944113302,0.001109502013709422,0.5671100800424953,0.986398244005618,CALI
69303,1068.546 px,353.1006250131228,250.5911174274709,1.4090707948390129,0.7045165587422781,70842,297.0510396695843,0.7140590386894029,0.9782755992208012,0.7627381217575356,0.8412645535774529,0.005095026550266551,0.0015741879220282486,0.7077260491058712,0.9972361065418841,BARBUNYA
137075,1432.713 px,526.8980614634921,334.1175121300153,1.5769842715052302,0.7732332294088539,139517,417.76705302665073,0.6769971601432275,0.9824967566676462,0.8391695475552645,0.792880224053732,0.0038438669448367106,9.370838481785514E-4,0.6286590496954965,0.9913854335092228,BOMBAY
80344,1085.561 px,426.01559440014154,242.41250821562807,1.757399391376277,0.8223218724182036,81307,319.83926898084593,0.7248777495082914,0.988156001328299,0.8567514514964358,0.7507689229808618,0.005302394633079527,0.0010391469306203767,0.5636539757138432,0.990565153866327,CALI
81899,1111.8020000000001 px,433.4177780291965,243.03709162598545,1.7833400454618327,0.8279881791293024,83065,322.919565022414,0.6891244898817788,0.9859628002166978,0.8325945449392971,0.7450538058008803,0.005292100978390414,0.0010059084003704467,0.5551051735383761,0.9899412854140259,CALI
82632,1101.0469999999998 px,385.5239906875453,273.20550169419613,1.4111135694444004,0.705549959526769,83895,324.36141888417615,0.7604358389162924,0.9849454675487216,0.8565375611926388,0.8413520992706796,0.0046655531838457895,0.00144209555390314,0.7078733549471794,0.9988896966140973,BARBUNYA
149941,1485.1409999999998 px,563.717847122982,342.71126908883014,1.6448768919147136,0.7939766658720926,152636,436.9334166404934,0.7108229828387219,0.9823436148746036,0.8542694812879497,0.7750923957267775,0.003759597755937215,8.3701848456016E-4,0.6007682219134756,0.9881897656221666,BOMBAY
92544,1177.29 px,460.6734599889996,259.3480639752106,1.7762749138278988,0.8264733001734049,94340,343.2647381074422,0.7927359945177317,0.9809624761500954,0.8390565282622523,0.7451367789141554,0.004977885762329266,9.466047706472063E-4,0.5552288192905629,0.9862390231401108,CALI
77794,1085.037 px,412.3945256356867,243.1209666710682,1.6962524099932446,0.8077429034891322,79744,314.7227305790404,0.7963679544663513,0.9755467495987159,0.830360861146469,0.7631593316955654,0.005301109669584887,0.0011091937858810318,0.5824121655540221,0.9879180394303945,CALI
82553,1115.7759999999998 px,438.2728411655796,241.11000563856803,1.8177297951813964,0.8350745674710874,83452,324.20632957504375,0.8138432114831027,0.9892273402674592,0.8332756537997592,0.7397362992258936,0.005308987452492092,9.806164689445955E-4,0.5472097923924208,0.9946795438467295,CALI
199788,1749.634 px,685.9410472790516,375.6152943905856,1.82617975764792,0.8367459929012732,202653,504.3589814443168,0.7926270937641337,0.9858625334932125,0.8201340519707061,0.7352803618400979,0.0034333445816518092,6.190261887394109E-4,0.5406372105077053,0.9873007300604086,BOMBAY
75338,1132.638 px,394.0366998938942,248.19025259865927,1.5876397069109667,0.776703957486131,77341,309.7149024849429,0.7028847589192416,0.974101705434375,0.7379750762752143,0.786005218722882,0.005230251664417614,0.001231413944897054,0.6178042038596054,0.9808504851440272,BARBUNYA
86674,1136.184 px,443.93422096992003,250.45629465896621,1.7725017515507167,0.8256556896169479,87892,332.1998860631585,0.6899093376634747,0.986142083466072,0.8437258698603797,0.7483088042578894,0.005121884544037659,9.906790227988632E-4,0.5599660665298722,0.9925408337331637,CALI
66744,986.9849999999999 px,380.8264966931668,224.21506421947328,1.6984875571089826,0.8083085586393239,67410,291.5151800057824,0.8068665377176015,0.9901201602136182,0.8609957144747682,0.7654802975557059,0.005705778747050923,0.0012084557648229285,0.585960085945972,0.9952459149417434,CALI
68118,1027.932 px,359.64524903476405,241.6575617778329,1.4882433075502215,0.7406118107480595,69292,294.50047760278727,0.7351788894285252,0.9830572071812042,0.8101081104158269,0.8188638064681351,0.005279738821380018,0.0014643298164143579,0.6705379335434835,0.9979235920546445,BARBUNYA
84171,1135.2199999999998 px,407.599906798704,263.90654039680925,1.544485809960745,0.7620954645794948,85583,327.3680584905977,,0.9835013963053411,0.8207526304745986,0.8031602878954304,0.004842521851928859,0.0012429688896366047,0.6450664480522705,0.996295975498512,BARBUNYA
155917,1507.244 px,553.8696768273725,361.7394028172354,1.5311289633195106,0.7572605931753723,158297,445.55548486857657,0.7876584996211164,0.9849649709091138,0.862454527785592,0.8044410147541715,0.0035523366716097185,9.176365482209469E-4,0.6471253462187212,0.9908323604936501,BOMBAY
75650,1074.366 px,419.98366144145876,231.82394311221825,1.8116492015587824,0.8338552034578317,76498,310.3555566752673,0.7885136543673129,0.9889147428690946,0.823596105811753,0.7389705485448451,0.005551667699160063,0.0010212022101251115,0.5460774716166694,0.9893008154435776,CALI
68993,1025.729 px,397.6746265039169,222.34749642327705,1.788527565639301,0.8290873197459123,69818,296.3859239402457,0.77914172783738,0.9881835629780286,0.8240425266033224,0.7452975477612637,0.005763985136230007,0.0010970372746009634,0.5554684346989529,0.9934706073015914,CALI
83589,1101.2079999999999 px,416.86285409741015,256.9779746090597,1.6221734751065073,0.7873886680386337,85079,326.23430277159315,0.7277721668872327,0.9824868651488616,0.8662041859656707,0.7825938424711754,0.004987053967596336,0.0011539036224332726,0.6124531222737989,0.9935052096987189,CALI
65144,978.923 px,371.29548184750263,224.2950351136942,1.6553887680094859,0.7969178414019781,65737,287.9998557329976,0.7621855621855622,0.9909792050139191,0.8542543930766382,0.7756621607673752,0.005699611350968664,0.0012726688907469248,0.6016517876463133,0.9959676115225354,CALI
181992,1639.2519999999997 px,642.9683400997226,363.72814384936754,1.7677167713642696,0.8246101088064594,184472,481.37242466248705,0.8081170489109922,0.9865562253350102,0.851080651390085,0.7486720490589436,0.0035329483719049332,6.846735198669416E-4,0.5605098370421172,0.9908226394540043,BOMBAY
76416,1037.519 px,392.50207913717287,249.43814288941206,1.5735447457656384,0.772094426539126,77162,311.92286394312646,0.7584639358418279,0.9903320287187994,0.892076394421698,0.7947037239364907,0.005136386085861245,0.0012637419901531863,0.6315540088385261,0.9937784922750883,CALI
66266,986.1069999999999 px,374.00237576795735,227.5559785170558,1.643562072968894,0.7936040332196023,67126,290.4694332824373,0.7832027325698212,0.9871882728004052,0.8563524346300844,0.7766513051848996,0.005643955810943129,0.0012666822162308012,0.6031872498454078,0.9913756867443249,CALI
78675,1097.153 px,435.2654323915329,233.32899720852748,1.865457948214356,0.8441789946822551,80325,316.4997964960466,0.6453848930305814,0.9794584500466853,0.8213196732182412,0.7271420446991678,0.005532449092996923,9.540567696828884E-4,0.5287355531692866,0.9863339401631599,CALI
89085,1157.147 px,458.838323605596,247.48418382263606,1.8540106948185044,0.8420681047647113,89699,336.78857587918856,0.7016942744393772,0.9931548846698403,0.8360598750372923,0.7340027163221051,0.005150567700573564,9.222008776926812E-4,0.538759987568229,0.998866778891781,CALI
75510,1068.728 px,415.24558512967457,232.59637335968256,1.7852625091774186,0.8283968018925852,76172,310.06824736330566,0.7090207419787979,0.9913091424670483,0.8307683805692143,0.7467105213568407,0.0054992131522933994,0.0010546039630527182,0.557576602705005,0.9954206048037578,CALI
89692,1240.715 px,421.48423029040947,272.12274926207925,1.548875393304517,0.7636506095022588,90687,337.93401907234227,0.774341707675041,0.9890281958825411,0.7321827733735815,0.8017714419339016,0.0046992399577488455,0.001197870080210067,0.642837445100768,0.9956751006113229,BARBUNYA
148931,1403.498 px,496.12687545949296,382.82699391987364,1.295955832109721,0.6360701504259656,149919,435.4593421169794,0.8239612724757953,0.9934097746116236,0.9501044964310524,0.8777177041934572,0.0033312532344474486,0.0012195703144877246,0.7703883682546332,0.9983892988290833,BOMBAY
168405,1546.5829999999999 px,584.3296465130483,370.0301965736482,1.5791404375203402,0.7739424812631812,170625,463.054970312516,0.7561389566131009,0.986989010989011,0.8847455388929376,0.7924550347150251,0.003469787990339053,8.440753511014255E-4,0.6279849820451917,0.9916764793030468,BOMBAY
87661,1124.25 px,422.5868721752304,266.22343119015557,1.5873391394816372,0.7766072230886873,88808,334.08599451492887,0.7291472584508917,0.9870844968921719,0.8715463574587458,0.7905735282197701,0.004820694176147094,0.0011616048493195447,0.6250065035218557,0.9920972854708092,CALI
93336,1169.2930000000001 px,417.5269276367885,285.7076302428733,1.4613782882937316,0.7292141859001848,94432,344.7304543370097,0.8071255620892425,0.9883937648254829,0.8578519628868012,0.8256484349121901,0.00447337498539458,0.0012823179322816024,0.6816953380729492,0.9962147662908631,BARBUNYA
64605,1067.702 px,385.7553397359202,214.09355493692794,1.8018073446889322,0.831851486232562,66321,286.80592878742095,0.6921469895007499,0.9741258424933279,0.7121572212315194,0.7434917919315442,0.005970982737186289,0.0011254605889407987,0.5527800446695788,0.9960031444831231,BARBUNYA
75914,1048.9950000000001 px,415.81975263347476,233.53196909306413,1.7805688627914051,0.8273964717944936,76477,310.8966175419494,0.8145016791305001,0.9926383095571217,0.8669317393484144,0.7476715946584431,0.005477510770522891,0.001055860464121377,0.559012813459099,0.9953608095466918,CALI
66301,1010.7460000000001 px,366.5115647150555,230.5989030561278,1.5893898880596433,0.7772659064494779,67227,290.5461324049694,0.6990900367992071,0.9862257723831199,0.8155411518169118,0.7927338735705504,0.005527994520671717,0.0013466571171940147,0.6284269943061696,0.9988155101339409,BARBUNYA
69673,1063.011 px,390.0669853865217,228.72407671980594,1.7054041313908803,0.8100424213319818,70866,297.84294317699215,0.7444889672490249,0.983165410775266,0.7748164948436156,0.763568705723342,0.005598538679065373,0.0011739427800295738,0.5830371683600198,0.9943139956756181,BARBUNYA
69501,998.5490000000001 px,382.0129886132652,232.6773563944137,1.6418142037238517,0.7931070108058322,70342,297.4750772731029,0.776243926955939,0.9880441272639391,0.8759153863666823,0.7787040915885058,0.005496510677735071,0.0012466848023834167,0.6063800622566801,0.9955633990679711,CALI
68352,1003.9179999999999 px,399.52542128451825,219.88009512714555,1.8170149555988362,0.8349319447592071,69077,295.00588021552693,0.7830001718311472,0.9895044660306614,0.8522452875770348,0.7383907618870672,0.0058451167673882,0.001071810413639104,0.5452209172401637,0.9906745607306928,CALI
67546,985.555 px,356.6686962398248,241.4833998414038,1.4769905363021634,0.7359348042352911,68376,293.2613821979998,0.8017139059013436,0.9878612378612378,0.8738718879789684,0.8222234956128873,0.005280382202348396,0.0014886913087405773,0.6760514767378756,0.9985216331949445,BARBUNYA
83175,1111.879 px,400.1873429324542,266.18337588242366,1.5034272580163748,0.7467125174814419,84511,325.4254125500145,0.8027312647782657,0.9841914070357705,0.8454493954806471,0.8131826713093762,0.004811389755725329,0.0012977850394134383,0.661266056917853,0.9941654147713077,BARBUNYA
84566,1134.25 px,439.8239319845172,246.33710000288664,1.7854555078360637,0.8284377400669015,85580,328.13530035653554,0.8122598739818657,0.9881514372516943,0.8260152719756609,0.7460605858257087,0.005200954662447286,9.939378253796074E-4,0.5566063977225996,0.993795958510606,CALI
82952,1154.249 px,404.45250559869464,261.99581390616066,1.5437365184145952,0.7618283596323215,84639,324.98887167851024,0.7089187433767477,0.9800682900317821,0.7824159794488371,0.8035278980345106,0.00487574146010578,0.001253788467348215,0.645657082919759,0.9967244172762724,BARBUNYA
70071,1014.005 px,397.959130219493,226.75168357173112,1.7550437727779944,0.8217928606781836,70912,298.692430669305,0.7852060197895538,0.9881402301444043,0.8563828993448259,0.7505605676255304,0.005679369927923007,0.001111790340487448,0.5633411656743584,0.9886884047662793,CALI
59632,925.853 px,346.44369974309194,219.3624607044648,1.5793208128251115,0.7740016531095795,60256,275.54640359047914,0.7936119244077722,0.9896441848114711,0.8741886492447004,0.7953569477372882,0.005809694455042459,0.001434106392909757,0.6325926743139755,0.9990667765847587,BARBUNYA
73078,1039.637 px,407.6758980169291,231.4350612685857,1.7615131250308347,0.8232398197436182,74426,305.0340955535236,0.6899097466107775,0.9818880498750436,0.8496363065803751,0.7482269543951721,0.005578640603422769,0.0010785531299651258,0.559843575283475,0.9861718058260296,CALI
69966,1017.5150000000001 px,390.8109651661888,230.52796758164547,1.6952865600907028,0.8074976574247561,70935,298.46855443570666,0.7098823051948052,0.9863396066821738,0.8492103317910071,0.7637159164886421,0.005585726855418186,0.0011721598042858338,0.5832620010980866,0.988796231473195,CALI
74783,1047.5819999999999 px,395.0915622208019,244.41838802041778,1.6164559688847857,0.785676687634508,76817,308.5719897753678,0.791957893845046,0.9735214861293724,0.8563211924999825,0.7810138693949592,0.00528317347820764,0.00121257781731425,0.6099826641872864,0.9860101184417829,CALI
63038,959.999 px,361.06229123911055,223.03748608559513,1.6188412879642375,0.786393577457127,63717,283.3063261224768,0.794539885806476,0.9893435033036709,0.8595491765641633,0.7846466745397666,0.0057276926812257776,0.0013392326371034521,0.6156704038663146,0.9966726695564068,CALI
69172,1010.0329999999998 px,392.1770149183963,225.75553624243886,1.7371756256610134,0.8176982878137397,69782,296.7701564989659,0.8241629929703325,0.991258490728268,0.8520578267168248,0.7567250124557081,0.005669591957994511,0.0011467900685264403,0.5726327444760915,0.9947636461592374,CALI
84442,1119.674 px,443.7774674266931,245.10971657721473,1.8105258070701322,0.8336283828562315,86086,327.89463801124685,0.7354678000940652,0.9809028181121204,0.8464185795338449,0.7388717591106883,0.0052554116130206895,9.661905130078259E-4,0.5459314764113228,0.9884230269345993,CALI
78403,1078.803 px,413.6494353053148,243.29796356461,1.7001763156783118,0.8087341978355496,79203,315.9522116173124,0.6953826231950899,0.9898993724985164,0.8465609933959504,0.7638163736017383,0.005275938871029359,0.0011077337132528006,0.5834154525821104,0.9919091346808471,CALI
80378,1110.875 px,412.6331940119445,248.60897646074474,1.6597678808154344,0.7981234977129691,81448,319.9069366655292,0.7118325849960591,0.9868627836165406,0.8184962110946745,0.7752816334409317,0.005133658389260052,0.001144049224195267,0.6010616111508392,0.997622756579339,BARBUNYA
72133,1066.7659999999998 px,392.22521413302394,235.70431008207945,1.664056181223157,0.7992931972777613,73453,303.0554208067915,0.7050297130346391,0.9820293248744095,0.796536218663896,0.7726566520631937,0.0054375280957817355,0.0011954391330015418,0.5969983019775033,0.993438714585393,BARBUNYA
94415,1207.2939999999999 px,481.0232313753348,252.93640259303024,1.9017556446759931,0.850589739805815,96363,346.71733676897435,0.735176172863539,0.9797847721635897,0.8140006973110214,0.7207912511369671,0.00509477552693253,8.482870617550186E-4,0.5195400277155944,0.9880381803432536,CALI
78375,1066.6 px,367.94992830234906,272.6156512652703,1.3497021414383623,0.6716107133810553,79456,315.8957887003535,0.8063271604938271,0.9863949859041482,0.8657335719185856,0.8585292845628114,0.004694735927302699,0.001573299432206353,0.7370725324519327,0.9948283754457704,BARBUNYA
74532,1061.2359999999999 px,403.3487740179275,236.90322367751526,1.7025887945154619,0.8093396637175768,75724,308.05371244021904,0.708048335613315,0.9842586234219006,0.8316272114108665,0.7637402969434267,0.005411752992243969,0.0011357965667444711,0.5832992411752334,0.9931187518743244,CALI
78894,1120.043 px,378.942411762219,266.20156111072436,1.4235168651193635,0.7116980255733494,80427,316.93999533403155,0.733843062841835,0.9809392368234549,0.7902862893914375,0.8363803720468926,0.004803184168152445,0.0014498542008752936,0.6995321267452986,0.9957957801147487,BARBUNYA
146007,1466.009 px,530.0595388803282,353.3292621981646,1.5001857915267842,0.7454298315643596,147648,431.1634100989402,0.770383854372774,0.9888857282184655,0.8537098035355708,0.8134244900293817,0.0036303707279810435,9.803918997886901E-4,0.6616594009795599,0.9926120321796587,BOMBAY
68008,996.6289999999999 px,371.7058808941213,234.44175793063528,1.5854934896201327,0.7760117485274683,69070,294.26259524164624,0.7254650964328384,0.9846242941942956,0.8604048046026557,0.7916543976485149,0.0054656199402147,0.0013242247672646138,0.6267166853162331,0.9936552244051969,CALI
73100,1079.089 px,380.36001466645445,245.41840453981862,1.5498430746449654,0.7639912407811766,74217,305.0800070803401,0.7946688698525894,0.9849495398628346,0.7888832047444146,0.8020822255669305,0.005203283374370102,0.001328412062601084,0.6433358965704005,0.9970696839701451,BARBUNYA
71260,1012.8879999999999 px,396.7087633949156,229.3353212370799,1.7298197297084041,0.8159695229034809,71901,301.2159523627985,0.7784830177960824,0.9910849640477879,0.8728363613350225,0.7592873668458492,0.005567060951374061,0.0011413804650891074,0.5765173054517032,0.9972710094886827,CALI
161603,1533.725 px,575.4908218285605,361.95469204461534,1.5899526500892112,0.7774461181054062,163875,453.60702171354944,0.8263517452265777,0.9861357742181541,0.8633050658727754,0.7882089592189528,0.0035611394703598353,8.478796534517057E-4,0.6212733633930247,0.9877952305565774,BOMBAY
82831,1106.714 px,420.2950813867517,252.1565468780958,1.6668021774185457,0.8000365826048129,83834,324.75175862488913,0.7483556792309638,0.9880358804303743,0.8498298097106722,0.7726756105576585,0.005074127819134765,0.0011156551685624586,0.5970275991506504,0.9951269022432708,CALI
73528,1066.558 px,420.32363018137465,223.07567621975346,1.8842199082579976,0.8475449516916405,74286,305.9718242670181,0.7983582883636087,0.9897961930915651,0.8122573724855372,0.7279434281032157,0.005716511127480343,9.901507806084433E-4,0.5299016345186617,,CALI
54424,899.2959999999999 px,324.8266146249812,213.68277695555884,1.5201347495242339,0.7531608366467599,55211,263.239033926708,0.7484048404840484,0.9857455941750738,0.845658461229741,0.8103986005907265,0.005968444337516191,0.0015879456733094348,0.6567458918394077,0.9983422517923677,BARBUNYA
78930,1079.2549999999999 px,968.9878381,242.0720823644134,1.7251247868886062,0.8148526029056857,79874,317.012298288168,0.7844832727055877,0.9881813856824498,0.8515375979675616,0.7591207966179504,0.0052908216077611776,0.001083793242326004,0.5762643838578715,0.9941279723943045,CALI
60566,994.857 px,350.53541135820177,220.66726327766125,1.5885247596383612,0.7769884135611841,61848,277.6959241084209,0.7078775128564749,0.9792717630319493,0.7689842344869342,0.7922050529287372,0.005787659930624472,0.0014061550158872898,0.6275888458858234,0.996940420562494,BARBUNYA
70938,1032.174 px,405.4717127406281,225.05797863363642,1.80163225139723,0.8318154971019975,71739,300.53463498309634,0.7876748834110593,0.9888345251536821,0.8367254400662032,0.7411975374354712,0.005715860508340073,0.0010641362929510276,0.5493737895004069,0.989769537236246,CALI
60294,973.8180000000001 px,348.14590965435474,221.57462035127585,1.5712355011707462,0.7713247015259582,61644,277.07166060472855,0.7510837610244656,0.9781000583998443,,0.7958492486090388,0.005774138548684027,0.001428861733449752,0.6333760265115719,0.9951828984454455,BARBUNYA
78948,1073.9579999999999 px,420.8503424147521,240.70906634536655,1.748377611215196,0.8202823326336767,79816,317.0484435819732,0.7215464058858475,0.9891249874711837,0.8601543728972437,0.753351991500862,0.005330728358093328,0.0010591514810700709,0.5675392230983148,0.9922728711515597,CALI
65881,1027.604 px,409.53131747184574,207.2239824858422,1.9762737524833807,0.8625318505340239,67226,289.6244023674408,0.6319884118030774,0.9799928599053938,0.7840043538026044,0.707209412348182,0.006216228009165704,9.591771563543178E-4,0.500145152913861,0.9884237381354504,CALI
79893,1115.52 px,410.7433013680588,248.93385480478932,1.650009805577302,0.7954212138337909,81400,318.94031878633086,0.7683940215823186,0.9814864864864865,0.8067962503998293,0.7764954844644804,0.005141167578737296,0.00115291492399515,0.6029452373937281,0.9948655539257855,BARBUNYA
137890,1410.302 px,522.1875738907914,338.3644715130991,1.5432695151345877,0.7616616395597081,139207,419.0071608260789,0.7822392157752616,0.9905392688586062,0.8712010537153962,0.8024073757712754,0.003786986539203651,9.683964138856793E-4,0.6438575966921449,0.9936458010628072,BOMBAY
176994,1647.738 px,619.7310337620238,367.65127641174826,1.6856490743363033,0.8050232299328579,179689,474.71650485406064,0.7463440551891646,0.985001864332263,0.8192040549240628,0.7660040872446472,0.003501423967829552,7.436161456581784E-4,0.5867622616755049,0.9890752632487907,BOMBAY
58252,950.381 px,363.1910347827471,208.03482097625013,1.745818479225697,0.8196970940995437,59974,272.33940214356187,0.7226578007145693,1.630493,0.8104481107975468,0.749851664996272,0.0062348251524882775,0.0012159213439762197,0.5622775194976812,0.9816344839922391,CALI
71613,1195.63 px,388.4951892562665,235.88014256970945,1.6470025201102074,0.7945768355465525,72987,301.96109603245117,0.7805231607629428,0.9811747297463932,0.6295179592508403,0.7772582631216726,0.005424925491967471,0.0012213353619199452,0.6041304075909193,0.9950043037774509,BARBUNYA
71977,1034.818 px,398.28300643887576,231.39875323220008,1.7211977198477535,0.8139101409018424,72900,302.72753873971027,0.7900617981844725,0.9873388203017832,0.8446478026042796,0.7600814843858262,0.005533476060948299,0.0011392483574290129,0.5777238629061612,0.9943769955357208,CALI
70262,1021.1759999999999 px,405.5603048242279,222.7263649304729,1.8208904228775482,0.8357028647718676,71533,299.0992425469881,0.8101794197684609,0.9822319768498455,0.8466992462338356,1.687617,0.005772114440582789,0.001053305096028937,0.5439008591139726,0.9903838653555033,CALI
69589,994.969 px,376.5211207695866,237.2792032052959,1.5868273143340654,0.7764423433781277,70481,297.66334453300635,0.7583970879923276,0.987344106922433,0.8833470442795944,0.7905621440959283,0.005410641348051942,0.0013036846961720762,0.6249885036775512,0.9917488287803148,CALI
57862,951.333 px,372.4370305001379,201.99252125466944,1.8438159402474823,0.8401504019120508,59220,271.42620827301477,0.726544450025113,0.9770685579196218,0.8034117539781075,0.7287841595894001,0.00643664288306899,0.00112004346146256,0.5311263512684282,0.9792992327542115,CALI
59151,931.54 px,305.9389410208427,247.63152320334925,1.2354604012576087,0.5872372557374411,60079,274.43285574185467,0.7976993203150285,0.9845536709998503,0.8565819901578258,0.8970183881337236,0.005172168535119317,0.002065655120493945,0.8046419886500235,0.9941033141662784,BARBUNYA
71482,1073.571 px,379.763262850622,240.42271126664204,1.5795648458079472,0.7740816683042296,72843,301.68478439715665,,0.9813159809453208,0.7793723894047261,0.7944022339933993,0.0053127117715036235,0.001305142238003357,0.6310749093737037,0.9968237419181384,BARBUNYA
64517,989.6169999999998 px,358.2773487646686,230.04739346920763,1.5574066863427638,0.7666267167469053,65672,286.61052965248587,0.7137152086375503,0.9824125959312949,0.8278463427060366,0.7999683224203591,0.005553223937329209,0.0014028657403960941,0.6399493168760438,0.9966613450232346,BARBUNYA
142154,1378.1129999999998 px,501.72937442842505,361.66975262330084,1.3872583227909692,0.6930949733242441,143074,425.43635745230137,0.7951247888489893,0.9935697611026462,0.94058768780021,0.8479399037318924,0.0035294777102890178,0.0011255129600932056,0.719002080340851,0.9974416200568668,BOMBAY
68942,1072.869 px,368.5849917054826,238.62279988400016,1.5446344267381824,0.7621483856883758,70514,296.27635864700983,0.7130209949322577,0.977706554726721,0.7526626212062374,0.8038210055056965,0.005346305469894732,0.0013768002496116272,0.6461282088921889,0.9980318755415548,BARBUNYA
66967,997.021 px,388.6036137825784,221.17811390128955,1.7569713699430942,0.8222259331771264,68035,292.0017681321119,0.7040635020764338,0.9843021973983979,0.8465684831322366,0.7514128993547788,0.0058029120877832125,0.0011411437050476967,0.5646213453167549,0.9920235385802915,CALI
203643,1719.3069999999998 px,649.439542853067,402.09785503844256,1.6151280955999563,0.78527594338491,206242,509.2016502413388,0.7745848326017664,0.9873982990855403,0.8657101064428353,0.7840632062598991,0.0031891081100409394,7.434526288927863E-4,0.614755111410553,0.9929082523528654,BOMBAY
71041,1004.6769999999999 px,385.04150842123903,236.61196676030826,1.627312065797975,0.7889088100910802,71806,300.75273980053896,0.7764043715846994,0.9893462941815447,0.8844351816989348,0.7810917348461887,0.005419989983548078,0.001244475685978024,0.6101042982450288,0.9928300859293415,CALI
60169,964.5479999999999 px,370.0253756256494,211.50343100436524,1.749500581945701,0.8205381991059578,62285,276.784302602532,0.70570366287048,0.9660271333386851,0.8127088105599576,0.7480143818097266,0.006149767747937467,0.0011876220959753647,0.5595255153941874,0.9788902147955991,CALI
85680,1136.2099999999998 px,458.78742087716347,240.49254316346435,1.907699152922686,0.8516003145583775,87086,330.2895157175122,0.6998056095529019,0.9838550398456698,0.8340116310542403,0.7199184212287818,0.005354661774943551,8.872478433198337E-4,0.5182825332245418,0.9887271496070823,CALI
71275,1008.785 px,371.77584151551355,245.29561849512262,1.5156236535994458,0.7514461717187187,72348,301.2476531875372,0.7901271519948563,0.9851689058439763,,0.810293783370985,0.005216076345359713,0.0013870551526426484,0.656576015369665,0.9951221392803375,BARBUNYA
49882,891.505 px,357.18900363774367,179.83469135101458,1.9862074494879072,0.8640114944747699,51042,252.01534669634583,0.7260210170872995,0.9772736178049449,0.788689675309237,0.7055518062698717,0.007160679275845869,0.0010945853144592608,0.4978033513306786,0.9887407247930398,CALI
66306,1026.124 px,388.03930958862105,221.1541359129187,1.7546102313972316,0.8216952289270291,68370,290.5570877697009,0.6841241836134584,0.969811320754717,0.791339788274466,0.7487826119413888,0.005852250318049966,0.0011348165469276198,0.5606753999457688,0.9837667932375805,CALI
81311,1091.0659999999998 px,410.57441877107294,254.37241548584348,1.6140681684642906,0.7849552063023577,82170,321.75826426365614,0.7435848193872885,0.9895460630400389,0.8583355918980382,0.78367830423225,0.005049432656972278,0.0011748262507845417,0.6141516845243353,0.9912826845994528,CALI
152816,1455.529 px,537.1508880452153,365.6273940985954,1.4691210142212887,0.7325816915492961,154914,441.1024532557585,0.8116422349691949,0.9864570019494687,0.9064356255634314,0.8211890980223572,0.0035150173283243595,9.86006853257792E-4,0.6743515347107725,0.9907040106159728,BOMBAY
194330,1672.3729999999998 px,628.0549767623313,395.8854848974083,1.5864561867558458,0.7763226663309795,196056,497.42199461662744,0.7170822247888384,0.9911963928673441,0.8731390661752766,0.7920039057422548,0.0032318992268941045,7.844167641763859E-4,0.6272701867109864,0.9951366684751389,BOMBAY
67906,1076.897 px,376.54901210072126,230.22201410816166,1.6355908168009208,0.7913218109641325,69325,294.041841452515,0.7557034432103986,0.9795311936530833,0.7358167654327173,0.7808859723521546,0.005545150827625265,0.0012718726002915101,0.6097829018163702,0.9973553144530726,BARBUNYA
77921,1121.69 px,403.2322685627261,246.45010181519814,1.6361619069855036,0.7914866480486509,79249,314.9795208665297,0.6961272166882566,0.9832426907595049,0.7782492041586941,0.7811366932245702,0.00517488569914049,0.001188471249268765,0.6101745335018163,0.9983443283283218,BARBUNYA
77276,1089.1889999999999 px,430.74309839478695,231.1926600295785,1.863134834556072,0.8437541788776712,78423,313.67317236090565,0.7086160730660602,0.9853741886946431,0.8185552618011899,0.7282140411067394,0.005574086370862712,9.669180127843948E-4,0.5302956896650078,0.9880123720298126,CALI
74724,1093.874 px,373.50490181366615,255.71869885699695,1.4606084869160765,0.7288755915370658,76013,308.45024192046,0.7960964384262169,0.9830423743307066,0.7847573213915585,0.8258264896195108,0.004998459689171701,0.0014340727859620207,0.6819893909572842,0.9961194924189353,BARBUNYA
167124,1525.1439999999998 px,537.0799916051731,397.555031749481,1.3509576001131176,0.6723695007722125,168590,461.2904569512785,0.7487298956139958,0.991304347826087,0.9028736626582253,0.858885946528408,0.003213661662030427,0.0010787527137993578,0.7376850691439993,0.9965812506500565,BOMBAY
67381,998.588 px,380.68158479784967,227.70260138631164,1.6718367839460897,0.8013882584714407,68676,292.90297670696344,0.7684000456152354,0.9811433397402295,0.8491308709962496,0.7694172463385677,0.005649687371779131,0.001221382930352632,0.5920028989632243,0.989732222689439,CALI
87072,1194.135 px,400.9714382369461,277.3967254500932,1.4454800704166402,0.7220779705208888,88994,332.9617299918717,0.7619981097070045,0.9784030384070836,0.76732885299844,0.83038764919489,0.004605056025323251,0.001350635638917564,0.6895436479354158,0.9967216007730317,BARBUNYA
68272,1000.45 px,350.83968511626375,248.48304846478263,1.4119260339241535,0.7059593048118801,69358,294.8331904622663,0.779067246356966,0.9843421090573546,0.8571596373351011,0.84036442560528,0.005138851727154086,0.0015809440043045772,0.7062123678228924,0.9971196276083621,BARBUNYA
196264,1668.132 px,628.0231974390141,400.80601807207654,1.5669006180592762,0.7698684827745353,198006,499.8910741430596,0.8344557823129252,0.9912022867993899,0.8863182313169545,0.7959754929141816,0.003199889931108171,7.923436628939519E-4,0.6335769853199744,0.9927521698860008,BOMBAY
85886,1149.5839999999998 px,419.7902253479286,262.01423389874134,1.6021657262718092,0.7813004161770803,87013,330.68633406768447,0.784741194207136,0.9870479123809086,0.8166779302060169,0.7877418627210926,0.0048877608148933304,0.0011609817975277528,0.6205372422832965,0.9942035014615234,BARBUNYA
67935,989.2859999999998 px,378.0667964530646,231.0052889816018,1.6366153265139112,0.7916173738858294,68767,294.1046216426788,0.8110382865943196,0.9879011735280003,0.8722876374620704,0.7779170887311461,0.005565125435387718,0.0012571525128005356,0.6051549969399419,0.9904059429083878,CALI
76592,1094.1860000000001 px,429.0375007245993,228.81373472722444,1.8750513435570966,0.8459143768321118,77712,312.2818650039665,0.6695104895104895,0.9855878114062179,0.8039165449353473,0.7278661293629467,0.005601596781969387,9.69834541761693E-4,0.5297891022737979,0.993381768020393,CALI
62713,1018.3459999999998 px,393.4393745888233,203.98449172910586,1.928771012216537,0.855098932922744,63714,282.5750724479713,,0.9842891672159965,0.7599354721678652,0.7182175722582054,0.006273649396278655,0.0010297317732703135,0.5158364811004706,0.9949304517903712,BARBUNYA
55643,949.05 px,347.70220501458397,205.58085259989537,1.691316095917198,0.8064842803993051,56777,266.17074968466886,0.7991354177138836,0.9800271236592282,0.7763225725286204,0.7655135510961302,0.006248804072652157,0.0013236958353080813,0.5860109969118077,0.9911298314614236,BARBUNYA
229161,1076.48 px,422.10191735378953,237.88484485700482,1.774396000752043,0.8260669096133976,79341,315.2663930403318,0.7405654112513045,0.9838923129277423,0.8465315924273155,0.7468963775781376,0.005407195692630177,0.0010379902227374762,0.5578541988393441,0.9898542594232671,CALI
74553,1068.695 px,363.2833118913771,261.7500135562082,1.387901788258611,0.6934423891228144,75840,308.09710770898283,0.7325276344878409,0.9830300632911393,0.8202900300504963,0.8480904506868867,0.0048728194960816745,0.0015549942216799718,0.7192574125462867,0.9982586490912531,BARBUNYA
154706,1468.3790000000001 px,945.441651,371.06967799430106,1.4362662950034975,0.717799646814194,156085,443.821807719943,0.7712317294462502,0.9911650703142518,0.9016556153779528,0.8327568268335485,0.0034449528240728584,0.0010219645903662537,0.6934839326378807,0.9960275985742639,BOMBAY
81071,1101.594 px,425.3944329451804,245.59931902736653,1.7320668258765806,0.8165003564179556,82803,321.2830576473406,0.7789147018696797,0.9790828834704056,0.839522365254207,0.7552591965601572,0.00524718373950217,0.0010531497373688914,0.570416453988694,0.9879994168879719,CALI
73849,1063.155 px,942.666155,237.64456064706133,1.6721179871652474,0.8014633283617374,74917,306.6389850282365,0.7329852805431212,0.985744223607459,0.8210343189373704,0.7716716970577967,0.005380841235628563,0.0011769560016054704,0.59547720804006,0.9957081505107261,BARBUNYA
63139,971.1670000000001 px,378.9365767353128,214.3428288273522,1.7678994851772567,0.824650214569947,64207,283.5331931450592,0.7146301159000362,0.9833662996246515,0.8412396416421769,0.7482339012713126,0.006001624617673907,0.0011603743412462511,0.5598539710116882,0.9897655471260063,CALI
87927,1120.716 px,434.40414436586985,259.14503707454026,1.6762973710390534,0.8025737839922349,88711,334.5924886334549,0.8050448635780992,0.9911623135800521,0.879712929873405,0.7702331871669479,0.004940509108304274,0.0010726063799768968,0.5932591626133547,0.9944787746335968,CALI
70966,1032.731 px,386.49019406009404,237.08903538724974,1.6301479038405116,0.7897403425029698,72555,300.59394127572756,0.6856618357487922,0.9780993728895321,0.8361530218193913,0.7777530863538267,0.005446131866810784,0.0012292349172180028,0.604899863332903,0.986076244245544,CALI
178177,1609.793 px,593.2555044977319,385.3183284611046,1.5396503635502954,0.7603632067029983,181200,476.3003279048599,0.724046569274844,0.9833167770419426,0.8640153083199298,0.8028586743718632,0.0033295852130057857,8.533482710018507E-4,0.6445820510141455,0.9924309891819242,BOMBAY
56724,929.168 px,347.0655985046673,209.2032795909565,1.6589873695253026,0.797909439599238,57657,268.7438184136658,0.7332376778997169,0.9838180966751652,0.8256352436775056,0.774331479615234,0.006118496553569342,0.0013568509531673302,0.5995892403231176,0.9947109765993232,BARBUNYA
168744,1573.509 px,602.362491467652,357.82781813978386,1.6833864247869677,0.8044350080264264,170252,463.52080183826735,0.7351334396319628,0.991142541644151,0.856445518304948,0.7695047556976898,0.0035696824270353435,7.720662653987473E-4,0.5921375690413613,0.9967963453305834,BOMBAY
77684,1064.664 px,402.26650446421394,247.68907773672692,1.6240784944574347,0.7879542530467523,78407,314.500144345287,0.6823124352240589,0.9907788845383703,0.8612243590349066,0.7818203625086197,0.005178241394163714,0.0011934108022702463,0.6112430792331095,0.992706739868435,CALI
57271,990.081 px,355.80436917194044,206.04003529969816,1.7268700651036129,0.8152690448250868,58861,270.0364826584132,0.6696404560070155,0.9729872071490461,0.7341810618093145,0.7589465055948192,0.0062126446049822846,0.0012714548300737103,0.575999798354587,0.9946768092842534,BARBUNYA
68671,1031.577 px,399.3199299707828,222.34099056979096,1.7959798098742377,0.8306471730675172,70214,295.6934777375185,0.7602993766676631,0.9780243256330646,0.8109235904936518,0.7404926615086644,0.0058149718217410966,0.0010784758211126436,0.5483293817481857,0.9847884987805647,CALI
69900,1013.617 px,397.26605490010394,225.97600981796077,1.7580010162146376,0.8224565867993048,70844,298.32774624058663,0.6686691666028928,0.9866749477725707,0.8549471486968325,0.7509520195869838,0.0056833484248941905,0.0011148920098746646,0.5639289357217699,0.9913876420717104,CALI
77736,1064.369 px,420.10988327171526,236.45128382732346,1.7767291277577275,0.8265713188343337,78292,314.60538655517746,0.6646374829001368,0.99289838042201,0.8622786229272665,0.7488645211226787,0.0054043156744843475,0.0010484156467998498,0.5607980709962986,0.9963862675294699,CALI
56521,936.644 px,346.83237092046016,208.2229249259756,1.6656781237885356,0.7997328111525593,57353,268.2625063402937,0.8148933102652826,0.9854933482119506,0.8096001690080863,0.7734644422847571,0.0061363452684924215,0.001354724430822074,0.5982472434788704,0.9964873460795479,BARBUNYA
76798,1054.5639999999999 px,407.3923275880436,241.88519749103824,1.6842383569302017,0.8046568139420925,77374,312.7015359037608,0.7543415055791294,0.9925556388450901,0.86778850087617,0.7675685444424118,0.005304725742702201,0.0011358248682540482,0.5891614704174428,0.9922883469024555,CALI
74299,1058.8439999999998 px,422.5695482737845,225.54357229383405,1.873560589539961,0.8456466900189323,75018,307.57182077407197,0.7855926916692219,0.9904156335812738,0.8327772885034559,0.7278608267692658,0.005687419053739411,9.846647185633092E-4,0.5297813831452393,0.9925775205328902,CALI
62411,932.813 px,359.69413179294213,221.65047686752754,1.6227988176534278,0.7875745916673909,62921,281.8938687280485,0.7545306171794717,0.9918945979879531,0.9013258471250691,0.7837043860652158,0.005763313066493761,0.0013410997558202208,0.6141925647378567,0.9967109678681202,CALI
70235,1038.267 px,416.58362907742685,216.29686559631293,1.9259808870967203,0.8546430805288544,71314,299.0417686954017,0.7932931237010934,0.984869731048602,0.8187387570855718,0.7178433040147656,0.005931282538298951,9.715093611785628E-4,0.5152990091188354,0.9924560427027557,CALI
233614,1746.6399999999999 px,679.0974407969095,386.45261050334517,1.7572592921869554,0.8222904787119352,207384,511.4881901803817,0.7738509513264338,0.9907996759634301,0.8463776044800482,0.753188216377548,0.003304996402484521,6.560921193793342E-4,0.5672924892899919,0.996879998192707,BOMBAY
75067,1062.917 px,390.4637188805148,245.09215658559904,1.5931302099589808,0.7784593003370116,76108,309.1573594541046,0.7000167854078854,0.986322068639302,0.8349495169141707,0.7917697458306219,0.005201536212723498,0.00126097652338317,0.6268993304126876,0.9987322618835095,BARBUNYA
170723,1599.1049999999998 px,621.0104081480393,353.1574057789699,1.7584521745431276,0.8225575039154752,172911,466.230924323796,0.7962975055504767,0.9873460913417885,0.8389729049831414,0.7507618523080433,0.0036375321904373713,7.128454741949838E-4,0.5636433588810043,0.9911398900910944,BOMBAY
88103,1224.1560000000002 px,418.9478442901889,268.47806373614975,1.5604546548797942,0.7676754137159537,89631,334.92719150555996,0.7010997580850522,0.9829523267619462,0.7388002433026085,0.7994484183896859,0.004755205206294779,0.001198148964060721,0.6391177736657704,0.9973143049331621,BARBUNYA
69637,1008.888 px,393.4145063393149,227.69318273960673,1.7278273403083373,0.8154968351120098,70819,297.76598559392664,0.7404961665656469,0.9833095638176196,0.8597338063313238,0.7568759687196367,0.005649503946742607,0.0011436389666989232,0.5728612320252885,0.9898052988960117,CALI
95806,1199.725 px,476.8790321747298,256.94308160120727,1.8559714828783664,0.8424328286057995,96482,349.2620618144733,0.8190927278012414,0.9929935117431231,0.8364483998380402,0.7323913157215576,0.004977548714848024,8.834216250433183E-4,0.5363970393443543,0.9955376085235067,CALI
84641,1111.659 px,432.54753678544654,250.53093684314462,1.7265234475064493,0.8151864555903494,85214,328.2807766317256,,0.993275752810571,0.8606914187354612,0.7589472802721342,0.005110378383826355,0.0010458737336463398,0.5760009742324695,0.9944791877989166,CALI
53525,959.13 px,319.9928690590668,213.40496151247706,1.4994631183415943,0.7451424243526267,54660,261.05583048832597,0.7828726049436887,0.9792352725942188,0.7311585948746885,0.8158176501118788,0.005978381486390785,0.00163356257456544,0.6655584382340679,0.9979803312330167,BARBUNYA
74486,1133.189 px,356.88907064086584,267.76838265165924,1.3328275246937724,0.6611149529295888,76411,307.95863476957965,0.7735751080093054,0.9748072921438012,0.7289199160351836,0.8628973541178445,0.00479135771340743,0.0016386073843808033,0.7445918437435767,0.9924125040039234,BARBUNYA
67899,1004.9069999999999 px,396.0270267130865,220.19607376304685,1.798519927922291,0.8311737656302995,68695,294.02668560518924,0.8267259223182759,0.9884125482203945,0.8449314958353284,0.7424409592585851,0.0058325899750082694,0.0010931730149151347,0.551218577984808,0.9913775971466648,CALI
180012,1635.838 px,628.6451234239752,365.29512323887167,1.7209239418531608,0.8138441550197355,181815,478.7466939069826,0.8011321913510193,0.9900833264582131,0.8453386698293739,0.7615531817051939,0.0034922400919048463,7.245774337360203E-4,0.5799632485653041,0.9980726398509676,BOMBAY
94287,1217.589 px,440.1625025507224,274.6010293572104,1.6029164332743415,0.7815338480059728,96147,346.482231801927,0.81100818001187,0.9806546226091297,0.7992087864794395,0.7871688973823933,0.004668326519570274,0.0011056373235246453,0.6196348730062128,0.9932229205715181,BARBUNYA
229494,1572.037 px,602.5377946835016,360.9070446988932,1.669509652232481,0.8007652804626786,171304,464.04790455508856,0.7706692913385826,0.9872974361369262,0.8600027702047852,0.7701556792779142,0.0035626140833185612,7.731479923100492E-4,0.5931397703240254,0.9902525716789174,BOMBAY
162493,1517.497 px,546.6827081424776,379.5352984183807,1.4404001694193986,0.7197324737374019,163687,454.85438696647833,0.7267063800860457,0.9927055905478138,0.8867247662976776,0.8320262927502972,0.0033643462065595293,9.945546342818206E-4,0.6922677518278031,0.9971425870163538,BOMBAY
59953,933.665 px,343.3883970157166,223.77864245282066,1.5345003135771247,0.7584957912239092,60713,276.2870435353551,0.8049867744404313,0.9874820878559781,0.8642484832662903,0.8045905043282802,0.005727626591091632,0.001480655657984056,0.6473658796552363,0.9933831453300913,BARBUNYA
189236,1659.042 px,616.7189284721205,394.23239711349623,1.5643537491784885,0.7690059633003538,191867,490.8592043422464,0.6962427703130288,0.9862873761511881,0.8639703971346551,0.7959204455720484,0.003258993682344377,8.067554821370932E-4,0.6334893556796082,0.99100144862206,BOMBAY
141385,1429.427 px,525.900923981084,344.3551184304276,1.5272051897417502,0.7558101145834909,143530,424.2840711508988,0.7191651915603573,0.9850553891172578,0.8695393454470731,0.8067756716209149,0.0037196373305589986,9.720565580944502E-4,0.6508869843193785,0.9940379803879121,BOMBAY
79569,1096.596 px,371.67039877480755,273.0741723377195,1.3610602408606807,0.6783690417846954,80807,318.29294264094534,0.7941731293229931,0.9846795450889155,0.8314965454657466,0.8563849682142611,0.004671045240920554,0.001549779739921968,0.7333952137833415,0.998195066318025,BARBUNYA
76586,1093.0310000000002 px,371.617934884929,264.36430574955494,1.405703897246176,0.7028001196972702,77881,312.26963312670534,0.7802636672983271,0.9833720676416584,0.8055533214950918,0.8402975309127618,0.004852295914200102,0.0014923111732552642,0.706099940458084,0.9925674381472216,BARBUNYA
59829,976.9029999999999 px,359.84037372992714,213.0306154030355,1.6891486373878246,0.8059275230747307,60870,276.00117521844004,0.6744791666666666,0.9828979793001479,0.7878049792664217,0.7670100282454371,0.006014480832538186,0.001284050417896253,0.5883043834290662,0.9937335476384915,BARBUNYA
84523,1141.2720000000002 px,431.69512947525436,250.58403483015582,1.7227559200563374,0.8142849974269736,85773,328.05186486232657,0.7800490974196168,0.9854266494118196,0.8154670967754545,0.7599156035443091,0.005107427912819639,0.0010506146603866118,0.5774717245101114,0.9948428320649367,BARBUNYA
67704,1000.748 px,388.2519759536384,223.16875156431928,1.739723743723774,0.8182911901010336,68428,293.6041725465588,0.7685775911000113,0.9894195358625124,0.8495221955589506,0.7562206781443873,0.005734550040671724,0.0011568400186934434,0.571869714053157,0.9948953198548025,CALI
66082,968.17 px,349.92624645018986,243.8653848484788,1.4349156058684178,0.7171633602495625,66793,290.0658814738283,0.7725274725274726,0.9893551719491563,0.8859103998451217,0.8289343380680582,0.005295333773950393,0.0015422458982457428,0.6871321368283297,0.9859766264286836,CALI
71175,1023.921 px,376.9315916635968,240.65098652801683,1.5662997983169042,0.7696654760567294,72235,301.0362512996154,0.7156862745098039,0.985325673150135,0.8531088345883631,0.798649563892972,0.005295842524251448,0.001329045534801894,0.6378411259064345,0.9990504268654754,BARBUNYA
82583,1119.357 px,421.26211992074184,251.4297785122196,1.6754662968462517,0.8023537528076793,84070,324.2652329850734,0.8043380863331775,0.9823123587486619,0.8282535013457429,0.7697469524344656,0.005101075523058521,0.0011046722100097534,0.5925103707821474,0.9927311567773641,CALI
151012,1488.97 px,557.4054505619001,349.6737795082437,1.5940727707573483,0.7787584241063873,153816,438.49110610084944,0.7390376634562681,0.9817704270036928,0.8559520338312401,0.7866645467115948,0.0036911334898014738,8.719625364177514E-4,0.618841109052959,0.9864777613666007,BOMBAY
69655,1015.6659999999998 px,394.0279856438055,226.14417067422323,1.742375160363655,0.8189049160036587,70262,297.8044668713479,0.7880238030591004,0.9913609063220518,0.8485165777725763,0.7557952168924317,0.005656851419766068,0.0011385997684120134,0.5712264098774779,0.9952907075142253,CALI
41487,815.9 px,299.0468410103589,177.0814896438195,1.6887526844949161,0.8058255409314121,42483,229.83230624180686,0.6891757201235922,0.9765553280135584,,0.7685495204206004,0.0072082059683842865,0.0015512949334179579,0.5906683653387349,0.9974927876120124,BARBUNYA
85592,1112.155 px,429.9485730482734,255.20571688737635,1.6847137215112309,0.8047804053498244,86397,330.11985567816436,0.7558259671679486,0.9906825468476915,0.8695857237120194,0.7678124230943766,0.005023233164878416,0.0010769204866328105,0.5895359170580579,0.9931992487914169,CALI
181118,1654.0910000000001 px,632.3590714517621,370.3584897506303,1.7074242631174512,0.8105441678663251,185974,480.21515996826173,0.7704722768149604,0.9738888231688301,0.831864671436845,0.7594026584702734,0.0034914203527631827,7.162594330346339E-4,0.5766923976917187,0.984658592174219,BOMBAY
57907,915.319 px,360.6609552803601,206.69591919806842,1.7448866754585182,0.8194832593588308,58999,271.53173353584117,0.808711803809843,0.9814912117154528,0.8685523007606449,0.7528725512434962,0.006228279055733505,0.0012343368081640257,0.5668170784158908,0.9890315675502138,CALI
69371,996.5959999999999 px,380.2824066165309,234.17643831554324,1.6239140425567316,0.7879055230655451,70667,297.19673695689016,0.8081430568499534,0.9816604638657365,0.8777069546559398,0.7815158729038373,0.0054818642749352164,0.001261418668147125,0.6107670596006468,0.9918332048165747,CALI
88402,1163.355 px,460.15667081911994,247.1421503795961,1.8619109290436529,0.8435296433919184,90125,335.49504055004724,0.7777484515765766,0.9808821081830791,0.8208190611225872,0.7290887252657581,0.0052052744374462105,9.072874919516514E-4,0.5315703693096482,0.9897366801734048,CALI
83448,1130.077 px,457.7684521970829,237.07875196590481,1.9308708536769938,0.8554405445300145,85553,325.9590365813776,0.7851638580743501,0.9753953689525791,0.8211258499789927,0.7120609448224766,0.005485673140124184,8.699180746650268E-4,0.5070307891414781,0.9790109726701257,CALI
87137,1243.2830000000001 px,393.2571731317204,283.9716383700882,1.3848466536619581,0.6917870069401432,89111,333.0859862101495,0.76916354777205,0.9778478526781206,0.7083900899855168,0.8469927797059744,0.004513090571533566,0.0014327573486173175,0.7173967688740532,0.9934845147231337,BARBUNYA
87779,1166.9649999999997 px,473.95066803906144,240.85440262940952,1.967789099410009,0.8612482060517104,90297,334.3107745755554,0.7267556423970459,0.9721142452130193,0.8099996505126593,0.7053704048118413,0.005399362809317279,8.245010436443124E-4,0.4975474079844211,0.9790683658714481,CALI
72094,1020.5319999999999 px,398.48412869620114,233.36077007229215,1.7075883344606546,0.8105848270087642,73283,302.9734835561304,0.7760053388443985,0.9837752275425405,0.8698727617895299,0.7603150583372751,0.0055272856090132485,0.0011393732967680747,0.578078987934414,0.987120936193627,CALI
58822,942.558 px,368.1750379676817,206.61877306303586,1.781905063657298,0.8276821769874909,60179,273.6685888084559,0.782321882190214,0.9774506056930158,0.832019458144714,0.7433110900703661,0.006259138383048549,0.0011786280320636203,0.5525113766215961,0.9845228197302865,CALI
56970,998.3149999999999 px,322.69416976509405,225.93587587980952,1.4282555548493625,0.7139910634851574,58070,269.3259305443169,0.7779917243639641,0.9810573445841226,0.7183248491558274,0.8346166611574461,0.005664282425225453,0.0016954026697662869,0.6965849710816033,,BARBUNYA
144083,1416.8939999999998 px,508.2398866344697,362.8229776223837,1.4007929981861071,0.7002666739697555,145241,428.31317201794815,0.7970338654895063,0.9920270447050076,0.9018781889390698,0.8427382094195894,0.0035274104969668157,0.0010975049966043206,0.7102076896157359,0.994853958871655,BOMBAY
92312,1164.952 px,453.00848742581064,262.9812192154198,1.7225887414216106,0.8142448361957675,94180,342.83420023911316,0.7675524661589118,0.9801656402633255,0.8547752953654371,0.7567942097227466,0.004907362936842563,9.929768958926177E-4,0.5727374758698766,0.9865911277236807,CALI
91641,1147.6180000000002 px,448.7645627873682,261.33064232966905,1.7172290198607898,0.8129499891757395,92407,341.58592640662914,0.8091063198601472,0.9917105846959646,0.8743895947707314,0.7611695635791055,0.004896984567904848,0.0010139911266029472,0.5793791045192057,0.9949266117813378,CALI
64137,1007.7009999999999 px,393.1304148981033,213.52506275249078,1.8411441253329752,0.8396418059713034,66763,285.76522650714367,0.7987073635446632,0.9606668364213711,0.7936977094118635,0.7268967642231702,0.006129541682618509,0.0010555983625199054,0.5283789058381151,0.9728217184337109,CALI
65653,1142.4360000000001 px,351.94546874053515,237.8849057530051,1.4794779333580694,0.7369804105805853,67253,289.12280406515436,0.7850694153802001,0.9762092397365173,0.6321216716985929,0.8214988677075551,0.005360691342978008,0.0015060120321295162,0.6748603896447951,0.9984410545769031,BARBUNYA
67087,1084.6119999999999 px,359.9143208358436,238.57116968873092,1.5086245387715196,0.7487473874634895,68230,292.26327401445405,0.7901047003262316,0.9832478381943427,0.7166373271753936,0.812035690426875,0.005364889186218546,0.0014389343805678394,0.6594019625270516,0.994789981582408,BARBUNYA
76547,1053.004 px,394.8820656642811,247.8773570281577,1.5930542038957771,0.7784351514942244,77335,312.19011424265585,0.7030723306544202,0.9898105644274908,0.8675170055800562,0.7905907646564839,0.00515868767769189,0.0012431569008057187,0.6250337571601239,0.9957126544207076,BARBUNYA
157128,1534.971 px,588.0577424556667,343.05251778128286,1.7141915945085404,0.8122098586355483,158837,447.2824422947391,0.8113014653489885,0.9892405421910512,0.8380368138041877,0.7606097326887239,0.003742539473904503,7.726693153142331E-4,0.5785271654608122,0.9917064042277758,BOMBAY
75249,1044.4859999999999 px,934.967582,241.82671501858886,1.645734032212589,0.7942190132580788,75936,309.5319086972719,0.8031185963114754,0.9909529077117573,0.8667729519684516,0.7777526495470857,0.005288873670138698,0.00119373782015508,0.6048991838775118,0.995503172964842,CALI
58851,931.858 px,324.48006739239685,231.75159018878244,1.4001201334932751,0.699916757874424,59915,273.7360415568419,0.7258297258297258,0.9822415088041392,0.8516560479435028,0.8436143512809687,0.005513586300868241,0.0017226211545844428,0.7116851736872097,0.9964447403881206,BARBUNYA
68814,1033.465 px,383.7772919707053,232.0830134921602,1.6536207721366447,0.7964278398990187,70564,296.00119261821476,0.7114764267990075,0.9751998186043875,0.8096458998933163,0.7712837596467519,0.005577023454103893,0.0012174159321616087,0.5948786378948285,0.9837036725232418,CALI
81401,1126.9699999999998 px,443.1299594165079,236.74202841730357,1.8717840781333754,0.8453267445063493,82933,321.93628590295157,0.6794287526709402,0.9815272569423511,0.8054060612838932,0.7265053491911531,0.005443790118260315,9.354840795783971E-4,0.5278100224033593,0.987946396213828,CALI
183243,1653.9099999999999 px,621.0828563698708,380.4553282835007,1.6324724880894919,0.7904180861315447,187180,483.02405105326324,0.7835719417077176,0.978966769954055,0.8418088964691594,0.7777127417048041,0.0033893947183241424,7.648543980644382E-4,0.6048371086100032,0.9873799395814261,BOMBAY
158438,1527.4999999999998 px,569.1528979141909,357.2628761436371,1.5930927502396408,0.7784473990637794,160009,449.1431030181246,0.7222310858674496,0.9901818022736221,0.853309887157846,0.7891431365176678,0.0035922751985899273,8.593547803965295E-4,0.6227468899129425,0.9920935555545924,BOMBAY
84919,1119.753 px,443.1612960638515,244.99032434765525,1.8088930542211143,0.833297855285784,85620,328.8194472645517,0.6634556037345208,0.9918126605933193,0.8510797669728252,0.741985931951004,0.005218635359152269,9.757069529385119E-4,0.5505431232131999,0.9958736316295566,CALI
74071,1049.9379999999999 px,415.01113780870895,229.29441403778438,1.8099487488618942,0.8335116828068628,74997,307.0995381274258,0.7761164316100505,0.9876528394469112,0.8443660507848232,0.7399790274278787,0.005602882880057093,0.0010362605172468413,0.5475689610331093,0.9910717559374834,CALI
71681,1029.327 px,392.0161593721579,233.21345253950886,1.6809328754555708,0.8037939818985532,72318,302.1044253336273,0.7802608089868072,0.9911916811858735,0.8501727678970075,0.7706427863011293,0.005468899141643642,0.001189849813409289,0.593890304077968,0.998289736538962,CALI
154029,1525.752 px,567.6990173497522,350.4823129227983,1.619765096319713,0.7866701958836534,157183,442.84965150264304,0.7844614209320092,0.9799342168046162,0.8314659409318753,0.7800782421115394,0.003685663202057744,8.418758826445693E-4,0.6085220638158294,0.9856627993093177,BOMBAY
210910,1748.3319999999999 px,675.7077432627816,400.40431028405436,1.6875636098508076,0.8055187719219801,212898,518.2074414557293,0.8098404970165186,0.9906621950417571,0.8670801069478438,0.766910615754479,0.0032037729043799803,6.836290109425145E-4,0.5881518925569144,0.9925437309439307,BOMBAY
87837,1180.408 px,406.6439617640091,275.9634010228051,1.4735430867167953,0.7344743794943207,89534,334.42120430813367,0.7778899545683998,0.9810463064310765,0.7921785341261993,0.8223931393384638,0.0046295292617462925,0.0013062746858603512,0.676330475630974,0.9966020967019039,BARBUNYA
77533,1045.4989999999998 px,400.8005387721588,247.30149813053387,1.6206959593936754,0.7869483503081443,78328,314.1943373486406,0.7767125483360382,0.989850372791339,0.8913519297219038,0.7839169535828623,0.0051694186832981935,0.0012042085282494312,0.6145257901146355,0.9959594649819954,CALI
91776,1151.76 px,437.7224198437946,269.59212679743695,1.6236468959373043,0.7878263248436449,93709,341.8374357170587,0.7949690764513279,0.9793723121578504,0.8693907317931177,0.7809456866272617,0.004769465000041347,0.0010942908074584152,0.6098761654617255,0.9902235429580764,CALI
58531,972.953 px,343.3965287195179,219.79614935071902,1.5623409679101121,0.7683206418237433,60295,272.9908126529056,0.6845730994152047,0.9707438427730326,0.776984016782883,0.7949725457937904,0.005866917167304811,0.0014454339195446191,0.6319813485658602,0.9873703518195239,BARBUNYA
48868,885.2959999999999 px,313.62991424224987,198.97255764931975,1.5762470862690954,0.7729899210792355,49648,249.4407145437928,0.6958775364898541,0.9842893973573961,0.7835332398703092,0.7953345749765538,0.0064178995302089275,0.0015840618230216882,0.6325570861531356,0.9970662639477489,BARBUNYA
67792,1064.282 px,403.3338449977543,214.95579127948207,1.8763571923184246,0.8461482677966287,68830,293.79492033846697,0.8030990487247225,0.9849193665552811,0.7520987667275714,0.7284162338028012,0.0059495787850742604,0.0010332001178621848,0.5305902096674572,0.9955767560832741,BARBUNYA
79992,1119.069 px,402.486441285119,253.82812609363305,1.5856652589266185,0.7760672747037927,81244,319.13786623096786,0.7151081709279457,0.9845896312343065,0.8026804562998165,0.7929158190074097,0.00503158367443143,0.00122685374023171,0.6287154960321915,0.9969323198070622,BARBUNYA
68670,1050.566 px,413.92286124893013,212.2300570829116,1.9503498558982317,0.8585507918583848,69637,295.69132475770004,0.7107812694075271,0.9861137039217658,0.7818622205699967,0.7143633571373906,0.006027710226429738,9.682974921303053E-4,0.5103150060206031,0.9952927984549882,CALI
81544,1086.127 px,370.85488487122433,282.3011022376023,1.3136855716528149,0.6484970588259645,82606,322.2189402190444,0.8274126612076751,0.987143791007917,0.8686416621527699,0.868854512543179,0.004547911371421862,0.001598747946165042,0.7549081639666453,0.9917119629258992,BARBUNYA
84511,1118.151 px,436.6164778025079,247.9467271192413,1.7609285787931876,0.8231098371029093,85464,328.02857675073574,0.8106804032729958,0.9888491060563512,0.8494194311361686,0.751296832409314,0.00516638636156841,0.0010153432245468207,0.5644469303882689,0.9939507309327914,CALI
63993,972.9429999999999 px,381.3852693442903,214.89417523968308,1.7747585243709407,0.8261454360174783,64754,285.44424707153803,0.7916006927263731,0.9882478302498687,0.8495081286252752,0.7484406714561835,0.005959796686267096,0.0011535614280691966,0.560163438689783,0.9941548378556313,CALI
72102,1072.061 px,377.6167302861604,243.50387603851226,1.5507627082964257,0.7643142278153247,73400,302.9902930037441,0.7084520604476585,0.982316076294278,0.7883483826334221,0.802375182831905,0.005237257361601071,0.0013390402426928134,0.643805934024533,0.9983902338651947,BARBUNYA
84699,1103.6229999999998 px,412.21746312040784,263.7319141397479,1.5630169919518329,0.7685511812553517,86355,328.3932340952285,0.719862315145334,0.980823345492444,0.8738696600227636,0.7966504660170244,0.004866851593530123,0.0012092027444407976,0.6346519650051422,0.9919718052786575,CALI
81699,1087.782 px,423.3148574851006,247.8588311102757,1.7078869273645618,0.8106587871549633,82699,322.52503401335855,0.7910820624546114,0.9879079553561712,0.8676465987326997,0.7619034113980052,0.005181395824735928,0.0010770260458266177,0.5804968082999179,0.9914229102722815,CALI
60237,963.531 px,358.72415502358825,215.05368534353073,1.66806792662286,0.8003777743888953,61280,276.94066233800334,0.7793432696786213,0.9829797650130548,0.8153457553631452,0.7720156517472119,0.005955212826395542,0.0013049127381503337,0.5960081665426723,0.9941821066151278,BARBUNYA
77523,1152.75 px,363.0595401791651,272.65947907894395,1.3315493061367119,0.660296676142766,79065,314.1740747205345,0.8027565211088215,0.9804970593815215,0.7331117377980163,0.865351381664544,0.004683249360566091,0.0016199328446221176,0.7488330137487355,0.9971080798693912,BARBUNYA
222363,988.425 px,384.5531181512765,228.05442129245677,1.6862339961308006,0.8051748375402464,69175,295.6611813940703,0.8101002949852507,0.9924972894831948,0.8830817679810035,0.7688435418634737,0.005601158211245579,0.0012072841129194833,0.5911203918651708,0.9967673005692119,CALI
208477,1726.0859999999998 px,642.6828881816128,416.13111715152803,1.544424008905802,0.7620734521953414,210800,515.2098218859502,0.794270714274829,0.9889800759013283,0.8793123092067826,0.801654799529001,0.0030827519974942694,7.853584823518797E-4,0.6426504176078828,0.992524734286954,BOMBAY
158140,1564.995 px,536.7652652326658,378.4083166117879,1.418481681477782,0.7092280367437354,160990,448.7205161394101,0.8292867106463758,0.9822970370830486,0.8113825994231466,0.8359715972770856,0.003394240958850802,0.0010225593437963967,0.6988485114540018,0.9913038116255174,BOMBAY
75720,1097.6319999999998 px,390.07556930263314,248.12210372297332,1.5721113252294117,0.7716171238082912,77033,310.49911163696834,0.7038482989403235,0.9829553567951398,0.7897814875347685,0.7959973299329423,0.005151552684926481,0.0012757464023337962,0.6336117492603732,0.996108206810651,BARBUNYA
72322,1071.542 px,377.03542610229067,245.02953425251332,1.5387346152065884,0.7600328594722388,73587,303.4521879214853,0.7203960474938242,0.9828094636280865,0.7915200039246769,0.8048373359991853,0.005213288157162283,0.0013493479477624708,0.6477631374182655,0.9967355620003073,BARBUNYA
66144,980.9219999999999 px,369.58282028637063,228.799334629857,1.6153142266968037,0.7853321885384064,66817,290.20192357557283,,0.9899277130071689,0.863836139128645,0.7852148629384622,0.005587548685993751,0.001310252898838788,0.6165623809794679,0.9959419856421894,CALI
68136,1020.991 px,377.38263101820866,230.3113239516975,1.638576100137204,0.7921811903318035,69141,294.5393855158848,0.7998309621073391,0.9854644856163493,0.8213772514555474,0.7804794426314584,0.005538667239318549,0.0012677420926897232,0.6091481603703122,0.9981356170253383,BARBUNYA
61669,972.7949999999998 px,355.49390385055034,221.4226451146345,1.6054993095512193,0.78233396260093,62489,280.21315009162714,0.7237211158183803,0.9868776904735234,0.8189061085234107,0.7882361611731851,0.005764547890359019,0.0013726835623335272,0.6213162457810393,0.9975228036144144,BARBUNYA
81102,1092.9869999999999 px,414.4975129540613,254.08102711229301,1.631359561416095,0.7900940410796415,83068,321.34447802492446,0.7833671399594321,0.9763326431357442,0.8531225769736321,0.7752627409866728,0.005110817402210319,0.0011388480355204367,0.6010323175621689,0.9804998179751191,CALI
58525,962.8369999999999 px,317.8193216632034,235.43698681565897,1.3499124583685216,0.6717380344108487,59543,272.9768201800757,0.7653127942253374,0.9829031120366793,0.7933151430521833,0.8589056787093398,0.0054304881958684905,0.0018230581989756058,0.7377189649191518,0.9958560215190932,BARBUNYA
77421,1096.711 px,386.51258521574476,256.2132385819271,1.5085582125068566,0.7487215860890798,78699,313.9673212182138,0.773243445692884,0.9837609118286128,0.8088802686802689,0.8123081452650825,0.004992348138305431,0.001340811906799818,0.6598445228639984,0.9954138739441531,BARBUNYA
82842,1121.3360000000002 px,430.4318956576846,246.81552338758334,1.7439417494894025,0.8192660060073177,84293,324.77332151048114,0.7232582503928758,0.9827862337323384,0.8279210197077546,0.7545289389259573,0.005195817286614092,0.0010388126703005963,0.5693139196767311,0.9928503130897074,CALI
89968,1233.5169999999998 px,422.4816447286377,272.76821033702697,1.5488668720105903,0.7636476064295988,91792,338.45356455610437,0.7845476346195771,0.9801289872755796,0.7430322291962997,0.8011083292707188,0.004695910153928482,0.0011930661681507902,0.6417745552269226,0.9940233478903114,BARBUNYA
92147,1146.254 px,446.7414440668547,263.8188049863365,1.6933646715972048,0.8070081850223604,93190,342.52766943520203,0.8079030660108543,1.987184,0.8813112951556192,0.7667246322997131,0.004848138778982004,0.001033504732127968,0.5878666617751304,0.9954726366597887,CALI
80033,1100.1960000000001 px,395.7101113135771,258.4131871230655,1.5313077313083328,0.7573263459634534,81267,319.2196430105599,0.8006502601040416,0.9848154847601117,,0.8067007485628716,0.004944336852468071,0.001291628602219192,0.6507660977318972,0.9965231567302084,BARBUNYA
85099,1161.0549999999998 px,428.0509995298467,255.14487783750474,1.677678200549499,0.8029385101142514,86211,329.16775664912507,0.7996072388326161,0.9871014139726949,0.7932840724365717,0.768991912203614,0.005030035600064004,0.001085020416432625,0.5913485610345707,0.9920925897740142,BARBUNYA
86530,1150.9039999999998 px,420.92167505228457,262.9537809620956,1.6007439539839126,0.7808572248374596,87713,331.92381325529146,0.6866315931471739,0.9865128316213104,0.8209153355234272,0.7885643171358703,0.004864459436637982,0.0011602800733057559,0.6218336822599616,0.9953965072611867,BARBUNYA
67397,1000.63 px,385.25965584650896,225.6963262810686,1.706982396189869,0.8104345986806338,68657,292.9377503779869,,0.9816479018891009,0.8458695489386785,0.7603644605203511,0.005716273066256791,0.001178636723260501,0.5781541128224046,0.986898892872616,CALI
90605,1257.955 px,448.38729669577936,261.26960533683285,1.716186221193665,0.8126964089103185,93234,339.6496267489917,0.7367697762164975,0.9718021322693438,0.7195016884234605,0.757491635583593,0.004948814046639582,0.0010050606376116884,0.5737935779791071,0.9847366323371562,BARBUNYA
72263,1042.893 px,399.93275517679115,230.97944864504268,1.7314646715231674,0.8163583454753822,73011,303.3283851227858,0.7039883874990258,0.9897549684294148,0.8349228492154662,0.7584484671396791,0.005534405645721755,0.001129679017219008,0.5752440773065289,0.9960147973591965,BARBUNYA
62280,946.2010000000001 px,367.96463083254395,216.27497541443987,1.7013740499908818,0.8090351747981955,62830,281.59786726128794,0.7289155216404111,0.9912462199586185,0.8741614742946922,0.7652851488039881,0.0059082310666754,0.0012500586120871768,0.5856613589799422,0.9964290382508678,CALI
82596,1180.392 px,436.68422870832745,241.43486935533335,1.8087040611587657,0.8332595300373644,84186,324.29075447342854,0.6574021012416428,0.9811132492338394,0.7449315438987056,0.7426207157346885,0.005286990032305771,9.918739718892324E-4,0.551485527438301,0.9974741131479389,BARBUNYA
66636,989.086 px,372.4337402897545,230.84521302120103,1.6133483359498983,0.7847369474077679,68019,291.2792308129303,0.7790039747486556,0.9796674458607154,0.8559544894972085,0.7820967847497228,0.005589077079803027,0.0012899172890079923,0.6116753807158541,0.9868454576194438,CALI
78139,1153.901 px,429.6343751029122,233.10667823954878,1.8430805086648119,0.8400106593961431,79379,315.4198230708731,0.7461137422656787,0.9843787399690095,,0.7341587204127212,0.005498334699739083,9.8530521820035E-4,0.538989026758044,0.9934001696019678,CALI
90639,1168.3990000000001 px,405.8089767438823,286.5421368997858,1.4162279277124552,0.7081111028008327,92250,339.71334842076845,0.7805900995556168,0.9825365853658536,0.8343391377172799,0.837126253703282,0.004477200506888671,0.0013562824946577307,0.7007803646392916,0.9924647235946825,BARBUNYA
63888,1043.617 px,367.8371757025285,221.70714185650976,1.6591128847829133,0.7979438868860463,65079,285.20997183485724,,0.9816991656294657,0.7371347191615621,0.7753701655906248,0.0057575315505654975,0.0012836671715884779,0.6011988936880328,0.9974568308350482,BARBUNYA
62502,952.384 px,369.8376368096651,216.78947174814604,1.7059760044035808,0.810184671690758,-63235.0,282.09930525443895,0.8105983970119057,0.988408318178224,0.8659236420727151,0.7627652709657016,0.0059172128381438215,0.0012355507776985147,0.5818108585913803,0.9925553638583396,CALI
184398,1623.758 px,613.8688831416299,385.643002938808,1.5918060964768384,0.778037997178861,187032,484.54393564472,0.8120541140411139,0.9859168484537405,0.8788676173157303,0.7893280616618705,0.003329043065226466,7.97130354684632E-4,0.6230387889268856,0.9917569425553625,BOMBAY
60380,1011.9840000000002 px,330.56403143059947,233.08595075689104,1.4182065901319734,0.7090920840504471,61607,277.26918997809537,0.8137905008356245,0.9800834320775237,0.7408933222229342,0.8387760422032089,0.005474727251252061,0.001671576741183502,0.7035452489740791,0.9977725085510789,BARBUNYA
72840,1060.2259999999999 px,351.3973376325675,264.61979709200733,1.327932911649796,0.6579631907631827,74400,304.53697384473577,0.7579446837734907,0.9790322580645161,0.814297123461276,0.8666456493280822,0.004824235826916083,0.0016787055912207255,0.751074681499293,0.9973767886697993,BARBUNYA
73935,1048.3939999999998 px,397.44214761870325,239.35305925155123,1.6604849290896517,0.7983198343970905,75255,306.8174795216111,0.7498174516246805,0.9824596372334065,0.8453000363236884,0.771980227461846,0.005375561609774846,0.0011776827517240849,0.5959534715920435,0.9895717580172461,CALI
64317,981.442 px,365.8679827638921,224.87902622680903,1.6269546738204215,0.7888036435726775,65275,286.1659445125004,0.8212078651685393,0.9853236307927997,0.8390857862344978,0.7821562913231839,0.005688511323038887,0.0013132655786512923,0.6117684640564374,0.9953195618925612,BARBUNYA
62493,994.3950000000001 px,398.8778744055244,201.8084816403198,1.9765168994058355,0.8625683648350977,63814,282.0789940231894,0.7581249772537031,0.9792992133387658,0.794188097138961,0.7071813507921227,0.006382760859704677,9.847172211757767E-4,0.5001054629081714,0.9884668989231788,CALI
155439,1530.1049999999998 px,571.8984250148426,351.391485338507,1.6275249938509866,0.7889714269208579,158204,444.87198337734077,0.6553243336677994,0.9825225658011175,0.8343098846431601,0.7778863586934951,0.0036792466820736273,8.310043402350639E-4,0.605107187041425,0.984827070868783,BOMBAY
63052,960.073 px,345.34421819054654,233.13294544039732,1.4813188137703048,0.7377499085908477,63868,283.3377838810798,,0.9872236487755996,0.8596075442733513,0.820450347672379,0.005477133448432192,0.0015308840518382491,0.6731387729957274,0.9971331287168295,BARBUNYA
68324,1024.408 px,403.3133301597507,218.38463572715975,1.8468026782966216,0.8407159727285957,69905,294.9454503030777,0.7942803999069984,0.9773835920177384,0.8181580828267369,0.7313059803558961,0.005902952551954667,0.0010414670994080973,0.5348084369042981,0.9876856536504877,CALI
70964,1040.983 px,404.48954165059826,225.94139742335437,1.7902409485973565,0.8294479391510506,72287,300.58970550001555,0.7045321419707123,0.9816979539889606,0.8229257970521028,0.7431334423960649,0.005699925901169582,0.0010722997281075583,0.5522473132074255,0.988655753856803,CALI
68456,1005.0579999999999 px,377.281499838793,232.93298072053045,1.6196997894920246,0.7866506596229864,69503,295.2302258820907,0.7864166896424961,0.9849359020473937,0.8516068251658013,0.7825197525143383,0.0055112992263467485,0.0012747205560428546,0.6123371630751013,0.9918023741308855,BARBUNYA
65458,1015.9379999999999 px,390.7011898395845,217.23780562984987,1.798495380243795,0.8311686889121291,67706,288.69311408357885,0.7412549401519698,0.9667976250258471,0.7969630490924478,0.738910250573108,0.0059687309395274,0.0010975606552449835,0.5459883584020134,0.9819575402529146,CALI
224139,1010.4319999999999 px,360.1303412812519,242.96884572231693,1.48220789464027,0.738120236669622,69571,295.48025663583616,0.7439892370453953,0.9856405686277329,0.8440000980409849,0.8204814278757874,0.005251857044876216,0.0014681407010451214,0.6731897734890906,0.9978071968566251,BARBUNYA
67808,1032.304 px,364.4004203514368,238.50878337623925,1.5278280958592956,0.7560413134290647,68798,293.8295884512006,0.7490279250618593,0.9856100468036861,0.7996051428677988,0.8063371281729699,0.005374003367617933,0.0014013426086718296,0.6501795642702324,0.9933626056456156,BARBUNYA
218983,1845.855 px,713.9672821086093,394.05381641927164,1.811852220075826,0.8338961426273593,222086,528.0320210221537,0.7456263406993769,0.9860279351242311,0.8076535393527676,0.7395745354922706,0.003260377664515553,6.016937075841003E-4,0.5469704935486079,0.9910297030520154,BOMBAY
69589,1026.8719999999998 px,385.7660295363922,230.7242449535832,1.671978727740555,0.8014261573387874,70774,297.66334453300635,0.739097648533254,0.9832565631446576,0.829311782566493,0.7716162692986048,0.005543491493431321,0.0012121842930604464,0.5953916670462972,0.9954822019753958,BARBUNYA
74929,1062.433 px,423.1975311324705,227.18268952134787,1.8628071180251764,0.8436941058373213,75651,308.8730578206215,0.6785080411474935,0.9904561737452248,0.8341740915642885,0.7298555286796727,0.005647980503309406,9.885998956176657E-4,0.5326890927442846,0.992297033658427,CALI
74839,1057.541 px,420.3430670976249,229.44133473680824,1.8320285121240238,0.8378874525180317,75921,308.68750264374944,0.7532105475040257,0.9857483436730285,0.8408981801798766,0.7343703912500991,0.005616631263079743,0.0010076653138504392,0.5392998715448237,0.9880127412549405,CALI
66693,985.429 px,373.9074215020185,227.76860686588248,1.6416108727494096,0.7930490684330646,67361,291.4037833608586,0.8083020239970913,0.9900832826116002,0.8630569210748945,0.7793474175780314,0.005606396795795938,0.0012758158620968484,0.6073823972855463,0.9970855473005543,CALI
77128,1124.1 px,394.69817326137434,251.16572079698662,1.5714651346885142,0.771401430146432,78456,313.37265293310713,0.8219534288911386,0.9830733149790966,0.7670294487578672,0.793955164128889,0.005117443383224955,0.0012543441845154965,0.6303648026469312,0.9905963094944583,BARBUNYA
89235,1197.862 px,395.6879606270865,288.8077413690164,1.3700739417559682,0.6835671666370914,90764,337.0719964257521,0.7690816009928638,0.9831541139658896,0.7815045594974348,0.8518631597776193,0.0044342237981407125,0.001440378793454528,0.7256708429863097,0.9942227122676296,BARBUNYA
85618,1109.0539999999999 px,420.1109726024289,261.3337099780426,1.6075651803118964,0.7829705621442251,87049,330.16999158181403,0.7480690595184007,0.9835609828946915,0.8747210092885352,0.7859113736938018,0.0049068066598428935,0.0011547102062379499,0.6176566873012788,0.9929233838923288,CALI
74724,1061.193 px,404.2396465509738,238.7556691153692,1.693110149169447,0.8069432151461824,76531,308.45024192046,0.8015876421368805,0.9763886529641583,0.8338371160103281,0.7630380754391566,0.005409769907271744,0.0011312104156803564,0.5822271045698922,0.9857746198688253,CALI
80881,1130.6119999999999 px,433.42169463160144,239.00850957462794,1.8134153273579157,0.834210819514577,82038,320.90635334583936,0.773610712577714,0.9858967795411883,0.7951136238542736,0.7404021471943218,0.0053587578619404,9.933780847016618E-4,0.5481953395699621,0.9941058311623465,CALI
67163,983.0600000000001 px,369.4249515085624,232.34434750088195,1.5899889774902318,0.7774577431151353,67907,292.42877345269517,0.7583897922312557,0.9890438393685481,0.8733330588059983,0.791578295560573,0.00550042361878657,0.001332144732220789,0.6265961980025821,0.9962810481613924,BARBUNYA
215107,1772.436 px,680.4892103204221,406.94029249524453,1.6722089772626145,0.8014876094245124,217799,523.3380730936233,0.8191431835491242,0.9876399799815426,0.8604453315101667,0.7690615297885458,0.003163491705618237,6.826385542520573E-4,0.5914556366006984,,BOMBAY
79223,1179.638 px,390.45228280026754,258.83398650153197,1.5085046908936612,0.748700762682808,80831,317.60015184592373,0.7211071971455358,0.9801066422535908,0.7154242219553476,0.8134160455360671,0.004928521803015128,0.0013309060070532599,0.6616456631355329,0.9980955865493985,BARBUNYA
68616,1034.512 px,369.45883880700296,237.86808670564278,1.553208939979415,0.7651699245804432,69973,295.575040559158,0.7789483244028699,0.9806068054821145,0.8056829918433001,0.8000215707751949,0.005384441512285808,0.0013605898107582018,0.6400345137056102,0.994107328582931,BARBUNYA
175965,1569.1229999999998 px,587.8046796434138,382.03141884509074,1.5386291562625682,0.7599947690830591,177068,473.33455028058415,0.8076419965576592,0.9937707547382927,0.8980947989372288,0.8052582204138424,0.003340463612896961,8.664174210277353E-4,0.6484408015440686,0.9977099233659737,BOMBAY
67760,1020.165 px,372.76536137257534,232.13220738386437,1.605832148729597,0.782436728335112,68895,293.72557183748,0.7215956891686102,0.9835256549822193,0.8181678731720949,0.7879636958647136,0.005501259760516165,0.001308177722326945,0.6208867860007788,0.9970399616814442,BARBUNYA
81774,1082.182 px,400.88468801577613,261.5088529799979,1.5329679414197066,0.757935619156183,82581,322.67303967200786,0.8211560089974294,0.9902277763650235,0.8774542744000701,0.8049023804553733,0.004902349010880917,0.0012692782450705858,0.6478678420627267,0.9931606321589258,CALI
73932,1026.43 px,397.8289474393748,239.20313645280277,1.6631426884231952,0.799044929567926,75124,306.8112547175544,0.8087512990209484,0.984132900271551,0.8818275137704711,0.7712140021291672,0.005381011570624017,0.0011742033433499266,0.5947710370800873,0.9891891016056283,CALI
83091,1122.204 px,432.52123462482575,247.96355616951394,1.7442935619504654,0.8193469412186327,84877,325.2610444113918,0.7451439332795265,0.9789577859726427,0.8291254098862159,0.7520117357787699,0.00520539209571224,0.001026908346465408,0.5655216507489985,0.9864357745450778,CALI
71898,1074.336 px,369.30247789126736,249.12998373024251,1.4823686509414595,0.7381871054197353,73105,302.56136036739514,0.750940006684492,0.9834895014020929,0.7827920677184894,0.8192779049169483,0.005136477758647909,0.0014274803702174772,0.671216285485104,0.9949899796044912,BARBUNYA
70211,1029.422 px,389.82590003627143,231.95891830651038,1.6805816430009202,0.8037019454661704,71738,298.9906715524758,0.6893975099171281,0.9787142100420977,0.8325841364231213,0.7669851375310265,0.005552205495382083,0.0011852039435121422,0.5882662011934878,0.9886293789236617,CALI
75139,1047.276 px,358.66434254590297,267.35104183578085,1.3415483256886311,0.666609228071811,76250,309.3055870039456,0.7860879208252255,0.9854295081967213,0.8609005250999554,0.8623817600835515,0.004773344635221429,0.0016285489003070438,0.7437023001248043,0.9977125755432151,BARBUNYA
85119,1140.71 px,449.4686011113951,243.85974101189456,1.8431439287449738,0.8400227176254369,86686,329.20643494365703,0.7621004566210046,0.9819232632720393,0.8220266153086796,0.732434777712242,0.005280473232902115,9.374075303644862E-4,0.5364607036023815,0.9887742888549862,CALI
77947,1073.069 px,401.0536845921749,248.3477559656826,1.6148874912628306,0.7852032026958093,78874,315.03206629400717,0.8009515197599621,0.9882470776174659,,0.7855109637363343,0.005145210009264948,0.0012083475693683231,0.6170274741499848,0.9964299497703101,BARBUNYA
129807,1356.314 px,493.24186401517875,336.4648369149118,1.4659536744991695,0.7312124560084206,131148,406.54077972995185,0.8063147563793575,0.9897749107878122,0.8867220083925235,0.824221967739221,0.0037998094402857995,0.0010817286242049708,0.6793418521039135,0.9958836843328032,BOMBAY
58740,942.6899999999999 px,370.65745029829304,204.0034151721106,1.8169178686816698,0.8349125593943996,59701,273.47777031733943,0.7534246575342466,0.9839031172007169,,0.7378180853973215,0.006310137049681529,0.0011534950636219474,0.5443755271393692,0.9890856225325233,CALI
67916,989.997 px,362.8244276333527,240.0285347677538,1.5115887283335434,0.7498961112815108,68706,294.0634913079713,0.7571460423634336,0.9885017320175822,0.8707915510037685,0.8104842698329374,0.00534225260076201,0.0014219441642126806,0.6568847516466297,0.9929395864032246,CALI
187777,1674.447 px,638.4466932351769,376.93987525900394,1.6937626797814525,0.8071097121657262,190000,488.96329309236967,0.8212061576139246,0.9883,0.8416072129824452,0.765863929241554,0.0034000260587568067,7.215533885109508E-4,0.5865475581133122,0.9934723638492708,BOMBAY
203101,1734.279 px,650.4675321974778,402.3138876183486,1.616816004160756,0.7857851388688523,206039,508.5235734705484,0.7433334553306737,0.9857405636796918,0.8485628120395582,0.7817816390506082,0.003202680105944716,7.379640238912178E-4,0.6111825311566554,0.9881696978375604,BOMBAY
74978,1074.979 px,419.501593068609,231.75434087166352,1.8101132064702623,0.8335449545526974,76785,308.9740354546851,0.7912410299704516,0.9764667578303053,0.815349398454683,0.7365264889569866,0.005594995773008203,0.0010156241248123025,0.5424712689353062,0.9819344080304789,CALI
81701,1069.534 px,405.4028714318865,258.92314680629886,1.5657266506774288,0.7694715514269861,83006,322.5289817123533,0.7500527876467726,0.9842782449461485,0.8975280824221022,0.795576460949026,0.004962030714824623,0.0012262158088280565,0.6329419052161772,0.9910140093275158,CALI
80759,1236.831 px,415.85443341449286,248.17154369673963,1.6756733154009718,0.8024085983035112,82623,320.66423622422724,0.7893404488232074,0.9774396959684349,0.663407035405507,0.7710973130461084,0.005149326185496265,0.00112296682163848,0.5945910661869281,0.9963403831852484,BARBUNYA
66163,1012.8439999999999 px,359.84742332091577,234.40646388432964,1.5351429195164443,0.7587300796354527,67353,290.2436011324153,0.7208554867950842,0.9823318931599186,0.8104755794648402,0.8065740709044148,0.005438801495109287,0.0014199073169968506,0.65056173185532,0.9987052363660501,BARBUNYA
76334,1101.8339999999998 px,387.123611082133,251.80586069333512,1.5373892014117823,0.7595461819441935,77736,311.75546091097414,0.6882145046702008,0.9819645981269939,0.7901245309017392,0.8053124428125656,0.005071444062699885,0.0013157368552663582,0.6485281305487418,0.9970401447174062,BARBUNYA
70237,1001.2199999999999 px,375.4192475298869,239.1801655680833,1.5696086113086276,0.7707799162198369,70832,299.04602639654587,0.7760308481018252,0.9915998418793766,0.8804745045513874,0.7965655153915331,0.005345035345044448,0.001327444427839906,0.6345166203109788,0.9959427512585592,CALI
73949,1108.0069999999998 px,395.88213830097556,239.06894448858773,1.6559329324343652,0.7970682807666023,75397,306.84652693752383,0.79784433463522,0.9807949918431768,0.756932514912049,0.7750956591636852,0.005353448164288571,0.0011918856289559775,0.6007732808543876,0.9948402606934207,BARBUNYA
83432,1125.326 px,447.4924430984794,240.0153587972495,1.864432531905152,0.8439917042158812,84920,325.9277860145466,0.6880422233217879,0.982477626000942,0.8279151165406221,0.728342547547378,0.005363558863487383,9.310554301907568E-4,0.5304828665678047,0.9890495140473152,CALI
62792,983.7510000000001 px,373.5219751367984,215.3814718992871,1.7342344810024242,0.81701014446227,63919,282.75299731923326,,0.9823683098922074,0.8153494947699557,0.7569915992644825,0.005948559930194904,0.0012049134265073964,0.5730362813569988,0.9937792779947139,BARBUNYA
58322,978.7729999999999 px,374.00416169107604,198.83822257807552,1.8809470173382792,0.8469659829867996,59273,272.5029848057525,0.7264823119083209,0.9839555952963407,0.7650297277061328,0.728609498818458,0.006412745819606255,0.0011148157716299838,0.5308718017684847,0.9985417321254295,BARBUNYA
62683,1007.3470000000001 px,343.39230728137954,233.9888426009024,1.4675584675935964,0.7319076334095418,64225,282.5074766844839,0.7016465742077751,0.9759906578435189,0.7762496954710756,0.8226959972431591,0.005478236639621261,0.0015480254207511375,0.6768287038799161,0.9932856954893698,BARBUNYA
64451,1001.0269999999999 px,354.7850978829289,231.86131422208652,1.5301608164917964,0.7569039984742537,65479,286.4638928342034,0.8005937593163073,0.9843003100230608,0.8082541459611718,0.8074293270590809,0.00550472603812088,0.0014432233634593579,0.6519421181950802,0.9975762838827751,BARBUNYA
68153,1029.375 px,358.2789264318971,242.69695753746578,1.4762398757165658,0.7356179235068785,69257,294.5761271595774,0.7619968694096602,0.9840593730597629,0.8082535273568277,0.8221977499298203,0.005256979537685753,0.0014819078037197626,0.6760091399896595,0.9979516488015975,BARBUNYA
82389,1085.5749999999998 px,415.3920520665263,253.78630262366104,1.6367788480787708,0.7916644870060272,83043,323.8841349173888,0.7998932038834952,0.9921245619739171,0.8785357303175337,0.7797071063495403,0.005041838741416042,0.0011494621722334401,0.6079431716919735,0.9950685242593428,CALI
156593,1478.855 px,555.821985418761,360.0328102988488,1.5438092571546338,0.7618543104480477,157868,446.52032431762086,0.8025882835323663,0.9919236324017534,0.8997689878782074,0.8033513175647572,0.003549468912523299,9.119377224967037E-4,0.6453733394330314,0.9963333357375136,BOMBAY
73129,1103.9189999999999 px,372.0794690200129,251.25590764677455,1.4808784896039016,0.7375661847581239,74566,305.14051626576514,0.7209799861973775,0.9807284821500416,0.7540933002097296,0.8200950110723596,0.005087987925720479,0.001419654013281628,0.6725558271857739,0.9959734575371714,BARBUNYA
62930,996.486 px,354.61949904392674,226.45259091805036,1.5659767795381858,0.7695562147780075,64015,283.06353447624406,0.7717211355693175,0.9830508474576272,0.7963888899138323,0.7982176254813923,0.005635142206323323,0.0014111393286191049,0.6371513776291521,0.9977642624180182,BARBUNYA
69728,1020.0600000000001 px,386.04522758473286,232.1943470130926,1.6625952894665657,0.7988959251375993,70902,297.96047888150105,,0.9834419339369834,0.8421038193569523,0.7718279040662454,0.005536444865545159,0.0012119721625589448,0.5957183134952933,0.9904384618662413,CALI
84334,1123.665 px,370.96642335501986,290.36912752829926,1.2775684058177488,0.6223526844979471,85612,327.68488485997517,0.7782761166482097,0.9850721861421297,0.8393418085553461,0.8833276119611945,0.004398776571193349,0.0016519575800842956,0.7802676700530669,0.9968453233408257,BARBUNYA
70331,1037.407 px,403.1301198680945,224.90704122313267,1.7924299642897565,0.8299069354176194,71883,299.2460700172497,0.7915522441813353,0.978409359653882,0.8212177131672931,0.7423064049770431,0.005731898023177468,0.0010735222482793497,0.5510187988699421,0.9876626059814348,CALI
73599,1027.388 px,404.7729715280642,233.5996174744379,1.7327638456957546,0.8166645246294114,74263,306.1195146555724,0.7908768536428111,0.9910588045190741,0.8762192698192105,1.519217,0.005499707489613503,0.0011097812892961203,0.5719512613468078,0.9910564671618322,CALI
80320,1110.3239999999998 px,419.1194163372773,245.75141865662346,1.705460821460781,0.8100565301899187,81132,319.7914949355725,0.661821657520476,0.9899916185968545,0.818717567265523,0.763008065172116,0.005218120223322675,0.0010909638443492345,0.582181307517696,0.9928874109582411,CALI
76786,1065.286 px,405.52311410093023,243.50649811372637,1.6653482237321495,0.7996435181322293,77877,312.6771045056452,0.8244060080952534,0.9859907289700425,0.8502751163567173,0.7710463192680636,0.005281211602387548,0.0011514238069792006,0.5945124264568288,0.99007021338657,CALI
50954,865.7629999999999 px,330.1554739607484,198.46152528567475,1.6635742040453798,0.7991622668186164,51704,254.70894715819364,0.7338056971686973,0.9854943524678942,0.854260063775932,0.7714818237073227,0.00647948098207694,0.0014158680313276603,0.5951842043107765,0.9901330889466826,CALI
87212,1162.0620000000001 px,460.8147614373152,244.03586215017606,1.888307551919302,0.848263275175479,88616,333.2293011958027,0.784958237327189,0.9841563600252776,0.8115728512704459,0.7231307004064625,0.005283845817517259,8.912449837297198E-4,0.5229180098703411,0.9874300270727774,CALI
74077,1088.0869999999998 px,383.25343949466406,246.6858242587695,1.55360949761198,0.76530956459114,75268,307.1119759230282,0.7497065014978544,0.9841765424881755,0.7862596825459416,0.8013286882120833,0.0051737170713536465,0.0013159070161023682,0.6421276665516983,0.9976156414341368,BARBUNYA
76546,1124.781 px,410.33665068876445,238.44006514225018,1.7209215676231386,0.8138435826224505,77760,312.1880750305779,0.7888575138611208,0.9843878600823045,0.7603200128532247,0.7608096291339301,0.005360654386757825,0.0011079025788220105,0.5788312917829084,0.9961232540443691,BARBUNYA
66391,1029.2659999999998 px,365.01981643805186,231.91667021515764,1.5739266008752606,0.7722213077019083,67367,290.74326581111416,0.6864247311827957,0.9855121943978505,0.7875240409326701,0.7965136486239417,0.005498031607266827,0.0013650855926808808,0.6344339924442243,0.9985525372074587,BARBUNYA
78501,1086.368 px,424.29208201762657,239.26093288230345,1.7733445945658963,0.8258388492839801,80138,316.1496125274472,0.7680213673541267,0.9795727370286256,0.835855345082595,0.7451225840087989,0.005404925822825525,0.0010277332503558492,0.5552076651999498,0.984574511943883,CALI
69978,1019.8049999999998 px,395.8064047421113,227.2544770283535,1.7416880402876653,0.8187461808194347,70905,298.49414878934766,0.7091047271621828,0.9869261688174318,0.845545760095266,0.7541417855121175,0.005656154859271647,0.00112852990928211,0.5687298326554047,0.9905499476907237,CALI
169004,1546.598 px,566.4156578255336,380.97076665595773,1.4867693466282286,0.740006892783416,170517,463.87775977990304,0.7360352591740922,0.9911269844062469,0.8878752689087864,0.8189705799460543,0.003351492614527074,9.3001773963178E-4,0.6707128108171764,0.997195247513836,BOMBAY
66642,1029.494 px,346.97972147115223,246.0212561154585,1.4103648072925603,0.7051718719900992,67731,291.2923441153933,0.7352707533430425,0.9839216902157063,0.7901512774630296,0.8395082654408415,0.005206622272308037,0.001595275663928954,0.7047741277434904,0.9939886268597301,BARBUNYA
95061,1209.008 px,472.1544763750648,261.74731620005116,1.8038560365379308,0.8322716860861843,97650,347.9014578326301,0.708569682242712,0.9734869431643626,0.8172480507532078,0.736838207070747,0.004966857874155172,9.031295327578427E-4,0.5429305433992331,0.9793685381315255,CALI
58961,936.527 px,363.1454559514249,208.2099472328689,1.7441311559686001,0.8193095864536549,59576,273.9917458558376,0.8138164251207729,0.9896770511615416,0.8447614745579426,0.754495867607627,0.0061590789835895745,0.0012311840997668785,0.569264014236986,0.99287110320248,CALI
67630,1041.652 px,353.0364609801031,245.4218901684443,1.438488069413034,0.7188411726174289,68870,293.4436750220373,0.7136676374994724,0.9819950631624801,0.7832563912533205,0.8311993447004774,0.005220116235104289,0.0015370241979655607,0.6908923506305029,0.9938404036307051,BARBUNYA
61251,982.269 px,388.80965507218974,201.96413907271204,1.9251420418364902,0.854505594081068,62068,279.2618759418719,0.7928932038834952,0.9868370174647161,,0.7182483055623239,0.006347809098172923,0.0010420823989989224,0.5158806284431494,0.9931434863849365,CALI
55912,901.128 px,348.3959103971307,204.75417282714463,1.7015326505274682,0.8090749732730421,56502,266.8133606572812,0.7711574533818824,0.989557891756044,0.8652506271427721,0.7658337905090363,0.006231147345777842,0.001322165686993607,0.5865013946854386,0.9979512726371711,BARBUNYA
80259,1093.858 px,430.84634410579736,239.1631130710817,1.8014748954105873,0.8317831434606642,81078,319.6700371021648,0.6764006877022654,0.9898986161474136,,0.7419583372945312,0.005368199754616895,0.0010035210987430906,0.5505021742808652,0.9917158468359225,CALI
61013,943.222 px,344.0611383445675,229.2631251301869,1.5007260245152492,0.7456443389072084,62063,278.71879079625484,0.7089588659075063,0.9830817072974236,0.8617958533455987,0.8100850684192233,0.005639144745293093,0.0014980127646746849,0.6562378180757779,0.9848331718574236,CALI
83749,1109.5829999999999 px,440.1503487685354,243.96224000761936,1.804174075278161,0.8323367705688385,84500,326.54638052200966,0.809638437741686,0.991112426035503,0.8548106130319877,0.7418973571999431,0.005255589305765268,9.821469653819874E-4,0.5504116886202601,0.9930384993387488,CALI
95892,1194.897 px,470.86807446591905,261.5597391420107,1.800231472972478,0.8315271430855696,96906,349.4187837305605,0.7448732289336316,0.9895362516252864,0.8439783366155974,0.7420736352255096,0.004910399975659273,9.185115880082484E-4,0.5506732800968028,0.9913393701552533,CALI
68901,1003.207 px,373.05371542201357,236.0557592088097,1.5803626934262534,0.7743429557541054,69802,296.18824735596354,0.7096757580751483,0.9870920603994154,0.8603086339772376,0.7939560312940546,0.005414343992424109,0.0013271237338778267,0.6303661796282058,0.9962071934820487,BARBUNYA
206979,1795.1009999999999 px,712.4086751113217,379.0117206463131,1.8796481383121357,0.8467352645842419,214037,513.3554789127503,0.6070210425984309,0.9670243929787841,0.807157656399624,0.7205912797630276,0.003441936984483072,5.724514852145106E-4,0.5192517924705181,0.9760106650324488,BOMBAY
91088,1168.645 px,459.30072919119823,253.95048643323184,1.808623151867664,0.8332431185106426,91799,340.55373093072484,0.789050589050589,0.9922548175906055,0.838119258122995,0.7414613330364619,0.005042384608194254,9.400907116102584E-4,0.549764908388207,0.9943175413953166,CALI
61153,988.0759999999999 px,330.52959099273284,236.10848074185924,1.3999056279308557,0.6998050636461431,62432,279.03838065611944,0.74649658203125,0.9795137109174782,0.7871308428592314,0.8442160346915943,0.005404961179218236,0.001693505956734488,0.7127007132303992,0.9977137394815708,BARBUNYA
81097,1102.692 px,428.01701843021783,242.5248386026545,1.764837865252508,0.823976283335792,82084,321.33457230647855,0.8036248687000812,0.9879757321767945,0.8381200017131173,0.7507518590849388,0.005277840344651686,0.0010342408244200865,0.5636283539194918,0.994712660927061,CALI
88464,1128.201 px,428.39705810737695,265.07589362008866,1.616129827034981,0.7855783704004843,89654,335.61266824339543,0.7840606941539334,0.9867267495036474,0.8733804693623232,0.7834149695754323,0.004842614601503176,0.0011251932890630155,0.6137390145548758,0.9918819274371912,CALI
68725,1130.424 px,371.8093491396061,236.3081529980224,1.573408891832512,0.7720492582691406,70474,295.809715377849,0.6925759087381967,0.9751823367483043,0.6758368588463984,0.7955951512848566,0.0054101032977752804,0.0013370690339501328,0.632971644747974,0.9959232141243122,BARBUNYA
63081,950.0 px,358.4980058188704,225.01589733408412,1.593211902208863,0.7784852511210806,63792,283.4029352731527,0.6842944545691226,0.988854401805869,0.8783370911073585,0.7905286240736883,0.005683137645548904,0.001369109981866141,0.6249355054798389,0.9956546854433915,BARBUNYA
74400,1060.024 px,393.91010131612614,241.12588198864256,1.6336284519414634,0.790753820999481,75179,307.7808020788433,0.6917133852118372,0.9896380638210138,0.8320537899005246,0.7813478279701155,0.005294490609087717,0.0012172550414677027,0.6105044282736172,0.9973374040640374,CALI
96902,1207.7099999999998 px,477.89867195685395,260.24673526081165,1.8363291723061115,0.8387188528318668,97688,351.2541222020416,0.7363653634256621,0.9919539759233478,0.8348669714700092,0.7349970669802443,0.0049317730486146205,8.878207064605627E-4,0.5402206884695617,0.9920230097199478,CALI
184827,1607.292 px,599.8428246485444,393.45950672498077,1.5245350903868764,0.7548150560177121,186978,485.1072513731019,0.7918385707859392,0.9884959727882424,0.8990538646145345,0.8087239380704979,0.003245428561024874,8.563533674832082E-4,0.6540344080082546,0.9970984053289916,BOMBAY
89559,1158.625 px,446.6269237753707,258.2008138189316,1.729765747712076,0.8159567409805045,91501,337.68337297968407,0.7345176291120242,0.9787761882383799,0.8383653286380046,0.7560748244311412,0.004986957466869557,0.0010052510515429225,0.571649140138581,0.9888191023207779,CALI
159120,1527.5349999999999 px,582.1964656478401,351.6062649121097,1.655819374530686,0.797036901207715,161525,450.1087383713619,0.7322325915290739,0.9851106639839035,0.8569437079193966,0.7731217293985161,0.003658851594066366,8.063360488448855E-4,0.5977172084681522,0.9897117342719635,BOMBAY
51015,859.2529999999999 px,327.85750961679213,198.5078690322489,1.6516096375178435,0.795868169393932,51718,254.8613650098114,0.777418814099145,0.9864070536370316,0.8682916823446507,0.7773540563633866,0.006426688417461377,0.0014475796991408377,0.6042793289446113,0.9980335634377352,BARBUNYA
81636,1137.1119999999999 px,397.23417655087786,262.99208578047853,1.5104415609010082,0.7494525559126658,83078,322.4006567518121,0.7909851949461282,0.9826428175931052,0.7933870284374703,0.8116135916379766,0.004865919160062691,0.001302392532569979,0.6587166221314962,0.9949529629237367,BARBUNYA
162787,1570.975 px,603.266097943047,347.0391861067548,1.7383227084836257,0.8179655697089939,165512,455.265687010127,0.8140611794828199,0.9835359369713375,0.8288788075692309,0.7546681117378281,0.0037058616347929937,7.414689352436716E-4,0.569523958873939,0.9900164307360629,BOMBAY
62504,989.061 px,347.19417043014727,230.94932506449518,1.5033348563941002,0.7466760983541281,63945,282.103818662787,0.7653613498885705,0.9774650089921025,0.8029186034645904,0.8125246409330023,0.0055547512228040965,0.001493449485839711,0.6601962921233043,0.992496098011105,BARBUNYA
78169,1084.094 px,415.95250779587025,242.26358764179835,1.7169419137426531,0.8128802267583712,79666,315.4803670157668,0.7413318918098707,0.9812090477744584,0.8358157267483326,0.7584528548403164,0.005321195202649007,0.0010861837847725494,0.5752507330154263,0.9876720944253701,CALI
74794,1197.889 px,423.7976340381822,225.43171183303687,1.8799379669887017,0.8467867934254762,75813,308.5946832155761,0.7599857745262409,0.9865590334111564,0.6550032732006127,0.728165186471459,0.005666198278447231,9.826326187456537E-4,0.5302245387890147,0.9967892414985423,BARBUNYA
175717,1585.869 px,593.6952924727053,380.3224308437239,1.561031494134137,0.7678730319708388,178427,473.00088063578545,0.8022068826982953,0.9848117157156708,0.877988898232741,0.7967064698555468,0.0033787015056750648,8.39697700712966E-4,0.6347411991096874,0.9908510024346892,BOMBAY
67056,1031.7659999999998 px,336.4785036281064,255.1696498021235,1.3186462570648019,0.6518435195594513,68817,292.19574074883616,0.7765425236242357,0.9744103927808536,0.7915622654047061,0.8683934860569462,0.005017873175079134,0.0017602148134832594,0.7541072466261356,0.9944006981889972,BARBUNYA
176119,1613.423 px,612.208811407385,369.6122781918482,1.6563540973322768,0.7971845945181185,177629,473.5416300381753,0.685048037652184,0.9914991358393055,0.8501970378338675,0.7734969200289151,0.0034761088321384123,7.67551425852807E-4,0.598297485294218,0.9909924911906757,BOMBAY
62406,972.588 px,370.7602672621613,215.10789001356198,1.7236014320013358,0.8144879050320565,63240,281.88257666755953,0.7469836253950014,0.9868121442125237,0.8290455587279892,0.7602825910907084,0.005941099690128533,0.0012244661596745308,0.5780296183156014,0.9962926778679558,BARBUNYA
180948,1578.418 px,571.5790898551201,404.2273452355968,1.4140040167791847,0.707001977331785,182446,479.9897385785848,0.7398013001349196,0.9917893513697204,0.9126822439491582,0.8397608434210728,0.0031588030254831225,9.690022591336659E-4,0.7051982741432719,0.9971531922643349,BOMBAY
80023,1077.554 px,428.2739206973906,239.13740158224607,1.7909114921535818,0.8295887456150757,80739,319.199699386359,0.8141188678861375,0.991131918899169,0.8660572585757058,0.7453166862614051,0.005351885341681649,0.001018708525751465,0.5554969628196817,0.9948458945701788,CALI
78989,1077.94 px,382.098333579556,263.82830503517164,1.4482840782705915,0.723358859568273,80060,317.130759150048,0.7843992055610725,0.9866225331001749,0.8542545562555697,0.8299715839614327,0.0048373613234698,0.0014159280481776037,0.6888528301834497,,BARBUNYA
58294,917.8770000000001 px,342.57582636137084,218.1332901583612,1.5704885123800516,0.771074820580798,59011,272.4375635274834,0.7032693931716733,0.9878497229330125,0.869490308447737,0.7952620779497117,0.005876691020711752,0.0014499522980102146,0.6324417726248935,0.993242538656672,BARBUNYA
67502,993.036 px,371.38705710634486,234.18426040592936,1.5858753977000482,0.7761351742647165,69374,293.1658502430202,0.6984747832205459,0.9730158272551677,0.8601942171737005,0.7893809023050408,0.00550186745735452,0.0013177600810166928,0.6231222089239203,0.9881941808929546,CALI
73056,1041.289 px,356.69337875226717,261.4526251520625,1.3642753770202614,0.6802395784229416,74191,304.9881771153958,0.742303237212705,0.984701648447925,0.8466875867149822,0.8550430013090263,0.00488246521507155,0.0016097956400074527,0.7310985340875477,0.9974197282312496,BARBUNYA
50712,877.164 px,316.2129383742451,204.46541377305022,1.546535096274184,0.7628235299964321,51454,254.1033722574527,0.7175380261761585,0.9855793524312979,0.8282453458076628,0.8035830967697966,0.006235465735412626,0.0016038798500042602,0.6457457934141362,0.9986685327863803,BARBUNYA
49975,873.5289999999999 px,313.99969224633264,203.93828583885437,1.5396799622727306,0.7603738719268852,50699,252.25016600220454,0.71479653865408,0.9857196394406201,0.8230154948120141,0.8033452650785223,0.006283135412632969,0.0016142289639165452,0.6453636149240815,,BARBUNYA
82109,1153.754 px,390.63788147580095,269.37047722563386,1.4501881776323595,0.7242231492835183,83618,323.33330446871616,0.717911726646382,0.9819536463440885,0.7751293605494486,0.8277059645295712,0.0047575525396217335,0.00137742415584474,0.6850971637178276,0.9935198073530547,BARBUNYA
171994,1534.3929999999998 px,568.3886481785114,387.35568805191207,1.4673558842960321,0.7318200388680683,173315,467.9632060933633,,0.9923780399849984,0.9180153515184903,0.8233155387480435,0.003304700444076604,9.366495092546584E-4,0.677848476343981,0.9946449504244403,BOMBAY
81515,1194.963 px,416.0416064767544,251.2564252502002,1.6558446458133826,0.7970438851096483,83485,322.16163876086614,0.7301921440408474,0.9764029466371205,0.7173621862261145,0.7743495692392159,0.005103865625673243,0.0011319499871797962,0.5996172553809591,,BARBUNYA
74393,1079.3659999999998 px,421.1066745009719,227.26755836391928,1.852911508939,0.8418630704989534,75487,307.76632280267927,0.6870936160780257,0.9855074383668712,0.8024250338759057,0.7308512104857862,0.005660568527965963,9.962210121732041E-4,0.5341434918685388,0.9897206235080808,CALI
71483,1093.388 px,372.0698312126485,245.10758137691766,1.5179858130968737,0.7523464209804768,72960,301.6868946048264,0.7204132023179642,0.9797560307017544,0.7513876080627744,0.8108340674157044,0.005205011418276353,0.0013878080392207763,0.6574518848818951,0.9980026340445157,BARBUNYA
65615,972.507 px,362.61061625634756,231.994186175999,1.5630159627416624,0.7685508305513635,66519,289.0391197187635,0.7490638841956254,0.9864098979239014,0.8718214000384311,0.7971060602219857,0.005526337213386383,0.001376200110655828,0.6353780712426159,0.9931060677282179,CALI
61543,991.2 px,354.68384920123924,221.9501538936996,1.5980338061450992,0.7800084434323611,62634,279.9267427410895,0.8282595822566753,1.844750,0.787165297881554,0.7892288960196372,0.005763187514440948,0.0013792863038729535,0.6228822503123753,0.9953868932469094,BARBUNYA
78575,1085.348 px,413.42742520192246,243.2858925995915,1.6993481240704569,0.8085256447817527,79341,316.29858872205773,0.8111721347015465,0.9903454708158456,0.8382165532498397,0.7650643606131694,0.005261564431459401,0.0011119532835185716,0.5853234758804378,0.9946683507118209,CALI
79319,1078.159 px,420.14199921761957,242.0722467978171,1.7356058151041553,0.8173315046609065,80092,317.7925226446468,0.7384006702662447,0.9903485991110224,0.8574750045788943,0.7563931319326179,0.005296864549699562,0.001069520066467209,0.572130570034835,0.9929931443513148,CALI
71525,1042.205 px,365.20360297715206,249.79582594993246,1.462008428637039,0.7294908361216074,72758,301.7755100023567,0.7519370065495526,0.9830534099343028,,0.8263212836408859,0.00510595739919122,0.001468428165577571,0.6828068637979214,0.9982693900037839,BARBUNYA
73658,1085.1419999999998 px,387.6075044697439,242.33685060330265,1.5994575464061158,0.7804549925015108,74965,306.24218910219184,0.7986165322230896,0.9825651970919762,0.7860617076665206,0.7900832299961228,0.005262259421512177,0.0012648627183101451,0.624231510321106,0.9984317998875804,BARBUNYA
81995,1186.252 px,409.04781391617547,255.56147985444755,1.6005847757226344,0.7808075169713655,83446,323.1087687924295,0.7677793904208998,0.9826115092395081,0.7322229198492628,0.7899046463517903,0.004988692163134039,0.0011980229624236089,0.623949350328147,0.9986838309572603,BARBUNYA
74215,1058.806 px,404.4510377956156,236.06968779890218,1.713269677130892,0.8119843015712347,75634,307.39790632423,0.6716289592760181,0.9812385963984451,0.831895487338645,0.7600373780708898,0.005449720916197744,0.0011217441915444795,0.5776568160648726,0.9896819067519235,CALI
67997,1047.09 px,347.9688676518942,250.16995412404324,1.390929893520941,0.6950685217369512,69185,294.23879642793,0.7959847819724905,0.9828286478282865,0.7793482997961884,0.8455894299207383,0.005117414998483671,0.0016138701261060838,0.7150214839936792,0.9945447565965135,BARBUNYA
69013,1050.088 px,373.4753857915928,236.54975997892254,1.5788449154413469,0.7738454820694156,70370,296.42887966729523,0.7377518841199423,0.9807162142958648,0.7864830721510305,0.7937039251971182,0.005411667161137653,0.0013247836298721336,0.6299659208733125,0.994618491072155,BARBUNYA
68292,1035.332 px,402.71157178678334,218.48442385177768,1.8432049511226827,0.8400343186348199,69606,294.87637238180633,0.8000468603561387,0.9811223170416343,0.8006089134214006,0.7322272143148878,0.005896906984519172,0.0010456527991191554,0.5361566933833408,0.9882466718217396,CALI
71851,1030.0759999999998 px,394.06278006687063,234.51342169433406,1.6803421195248005,0.803639141937933,72991,302.46245143615124,0.7562228326650038,0.9843816360921209,0.8509501982601502,0.7675488950893175,0.0054844439195957,0.00117418510302073,0.5891313063528321,0.9899421479953326,CALI
73780,1047.9859999999999 px,404.1658945477923,234.46288935470432,1.723794736387279,0.814534245575222,74526,306.4956991713918,0.8019565217391305,0.9899900705793951,0.8441848482042725,0.7583413229716466,0.005477987185521717,0.0011175312137684363,0.5750815621263873,0.9913225697868404,CALI
77962,1050.313 px,388.4662554282084,256.86076828501353,1.5123611831494834,0.7501940671729639,78652,315.0623769773896,0.725619403957484,0.9912271779484311,0.8880866752472255,0.8110418152796687,0.004982764108517078,0.001329912518084915,0.6577888261321402,0.9948142873517136,CALI
69236,1003.29 px,379.8828948294386,232.82880566669252,1.631597489587531,0.7901633842897096,69916,296.9074150628167,0.7035892849884151,0.9902740431374792,0.8643484671476966,0.7815761622963399,0.005486782812834922,0.0012629400998400591,0.6108612974698746,0.9966797594380294,BARBUNYA
74363,1060.382 px,406.04625314627805,234.6359024868715,1.730537606745828,0.8161393699910219,75179,307.7042610448235,0.80278740378491,0.9891459051064792,0.8310785475883821,0.7578059362955706,0.005460326414295793,0.0011107859556543555,0.5742698370848065,0.9937955494950574,CALI
73490,1079.891 px,374.5447780661398,251.80955329709985,1.4874129005909067,0.7402712912441445,74875,305.8927494115987,0.8052463183730715,0.9815025041736227,0.7919144507705841,0.8167054176832814,0.005096540727529458,0.0013986756299257908,0.6670077392732233,0.9921159161889682,BARBUNYA
75211,1051.329 px,412.3684826843059,234.57060021628465,1.757971724947984,0.8224500316831911,76192,309.4537435531784,0.750668716065155,0.9871246325073498,0.8550941566371436,0.750430153000041,0.005482821431496801,0.0010725683287426888,0.563145414531665,0.9899937157807785,CALI
93299,1175.123 px,464.3282311904857,258.0063331419751,1.799677649521015,0.8314129236169018,94268,344.6621190154873,0.7864771683146616,0.9897207960283447,0.849024455290469,0.7422812051117635,0.004976776076812031,9.319695437631939E-4,0.5509813874621722,0.9915888883177495,CALI
63780,1001.8199999999998 px,362.6544311113011,224.48143573031717,1.615520811025903,0.7853945867814142,64748,284.968802087542,0.7936389428102135,0.9850497312658306,0.7985736644498249,0.7857860752295154,0.005686021183933853,0.0013372282722907828,0.6174597560246058,0.9975190858287273,BARBUNYA
