"Area","Perimeter","MajorAxisLength","MinorAxisLength","AspectRation","Eccentricity","ConvexArea","EquivDiameter","Extent","Solidity","roundness","Compactness","ShapeFactor1","ShapeFactor2","ShapeFactor3","ShapeFactor4","class"
88369,1132.4,440.971716033292,256.996530965557,1.71586641413612,,89229,335.432415441176,0.783524258760108,0.99036187786482,0.86598442885729,0.760666508179975,0.00499011775660347,0.00103054684119612,0.578613536666716,0.992823534330936,"CALI"
77106,1078.866,424.467707225016,233.261154831253,1.81971021935515,0.835468691771181,78310,313.327956518963,0.74056359130986,0.98462520750862,0.832459328929495,0.738166770252948,0.00550498932930013,0.00100821744480239,0.544890180705668,0.991542230256377,"CALI"
84292,1151.256,427.410553049279,251.955487522262,1.69637326518444,0.807773556001263,85440,327.603277921355,0.718761191739004,0.986563670411985,0.799194357963258,0.766483830556199,0.00507059451726473,0.00107956957253272,0.587497462504104,0.996614988755662,"BARBUNYA"
75810,1043.229,393.042486319065,247.110581760792,1.59055303709955,0.777638121475542,76802,310.683584835718,0.80557238037553,0.987083669696102,0.875340571560798,0.790458018280268,0.00518457309483004,0.00124855592927139,0.624823878663569,0.993815517860662,"CALI"
62761,1026.847,356.449425041249,225.823798366649,1.57844048155861,0.773712626721266,64077,282.683192049198,0.711575963718821,0.97946220952916,0.74797699633292,0.793052736770398,0.00567947332007535,0.00138578577561344,0.628932643299019,0.992732744356834,"BARBUNYA"
64388,973.025,374.403268646017,220.620187433719,1.69704900082409,0.807944800830802,65308,286.323851270563,0.783881178475773,0.985912905003981,0.854607700744973,0.764747199740051,0.00581479885453837,0.00122683467020197,0.58483827951025,0.992499217886549,"CALI"
73973,1054.15,401.151169214625,236.881577881409,1.6934671442262,0.807034332632341,74875,306.896316111312,0.715897763454596,0.98795325542571,,0.765039066724283,0.00542294038655489,0.00114590613598654,0.585284773614363,0.991160534131791,"CALI"
55429,911.762,327.824858335282,215.909779540606,1.51834186961239,0.752481661281077,56253,265.658417380525,0.728763196991809,0.985351892343519,0.837884066311274,0.810366909725996,0.00591432027161382,0.00157329947192232,0.65669452837886,0.997086797982985,"BARBUNYA"
89280,1144.377,448.953874115335,254.708558170551,1.76261794004863,0.823485082965186,90253,337.156976131231,0.796147672552167,0.989219194929808,0.8566941559418,0.75098355436981,0.00502860522082589,0.000986617946565697,0.563976298933914,0.994074742263149,"CALI"
70332,1004.224,377.663977162396,237.54788863573,1.58984354410124,0.777411197627959,70976,299.248197421995,0.710510364892714,0.990926510369702,0.876398526440981,0.792366271388702,0.00536973180291184,0.00130567858267761,0.627844308034434,0.998174219829254,"CALI"
83039,1114.391,434.388310674847,247.811190581874,1.75290030145483,0.821309339585111,85152,325.159251068247,0.70702779102241,0.975185550544908,0.840265983898197,0.748545122135292,0.00523113610080622,0.00101308928191792,0.560319799872539,0.982184746107686,"CALI"
67718,1046.454,353.627789031567,244.306987500395,1.44747308560299,0.72298939084012,69018,293.634527074688,0.766456899674031,0.98116433394187,0.777094262243082,0.830349130306829,0.0052220648724352,0.0015313165134509,0.689479678201307,0.9980032772666,"BARBUNYA"
68932,1019.142,400.269769752568,222.479088193632,1.79913435012013,0.831300756830143,70319,296.254870504578,0.772684982793602,0.980275601188868,0.833990961451877,0.740138009142463,0.00580673373400696,0.00107488624446833,0.547804272577369,0.985573483936513,"CALI"
70339,1030.51,395.268962676146,230.150806756088,1.71743461709891,0.812999921003421,72125,299.263088831761,0.780226728192386,0.975237435008666,0.8323416608563,0.757112541307613,0.00561948510323073,0.00113898511306559,0.573219400205273,0.984466841105207,"CALI"
66832,1016.277,396.190231675189,217.042670694207,1.82540249070831,0.836593354807769,67791,291.707293795922,0.764126134778532,0.985853579383694,0.813148992316181,0.736280883459726,0.00592815165901349,0.00107466515457505,0.542109539348235,0.989568103363003,"CALI"
100725,1223.39,484.269336967103,266.438299524179,1.81756653541154,0.835042011329922,101676,358.115977224487,0.748039390428661,0.990646760297415,0.845701863549052,0.739497527279564,0.00480783655464982,0.000886903487134034,0.54685659285259,0.993948242838039,"CALI"
65019,985.505,384.250081702671,217.584556861733,1.76598048705657,0.824228274518128,66378,287.723412254087,0.780380954667115,0.979526349091566,0.841264350632432,0.748792065259013,0.00590981223492626,0.00114603631663152,0.560689556994859,0.990166816949311,"CALI"
75710,1077.037,367.91453118384,263.14464240765,1.39814562750583,0.698886002723606,77071,310.478607849074,0.776098901098901,0.982340958337118,0.820166193348945,0.8438878639831,0.00485952359244274,0.00152024093649759,0.712146726977959,0.995684832466819,"BARBUNYA"
78114,1072.209,411.03036428053,243.347578967779,1.689066996368,,78908,315.369360904706,0.807004494033783,0.989937648907589,0.853846582996914,0.767265361177707,0.00526192954247037,0.00112488249771002,0.588696134463157,0.994347211611136,"CALI"
67513,1021.125,389.420659758325,224.046115230007,1.73812725723248,0.817920071159639,69075,293.189736149997,0.779974121398369,0.97738689829895,0.813653416873702,0.752886958621946,0.00576808406911743,0.00114322165421628,0.566838772463004,0.985237920874149,"CALI"
70037,1019.075,382.372076849295,236.24496178766,1.6185406620141,0.786303437038395,71309,298.619955787648,0.703924820342731,0.982162139421391,0.847471503582592,0.780966953048047,0.00545957246668611,0.00125276330901274,0.609909381753151,0.987163134511355,"CALI"
54358,923.33,326.41776563517,214.264781646932,1.52343172371204,0.75440195376289,55744,263.079370481066,0.71404363760558,0.975136337543054,0.801234129597503,0.805959105715785,0.0060049627586587,0.0015629392809086,0.649570080086187,0.989575666777468,"BARBUNYA"
81718,1091.632,413.182329964115,254.235255803724,1.62519682275342,0.788285161362887,82978,322.562535203126,0.724778046811945,0.984815252235532,0.861737667609715,0.780678436154665,0.00505619728779602,0.00115849058324343,0.609458820676894,0.990490538963134,"CALI"
71896,1080.446,360.632978982494,254.712798316696,1.41584161206577,0.707918936118665,73431,302.557152135393,0.718241758241758,0.979096022116,0.773942080673582,0.838961408879026,0.00501603676118969,0.00153288089220396,0.70385624558828,0.996548961416268,"BARBUNYA"
73658,1040.73,405.862881137685,234.026890030187,1.73425746539354,0.817015537979078,75124,306.242189102192,0.680657204110298,0.980485597146052,0.854581799465162,0.754545939859679,0.00551009912212774,0.0011017471111987,0.569339575358727,0.98738140890986,"CALI"
69575,1076.93,363.902803885369,244.231060641529,1.48999395461615,0.7413273123995,71278,297.633400889331,0.73228363031649,0.976107634894357,0.753855536104262,0.817892573817832,0.00523036728545266,0.00144376666245427,0.668948262306359,0.996728866787455,"BARBUNYA"
85681,1126.8,439.173995612134,250.054141741354,1.75631562250386,0.822078792270383,86751,330.291443171714,0.782760825872465,0.987665848232297,0.848009493026287,0.752074226779624,0.00512568709062843,0.00101152047096245,0.56561564258617,0.993399589406647,"CALI"
79463,1068.778,412.61497529048,246.972613325549,1.6706912144408,0.801081972999661,80593,318.08086069943,,0.985978931172683,0.87417787388193,0.770890248167803,0.00519254213017983,0.00113117552288454,0.594271774720217,0.99284463301521,"CALI"
72943,1038.417,394.68735640261,238.019210906405,1.65821638891917,0.79769764197623,74613,304.75221428501,0.782087983960029,0.977617841394931,0.850060637224623,0.772135740710531,0.00541090106525108,0.00118638044140268,0.596193602082601,,"CALI"
95037,1190.613,461.322929388332,264.914811693848,1.7414010429944,0.818679815320763,96528,347.85753781253,0.774863432531594,0.984553704624565,0.842483380266161,0.754043459911593,0.00485414027576978,0.000968004988189924,0.568581539435447,0.99012848580025,"CALI"
70626,995.284,375.060985275317,241.005832706207,1.5562319843625,0.76622051265259,71282,299.872999929079,0.739849151477058,0.990797115681378,0.895943099966332,0.799531307445788,0.00531052282835382,0.00133862502468051,0.639250311585971,0.994821780903779,"CALI"
69020,1017.811,386.199132132388,228.859512359626,1.68749434161828,0.805500877834807,69789,296.443912701241,0.702450740921674,0.988981071515568,0.837241097976547,0.767593420172733,0.005595466996992,0.00119823244360073,0.589199658692474,0.994271090126974,"CALI"
73431,1036.849,387.166004875499,243.139602977158,1.59236093229893,0.778214689169939,74546,305.769934770323,0.703281232042294,0.985042792369812,0.858337882271099,0.789764418672681,0.00527251439957919,0.00126528334479751,0.623727837001398,0.993199840028343,"CALI"
71973,1022.505,379.768496121678,242.107250720725,1.56859612833218,0.770439821868555,72745,302.719126837443,0.803046025104603,0.989387586775723,0.865064696570799,0.797114900074418,0.00527654114906531,0.00131405275497238,0.635392163920649,0.996673688298536,"BARBUNYA"
62596,950.343,363.779254437384,221.283924607616,1.64394795095235,0.793713505691055,63740,282.311357444652,0.791172678783589,0.98205208660182,0.870954937591824,0.776051283851441,0.00581154154318781,0.00130026776560395,0.602255595167471,0.990076851625153,"CALI"
73503,1019.705,390.011051653084,241.585184939286,1.61438314916165,0.785050600057851,74243,305.919803635967,0.731227616394747,0.990032730358418,0.888312618700279,0.784387525274754,0.00530605623788259,0.00123900860878407,0.615263789806653,0.993271494553199,"CALI"
76281,1082.67,426.217557652273,231.780529776046,1.83888421544337,0.839209644870891,78073,311.647213547535,0.817614714299495,0.977047122564779,0.817775388182648,0.731192809757007,0.00558746683515257,0.000985195386396322,0.534642925040347,0.983146435755167,"CALI"
71674,1019.105,372.571132526775,246.165602844872,1.51349793887151,0.750631499547357,72554,302.089673986629,0.674572474612004,0.987871102902666,0.867228699443632,0.81082415574674,0.00519813506329736,0.00138590683458283,0.657435811542415,0.995027745709761,"BARBUNYA"
98240,1198.223,472.245655991278,267.693994297512,1.76412495629779,0.823818772787433,99642,353.670825591796,0.784551741762366,0.985929628068485,0.859850433408609,0.748912819217817,0.00480706083053011,0.000932791196592001,0.560870410788779,0.989445488921477,"CALI"
73178,1033.997,398.300147369562,235.982898076606,1.6878347991144,0.805588803323257,73969,305.242728667907,0.735161744022504,0.989306331030567,,0.766363584557473,0.00544289468651182,0.00115810819422387,0.58731314373578,0.991287561974527,"CALI"
82805,1130.202,394.804477601921,268.001970398262,1.47314020495903,0.734302849019537,84138,324.700786112068,0.724656071691112,0.984156980199197,0.814618525987026,0.822434406226422,0.00476788210376089,0.00134558257049343,0.676398352545007,0.996429607702105,"BARBUNYA"
66234,1006.478,398.08482503982,213.512498506792,1.86445677805207,0.843996136778971,67144,290.399290643054,0.763821297599004,0.986447039199333,0.821641326491147,0.729490983772128,0.00601027908687109,0.00104991494043528,0.532157095404828,0.992183903516031,"CALI"
71051,1069.422,376.080592350469,241.686928780075,1.55606508903379,0.766162709217892,72335,300.773906602581,0.802292231255646,0.982249256929564,0.78069577773103,0.799759181197762,0.00529310765999732,0.00133575690559003,0.639614747910116,0.995282179654077,"BARBUNYA"
90176,1181.556,418.302293765887,275.528371810732,1.51818228742422,0.752421062240104,91791,338.8445796911,0.784493858092355,0.982405682474317,0.811693767533801,0.81004714710157,0.00463873196599857,0.00123202700968079,0.656176380527393,0.996195358342821,"BARBUNYA"
73404,1071.431,418.410250534307,226.888666361432,1.84412142415163,0.840208392256513,74942,305.713715004316,0.771796273709888,0.979477462571055,0.803528296183056,0.730655414426204,0.00570010150038563,0.00100210396279605,0.533857334630328,0.984497748232271,"CALI"
68043,1001.937,383.80830450613,227.356172698934,1.68813672375797,0.805666724913593,69027,294.338305937937,0.687900600521665,0.98574470859229,0.851750677844732,0.766888841336251,0.00564067287606557,0.00120348408406842,0.588118494966058,0.99282442927347,"CALI"
58481,926.502,348.739478814098,214.498943142398,1.62583308665807,0.788473062454187,59402,272.874186788815,0.697447823494335,0.984495471532945,0.856114656192943,0.782458549622011,0.0059632954090063,0.00137883229772822,0.612241381876581,0.995402295676202,"BARBUNYA"
80856,1106.265,432.725383071227,239.611218374443,1.80594792684123,0.8326990538134,81929,320.856754064966,0.736541019147735,0.98690329431581,0.83024022664061,0.741478930095841,0.00535180299632961,0.00099787269596591,0.549791003776072,0.992893923465357,"CALI"
71282,1025.671,399.781855898059,230.893019317856,1.73145925796789,0.816357067968609,71685,301.262445764174,0.831296356766339,0.994378182325452,0.851478306510682,0.753567079945201,0.005608454531271,0.00111560547543734,0.567863343977138,0.983232244189817,"CALI"
85702,1107.351,427.956415040147,257.057145230327,1.66482987530532,0.799503090967958,86542,330.331917112006,0.794530199786771,0.99029373021192,0.87827438503526,0.771882148515094,0.00499354058295193,0.00109343339721661,0.595802051196277,0.991909054599753,"CALI"
71161,1037.077,407.762973871217,223.724990138822,1.82260807618407,0.836042747979673,72221,301.006643187321,0.781868723493089,0.985322828540175,0.831438060203966,0.738190229312941,0.00573014676397489,0.00104958756935445,0.544924814653093,0.993184368099832,"CALI"
63164,965.899,351.869936594367,229.206011291117,1.53516888415048,0.758739538407018,63999,283.589320327215,0.714557219783701,0.986952921139393,0.85077761783102,0.805949275098585,0.00557073549164662,0.0014498502127615,0.649554234031934,0.997175448654024,"BARBUNYA"
77606,1067.024,407.859894779203,244.524520059117,1.6679713538773,0.800351775000433,78338,314.342214964387,0.806379883624273,0.990655875820164,0.856558023774349,0.770711263814154,0.00525552012446464,0.00114383212797273,0.59399585217001,,"CALI"
81209,1103.917,440.017737037394,237.981790531412,1.84895548543793,0.841121696723043,82641,321.55638726108,0.819762981506905,0.982672039302525,0.837415863947821,0.730780512226836,0.0054183370936398,0.000953221025479515,0.534040157050517,0.987416477822686,"CALI"
68897,1027.553,400.636293353807,220.582391872834,1.81626597641018,0.834782303732968,69754,296.179649729043,0.700229693471014,0.987713966224159,0.819977079094363,0.739273137861934,0.00581500345956728,0.0010713945780419,0.546524772364229,0.992634349310471,"CALI"
97743,1183.507,464.423494429097,269.753772637151,1.7216570870866,0.814020774725519,98773,352.775073979227,0.734981614744298,0.989572049041742,0.876907665896304,0.759597820116494,0.00475147575201392,0.000975760242993094,0.57698884832573,0.993376939889926,"CALI"
80058,1124.684,404.421233376897,253.245847317028,1.59695109578882,0.779667885138226,81137,319.269496620657,0.729059284218195,0.986701504862147,0.795341358562527,0.789447907951748,0.00505160300503256,0.00121032746474619,0.623227999369392,0.995264636519225,"BARBUNYA"
66664,999.648,384.578839597875,222.961420195689,1.72486719568048,0.814791013767624,67764,291.340421174654,0.780353045839771,0.983767192019361,0.838314600243679,0.757557075889269,0.00576891335050214,0.00117202051803792,0.5738927232299,0.98988873213899,"CALI"
73048,1044.333,398.694151166078,235.529468191735,1.69275697952801,0.806853007172256,74193,304.971477787373,0.717014468285596,0.984567277236397,0.841666788711688,0.764925888416997,0.00545797490918408,0.00115262686016145,0.585111614770532,0.99045176970572,"CALI"
69843,1006.281,386.315606881522,232.032790825326,1.66491815879739,0.799527019096413,70899,298.206085657114,0.782116461366181,0.985105572716117,0.866750706297863,0.771923474861242,0.00553120007561992,0.00121142386355376,0.595865851041854,0.992067875606845,"CALI"
83787,1117.773,442.898694100894,242.995187994666,1.82266446408238,0.8360538871926,85035,326.620455168878,0.715028161802355,0.985323690245193,0.842712187582342,0.737460867505906,0.00528600730543991,0.000964413856223855,0.543848531102563,0.991253391484042,"CALI"
70249,1056.843,378.126483039342,237.30592184936,1.59341359917421,0.778549302431259,71505,299.07157133051,0.706233035085956,0.982434794769596,0.790367475102328,0.790929979108058,0.00538266000995519,0.00129935810690482,0.625570231851873,0.996792114671336,"BARBUNYA"
63975,1027.084,339.185714468875,241.047507089327,1.40713222287414,0.703530294387827,65434,285.404099260035,0.794779735135538,0.977702723354831,0.762093453503415,0.841439032026879,0.00530184782288198,0.0016394479626104,0.70801964461833,0.99627725637035,"BARBUNYA"
58634,930.427,351.837467142445,214.94190604348,1.63689563202846,0.791698123930412,59677,273.230905034554,0.748837803320562,0.982522579888399,0.85112780285983,0.776582742178319,0.00600057078047626,0.00134624240436104,0.603080755449197,0.987180254355217,"CALI"
77315,1086.568,429.582924283736,233.391900314995,1.84060768048914,0.839539386155681,79121,313.752315371854,0.724900615061506,0.977174201539414,0.822924141113677,0.730364960141253,0.00555626882602,0.000975265205340413,0.533432975002134,0.981840830815098,"CALI"
66985,998.738,371.817397998704,230.625958431649,1.61220965986316,0.784390970289646,68002,292.041008942383,0.710068266621438,0.985044557513014,0.843886962284147,0.785442022116997,0.00555075610955743,0.00130313209057687,0.616919170107238,0.994603045401651,"CALI"
66026,1010.329,348.704281937521,242.292032328076,1.43919004924337,0.719168932719929,67246,289.942949872357,0.771412882195558,0.981857656961009,0.812829044481785,0.831486634638766,0.00528131769208373,0.00155719552318934,0.691370023582901,0.995012858285668,"BARBUNYA"
69714,1023.301,370.486592542224,240.056147281452,1.54333307743979,0.761684342333456,70851,297.930565101446,0.730563269583443,0.983952237794809,0.836610033996891,0.804160180418652,0.00531437864047715,0.00137088970197552,0.646673595770959,0.998032750660251,"BARBUNYA"
72575,1045.603,412.245964684876,226.372174836651,1.82109822014278,0.835744041465001,73615,303.982499429086,0.784586112582567,0.985872444474632,0.834186711414598,0.737381382644831,0.00568027509038755,0.00103589993283359,0.543731303471203,0.990188108987321,"CALI"
61974,991.559,362.965492328466,218.775097664299,1.6590804721542,0.797934992228303,63233,280.905228761262,0.794905340926581,0.980089510224092,0.792104116347177,0.773917175870418,0.00585673818582738,0.00129602540238861,0.598947795107243,0.99370259070224,"BARBUNYA"
73591,1051.278,412.853267214354,228.22030788636,1.80901196321201,0.833321961369082,74305,306.102877047252,0.731375472073146,0.990390956194065,0.836757119692933,0.741432613850004,0.00561010540982394,0.00104577324556795,0.54972232088045,0.994454254917405,"CALI"
86371,1139.925,435.220419449195,254.907958774685,1.70736300875521,0.810528984662219,87429,331.618715874603,0.780479650112051,0.9878987521303,0.835266868474107,0.761955783908973,0.00503896469242216,0.00104770775459392,0.580576616632337,0.991255038986306,"CALI"
70648,1017.479,367.611946249731,245.767533696383,1.49577098618678,0.743665808719441,71492,299.919701514338,0.77099703160468,0.988194483298831,0.857548766977524,0.815859507760918,0.00520343033418824,0.0014221029039266,0.665626736403887,0.995625159943128,"BARBUNYA"
86838,1185.231,402.677152368782,275.524308372936,1.4614941046281,0.729265067408587,88351,332.514023141449,0.70873699245052,0.98287512308859,0.77680796944894,0.825758355509886,0.0046371076299406,0.00132996081771117,0.681876861694391,0.996559013448666,"BARBUNYA"
68234,988.005,383.972463713434,228.175213095869,1.68279656016846,0.804281199731538,69335,294.751127386239,0.788103488103488,0.984120574024663,0.878400168299514,0.767636107380392,0.0056272893823231,0.00120531507946822,0.58926519335412,0.991613440403315,"CALI"
85044,1121.92,421.668817114803,258.064387901244,1.63396747821,0.790852124733205,86103,329.061367897323,0.784647322046409,0.987700776976412,0.849043150377669,0.780378710830146,0.00495824299321296,0.00113430336879093,0.608990932316921,0.995071377930638,"CALI"
71643,1058.745,384.272102730702,237.909372459639,1.61520371710406,0.785298797545909,72779,302.024337932328,0.725969235757858,0.984391101828824,0.80315780222456,0.785964778046839,0.0053637075880505,0.00126257502077412,0.617740632330217,0.997776965545977,"BARBUNYA"
76385,1057.34,384.838454542896,254.360942701593,1.51296205484807,0.750425441851194,77525,311.859587995295,0.82355795148248,0.985295066107707,0.858595528840816,0.810364931866584,0.00503814171032135,0.00134020951585541,0.656691322799133,0.993549053143076,"BARBUNYA"
107911,1298.822,498.597779402927,279.350337247076,1.78484760146158,0.828308741351971,110337,370.670409544539,0.731897721106891,0.978012815284084,,0.743425712782793,0.00462045370168868,0.00087059205049825,0.552681790426604,0.986452768014417,"CALI"
82961,1110.823,439.324090230012,241.859295449732,1.81644492684516,0.834818076101482,83863,325.006501274627,0.778844890065529,0.989244362829853,0.844878221794836,0.739787570275207,0.00529554959836564,0.000978405585403565,0.547285649133694,0.994114240904062,"CALI"
87979,1148.631,443.738691573358,255.65395283242,1.73570049145387,0.817353658477485,89768,334.691412955658,0.692835317835318,0.980070849300419,0.837968742511846,0.754253391267162,0.00504368873905543,0.00100692500526388,0.568898178238014,0.987436847554935,"CALI"
77003,1080.39,429.379821461366,231.646503347044,1.85359940796553,0.841991434809755,78457,313.118611173532,0.732273954886074,0.981467555476248,0.829003564577552,0.729234573967294,0.0055761440653139,0.000972708592283872,0.531783063869261,0.985712772354161,"CALI"
103602,1260.637,484.998751515297,275.537823122657,1.76018938532224,0.822945251420487,104732,363.194387778297,0.791459129106188,0.989210556467937,0.819215015913729,0.748856335492737,0.00468136475661953,0.000908126350440542,0.560785811207611,0.987089232326955,"CALI"
75795,1060.79,413.520763862569,236.438883673738,1.74895413748098,0.820413764437383,77332,310.652846909861,0.799778410889522,0.980124657321678,0.846431051737526,0.75123881085958,0.00545577892819538,0.00107188598643713,0.564359750941716,0.987039321437251,"CALI"
58877,964.919,376.850338385294,202.268878844579,1.8631157721246,0.843750685568167,60278,273.796502306681,0.713816347809219,0.976757689372574,0.794646218144094,0.726539091034991,0.00640063757299615,0.00110011717332917,0.527859050801951,0.983462523007836,"CALI"
76729,1058.497,397.617178328641,247.164879759344,1.60871228434957,0.783322762087181,77498,312.561029285457,0.8055030654237,0.990077163281633,0.860577801262904,0.786085326090003,0.00518209775089785,0.00122057401800574,0.617930139894026,0.994071806917368,"BARBUNYA"
80946,1093.51,422.837809518165,245.39768518042,1.72307171197352,0.814360822651153,81704,321.035275613339,0.678280542986425,0.990722608440223,0.850667300223769,0.759239756679203,0.00522370233882052,0.00107071515481263,0.576445008122295,0.993256087003871,"CALI"
63464,954.362,359.211456858186,226.245936801142,1.58770346083127,0.77672446739015,64109,284.261982099387,0.738726574321965,0.989939010123384,0.875610635526301,0.791349988070152,0.00566008220184965,0.00136923156326779,0.626234803618629,0.994275164998289,"CALI"
65170,978.084,380.256455513922,220.031684068816,1.72818954289781,0.815582908477156,66112,288.05732264671,0.701386198286625,0.985751452081317,0.856062111303773,0.757534338917128,0.00583483896752988,0.00118527175125128,0.57385827463861,0.991735869335827,"BARBUNYA"
68545,1007.411,387.444769292431,226.716537550075,1.70893916023597,0.810919057989672,69351,295.422078717674,0.783568440064931,0.988377961384839,0.848735304062382,0.762488236083785,0.00565241475370093,0.00117854555594892,0.581388310166161,0.993557250546368,"CALI"
54614,925.529,339.952292893806,205.370603803735,1.6553113571146,0.796896426069306,55585,263.698131385427,0.769753347427766,0.98253125843303,0.801186803870956,0.775691580547161,0.00622463640996458,0.00139011286246352,0.601697428131753,0.995996586333135,"BARBUNYA"
74211,1045.059,414.24547003649,229.722663602757,1.80324162857878,0.832145839668752,74880,307.389622229413,0.773692112012344,0.991065705128205,0.853879384467348,0.742047033615926,0.0055819955267614,0.00104398673391307,0.550633800098196,0.992925790439592,"CALI"
69338,1015.684,406.043125565307,218.588183279468,1.85757125327391,0.842729428367211,69920,297.126039843106,0.737011054421769,0.991676201372998,0.844625039904037,0.731759808590372,0.00585599708046536,0.00103574971905758,0.535472417468217,0.994678169610045,"CALI"
61129,964.969,369.34816881993,210.947344889431,1.75090219321568,0.820856751263829,61796,278.983619824024,0.750113506681556,0.989206421127581,0.824955328271546,0.75534047106658,0.00604211043563497,0.0012132196638342,0.570539227231082,0.998958384274482,"CALI"
75051,1077.341,370.173599501845,258.936253544272,1.4295935560779,0.714633072042666,76431,309.124410346253,0.792153510021849,0.981944498959846,0.812568479250046,0.8350795701321,0.00493229403341521,0.00147958580935539,0.697357888452013,0.996938343611091,"BARBUNYA"
74528,1053.985,418.457662413743,228.965192826376,1.82760382592763,0.837025071421365,75854,308.045445981631,0.785431245257567,0.982519049753474,0.843063855985869,0.736144832919935,0.00561477112513073,0.00101710290059309,0.541909215034719,0.990395354702892,"CALI"
87174,1143.707,461.747866097154,241.760751816167,1.9099372525457,0.851978107530056,88169,333.156695974647,0.742032686414709,0.988714854427293,0.837466184143252,0.721512150755774,0.00529685303068752,0.000885466801322576,0.520579783688223,0.994274721788322,"CALI"
72924,1041.775,389.401217624935,238.910123836066,1.62990672547695,0.789669826324443,73829,304.712521174085,0.725467568643056,0.98774194422246,0.844369395877055,0.782515583881864,0.00533982252241971,0.0012350330135329,0.612330639017974,0.998041826750995,"BARBUNYA"
59619,944.089,335.836774791918,226.706349333076,1.4813734850386,0.737772705376529,60673,275.516366877842,0.737539432176656,0.982628187167274,0.840559916820173,0.820387722721998,0.00563304944383364,0.00157398263151671,0.673036015592986,0.997017707975479,"BARBUNYA"
63653,1016.303,355.137170605332,228.644414654306,1.55322915340956,0.765176974464964,64755,284.68494294751,0.71666779256457,0.982982009111266,0.774430280850812,0.801619674060771,0.00557926838649132,0.00142111913133716,0.642594101841297,0.998095892788935,"BARBUNYA"
92041,1193.866,440.905883418351,266.891299604547,1.65200545717167,0.79597851315624,93687,342.330601812004,0.684065403195838,0.982430860204724,0.81148411766468,0.776425569915078,0.00479032043783044,0.00107385006145571,0.602836665617954,0.995889461384035,"BARBUNYA"
65458,1022.133,387.375302514468,215.989223637657,1.7934936567221,0.830129274322538,66482,288.693114083579,0.684477998996152,0.984597334616889,0.787331769592817,0.745254310767003,0.00591792145367209,0.00112607403999408,0.555403987716801,0.99611352888824,"BARBUNYA"
97054,1265.438,428.82189658756,288.692278165726,1.48539441135101,0.739440543074652,99061,351.529501997665,0.774362902324988,0.979739756311767,0.761625646174228,0.819756418212396,0.00441838457546892,0.00123078609002572,0.672000585200417,0.998185913681307,"BARBUNYA"
66906,1019.347,369.027730369771,231.279693313115,1.59559071133049,0.779238791668222,67928,291.868746151504,0.756410256410256,0.984954657873042,0.80915334164121,0.7909127746553,0.00551561489806252,0.00133133717694959,0.625543017112946,0.998110627643066,"BARBUNYA"
80219,1123.513,394.265735361233,261.41405999975,1.50820401688268,0.74858372885076,81677,319.590367563088,0.795712897018271,0.982149197448486,0.798602938666081,0.810596353929348,0.00491486724293787,0.00130891106173518,0.657066449003552,0.990990257745997,"BARBUNYA"
77685,1089.383,386.362487699966,259.732748860362,1.48753859263116,0.740322879644083,79154,314.502168566055,0.765671200473093,0.981441241124896,0.82259458555427,0.81400803281473,0.00497345031473214,0.00134695258746969,0.662609077486907,0.985656574589504,"BARBUNYA"
77128,1077.519,427.979781601802,232.024331101227,1.84454699026838,0.84028912325263,78614,313.372652933107,0.79232412886259,0.981097514437632,0.834780047371751,0.732213684862041,0.00554895474538173,0.000983880405613289,0.536136880299249,0.988929668927859,"CALI"
57516,957.43,340.922520393853,215.489180255854,1.58208648800404,0.774905833293745,58509,270.613461703197,0.69026102610261,0.983028252063785,0.788468733307267,0.793768218628001,0.00592743793716275,0.0014515152521674,0.63006798490387,0.996822045440344,"BARBUNYA"
81239,1076.372,415.9077566212,250.409948952631,1.66090747736175,0.798435391704891,82256,321.615776004132,0.797704264490726,0.987636160280101,0.881149601802156,0.773286313813697,0.00511955780624084,0.00112920686290275,0.597971723131575,0.993175706200126,"CALI"
74797,1041.356,403.882997219169,238.587070406037,1.69281175434958,0.806867002332145,75662,308.600872046007,0.776579176876116,0.98856757685496,0.866753483954295,0.76408483192112,0.00539972187680213,0.00113531785441723,0.583825630371926,0.988306889584147,"CALI"
88647,1194.981,398.984855850718,283.370490131121,1.40799719711851,0.703971031205695,90537,335.959619481476,0.738669599780016,0.979124556811028,0.780102925399291,0.842036018547973,0.00450082750516902,0.00139570877159355,0.709024656532122,0.998304729085145,"BARBUNYA"
93156,1183.213,482.049643854135,249.138961524459,1.93486253978309,0.856086492935066,94313,344.397884763174,0.800914780934039,0.987732338065802,0.836170479519673,0.714444848479935,0.00517464944667155,0.000831640313027693,0.510431441519518,0.987614675323598,"CALI"
95349,1276.178,483.691255675137,252.017227370452,1.91927853790779,0.853538903776882,96842,348.428066250342,0.692666448730522,0.984583135416452,0.735704647500093,0.720352212619611,0.00507285084977437,0.000842580558658496,0.518907310225969,0.995927663680162,"BARBUNYA"
64181,1001.764,357.113080374874,229.206370524539,1.55804168774899,0.766845824136685,65138,285.863231669705,0.784858267909115,0.985308115078756,0.803684333251151,0.800483788971337,0.00556415575286883,0.00140925377200185,0.640774296405908,0.998353066238435,"BARBUNYA"
72561,1056.868,427.220651415927,217.619608371718,1.96315329584725,0.860538993028327,73203,303.953178311279,0.801646135999558,0.991229867628376,0.816341032533514,0.711466492324035,0.00588774481354897,0.000930564639290707,0.506184569699867,0.993717906313316,"CALI"
75065,1060.516,412.116474964796,234.391429687322,1.75824037386759,0.822510138607767,75760,309.153241007668,0.774400874831069,0.990826293558606,0.838712088756331,0.750159869328389,0.00549012822173844,0.00107245124970443,0.562739829550786,0.989431888299557,"CALI"
70477,1024.772,355.12048993234,253.352096026683,1.40168759407042,0.700730848982981,71580,299.556511186621,0.793177572197087,0.984590667784297,0.84334014051605,0.843534855574496,0.00503881393833932,0.00157369373408377,0.711551052569086,0.997372282933841,"BARBUNYA"
66371,992.178,373.005938712251,228.915253133315,1.62944991042175,0.78953615877769,67609,290.699469940379,0.750361778139556,0.981688828410419,0.847245048003309,0.779342739002969,0.00562001384207336,0.00127888390592096,0.60737510483665,0.989687310168477,"CALI"
71682,1058.192,388.216735505239,236.420938032683,1.6420573352584,0.793176261168955,72768,302.106532610114,0.765391761163431,0.985075857519789,0.804435133927004,0.778190389491948,0.00541581897136295,0.00122514461126277,0.605580282297629,0.994397544634672,"BARBUNYA"
68087,1029.885,372.473519942361,233.89522251827,1.59248023936558,0.778252654117307,69320,294.433457477888,0.700029816065719,0.982212925562608,0.806671284549868,0.790481582485247,0.00547055267440717,0.00131758302099508,0.624861132248381,0.99507900545315,"BARBUNYA"
90264,1178.124,408.928528301638,281.85884097332,1.45082739604519,0.724512303834683,91447,339.009873404853,0.789020979020979,0.98706354500421,0.81722648438318,0.829019865189716,0.00453036125478196,0.00131999518355363,0.687273936879176,0.997115856212144,"BARBUNYA"
69339,1031.231,374.91212537299,236.398999001824,1.58592941152893,0.776152621770228,70486,297.128182427032,0.711453812294148,0.983727264988792,0.819361433232739,0.792527534636088,0.00540694450991491,0.00131579767398655,0.628099893156356,0.996122093934841,"BARBUNYA"
70743,1034.348,357.522173435798,253.086640673589,1.41264735461443,0.70632193891853,71718,300.121284005649,0.752041076667942,0.986405086589141,0.830921466537534,0.839448029534715,0.00505381696331507,0.00154801272937078,0.704672994289717,0.995454441251598,"BARBUNYA"
74919,1054.072,399.5951864431,240.235669018356,1.66334661324821,0.799100394108853,75690,308.852446083909,0.736304668304668,0.989813713832739,0.847346971985738,0.772913329695194,0.00533369621114938,0.00117417066995573,0.597395015220512,0.993674975338401,"CALI"
84005,1170.688,412.473326688599,260.473146275103,1.58355413057805,0.775383299829688,85663,327.045085508829,0.798526615969582,0.980645085976443,0.770251702275326,0.792887841098475,0.00491010447816915,0.00119706443497183,0.6286711285618,0.9955347624092,"BARBUNYA"
71197,1042.332,408.852087181237,223.395850757001,1.83016867052722,0.837525835354467,72056,301.082772450549,0.718160543888317,0.988078716553792,0.823492060509631,0.736410016948463,0.00574254655647341,0.00104174886714246,0.542299713062036,0.992499944882037,"CALI"
78838,1101.545,439.598770588847,230.80689699102,1.90461713371568,0.851077609608717,79863,316.827491275348,0.754921863030489,0.987165520954635,0.816471397748976,0.720719693667375,0.0055759756790995,0.000928038921775339,0.519436876839994,0.989328375513217,"CALI"
66516,974.201,372.356776768467,228.926711468491,1.62653267668032,0.788679358935453,67382,291.016840676969,0.779578777117542,0.987147903000801,0.880722003364365,0.781553764651702,0.00559800313862028,0.00128839294442433,0.610826287041248,0.9935289156479,"CALI"
68749,1024.216,391.352455428379,226.671009856233,1.72652186830859,0.815186079178884,70178,295.861361892691,0.768385640200286,0.979637493231497,0.823556003685486,0.755997203515275,0.00569248215142589,0.0011469967739007,0.571531771722916,0.986762102312771,"CALI"
82419,1136.792,388.496758142368,272.132499887009,1.4276014746628,0.713676350553115,83738,323.943096912911,0.709011140264097,0.984248489335785,0.801447701284732,0.83383732328134,0.00471367959017179,0.00140561098798946,0.69528468169699,0.992589436901079,"BARBUNYA"
75124,1084.945,391.440006096264,245.826288016218,1.59234396473675,0.778209289043456,76179,309.27471212287,0.751991991991992,0.986151039000249,0.80199769970272,0.790094796919691,0.00521058524700847,0.00125251540326663,0.624249788119568,0.994020382600391,"BARBUNYA"
72707,1017.465,385.565985447231,241.544944381609,1.59624945342713,0.779446739083842,73595,304.258816764707,0.721070691843859,0.987933962905089,0.882565876455995,0.789122558131747,0.00530301051408022,0.00126846966218805,0.622714411752393,0.994007539400955,"CALI"
75279,1124.613,383.138814230481,251.694013993006,1.52224047029234,0.753954682740313,76654,309.593604081412,0.789253512266723,0.982062253763665,0.747958507715903,0.808045524448414,0.0050895842695902,0.00133845997564139,0.652937569581113,0.993927992990691,"BARBUNYA"
67412,1052.897,377.422007197297,228.38955814557,1.65253617661775,0.796126314935739,68526,292.970346946046,0.792150411280846,0.983743396666959,0.764144162224293,0.776240763281449,0.00559873623683168,0.00125387877878145,0.602549722579766,0.995735214774054,"BARBUNYA"
88095,1154.539,457.495432272751,247.15107571663,1.8510760309103,0.841519767229209,88910,334.911984995228,0.812849471294912,0.990833427061073,0.830508168306483,0.732055363550732,0.00519320542905672,0.000920006663453988,0.535905055303395,0.992001002715773,"CALI"
67976,995.582,382.464411244042,229.656314014939,1.66537729600225,0.799651389565885,69399,294.193356982984,0.725123741252773,0.979495381777835,0.861809738302901,0.76920452814436,0.00562646244621693,0.00121501745184722,0.591675606117787,0.98536312102693,"CALI"
59468,945.536,370.07894208672,205.529169273309,1.80061517980738,0.831606207047873,60107,275.167238686423,0.746710195881467,0.989368958690336,0.835866768659567,0.743536600961053,0.00622316106286945,0.00117327606451562,0.552846676968717,0.99546411865594,"CALI"
66040,1020.017,369.252114638155,229.048329116706,1.61211442171234,0.78436199282945,67289,289.97368765857,0.722617354196302,0.981438273714872,0.797631154645637,0.785300005506339,0.00559134031856685,0.00131171079068118,0.616696098648256,0.994184674444587,"BARBUNYA"
76784,1040.031,390.509341132565,251.901401729969,1.55024679676527,0.764133120719476,77508,312.673032420362,0.781134916275001,0.99065902874542,0.892047597232459,0.80068003370557,0.00508581659112009,0.00128936670727423,0.641088516374752,0.993845418952956,"CALI"
68272,1007.016,398.619854221491,219.954811240743,1.81228067698504,0.8339824902442,68885,294.833190462266,0.656663588796553,0.991101110546563,0.846018281437926,0.739634986416014,0.00583870187223886,0.00107786866733039,0.547059913130618,0.991426109719733,"CALI"
71197,1032.165,376.29822791624,241.22198597668,1.55996654447832,0.7675079818402,72221,301.082772450549,0.775566448801743,0.985821298514283,0.839795032948262,0.800117433764709,0.00528531016638678,0.00133618064004932,0.640187907814224,0.998671718369763,"BARBUNYA"
75622,1056.956,418.386050623219,230.779396284197,1.81292635893713,0.834112483086947,76182,310.298116094769,0.710405922084754,0.992649182221522,0.850636876642498,0.741655023231665,0.00553259700382454,0.00103256302686046,0.550052173484762,0.997204084101187,"CALI"
67796,1020.867,404.659343010204,215.612728327082,1.87678782300987,,69042,293.803587750158,0.777156219909212,0.981953014107355,0.81747711673943,0.726051660057062,0.00596877902841176,0.00102314068524821,0.527151013071616,0.989350602220126,"CALI"
82058,1124.551,446.230572101547,235.792287988215,1.89247314197083,0.848989893718094,82908,323.232873578598,0.721642775481488,0.989747672118493,0.815403327762039,0.724362905159804,0.00543798986206765,0.000923512894824483,0.524701618371551,0.992983720316786,"CALI"
69544,1022.185,392.1333697429,227.179888704019,1.72609191764237,0.815083552902968,70244,297.567086383999,0.735705142446074,0.990034736062867,0.836393257946388,0.758841530316833,0.00563863697433136,0.00115334241097251,0.575840468133593,0.993953577896794,"CALI"
68852,981.885,354.744204404898,248.506993754065,1.42750189459847,0.713628387130172,69563,296.082909223254,0.774000629524709,0.989779049207194,0.89743948439857,0.834637763060705,0.00515227160292944,0.00154230630228417,0.696620195526978,0.994426648930317,"BARBUNYA"
76553,1071.474,423.696892775,231.994804494154,1.82632060963106,0.836773629292771,77861,312.202349235413,0.803587924084649,0.983200832252347,0.837932054964865,0.736853053584239,0.00553468698516061,0.00100645967146652,0.542952422576418,0.991605199400422,"CALI"
70348,1004.593,390.988828311583,230.366737385271,1.6972451524444,0.80799446445666,70890,299.282233841284,0.823660269994965,0.992354351812668,0.87595404728149,0.765449578530626,0.00555792386864705,0.0011769518865277,0.585913057272714,0.99443809620999,"CALI"
70943,1038.435,399.683658596593,228.316841919569,1.75056581562824,0.820780381862402,72323,300.545226250803,0.776113688079818,0.980918933119478,0.826724444408046,0.751957754055059,0.00563387027045083,0.00111111848656529,0.565440463883529,0.98984074684748,"CALI"
62114,961.586,360.362447300609,220.206886876071,1.63647219400279,0.791576121276557,62796,281.222333895585,0.76835724888669,0.989139435632843,0.844156751675485,0.780387457134215,0.00580163002383696,0.00132730556352357,0.609004583252406,0.996619066512821,"CALI"
55722,897.584,318.932335932002,225.008638924029,1.41742262633607,0.708704064206396,56736,266.359632661807,0.779274176631005,0.982127749576988,0.86913323060151,0.83516032290497,0.00572363403919461,0.00171763560749529,0.697492764954733,0.988642026752546,"CALI"
102300,1232.892,491.108182815821,267.181011665846,1.83811034981046,0.839061241229711,102966,360.904981160426,0.793263079535674,0.993531845463551,0.845737190414923,0.734878777810499,0.00480066649868838,0.000863662618353872,0.540046818076252,0.992665645688168,"CALI"
67822,1034.662,353.38192078673,245.860498124612,1.43732695362726,0.718297654423263,68887,293.85991969479,0.775285779606767,0.984539898674641,0.796129026571294,0.831564668165741,0.00521043202481098,0.00153687169284919,0.691499797341599,0.99391129714687,"BARBUNYA"
61731,969.593,363.226551774329,218.008043170194,1.66611537121484,0.799851062477248,63023,280.353973283858,0.773755656108597,0.979499547784142,0.825152525922769,0.771843280493549,0.00588402183302278,0.00128816219343727,0.595742049643044,0.99257498618931,"BARBUNYA"
71200,1034.189,353.435735239145,258.452821738865,1.36750580961445,0.68210063071677,72192,301.08911568694,0.788465371752564,0.986258865248227,0.836546389891202,0.851892114087485,0.00496398504549361,0.0016126815570851,0.725720174044444,0.992426554160185,"BARBUNYA"
63888,1027.994,370.11411185354,221.098789213074,1.67397620389888,0.801958270467549,65071,285.209971834857,0.808831721274118,0.981819858308617,0.759710269618688,0.77060010061902,0.00579317104704389,0.0012601213209187,0.593824515074044,0.994048107525741,"BARBUNYA"
60918,939.729,347.632703404196,223.84231414216,1.55302497088829,0.76510574561601,61747,278.501717384609,0.821661721068249,0.986574246522098,0.866862551556186,0.801137852271604,0.00570656790118185,0.00145005260964853,0.641821858342359,0.996765372867611,"BARBUNYA"
72716,1030.705,408.906845685754,229.879529765612,1.77878755060392,0.827014437438333,74014,304.27764744549,0.814061013154212,0.9824627773124,0.860143831835027,0.744124610912795,0.00562334074599475,0.00106354736757585,0.553721436566119,0.984952797866331,"CALI"
80590,1134.764,400.653333796839,257.541435460954,1.55568494475361,0.766030962233613,82249,320.328542141044,0.795911313021579,0.979829542000511,0.786465943094749,0.79951547914356,0.0049715018463437,0.00125306867493616,0.639225001390157,0.99443271097277,"BARBUNYA"
88543,1130.637,436.770079172852,260.766968594853,1.67494403730041,0.80221528335213,89480,335.762488985124,0.828015411375241,0.98952838623156,0.870397649199686,0.768739675622895,0.00493285837584961,0.00106266308480403,0.590960688876793,0.989826082113126,"CALI"
55596,947.733,314.76144940341,225.636431996672,1.39499391396179,0.697228444064788,56806,266.058312647991,0.770262406827565,0.978699433158469,0.777824116376127,0.845269689640425,0.00566158445577758,0.00178278485831736,0.714480848224821,0.996696434915883,"BARBUNYA"
72912,1090.181,371.04646559562,251.007129326324,1.47823078408756,0.7364570021941,74942,304.687449176579,0.71440329218107,0.97291238557818,0.770924162715079,0.82115712566479,0.00508896293608212,0.00142729621474543,0.67429902503006,0.996769576479665,"BARBUNYA"
61843,954.292,347.1065222338,227.566930695734,1.52529421200436,0.755098621052079,62526,280.608184422794,0.775908360935461,0.98907654415763,0.853370934554497,0.808420949905934,0.00561270511187685,0.00147877543032607,0.653544432246812,0.996847539793736,"BARBUNYA"
79147,1072.47,408.181227389342,250.230388668966,1.63122164961879,0.790053830560543,80996,317.447775621682,0.742996883331456,0.977171712183318,0.864717039162282,0.777712825384021,0.00515725456921098,0.001163792023264,0.604837238766796,0.986623598372049,"CALI"
62613,947.788,363.846621435182,220.715098562449,1.64848994837676,0.79499516169911,63392,282.349690303536,0.802278202039875,0.987711383139828,0.875894834774609,0.776012950703834,0.00581103958339613,0.00129989859136945,0.602196099660071,0.992714217241315,"CALI"
69509,1061.856,374.344594852504,237.983850196502,1.57298318580614,0.771907627990939,71008,297.492197401875,0.708986128110975,0.978889702568725,0.774675201560034,0.794701463551493,0.00538555575324784,0.00132503191918383,0.631550416170885,0.993418185625671,"BARBUNYA"
70448,1027.708,396.92215071163,227.406928385499,1.74542681495953,0.819607261646123,71325,299.494873825084,0.764741641337386,0.98770417104802,0.838183404230762,0.754543109494212,0.00563425719270427,0.00112655567693601,0.569335304085194,0.993733106453434,"CALI"
68938,1004.618,384.34982842534,229.345333206403,1.67585633006728,0.80245706439511,69770,296.26776357706,0.769955883174178,0.988075103912857,0.858354391056387,0.770828400758893,0.00557529705569265,0.00121416750359248,0.594176423416514,0.995754320359301,"CALI"
90508,1206.111,414.411453867914,278.942451047102,1.48565215625045,0.739546863625034,92011,339.467766827559,0.710423861852433,0.983664996576496,0.78184790271183,0.819156332816415,0.00457872733756037,0.00127172063208946,0.671017097593238,0.996897997920315,"BARBUNYA"
64060,988.523,389.121574152331,210.519418557887,1.84838803383515,0.841014909778538,64799,285.59363654629,0.796122537749332,0.988595503017022,0.823802757492521,0.733944493230509,0.00607432991183782,0.00108725397435455,0.538674519143388,0.995679535316541,"CALI"
76559,1125.301,399.442758358379,245.488030620112,1.62713741011882,0.788857426146815,78821,312.214583748708,0.6971570627231,0.971302064170716,0.759746497355534,0.781625344847509,0.00521745004974437,0.00120124777393393,0.610938179707987,0.994080367472762,"BARBUNYA"
75923,1064.916,409.419777380852,239.250120066056,1.71126257854254,0.811491764058853,77438,310.915046202219,0.756732781819994,0.980435961672564,0.841303159583918,0.759404072248806,0.00539256585462708,0.00110628470207537,0.57669454494807,0.986875794019254,"CALI"
78015,1061.146,411.398514830286,243.217338566107,1.69148514351689,0.806527597759735,79258,315.169451378959,0.772425742574257,0.984317040551112,0.870638151703355,0.766092827313621,0.00527332583259996,0.00112044348124979,0.586898220061378,,"CALI"
76077,1133.565,403.580106658095,241.342843949583,1.67222735944225,0.801492514210375,77477,311.230211973094,0.800700956711187,0.981930121197259,0.743995632554454,0.771173323061638,0.00530488987023799,0.00115734842802628,0.59470829420193,0.9944874804517,"BARBUNYA"
84459,1114.52,437.47122771764,249.118579864324,1.75607627482421,0.822025038235695,85700,327.9276424896,0.785774759268735,0.985519253208868,0.854437039363593,0.749598194606885,0.00517968751367693,0.0010087822922376,0.561897453357902,0.986734786725956,"CALI"
85998,1174.8,441.301530057366,251.922822603169,1.75173303274911,0.821045161824807,88241,330.901880272891,0.745423340961098,0.974580977096814,0.78301546476522,0.749831708559624,0.00513153247816653,0.00100064965878418,0.562247591161445,0.984907678021119,"CALI"
77350,1056.679,416.553645217595,238.052762727254,1.74983747487466,0.820614847860631,78059,313.823324157502,0.817670563859701,0.990917126788711,0.870530574782528,0.753380333506794,0.0053853089233044,0.00107015700881363,0.567581926914808,0.993176125777102,"CALI"
80451,1122.763,414.439097753337,248.194622158637,1.6698149788614,0.800847193175163,81753,320.052174830118,0.814809188138065,0.984073978936553,0.801982933045276,0.772253816218383,0.00515144743699068,0.00113018434698206,0.596375956663856,0.995837505470103,"BARBUNYA"
67236,1008.387,344.035065604663,249.566195033015,1.37853231908733,0.688317892199548,68429,292.587651875149,0.755036496350365,0.982565871194961,0.830916257209203,0.85045880820581,0.00511682827063868,0.00165117740976258,0.723280184454847,0.997065110026451,"BARBUNYA"
82174,1110.342,433.798463660421,243.796027587981,1.77935000808769,0.827135209562638,83674,323.461259425402,0.811354660347551,0.982073284413318,0.837588596810645,0.745648697544971,0.0052790233365836,0.00100663122775777,0.555991980150512,0.989304334377504,"CALI"
61152,982.982,334.024639248146,233.813719170534,1.42859298604511,0.714153196514732,62351,279.036099169345,0.743941605839416,0.980770156052028,,0.835375796819737,0.00546220302276534,0.00164087370124988,0.697852721912211,0.996947503816272,"BARBUNYA"
59162,930.748,355.312432151804,212.571334357389,1.67149739745449,0.801297596162609,59888,274.458371972184,,0.987877371092706,0.858199955701285,0.772442355337919,0.00600575423670268,0.00131889929707672,0.596667192319992,0.997327659109345,"BARBUNYA"
69495,1013.931,396.31146006645,226.131355956234,1.75257189959606,0.821235077200222,70728,297.4622365299,0.737472674406265,0.982567017305735,0.849467211938656,0.750576923715564,0.00570273343501619,0.00111646128146156,0.56336571841432,0.987338927288686,"CALI"
77868,1085.675,432.677568774084,233.029434614605,1.85675071258559,0.842577407738609,79631,314.872381877861,0.759347024749868,0.977860381007397,0.830174156304337,0.72772984920387,0.00555655171282278,0.000961315352123901,0.529590733422287,0.983317971660556,"CALI"
76814,1136.843,413.813788504285,236.665278864628,1.74851921874432,0.820314629171451,78152,312.734108132271,0.670384528110873,0.98287951683898,0.74687730182434,0.755736316236916,0.00538721832614218,0.00108399058105127,0.571137379679343,0.998644684912604,"BARBUNYA"
76989,1070.532,410.738102945173,239.403784000021,1.71567088908309,0.812570894145458,77720,313.090145660344,0.71016511391938,0.990594441585178,0.844188118625302,0.76226223818864,0.00533502322338481,0.00111105024609953,0.581043719768356,0.996879795291123,"CALI"
85613,1142.861,446.168619935431,246.793659065835,1.80786095406288,0.833088391325126,86801,330.160350653151,0.795992747896425,0.986313521733621,0.823688028892508,0.739990075279009,0.00521145877303015,0.000963923679856148,0.547585311511433,0.98995810369988,"CALI"
79038,1121.923,414.329335197782,244.239652626713,1.69640486604781,0.807781569658614,80260,317.229108274726,0.704890839041096,0.984774482930476,0.789077579090699,0.765644817602149,0.0052421535868542,0.00111121704069659,0.586211986721029,0.994452866809105,"BARBUNYA"
83074,1109.599,433.989124376103,246.839338786159,1.75818460100509,0.822497662736404,84328,325.227769323791,0.802988710176307,0.985129494355374,0.847896559166919,0.749391519410386,0.00522412697566149,0.00101631557940862,0.561587649364207,0.987374757226794,"CALI"
70236,1079.405,362.856582496285,248.416544892731,1.46067800215549,0.72890619601923,71461,299.043897553551,0.721553318265872,0.982857782566715,0.757531651202944,0.824137998258893,0.0051662478286959,0.00147012665669773,0.679203440174176,0.992097524050753,"BARBUNYA"
52184,888.581,332.988203530549,200.193401229402,1.66333256483803,0.799096573926452,53114,257.764878139866,0.678154645873944,0.982490492148963,0.830525906793385,0.774096125348829,0.00638104023322377,0.00141335357004133,0.59922481128007,0.996710142261062,"BARBUNYA"
103899,1240.06,488.420973297608,273.382225602227,1.78658642573297,0.828677319115973,105229,363.714607155719,0.825414101290963,0.987360898611599,0.849055019522503,0.74467442440089,0.00470092082982134,0.000891719889298182,0.554539998356797,0.990733633590238,"CALI"
88339,1150.877,448.654631523757,252.640836524055,1.77585950749905,0.826383580088281,89449,335.375473376273,0.749143487109905,0.987590694138559,0.838116751442451,0.747513677140129,0.00507878322738267,0.000978173769173783,0.558776697511557,0.992308910844821,"CALI"
68460,1022.328,373.070383270305,236.510377660036,1.57739540632996,0.773368743296333,69842,295.238851157108,0.703669441874807,0.980212479596804,0.823125862900093,0.791375741405867,0.0054494651368727,0.00131845276352911,0.626275564085685,0.987884197885466,"BARBUNYA"
65881,1027.604,409.531317471846,207.223982485842,1.97627375248338,0.862531850534024,67226,289.624402367441,0.631988411803077,0.979992859905394,0.784004353802604,0.707209412348182,0.0062162280091657,0.000959177156354318,0.500145152913861,0.98842373813545,"CALI"
62835,997.065,347.042906994407,231.054048716878,1.50199881335841,0.746148560399871,63990,282.849795462952,0.783947998802276,0.981950304735115,0.794263381640007,0.815028314258303,0.00552308278816594,0.00150332230707736,0.664271153042732,0.997734483618406,"BARBUNYA"
51932,897.618,313.761196050181,211.334636959283,1.48466527098742,0.739139387546824,52906,257.141743085767,0.726402954176691,0.981589989793218,0.809956708016528,0.81954603157696,0.00604176993087463,0.001681269571209,0.671655697873544,0.99718388869367,"BARBUNYA"
65987,1008.537,362.371709099553,232.400459299372,1.55925556340126,0.767263753883374,67136,289.857305994586,0.779988179669031,0.982885486177312,0.815238304057813,0.799889446984821,0.00549156211222746,0.00138674155994694,0.639823127397684,0.99764777098763,"BARBUNYA"
63512,1022.604,358.44126864367,226.364130337435,1.58347202849387,0.775356632456224,64721,284.369460324451,0.696747298557402,0.981319818915035,0.763221645231357,0.793350222758937,0.00564367786628778,0.0013791190948992,0.629404575951655,0.996644540625494,"BARBUNYA"
81997,1141.172,407.554570107341,258.72212655093,1.57525981847986,0.772663417346561,83673,323.112709359519,0.822874747859946,0.979969643732148,0.791235224162026,0.792808455747211,0.00497035952665757,0.00121126916297868,0.628545247504277,0.990122072489964,"BARBUNYA"
68062,1016.666,375.280672576029,232.548335620233,1.61377492371688,0.784866334763173,69176,294.379397875878,0.737383805334662,0.983896148953394,0.827480886434199,0.784424617061085,0.00551380612641458,0.00128776350126448,0.61532197985143,0.992991181096063,"BARBUNYA"
90795,1174.332,456.317344156073,255.713980159801,1.78448336641943,0.828231377283721,92018,340.005565343024,0.728031560462823,0.986709122128279,0.827351400253369,0.745107696863551,0.00502579816241062,0.000955566694675379,0.555185479925305,0.990719254204295,"CALI"
91657,1162.789,460.836593205726,255.831973294238,1.8013252498182,0.831752366103565,93537,341.615744590016,0.710772833723653,0.979901001742626,0.851870684364259,0.74129474444212,0.00502783849794043,0.000936536625594217,0.549517898137508,0.989860465142118,"CALI"
73257,1055.446,415.297881299862,227.107264642375,1.82864199414242,0.837228054811432,74835,305.407448056959,0.775830297382021,0.978913609941872,0.826393622542859,0.73539370608164,0.00566905389655408,0.001022751165504,0.540803902944489,0.988936727520414,"CALI"
69890,1019.567,397.652402868701,225.353982833103,1.76456789389519,0.823916661696432,70522,298.306405867424,0.681421537561546,0.991038257565015,0.84487675929593,0.750168749680411,0.00568968955313637,0.00111148653854849,0.562753152997071,0.993016145966919,"CALI"
58962,931.901,335.844086978111,224.666620649266,1.49485529273353,0.743297439356373,59755,273.994069345807,0.700128241664292,0.986729144004686,0.853183631693864,0.81583711004465,0.00569594123296549,0.00155653570561269,0.665590190126007,0.994961018501377,"BARBUNYA"
73235,1091.178,401.969938260597,232.669508595419,1.7276433886297,0.815453096856619,74256,305.361585761339,0.805550361334463,0.986250269338505,0.772924987024055,0.759662742648613,0.00548876818816956,0.00112755558510211,0.577087482568413,0.997001373920277,"BARBUNYA"
91751,1146.703,445.176120320705,264.370533820897,1.6839097530525,0.80457130697165,92725,341.790873881963,0.670870989441666,0.989495820976004,0.876836809108389,0.767765516343817,0.00485200292444447,0.0010399566238164,0.589463888086687,0.992603990221421,"CALI"
80972,1107.587,422.989505706488,245.714371828379,1.72146831525967,0.813975323532933,82215,321.086830026234,0.744378458879553,0.984881104421334,0.829447745572199,0.759089352559579,0.00522389845510161,0.00106990714599207,0.57621664516932,0.991938697384208,"CALI"
81409,1095.466,419.196883275631,250.751708825877,1.67176082363899,0.801367972434891,83280,321.952105284846,0.794505440882253,0.977533621517771,0.852480548549099,0.768021228519382,0.00514926953132493,0.00110514251094637,0.589856607456421,,"CALI"
80305,1140.603,378.824555935375,270.57110798733,1.40009241471974,0.69990232844727,81847,319.761632532668,0.751391812865497,0.981159969210845,0.775681495993681,0.844088978717677,0.00471732215846305,0.00147716230981951,0.712486203992652,0.997546529802571,"BARBUNYA"
66441,1008.386,355.990226986924,238.062880153144,1.49536217808471,0.743501457689056,67698,290.852726636263,0.747603294625979,0.981432243197731,0.821093112928715,0.817024470300829,0.0053579902016364,0.0014727259321871,0.66752898507035,0.998197597049471,"BARBUNYA"
87083,1132.608,441.042833625832,252.777861802263,1.74478425634774,0.819459731429374,87801,332.982761226722,0.729417775804736,0.991822416601178,0.853068677962502,0.754989619691258,0.005064626088052,0.00101505850113228,0.570009325841551,0.994543297699727,"CALI"
64934,1005.197,393.143587500114,211.684150118197,1.85721787521926,0.842663986485921,66119,287.53527887519,0.749598845598846,0.982077768871278,0.807569025543732,0.731374714016176,0.00605451054147464,0.00106860836037642,0.534908972302244,0.993442504974893,"CALI"
69398,1009.124,392.779336810725,225.944082888643,1.73839178167063,0.817981644787705,70022,297.254567543597,0.813518392610133,0.991088515038131,0.856382429727503,0.756797875257985,0.00565980772948392,0.00114525199517087,0.572743023995,0.995651765922092,"CALI"
58469,951.946,358.076338254563,209.119828240556,1.71230218228115,0.811747134020749,59369,272.846189163639,0.705840455840456,0.984840573363203,0.810794704376252,0.761977712611849,0.0061242083540776,0.00127349954756223,0.580610034517186,0.994179829158109,"BARBUNYA"
67569,1000.412,393.070378648461,220.75693278398,1.78055734735677,0.82739400635013,68609,293.311306973001,0.711252631578947,0.984841638852046,0.848397872184506,0.746205572603887,0.00581731827684975,0.00111259355605363,0.556822756585094,0.99145485041304,"CALI"
65348,973.672,365.785728832806,230.118170681687,1.58955604309398,,66339,288.450442484239,0.77145015819049,0.98506157765417,0.86619725307254,0.788577628232414,0.00559750457294494,0.00133521753785084,0.62185467574866,0.988472857762527,"CALI"
101815,1222.712,481.060267282559,273.895057665374,1.75636709688382,0.822090349342978,104098,360.048447083459,0.793990579574521,0.97806874291533,0.855801967536745,0.748447692671277,0.00472484670512753,0.00091456231243088,0.560173948664958,0.98387109196662,"CALI"
47003,821.301,300.190765139881,200.111284395284,1.5001191264502,0.745403340882553,47681,244.634581204675,0.775780682643428,0.985780499570059,0.875650376547597,0.814930402974527,0.0063866298989401,0.0017375351323717,0.664111561692226,0.996246455791222,"BARBUNYA"
83064,1105.94,422.440842327903,252.0911090807,1.67574669280649,0.802428032425836,84057,325.208194152425,0.688465076957506,0.988186587672651,0.85341362639371,0.76983132682042,0.0050857271781747,0.00110183139117437,0.592640271754088,0.993114975415852,"CALI"
58859,934.994,327.000250291868,230.347239692087,1.41959699942131,0.709778161538473,59798,273.75464628672,0.740346154813715,0.984297133683401,0.846067660887373,0.837169531345548,0.00555565419548187,0.00168332752179165,0.700852824213324,0.994928566289183,"BARBUNYA"
55938,909.933,347.276479376113,205.530384193876,1.68966005069366,0.806059118193578,56664,266.875389748466,0.731559949780289,0.98718763235917,0.84898099306514,0.76848103916485,0.00620823911073175,0.00133561357474585,0.590563107555888,0.997850890250689,"CALI"
84516,1094.382,421.121286402296,256.271092036524,1.6432648842901,0.793519658769454,85186,328.038280331484,0.827160977137488,0.99213485784049,0.886769844003891,0.778963901668246,0.00498274038527967,0.00113166361224158,0.606784760102217,0.997108088598367,"CALI"
90260,1196.254,420.478091596572,274.068900869205,1.53420577914179,0.758388283964896,91653,339.002361802681,0.745605339677505,0.98480137038613,0.792607882832695,0.806230737291152,0.00465852084640563,0.00121413006045578,0.650008001753034,0.997246032777912,"BARBUNYA"
80165,1109.103,438.723467242888,233.952839699872,1.87526455248719,0.845952602546446,80993,319.482782170956,0.766439757538673,0.989776894299507,0.818937768778414,0.728209922707605,0.00547275578173627,0.00094931906062262,0.530289691529816,0.99443346107523,"CALI"
76799,1044.424,400.507445395911,244.985227057313,1.63482284302071,0.791099819565027,77520,312.703571767442,0.737430864956214,0.990699174406605,0.884732015355589,0.780768436048241,0.00521500859901706,0.0011954289888362,0.609599350729217,0.996586943662717,"CALI"
79351,1093.333,431.313919750929,236.302708871839,1.82526015808332,0.836565379672785,80084,317.856620371953,0.824717302735512,0.990847110533939,0.834175355421776,0.736949599390407,0.00543551965004762,0.000988944640680089,0.543094712041682,0.991289139955413,"CALI"
70286,1025.449,388.376055132216,232.416601251781,1.67103405281915,0.801173714402095,71633,299.150321145165,0.775578213276836,0.981195817570114,0.839944441457295,0.770259435905041,0.00552565311914486,0.00119980727165798,0.593299598600751,0.991423832785788,"CALI"
79701,1082.378,384.951729430246,264.539064110322,1.45517914613059,0.726467699673587,80706,318.556847289361,0.819412744432793,0.987547394245781,,0.827524135976338,0.00482994855058588,0.00139715614510994,0.684796195623384,0.996501143220716,"BARBUNYA"
70754,1027.569,409.372522867505,221.467948093293,1.848450425409,0.841026656529978,71552,300.144616390486,0.800022614201719,0.988847271914132,0.842051925988138,0.733182125385656,0.0057858569532112,0.00103132353615416,0.537556028985028,0.993645670458547,"CALI"
63766,1027.779,339.788782640113,240.038577495826,1.41555905798526,0.707778251306814,65051,284.93752439716,0.764470339999041,0.980246268312555,0.758576805326419,0.83857248665843,0.00532868272496492,0.0016254067624089,0.703203815380504,0.995426530471666,"BARBUNYA"
84766,1131.169,452.902255318905,239.685529844267,1.88956861773497,0.848483820351223,85821,328.523093935603,0.740036492845482,0.987706971487165,0.832485282862122,0.725373058043788,0.0053429707113572,0.000912448244155901,0.526166073335797,0.994226899892159,"CALI"
71000,1034.76,396.301642345107,230.739239030326,1.71753033428797,0.813023159941737,72736,300.665940332783,0.746111811685582,0.976132864056313,0.83327614386433,0.758679521370636,0.00558171327246629,0.00114072440302879,0.575594616147178,0.988601213485619,"CALI"
69806,1052.445,361.051446768439,247.359231971392,1.45962389958502,0.728441513289704,71110,298.127086424201,0.719093484419263,0.981662213472085,0.791961005858218,0.825719129759934,0.00517221222772311,0.00148315139349258,0.681812081251502,0.995189208820499,"BARBUNYA"
73364,1041.373,401.589301313321,235.538192967119,1.7049859144049,0.809938285626137,74655,305.630407453104,0.700539508235856,0.98270711941598,0.850120011494391,0.761052165616959,0.00547392864774713,0.00113275659476303,0.579200398790263,0.987528521555097,"CALI"
76130,1056.074,414.720541027451,235.017239404526,1.76463880725621,0.823932325576808,76669,311.338604321224,0.814817193252847,0.992969779180634,0.857782126234831,0.750719034919026,0.00544753107877907,0.00106730658898966,0.563579069389755,0.994513496802503,"CALI"
67538,1010.848,371.632253509503,231.748690582846,1.60360022995104,0.781746128328757,68500,293.244015066503,0.698392016958792,0.985956204379562,0.830589329452702,0.78907041113159,0.00550256527450477,0.00131585489142187,0.622632113723377,0.998453000741708,"BARBUNYA"
78865,1075.999,414.047043254309,244.983272368124,1.6901033252268,0.806173066088291,79578,316.881739290131,0.741937608188455,0.991040237251502,0.855993439662303,0.765327864195135,0.00525007345786229,0.00111105419811245,0.585726739713487,0.989938710464016,"CALI"
72779,1065.022,361.290774120579,258.664935981515,1.3967520288347,0.698154946030321,74246,304.40942959488,0.729153517076934,0.980241359803895,0.806303954813968,0.842560761026478,0.00496421734457164,0.00154324709859656,0.709908636021517,0.991566327650329,"BARBUNYA"
72993,1029.35,402.336102988043,233.390189942938,1.72387752495686,0.814554086769277,74168,304.856645144654,0.726515377724694,0.98415758817819,0.865695060971247,0.757716354263426,0.00551198201180994,0.00112076406650123,0.574134073518258,0.989736825650054,"CALI"
71858,1035.64,407.276105201953,227.600693185066,1.78943262211768,0.829277957543568,73133,302.477184603367,0.766362715298886,0.982566009872424,0.84191327503762,0.742683355934617,0.00566779071504848,0.00106367348366673,0.551578567182305,0.987012681776943,"CALI"
67013,974.899,357.40885867675,240.154399220934,1.48824614429797,0.740612972749556,67890,292.102039724712,0.755978972068047,0.987082044483724,0.886032546010856,0.817276999809614,0.00533342573346589,0.00146778728986901,0.667941694417803,0.994061651333146,"CALI"
78223,1092.091,418.925728601622,240.393998912535,1.74266300530257,0.818971347629531,79721,315.589316846782,0.729910047775455,0.981209468019719,0.824188737920291,0.75332999455589,0.00535553134757836,0.0010639552623912,0.567506080697578,0.988971852115925,"CALI"
66358,981.292,376.385556085564,226.569450359474,1.66123700917486,0.79852543834746,67547,290.670999085798,0.686083540115798,0.982397441781278,0.865977554562183,0.772269271193073,0.00567204490921311,0.00124449868328579,0.59639982722908,0.990761465258439,"CALI"
78818,1080.687,421.839048785113,239.459529009575,1.76162982751146,0.823265752344189,79855,316.787301571474,0.753878527020564,0.987013962807589,0.848077263377668,0.750967229050545,0.00535206486824219,0.00104998978361925,0.563951779107854,0.99347427535455,"CALI"
100962,1216.408,470.018803304082,274.164622410458,1.71436708052145,0.812252744879838,101690,358.537042598881,0.753560232870578,0.992840987314387,0.857450925980222,0.762814253554284,0.00465540305564551,0.000972326781158651,0.581885585425579,0.997565492283562,"CALI"
84390,1131.241,396.25974907127,271.692169892058,1.45848792487727,0.727939277054198,85574,327.793662507682,0.773588537799412,0.986164021782317,0.82868709714671,0.827219174483267,0.00469557707158751,0.00135628546118998,0.684291562632778,0.998030981195304,"BARBUNYA"
86893,1120.096,435.00244734028,256.651651780695,1.69491388160628,0.807402895821006,88335,332.619307558465,0.676868549172347,0.98367577970227,0.870330419259558,0.764637784435896,0.00500618516267456,0.00105562505766324,0.584670941387036,0.990966894728699,"CALI"
70023,1025.656,363.034185512778,246.508518049524,1.47270442573446,,71050,298.590108076256,0.719808799342105,0.985545390570021,0.836463755488804,0.822484823721226,0.00518449917188321,0.00146351825864277,0.676481285251736,0.996256982716769,"BARBUNYA"
92927,1179.409,465.352434680894,257.448432855552,1.80755590360106,0.833026402754967,94179,343.974317607586,0.72741860993041,0.986706165918092,0.839504263016052,0.739169480962229,0.00500772041151543,0.000922138056246661,0.546371521585971,0.987597069402214,"CALI"
76886,1069.947,429.428419046768,230.644201616571,1.86186522807394,0.843521249439299,77989,312.880641198058,0.780101259144269,0.985856979830489,0.843980865573107,0.728597892735139,0.00558526154367204,0.000970900938533052,0.530854889298085,0.988380259537145,"CALI"
87477,1133.759,443.920302501248,252.786817668073,1.75610542747584,0.822031586864077,88836,333.735187918202,0.711837511900984,0.984702147777928,0.855189282340534,0.751790774239852,0.00507470880918696,0.000999951318469043,0.565189368232156,0.992532117104128,"CALI"
55660,936.905,325.913361046584,217.966420674381,1.49524573573406,0.743454613645634,56773,266.211406705196,0.705449936628644,0.980395610589541,0.796823167597523,0.816816487210983,0.00585543228614057,0.00160781733538789,0.66718917377969,0.997611767022013,"BARBUNYA"
72465,1027.436,398.700514295305,233.042162506798,1.71085141850104,0.811390615328977,73476,303.752042971292,0.816442646777156,0.986240405030214,0.862638035238311,0.761855157142616,0.00550197356372463,0.00114337293814608,0.580423280464801,0.99301799271423,"CALI"
71054,1020.761,404.547478394887,225.711094607121,1.79232429446613,0.829884822848977,71910,300.780256352727,,0.988096231400362,0.856939690415146,0.743498037723843,0.00569352152440238,0.00107319844854558,0.552789332099205,0.990777749643112,"CALI"
80915,1088.221,422.513115480756,245.098199072631,1.7238523868368,0.814548062494785,81576,320.973796067912,0.723514789513216,0.991897126605864,0.858627309524707,0.759677710129052,0.00522169085436267,0.0010727745313089,0.57711022326692,0.994852835846597,"CALI"
71176,1008.893,386.89715277548,236.926036553237,1.63298706382802,0.790567643713287,72118,301.038366053349,0.823386509029071,0.986938073712527,0.878725488902177,0.778083694578243,0.00543578106068732,0.00122898611544759,0.605414235768528,0.988633615267334,"CALI"
73077,1014.236,392.669385586384,237.530769120094,1.65313061141924,0.796291659508321,73629,305.03200850175,0.697086767399267,0.992502953999104,0.892714380741189,0.776816374534105,0.00537336488342959,0.00120697863185139,0.603443679744312,0.997571219252792,"CALI"
88858,1162.919,453.416801895389,252.522142371222,1.79555264990918,0.830558365948969,90020,336.359211953645,0.714510863447034,0.987091757387247,0.825671826102449,0.741832262385478,0.00510271221381743,0.000953243177922253,0.550315105515957,0.988119745994225,"CALI"
66372,1060.47,369.242764603627,230.372764083766,1.60280563577979,0.781499420615874,67927,290.701659890621,0.744239243785111,0.977107777466987,0.741648280739776,0.787291418432211,0.00556323094985276,0.0013184052465398,0.619827777537003,0.993463455049169,"BARBUNYA"
60756,982.65,352.942199780091,219.890305054564,1.60508304216737,0.78220532898909,61871,278.131159311447,0.760153141656032,0.981978632962131,0.790681032078138,0.788035999902373,0.0058091743989086,0.00138190570219086,0.621000737142132,0.996757752360274,"BARBUNYA"
75531,1065.318,400.635960471749,242.103776974714,1.65481086448971,0.796757880872279,76813,310.111360729322,0.802343368246617,0.983310116777108,,0.774047742404764,0.0053042586550125,0.00117456065704477,0.599149907521912,0.991479776425264,"CALI"
69471,1069.638,399.100245459994,225.005781770964,1.77373328951273,0.82592321562743,71088,297.410868013085,0.707386363636364,0.977253544902093,0.763026757383595,0.745203420434621,0.00574484670524383,0.00109284247377475,0.555328137827459,0.985004004667675,"CALI"
79669,1142.445,399.232277572206,255.972516785507,1.55966852451877,0.767405659605885,81174,318.492890485024,0.771836853322999,0.981459580653904,0.76705874829238,0.797763378306557,0.00501113704919362,0.00125202334550093,0.63642640776709,0.992614236366876,"BARBUNYA"
50166,893.846,313.021581741707,204.655814596617,1.52950250819251,,51209,252.731745139356,0.762517099863201,0.979632486476986,0.789030762785815,0.807393994155648,0.00623971577844969,0.00163563587990982,0.65188506179861,0.997059837074205,"BARBUNYA"
80580,1081.249,423.275359863411,244.234191198503,1.73307167922034,0.816736954734111,81322,320.308667561088,0.805477808876449,0.990875777772313,0.866135201253372,0.756738279460561,0.00525285877219423,0.00106257183518943,0.57265282360093,0.992448390608335,"CALI"
87350,1153.405,453.198436612179,249.425290554411,1.81697066726807,0.834923102140331,89713,333.492839852097,0.764377472085127,0.973660450547858,0.825104800479121,0.735864938866682,0.00518830494118122,0.000938420961965716,0.541497208253265,0.98388454380373,"CALI"
58208,941.588,331.755113248805,224.131449681034,1.48018099968091,0.737274729836675,59272,272.236528445292,0.788982867057038,0.982048859495208,0.825031843745953,0.820594823028769,0.00569947624465373,0.00159415226898565,0.673375863581617,0.996718158917234,"BARBUNYA"
63988,992.483,351.389974624531,233.008679189093,1.50805530440936,0.748525811622142,65106,285.433095468121,0.790287520995949,0.98282800356342,0.816323402312211,0.812297208459387,0.00549149800938505,0.00147479085591401,0.659826754870913,0.995055237674295,"BARBUNYA"
75706,1054.586,408.598293832397,237.619029888403,1.71955206628145,0.81351295040585,76512,310.470405954771,0.807401482429478,0.989465704726056,0.855413620655772,0.759842639191545,0.00539717187319892,0.00110978960832373,0.577360836333572,0.992802019107379,"CALI"
77787,1082.712,399.568747392017,249.724030197098,1.60004124183264,0.780637647590108,79288,314.708570690908,0.751637839404773,0.981069014226617,0.833855861699779,0.787620585306055,0.00513670340020848,0.00121936152075847,0.620346186397853,,"CALI"
53363,904.64,327.087831907298,208.048585501421,1.57217041932287,0.771636832704202,54318,260.660472311593,0.717244623655914,0.982418351191134,0.819404844902316,0.796912776582492,0.00612948732093957,0.00152492004331653,0.635069973480418,0.998438226506069,"BARBUNYA"
90393,1165.547,458.449532571771,253.379770224894,1.80933754957968,0.833387938684776,91924,339.252033401785,0.755693218298555,0.98334493712197,0.836151710323143,0.739998646085814,0.00507173710986216,0.000938123893572112,0.547597996208838,0.990789616615241,"CALI"
86321,1117.68,437.531713089537,252.707894107729,1.73137334959159,0.816336793184473,86882,331.522715271645,0.778733039838337,0.993542966322138,0.868343119863998,0.757711282070659,0.00506865899479312,0.00103059457497564,0.574126386977161,0.994027125709567,"CALI"
75721,1037.679,407.021346147212,238.267246900042,1.70825554683966,0.810750029788824,76337,310.50116194129,0.728892525388651,0.991930518621376,0.883690424743962,0.762862107553905,0.00537527695285604,0.00112296127985447,0.581958595141586,0.994133998181632,"CALI"
68879,1030.435,390.322354980217,227.415212124069,1.71634232967349,0.812734404703562,70187,296.140957318999,0.795553245553246,0.981364070269423,0.815183713043688,0.758708676406733,0.00566678312664552,0.0011582880002721,0.575638855654857,0.987993334565241,"CALI"
65617,977.81,351.898588561292,238.93795808661,1.47276134515947,0.734141381052167,66608,289.04352476208,0.715491391248405,0.985121907278405,0.862416954288881,0.821383018169554,0.00536291797188674,0.00150578787537184,0.674670062537326,0.993627988841295,"BARBUNYA"
65181,977.089,368.048282197506,226.714199267587,1.6234019897585,0.787753678662719,65980,288.081632120798,0.696088168391375,0.987890269778721,0.857951296755258,0.782727826905614,0.00564655777293238,0.00130739444046299,0.612662851012385,0.994598091384621,"CALI"
75197,1069.437,417.855791003267,230.925468548639,1.80948335248373,0.833417471169404,76303,309.424940891083,0.748675826363998,0.98550515707115,0.826228111933871,0.740506527738092,0.00555681464690435,0.00103067380534799,0.548349917622725,0.992230047274143,"CALI"
67311,1037.096,374.417252991527,229.301248292446,1.63286181728066,0.790531257366462,68197,292.750793330554,0.756907195627973,0.987008226168307,0.786426226316791,0.78188382343903,0.00556249725886596,0.00128238516329142,0.611342313355637,0.998237520766446,"BARBUNYA"
60730,951.837,340.02697056588,228.242006903068,1.489765075148,0.741233950271623,61724,278.071641041956,0.745748142690489,0.983896053399002,0.84234107679955,0.817792896190508,0.00559899506942006,0.00154476770902455,0.66878522105966,0.996332865109818,"BARBUNYA"
70675,1041.369,365.767852783942,248.690833681322,1.47077335891135,0.733291480653799,71996,299.977007159145,0.761419952596423,0.981651758431024,0.818966978036765,0.820129502568233,0.00517534988021141,0.0014442727549441,0.672612400982818,0.989260400238927,"BARBUNYA"
75854,1095.858,402.96199689026,240.924205402102,1.67256750403189,0.801583237972486,77204,310.773731879548,0.812489288774636,0.982513859385524,0.793742777425911,0.771223426223446,0.0053123368166512,0.00115927432456889,0.594785573155831,0.994819021527424,"BARBUNYA"
57716,909.091,335.901170004058,219.513940321452,1.53020427546501,,58301,271.083554580381,0.77650414379507,0.989965866794738,0.877589406599918,0.807033671770499,0.00581989690907301,0.0015228659454622,0.651303347371374,0.99662716677235,"BARBUNYA"
87745,1179.474,415.35738462986,270.436988547961,1.53587490697929,0.758996509632396,89355,334.246022942363,0.713652482269504,0.981981981981982,0.792602610916341,0.804719105307884,0.00473368721442657,0.00122449374154258,0.647572838447522,0.994590873012905,"BARBUNYA"
79544,1088.996,393.179191227687,258.768050723561,1.51942710905882,0.752893129974048,80500,318.242936051083,0.828583333333333,0.988124223602484,0.842878005607696,0.809409407088361,0.00494291450301326,0.0013086871901652,0.655143588283132,0.995442928363462,"BARBUNYA"
67554,1031.662,363.811986532256,236.749987910748,1.53669273541593,0.759293623637615,68694,293.278748301065,0.730716394985343,0.983404664162809,0.797601689561084,0.806127228232658,0.00538549880883821,0.0014028784968445,0.649841108098067,0.998606109988939,"BARBUNYA"
64313,960.54,371.775009788231,222.108668326111,1.67384286525176,0.801922820329982,65036,286.157045764301,0.745657971014493,0.98888308014023,0.875946784146481,0.769704897398298,0.00578071322731378,0.0012515787687195,0.592445629078924,0.991660889283349,"CALI"
74925,1119.975,398.32595167458,240.481074674938,1.65637130577949,0.797189344753886,76127,308.864813290996,0.7533254909058,0.984210595452336,0.750619700665626,0.775407206064568,0.00531632901801242,0.00118552562147945,0.601256335216859,0.995903741071337,"BARBUNYA"
71882,1040.314,408.823606906365,226.342946264185,1.80621315421595,0.832753117398524,73208,302.527692872327,0.723515616350112,0.981887225439843,0.834643720138994,0.739995655245066,0.00568742671192183,0.00105199156000109,0.547593569781574,0.98907070890355,"CALI"
56545,975.553,339.566056117858,212.589155719497,1.59728775895748,0.77977387010694,57685,268.319455233961,0.792024428165226,0.980237496749588,0.746624668353217,0.790183383762102,0.00600523576121423,0.00144418023415536,0.624389779973726,0.997330152370186,"BARBUNYA"
64478,974.289,361.660879316925,227.702086430612,1.5883072701977,0.776918566138222,65268,286.523889694095,0.687325445048502,0.987896059324631,0.853583130361123,0.792244630481619,0.00560905858303492,0.00136303483835487,0.627651554526957,0.996903527206053,"BARBUNYA"
68035,1022.207,355.899595126562,244.028108690571,1.4584368867844,0.727916676436447,69243,294.32100235297,,0.982554193203645,0.818209564412749,0.826977626227156,0.00523112508453828,0.00150921081008524,0.683891994280301,0.997413311034937,"BARBUNYA"
64109,960.565,332.346949724449,246.837657515632,1.34641915285314,,65115,285.702842081465,0.705580013207132,0.984550410811641,0.873122842159438,0.859652367257599,0.00518409193287135,0.00174640075752831,0.739002192531593,0.995006706024998,"BARBUNYA"
93526,1168.211,449.603913543027,266.622353238491,1.68629489644051,0.805190611764228,94399,345.08115228291,0.776175142743328,0.990752020678185,0.861191316076047,0.76752257239835,0.00480726122728469,0.00102906335181444,0.589090899140981,0.993380976760988,"CALI"
62218,969.459,346.414478115297,229.754687925978,1.50775804072779,0.748409975156975,63385,281.45766643375,0.794427845450599,0.981588703952039,0.831892132504971,0.812488173026281,0.00556775335297337,0.00149667650959743,0.660137031307584,0.995326916936181,"BARBUNYA"
68267,1020.269,400.801883555868,218.380691489662,1.83533571957226,0.83852739139366,68866,294.822393994139,0.669967417759284,0.991301948711991,0.824121605271132,0.735581358496893,0.00587109267370572,0.00106028241036434,0.541079934968134,0.993063331790855,"CALI"
55773,968.988,347.920242568095,204.491191212709,1.70139476671243,0.809040374098274,57047,266.481498660816,0.765376698229724,0.97766753729381,0.746443726057269,0.765926974222145,0.00623814825395971,0.00132429553033238,0.58664412984109,0.998113252434199,"BARBUNYA"
71598,1066.952,400.059642442812,228.747662041206,1.7489124866804,0.820404274285178,72858,301.929470115039,0.66403887889299,0.982706085810755,0.790352791149513,0.754711143247095,0.00558758125147088,0.00111821847580227,0.569588909741338,0.9961611565213,"BARBUNYA"
89673,1175.934,457.77851711636,252.674293531883,1.81173363826422,0.833872232237245,91361,337.898223870793,0.77455883496152,0.981523844966671,0.81490253446332,0.738125995949487,0.00510497604759917,0.000934750003085313,0.544829985896422,0.987086812583569,"CALI"
54680,899.793,353.577638311144,198.314094615926,1.78291734128084,0.827898128247326,55370,263.857420411325,0.756607167566072,0.987538378183132,0.848697942815796,0.74625030494472,0.00646630647972099,0.00123701263024183,0.556889517630088,0.992887978160207,"CALI"
64001,971.208,358.844769363795,228.147998519678,1.57285959855942,0.771866484717403,64745,285.462088730877,0.703965242259253,0.98850876515561,0.852652601784484,0.795502994893808,0.00560686191409189,0.00138505461657929,0.632825014885019,0.995344898870408,"BARBUNYA"
62779,955.337,370.266477466691,216.755767346406,1.70821972582143,0.810741166223105,63279,282.72372623982,0.751664272030651,0.992098484489325,0.864392641669892,0.763568250018674,0.00589793525648212,0.00123671950476967,0.58303647243658,0.995954403089511,"CALI"
78753,1088.013,376.492347181485,267.143674737481,1.40932532859503,0.70464565043326,79877,316.656649806266,0.741051264679313,0.985928364860974,0.836004859113025,0.841070614520684,0.00478067308142528,0.0014757019394086,0.7073997786102,0.996956425437874,"BARBUNYA"
68650,1009.473,386.638550653874,227.794389902679,1.69731375219143,0.808011828441655,69527,295.648261868845,0.736019384166738,0.987386195291038,0.846566328084145,0.764663175383964,0.00563202550114893,0.00118775010951811,0.584709771788286,0.992435936696972,"CALI"
78417,1114.515,403.688172982378,248.810191051907,1.62247443031045,0.787478178805691,79804,315.980419297616,0.6874463049005,0.982619918801063,0.793319723142743,0.782733903158985,0.00514796757058263,0.00119198872047937,0.612672363154499,0.994045243376054,"BARBUNYA"
68443,1015.573,387.324161891605,227.875151966728,1.69972091537281,0.808619564501621,69812,295.202191997805,0.804738389182834,0.980390190798144,0.833905059707316,0.762157957190439,0.00565907633931308,0.00117789144604223,0.580884751708703,0.987341961900423,"CALI"
77430,1073.469,424.835295919876,233.099861101894,1.82254632804852,0.836030548516145,78082,313.985569650651,0.721594721538806,0.99164980405215,0.844384220474179,0.739075996430081,0.00548670148417766,0.00100982817837855,0.546233328499117,0.995535547113785,"CALI"
69100,1011.142,377.891447198471,233.997604614378,1.61493724613646,0.785218248053671,70276,296.615664692881,0.774828719121786,0.983265979850874,0.849304863628837,0.784922937239955,0.00546876189867541,0.00128049197016584,0.616104017405399,0.994969325202282,"CALI"
72546,1026.063,378.842822198045,246.114588610941,1.53929445765981,0.760234904236295,73752,303.921759688834,0.777989876458476,0.983647901073869,0.865915036649649,0.802237080606359,0.00522210490169058,0.00133424714394584,0.643584333499814,0.990665797592943,"CALI"
64530,1004.942,371.617998034129,221.637957892089,1.67668932509775,0.802677421429435,65642,286.639403819084,0.697923426346528,0.98305962645867,0.802951908296267,0.77132809857277,0.00575884081875297,0.00125739418324322,0.594947035647884,0.997541343669358,"BARBUNYA"
71368,1067.432,386.666467905462,235.813610132588,1.63971226125607,0.792506783131666,72557,301.444123891409,0.711545363908275,0.983612883663878,0.787105512645238,0.779597272875264,0.00541792495103495,0.00123450823857305,0.607771907874549,0.996571049388891,"BARBUNYA"
78718,1091.648,432.709182380279,234.399275521162,1.84603464075644,0.840570835062596,79995,316.586276522629,0.674793193605075,0.984036502281393,0.830077550542047,0.73163752796076,0.00549695345893289,0.000971595998325062,0.535293472320532,0.988170292874503,"CALI"
73393,1088.136,389.283406847032,241.223209909308,1.61378918302841,0.784870657581815,75049,305.690807690954,0.689187920219359,0.977934416181428,0.778929490510515,0.785265444954027,0.00530409448921603,0.00124410479262343,0.616641819038845,0.99512989736785,"BARBUNYA"
68551,991.189,381.21391959524,230.854313049209,1.65131816061838,0.795786853030886,69514,295.435008134006,0.733510957027906,0.986146675489829,0.876820532569279,0.774984839083758,0.00556102638320725,0.0012373926853734,0.600601500809678,0.991784165581678,"CALI"
77878,1093.529,427.374893614653,233.537848307736,1.83000270282312,0.837493504328613,78711,314.892599571481,0.800793822171494,0.989416981108104,0.818397028976791,0.736806500045384,0.00548774870457194,0.000997671974572546,0.542883818509128,0.993478855190642,"CALI"
69483,1073.845,371.162466918182,239.710664060217,1.54837695007571,0.763474844979606,70724,297.436553380437,0.744088669950739,0.982452915559075,0.757190622303198,0.801364846640063,0.00534177377082426,0.00135889657345476,0.642185617430452,0.99434540769945,"BARBUNYA"
69002,1037.299,369.325943295858,238.325742267005,1.54966870042133,0.763929918054734,70098,296.405254787792,0.714476531679385,0.98436474649776,0.805867468484672,0.802557362049025,0.0053523947609614,0.00136972137016239,0.644098319379089,0.998139005535755,"BARBUNYA"
71167,1037.115,407.982506838696,223.57188012422,1.82483819795233,0.836482400449152,71982,301.019332734905,0.694705296655669,0.988677724986802,0.831447231635831,0.737824116694098,0.00573274842045746,0.001047982504443,0.544384427175426,0.993413497080119,"CALI"
80789,1130.935,383.968923454292,268.687059704476,1.42905625554358,0.714375546941369,82025,320.723790167816,0.783294551095598,0.984931423346541,0.793755608634866,0.835285801992761,0.00475273766792871,0.00142713153934467,0.69770237101069,0.997055937800413,"BARBUNYA"
91571,1179.116,408.121652657732,286.515999947553,1.42442883724622,0.712141680615752,93026,341.455441237863,0.741687793104007,0.984359211403264,0.82766531544898,0.836651128442386,0.00445688758075954,0.00134706653466677,0.699985110723918,0.997078977358139,"BARBUNYA"
83431,1088.656,424.550695915114,251.81911752472,1.68593512711932,0.805097396080674,84489,325.92583275463,0.729285583167979,0.987477659813704,,0.767695909794944,0.00508864445967463,0.00109028183825165,0.589357009915887,0.993617685431205,"CALI"
69479,1008.56,384.724616735481,231.938063630019,1.6587385904419,0.797841135415083,70402,297.42799183778,0.676372380090145,0.986889577000653,0.858341169348312,0.773093217589136,0.00553727913089539,0.0012201230510384,0.597673123082323,0.991383473726579,"CALI"
72483,1022.607,402.461604332519,231.303166467018,1.73997446935041,0.818349365673214,73363,303.789765991284,0.794978941826797,0.988004852582364,0.871020750820656,0.754829187979602,0.00555249650721575,0.00111189249226154,0.569767103025945,0.991380212740889,"CALI"
102525,1238.007,478.27145101677,274.496250555575,1.74236059708924,0.818901553932679,103334,361.301652811017,0.809201335448583,0.992171018251495,0.840607850081772,0.755432196596548,0.00466492515012699,0.000937144163485443,0.570677803654686,0.994326518721355,"CALI"
61587,929.716,344.556762753308,227.836516247731,1.51229824098375,0.750169810254703,62069,280.026791292556,0.735016111707841,0.99223444875864,0.895361267714577,0.812715992148573,0.00559463462667947,0.00150558997459711,0.660507283894039,0.998884003589908,"CALI"
70780,1041.775,406.858319349178,225.096445161643,1.8074844276506,0.833011873093127,72535,300.199758454858,0.746506354479776,0.975804783897429,0.819544537328972,0.73784839630431,0.00574821021968321,0.00105094734158776,0.544420255928842,0.984031134688936,"CALI"
95103,1207.004,459.986198637353,268.048882029901,1.71605341217592,0.812664074492494,97761,347.978304529102,0.81686765615337,0.972811243747507,0.820326350536696,0.756497272222384,0.00483671596729182,0.000977146796959471,0.572288122879908,0.982076986015819,"CALI"
51643,855.523,307.995611156515,213.62472630489,1.44176012058144,0.720363572951891,52139,256.42525189372,0.786066546926847,0.990486967529105,0.886661696869877,0.83256138271208,0.00596393724525134,0.00176757511650438,0.693158455983451,0.999368219080743,"CALI"
70776,1060.894,386.619943848659,234.100208180412,1.651514737444,0.795841699765542,71978,300.191275719625,0.775763421531447,0.983300452916169,0.790227050107201,0.776450569857653,0.00546258539404118,0.00122470997195116,0.602875487432274,0.995657752338136,"BARBUNYA"
82399,1095.949,425.585662662783,249.075599750692,1.708660595774,0.810850209719608,84147,323.903790108471,0.77002654007177,0.979226829239307,0.86208703883776,0.761077777108107,0.00516493722815547,0.00106895881919124,0.579239382807817,0.989723508924167,"CALI"
87149,1189.561,428.965493646747,259.223193428416,1.65481139235022,0.796758027072311,88604,333.108920751343,0.811783335662056,0.983578619475419,0.773924931690085,0.776540131280719,0.00492220786981775,0.00110406675386655,0.603014575489477,0.997875389273217,"BARBUNYA"
60045,956.542,356.439642126823,216.697469113934,1.64487219709712,0.7939753372147,61058,276.498948395148,0.807164941524398,0.983409217465361,0.824667017769879,0.775724458551579,0.00593620854570443,0.00132592467359608,0.601748435595141,0.989799271357137,"BARBUNYA"
76030,1058.572,412.881987587886,236.794368054925,1.74363094434796,0.81919445719783,77182,311.134058865651,0.767979797979798,0.985074240107797,0.852617121873094,0.753566559498851,0.00543051410742978,0.00108020748004441,0.567862559594936,0.990142731046366,"CALI"
70114,1011.797,371.371628118303,241.122521422945,1.5401781050012,0.760553251624264,71138,298.784064902332,0.775580186279065,0.985605442941888,0.860652497892547,0.804541979731291,0.00529668294660557,0.00136892160999763,0.647287797149945,0.996938492804805,"BARBUNYA"
60590,952.177,359.064675083791,216.032770548723,1.66208429476587,0.798756672105582,61579,277.750938820202,0.798339811581791,0.983939329966385,0.839799173537884,0.773540139406323,0.00592613756533737,0.00130882899934633,0.598364347272754,0.994531984149874,"BARBUNYA"
68325,1008.586,388.10954789065,227.181488799463,1.70836783375973,0.810777809864108,69595,294.947608727431,0.799899317466078,0.981751562612257,0.844041174963991,0.75995968233828,0.00568034464530771,0.00116873664017226,0.577538718779699,0.986648569914046,"CALI"
80050,1078.541,403.006129414104,253.685414010458,1.58860583682391,0.777014442809959,80805,319.253544312432,0.807998223514212,0.990656518779778,0.864764558033554,0.79218036900969,0.00503443009886451,0.00122299978819607,0.627549737044329,0.996929175165932,"BARBUNYA"
65911,988.981,380.143951934774,221.110110286716,1.71925178564579,0.81344033144669,66678,289.690337486495,0.746190422280086,0.988496955517562,0.846821485790003,0.762054311299949,0.00576753428008639,0.00119981322580516,0.580726773370839,0.998415542090131,"BARBUNYA"
48831,871.27,318.951429087509,195.579961452587,1.63079809771222,0.789930260241801,49662,249.346265680805,0.789009355458967,0.983266884136765,0.808350965407772,0.781768767721662,0.00653174067882103,0.00150494961796708,0.611162406185045,0.996682489399798,"BARBUNYA"
70533,1021.176,400.597671131648,226.524070719406,1.76845520151307,0.824772106189931,71786,299.675499180038,0.79765903307888,0.982545343103112,0.849964958791539,0.748070996851992,0.00567957794410627,0.00109715274899959,0.559610216331134,0.989645597890647,"CALI"
81344,1093.159,426.345434143015,245.346495046718,1.73772783695904,0.817827035605281,82172,321.82355029882,0.804685026907249,0.989923574940369,0.855398962532165,0.754842258239985,0.00524126468016098,0.00104964073204865,0.56978683482484,0.990134444007906,"CALI"
59041,931.502,359.779230836407,211.323549497609,1.70250420122003,0.8093184843076,60026,274.177562832389,0.749688904690555,0.983590444140872,0.855058808569327,0.762071679888211,0.00609371844711992,0.00126778449988799,0.58075324528764,0.988734839974372,"CALI"
88892,1120.911,417.843466108063,271.747617922631,1.53761592945049,0.759628307822132,89503,336.423556860393,0.811117599824805,0.993173413181681,0.889058379075828,0.805142557316874,0.00470057447360914,0.00121848961284366,0.648254537602757,0.996766503356563,"CALI"
81143,1094.184,432.644057866192,240.099523440092,1.80193634567601,0.83187799372341,81813,321.425693401205,0.790805785123967,0.991810592448633,0.851687365191632,0.742933336439386,0.00533187160773193,0.00100197948674203,0.551949942392958,0.994578662191653,"CALI"
76246,1103.271,384.090886509991,254.21196294595,1.5109079921296,0.749633056353248,77508,311.575708821913,0.770792264377925,0.983717809774475,0.787159105245338,0.811203076576532,0.00503752179143812,0.0013455971449302,0.658050431447231,0.994253656097956,"BARBUNYA"
79818,1089.842,426.534152000199,241.039652873748,1.76956009899172,0.825014061563444,81339,318.790580133214,0.807637434356312,0.981300483163058,0.844468830451613,0.747397549852152,0.00534383412263148,0.00102858316223188,0.558603097524999,0.988481752553419,"CALI"
72269,1055.163,360.119918438898,256.979248369228,1.40135797238179,0.700559958834052,73565,303.340977545839,0.80427573005698,0.982382926663495,0.815685611288948,0.842333239607539,0.004983048311709,0.00154742858810568,0.709525286547732,0.994298916910138,"BARBUNYA"
75351,1095.258,408.408683575216,236.043243911522,1.73022822770688,0.816066202295717,76285,309.741622865477,0.794305532130207,0.987756439667038,0.789343462211131,0.758410962651416,0.00542008312530976,0.00110612477022341,0.575187188269847,0.995205109359841,"BARBUNYA"
75586,1118.794,385.040623137858,250.589105604844,1.53654175112078,0.759238816061886,77261,310.224248292025,0.774954888451444,0.978320239189242,0.758841318448765,0.805692255959584,0.00509407328259014,0.00132410281418717,0.649140011313244,0.997430729705817,"BARBUNYA"
60633,957.86,365.222757511426,212.52240490829,1.71851413816361,0.813261751801015,61556,277.849479603484,0.705773483878477,0.985005523425824,0.830452593245302,0.760767158916135,0.00602349805405351,0.00124461652613871,0.578766670085328,0.994618705239509,"CALI"
75731,1094.38,415.79425641761,232.751187136131,1.78643237670973,0.828644715473361,76819,310.521664239934,0.772072016964359,0.985836837240787,0.7945976207353,0.746815665313223,0.00549041022061785,0.00105350896063516,0.557733637957232,0.996353428426903,"BARBUNYA"
76307,1134.821,403.789911643582,241.441817719367,1.67241083362335,0.80154145881026,78040,311.700320725061,0.777341999103541,0.977793439261917,0.744593971923369,0.771936870478808,0.00529164967360245,0.00115903883265613,0.595886532004616,0.996567091734764,"BARBUNYA"
77007,1069.231,411.55272973178,240.370821428108,1.71215760418271,0.81171165227229,78077,313.126743702004,0.660380756367378,0.986295580004355,0.846441572526566,0.760842344323843,0.00534435479543132,0.00110472388748396,0.578881072916201,0.99113563091092,"CALI"
68552,1014.755,390.4415269452,226.032267470395,1.72737074805631,0.815388240988451,69827,295.437162981716,0.761485826001955,0.981740587451845,0.836580224042563,0.756674540470132,0.00569555267454195,0.00115173382620833,0.572556360195686,0.989017108215617,"CALI"
73118,1060.231,410.436491052175,227.469499700853,1.80435834954552,0.832374462981032,74002,305.117565918361,0.80597442680776,0.988054376908732,0.817397247404397,0.743397754756593,0.00561334406099969,0.0010575146817249,0.552640221777143,0.997160998458275,"BARBUNYA"
68395,1008.539,381.919224280821,230.782205911194,1.65489025799409,0.796779868393284,69705,295.098659200887,0.729780196329492,0.981206513162614,0.844984658519275,0.772672964437905,0.00558402257885549,0.00122774958270579,0.597023509973261,0.988008390448187,"CALI"
78300,1091.04,423.921467243655,238.201655407483,1.77967473197643,0.827204874847216,79523,315.744606213255,0.790845184227537,0.984620801529117,0.826590253044863,0.744818629417925,0.0054140672700339,0.00102779271030235,0.554754790727996,0.987283083501487,"CALI"
93548,1241.752,460.169834367465,260.466546713604,1.76671376871075,0.824389692775534,95271,345.12173639295,0.836086086086086,0.981914748454409,0.762385512182415,0.749987744997113,0.0049190772049372,0.000960019532899469,0.562481617645854,0.993744018541624,"BARBUNYA"
68590,1012.976,387.950260112902,228.003939654802,1.70150682790946,0.809068494358267,69600,295.519035551663,0.746582201323581,0.985488505747126,0.839986594277574,0.761744651145897,0.00565607610603443,0.00117471539591546,0.580254913549385,0.987307697332289,"CALI"
67856,1036.144,372.724472472114,232.567680866122,1.6026494785691,0.78145088419381,69052,293.933568255736,0.810201547425733,0.982679719631582,0.794251211960869,0.788608181014266,0.00549287421115471,0.00131046229215896,0.62190286316263,0.996692299368216,"BARBUNYA"
73485,1035.476,394.074097127071,239.920750383534,1.64251777512828,0.793307305956612,74898,305.882343303538,0.794492556193442,0.98113434270608,0.86124851834847,0.776205149065926,0.00536264675957094,0.00120078438275428,0.602494433436456,0.989607816335222,"CALI"
94904,1191.159,441.75697648805,274.764577033726,1.60776538685271,0.783032098087859,95752,347.614047117699,0.80820949542261,0.991143788119308,0.840533270199553,0.786889773379962,0.00465477721158276,0.0011008655131709,0.619195515449969,0.995521117434885,"CALI"
99044,1204.544,482.386920841747,264.032550838814,1.82699791866282,0.836906421265097,100311,355.115104534782,0.766179314612826,0.987369281534428,0.857813147221726,0.736162381673035,0.0048704305242291,0.000882351440889843,0.541935052190515,0.990114212402496,"CALI"
73720,1050.731,397.394657945937,237.514577342641,1.67313797069664,0.801735246292384,74893,306.371048302342,0.777071540756201,0.984337655054545,0.839096866856785,0.770949085943732,0.00539059492601651,0.0011746791285511,0.594362493117476,0.994450455592771,"CALI"
59423,950.19,361.959086592699,210.899960707319,1.71625962081148,0.812714275414725,60550,275.063108153016,0.785146133925268,0.981387283236994,0.827072396703093,0.759928727697711,0.00609122875978492,0.00125307228005213,0.577491671180262,0.991125636601626,"CALI"
58003,934.279,338.040885713621,219.055694779357,1.5431732375372,0.761627245117074,58862,271.756717144717,0.816207925250478,0.985406544120145,0.835039743420334,0.803916711349945,0.00582798968525112,0.00150156025252688,0.646282078787711,0.997325207885106,"BARBUNYA"
82877,1162.581,391.817012832791,270.836144311931,1.44669395522601,0.722633674075421,84171,324.841921169384,0.825986425745239,0.984626534079434,0.770544001592124,0.829065381364669,0.00472769300086624,0.00137779357163481,0.687349406577344,0.994384231623632,"BARBUNYA"
70088,1001.046,381.726715913423,236.039272504655,1.61721696505354,0.785905815042093,71072,298.72866151643,0.802151645207439,0.986154885186853,0.878912137795106,0.782572057608311,0.00544639190608126,0.00126004483754312,0.612419025349305,0.990414437516447,"CALI"
50948,884.692,313.556494414057,208.192187894484,1.50609154735899,0.747758978922263,52063,254.693950311285,0.719604519774011,0.978583639052686,,0.812274517825667,0.00615444167413945,0.00165264562807408,0.65978989230892,0.993703979839361,"BARBUNYA"
71970,1065.618,379.378184830427,241.867217757854,1.56853908664151,0.77042063741877,73218,302.712817757342,0.742908460299765,0.982955011062853,0.796449549720692,0.797918356567199,0.00527133784674764,0.00131805775239758,0.6366737037469,0.99864758976383,"BARBUNYA"
66931,1037.359,341.617734410518,250.189666995476,1.36543502580662,0.680909757888746,68309,291.923270687126,0.779699913795112,0.979826962772109,0.781590045355461,0.854531955698547,0.00510402854298483,0.00167882755706595,0.730224863309983,0.997074605078301,"BARBUNYA"
80953,1101.021,425.879125017152,244.764764891531,1.73995274689919,0.818344326597048,81973,321.049156461975,0.800674539592111,0.987556878484379,0.839173202238676,0.753850418118156,0.00526081954982709,0.00104803041934391,0.568290452896919,0.988798534554577,"CALI"
61576,938.472,339.967689794128,231.311007496638,1.46974280849592,0.732849154125463,62280,280.001782506134,0.783748695364407,0.988696210661529,0.878574710870346,0.823612922380043,0.00552110708383345,0.00156710660599447,0.678338245911394,0.996982758656006,"BARBUNYA"
77122,1057.788,406.520810274964,244.221841492716,1.66455550326807,0.799428697004684,78470,313.360463634239,0.780587044534413,0.982821460430738,0.866145544751103,0.770834987321527,0.00527113936717103,0.00114796840660835,0.594186577678979,0.989056537843567,"CALI"
59841,936.317,354.64693460237,217.641343564078,1.62950167828731,0.789551313232833,61068,276.028852833353,0.692965085982282,0.979907643937905,0.857754270957189,0.778320142941137,0.00592648743507579,0.00134156034114013,0.605782244907912,0.987123184754099,"CALI"
76929,1067.562,409.421327091085,242.254635163172,1.6900453806191,0.806158176889814,78701,312.968121279039,0.760679112447099,0.977484402993609,0.8482302137328,0.764415775559763,0.00532206745299022,0.00112093054076595,0.584331477924634,0.98754671501686,"CALI"
100983,1239.47,476.229258913478,272.285315679411,1.7490082332394,,102017,358.574328342104,0.674006340730853,0.989864434358979,0.826011499244152,0.752944766896925,0.00471593494859014,0.000934975100848,0.566925821997464,0.991557930309577,"CALI"
66874,1024.488,408.239518898915,209.548001122688,1.94819094771463,0.858211215007989,67877,291.79893987919,0.801644669807363,0.985223271505812,0.800669736137002,0.714773867719168,0.00610460745430086,0.000982906416756226,0.510901681974219,0.995334031994352,"CALI"
61557,954.856,342.819642171406,229.139656985218,1.49611658968977,0.743804616554107,62493,279.958580249405,0.722076246334311,0.98502232250012,0.848421269264705,0.816635180166918,0.00556914148141408,0.00152784871893193,0.666893017486254,0.997749707009452,"BARBUNYA"
71678,1054.534,422.650981976283,218.714063092401,1.93243624118365,0.855694396205494,73261,302.098103415971,0.633086027203674,0.97839232333711,0.809980511166702,0.714769671191546,0.00589652308904103,0.000949380335344237,0.51089568285527,0.987273333013793,"CALI"
65990,1010.042,397.552239169209,213.413708113181,1.86282428942368,0.843697254384247,66576,289.86389488357,0.765190166975881,0.991198029319875,0.812847596723451,0.729121524983278,0.00602443156795285,0.00105025683508342,0.53161819819394,0.990311292295322,"CALI"
71648,1031.647,402.751008776597,229.121174473346,1.75780789227514,0.822413360431482,73209,302.03487696156,0.706065533382607,0.978677485008674,0.845963639037821,0.749929535568456,0.00562124565621646,0.00109671595410722,0.56239430831792,0.988581153731856,"CALI"
61442,992.086,337.908598768511,232.440215069474,1.45374413230306,0.725825418489617,62709,279.696950479654,0.709164358264081,0.979795563635204,0.784470408435371,0.82772960350519,0.00549963540849111,0.00159245663153863,0.685136296518859,0.996012870892144,"BARBUNYA"
75259,1048.898,417.105521490495,230.940932635883,1.80611343658221,0.832732794298239,75848,309.552475191564,0.785051895895269,0.992234468937876,0.859610660446111,0.742144275830732,0.00554226765556937,0.00103709998172786,0.550778126148322,0.994767774212058,"CALI"
67686,1044.47,368.601068913785,234.202502721857,1.57385623394273,0.77219793498978,69063,293.565140684217,0.708383045525903,0.980061682811346,0.779680680094827,0.796430519177039,0.00544575050843283,0.00135154054506696,0.634301571876608,0.998299483097674,"BARBUNYA"
55059,944.732,344.327691103964,204.947501620412,1.68007752415397,0.803569727571328,55970,264.770270411112,0.732859481691491,0.983723423262462,0.775212793327392,0.768948525639109,0.00625379485831498,0.00134869102695519,0.591281835082559,0.993399321562723,"BARBUNYA"
72960,1063.457,382.731915284576,244.092852817813,1.56797673863168,0.770231368993016,74227,304.787724791989,0.776566757493188,0.982930739488326,0.810690009098858,0.796347815847465,0.00524577734765044,0.0013013699948074,0.634169843805028,0.994363563427969,"BARBUNYA"
75005,1060.906,418.22807637393,230.89878439828,1.81130479947665,0.833785717866899,76087,309.029662092267,0.75987518615701,0.985779436697465,0.837425667775245,0.738902239112158,0.00557600261814452,0.00102529930312431,0.545976518964961,0.988929889202789,"CALI"
62987,1008.734,368.79006415254,218.033055618385,1.69144106661523,0.806516304813021,64219,283.191700450832,0.74041377688962,0.98081564645977,0.77787080061305,0.767894062172176,0.00585501872056997,0.00125577920821082,0.589661290719286,0.997377322515945,"BARBUNYA"
95754,1182.302,452.705600127812,272.512847397032,1.66122663372363,0.798522604161885,97441,349.167265599985,0.748826951951952,0.982686959288185,0.860815226997873,0.771289918881952,0.00472779831785421,0.00103207040434492,0.594888138968928,0.988244020541467,"CALI"
73121,1051.673,406.137479482127,232.300436992548,1.74832852120358,0.820271134508365,74728,305.123825275215,0.785740382548893,0.978495343111016,0.830788617437243,0.751282116745993,0.00555432063951706,0.00109149792513242,0.56442481894234,0.986800009032059,"CALI"
63988,1012.38,342.884441262272,238.886732591039,1.43534317516608,0.717365036241654,65339,285.433095468121,0.81523760988661,0.979323221965442,0.78455119159995,0.832446915402015,0.00535857412737187,0.00158728604891512,0.692967866962329,0.994646698453773,"BARBUNYA"
70870,1024.464,409.465899840805,222.709294266384,1.83856673422457,0.839148787575611,71660,300.390556668117,0.682229495571814,0.988975718671504,0.848552843801133,0.733615563066191,0.00577770424496691,0.00103230781127418,0.538191794372925,0.989501529766692,"CALI"
63652,956.09,362.340629092748,225.231737484435,1.60874587720032,0.783333062497393,64607,284.682706713075,0.783988175883729,0.985218319996285,0.875032868386224,0.785677022822093,0.0056925254366359,0.00133801490725394,0.617288384190588,0.993060143110254,"CALI"
68385,1010.424,385.824668868661,226.740953804304,1.70160997559206,0.809094372117126,69205,295.077085295883,0.702313830606649,0.988151145148472,0.841711786915123,0.764795797430803,0.00564194880264183,0.0011906685292506,0.584912611767818,0.995293135033722,"CALI"
87822,1143.406,443.310828876499,254.122591073541,1.74447626637101,0.819388950293855,88552,334.392648390678,0.789908256880734,0.99175625621104,0.844135672442276,0.754307421810884,0.00504783344579375,0.00100804124726173,0.568979686598982,0.992571559319142,"CALI"
60108,921.726,351.502206156442,218.551118462969,1.60832947746273,0.783205328736091,60547,276.643963525216,0.809448140267715,0.992749434323749,0.889075136912437,0.787033363318611,0.00584784398343718,0.00138403831245078,0.619421514976604,0.996233881511494,"CALI"
67407,990.057,386.696617758152,223.591456571901,1.72947850372718,0.815888703499743,68200,292.959481826349,0.743022486772487,0.988372434017595,0.864160608130005,0.75759514920188,0.00573674273826386,0.00116571900882551,0.573950410094219,0.99263489646335,"CALI"
79896,1057.845,399.766059340347,255.220024287708,1.56635851930526,0.769685329537103,80538,318.946306870233,0.790110759493671,0.992028607613797,0.897203224119214,0.7978323807592,0.00500358039626948,0.0012505679070829,0.636536507787894,0.997044381822386,"CALI"
66734,1006.609,393.81686046075,217.174317201641,1.81336755439226,0.834201215911559,67521,291.493340881668,0.798329983730501,0.988344366937693,0.827628434053443,0.740174863363221,0.00590129260138385,0.00109260765800502,0.547858828354763,0.993469423725886,"CALI"
76997,1099.457,413.360693857699,237.607680734014,1.73967732263852,0.818280415857608,78041,313.106411984765,0.792933349810512,0.986622416422137,0.800437028313868,0.757465372584635,0.00536852986295179,0.00109015003150148,0.57375379066478,0.998146458397407,"BARBUNYA"
61206,1003.509,359.455030311118,219.196315288734,1.63987715686566,0.792553970388956,62918,279.159272772839,0.719089242915551,0.972789980609682,0.763767753394929,0.776618072450451,0.00587287243589057,0.00131783276486691,0.603135630456654,0.989068342877637,"BARBUNYA"
82619,1114.99,442.418929217708,239.70901089699,1.84564997186454,0.840498065834113,83605,324.335902956294,0.80850001957177,0.988206446982836,0.835118017121607,0.733096803813954,0.00535492960720546,0.000954066909438554,0.537430923762235,0.991909369320905,"CALI"
68770,1032.496,353.782883363733,248.615876334195,1.42301002084103,0.711450967916623,69908,295.906545198712,0.755050505050505,0.983721462493563,0.810647658682336,0.836407183935134,0.00514443628564392,0.00155306121068537,0.699576977338302,0.995505049102078,"BARBUNYA"
76697,1073.671,417.867572732868,234.887218269954,1.77901367222381,0.827063006665675,77405,312.495845352467,0.778997724872024,0.990853304050126,0.836076073350658,0.747834638875502,0.00544829097269603,0.00105114436286388,0.559256647102053,0.994925221476599,"CALI"
88907,1210.626,405.243060622496,280.958234651208,1.44236050288962,0.72064144326705,91061,336.451940407199,0.780680341400021,0.97634552662501,0.762299836224252,0.830247259238376,0.00455805572814847,0.0013359468978684,0.689310511472836,0.99423425597506,"BARBUNYA"
84964,1106.69,427.75660228942,255.974208720438,1.67109258556824,0.801189370706898,86555,328.906559191024,,0.981618623996303,0.871751780139237,0.768910537980395,0.00503456290063344,0.00108553738771316,0.5912234154173,0.98798906591818,"CALI"
79866,1106.47,430.939923930468,239.504320315019,1.79929916656056,0.831334796316814,81633,318.886420971195,0.787648671571431,0.978354341994046,0.819770925442094,0.739978830605278,0.00539578699234303,0.00099795680016938,0.547568669743955,0.985239851104975,"CALI"
70350,1008.987,399.479238851985,226.189915344891,1.76612311933918,0.82425969057925,70996,299.28648812153,0.712116610993015,0.990900895825117,0.868366027150856,0.749191594991553,0.00567845399931748,0.00110352318117183,0.561288046005987,0.991303794659888,"CALI"
66991,1056.519,357.154481730027,239.733033655609,1.48980086842392,0.741248554306093,68096,292.054088040817,0.813352921179156,0.983772908834586,0.754174252437755,0.817724830516282,0.00533138006194903,0.00147044284368194,0.668673898442882,0.996190954592614,"BARBUNYA"
64839,953.714,370.229723699328,223.892876123562,1.65360207126468,0.796422646921411,65397,287.324866381389,0.707764351442512,0.991467498509106,0.895797521359493,0.776071849419449,0.00570998509692204,0.00127768106718708,0.602287515461324,0.995943883063703,"CALI"
56928,935.66,324.039442117598,224.150718943309,1.44563195534319,0.722147601879562,57936,269.226634645763,0.77012987012987,0.982601491300746,0.817146007929825,0.830845260337345,0.00569209250487629,0.00167314006524161,0.690303846625031,0.997925299577468,"BARBUNYA"
70066,1042.494,374.283194405283,239.149037189545,1.56506251835182,0.769246514328196,71094,298.681773701399,0.723523337463858,0.98554027062762,0.810158626269345,0.79801011150391,0.00534186616055266,0.00133630730507019,0.636820138062483,0.996663329013224,"BARBUNYA"
69892,1052.973,389.855770691423,228.671465764595,1.70487283749149,0.809910114099034,71139,298.310674064188,0.684269783926141,0.982470937179325,0.79214167377896,0.765182142963084,0.00557797417002551,0.00117954785991908,0.585503711909577,0.998209374685078,"BARBUNYA"
72828,1057.896,378.011437776232,246.124843804934,1.53585242323536,0.758988333024108,73854,304.511887393534,0.715951318298893,0.986107726054107,0.81775328518398,0.805562628435051,0.00519046847059142,0.00134829076884286,0.648931148331187,0.996662476677358,"BARBUNYA"
74463,1056.402,410.41784113569,232.765065652301,1.76322782796265,0.823620246247813,75258,307.911084924876,0.806863371872528,0.989436338993861,0.838478563271058,0.750238060004502,0.00551170166573587,0.00107711440622025,0.562857146679319,0.992445384192632,"CALI"
82870,1105.912,425.589607334113,249.660717806526,1.70467188860653,0.809860034248971,84088,324.828202396594,0.761896881435716,0.985515174579012,0.851463551356618,0.763242797283782,0.00513562938740332,0.00107503918944284,0.582539567605572,0.993038824898222,"CALI"
72263,1097.796,375.59491458287,245.380765329826,1.53066159883403,0.757088555623911,73699,303.328385122786,0.719392732702837,0.980515339421159,0.753498797078428,0.807594494349471,0.0051976103203973,0.00136381944122073,0.652208867303577,0.998311067600626,"BARBUNYA"
70521,1023.438,352.490347595676,255.663340202392,1.37872855496855,0.68842668783097,71546,299.650005730466,0.760514623414718,0.985673552679395,0.84606796149042,0.850094216123557,0.00499837420903952,0.00161018870186797,0.722660176286724,0.996352220585112,"BARBUNYA"
62650,963.789,349.123504104874,229.698730991331,1.51991916802557,0.753079329931664,63464,282.433102659122,0.746010954989283,0.987173830833228,0.847553279805717,0.808977623501056,0.00557260182130684,0.00147225762301927,0.654444795325416,0.994703188829673,"BARBUNYA"
65290,1032.586,342.669121898428,243.818752748718,1.40542562061084,0.702657514153241,66600,288.322406128554,0.7507963339888,0.98033033033033,0.769491926574332,0.841401771280742,0.00524841663192569,0.00162263841551022,0.70795694071437,0.994980822769245,"BARBUNYA"
76760,1060.544,391.241631133934,251.158462880035,1.5577481508987,0.766744580259627,77743,312.62416325977,0.744628219430567,0.987355774796445,0.857605282610897,0.799056486789742,0.00509694673181259,0.00128173954450586,0.638491269080765,0.994608593775526,"BARBUNYA"
75936,1079.901,420.408158602684,232.411803644885,1.80889331784993,0.833297908736539,77128,310.94166344993,0.765599637041891,0.984545171662691,0.818256933311781,0.739618528059518,0.00553634848560214,0.00102196097026593,0.547035567048929,0.989528981861057,"CALI"
72004,1043.647,403.214180930327,230.010252390741,1.7530269922288,0.821337975557085,73591,302.784312967351,0.704760786156135,0.978434862958786,0.830728727594021,0.750926746347917,0.00559988585259606,0.00109837143563434,0.563890978380669,0.988516105775619,"CALI"
84569,1198.651,418.417775130055,260.869269852111,1.6039366206961,0.781850437947781,86785,328.14112064584,0.681898080954685,0.974465633462004,0.739665828143281,0.784242783528605,0.00494764955397433,0.00115446512431222,0.615036743516695,0.986479956000104,"BARBUNYA"
79498,1079.978,431.537979939683,236.853146240228,1.82196431328802,0.835915491242503,80325,318.150903389187,0.753378442410114,0.989704326174914,0.85651751748817,0.73724890549299,0.00542828725175078,0.000989234217276419,0.543535948650611,0.990303101430561,"CALI"
70683,1020.247,388.54916368496,232.804795842216,1.66899123482104,0.800626077776983,71378,299.993984507216,0.793611407399091,0.990263106279246,0.853324441517385,0.772087582590846,0.00549706667352772,0.00120497223065573,0.596119235190977,0.994917778441961,"CALI"
72651,1020.566,395.614017647435,236.58644911657,1.672175304734,0.801478624326512,73917,304.141621887821,0.734649921126077,0.982872681521166,0.87653501375651,0.768783734450146,0.00544540360968789,0.00117334731078782,0.591028430355112,0.988303145635516,"CALI"
91623,1161.167,448.328334805812,262.972665073525,1.7048476680284,0.809903842584209,93063,341.5523778387,0.727368713531537,0.984526611005448,,0.761835358870723,0.00489318549715478,0.00101675412954155,0.580393114025683,0.989481846986428,"CALI"
86823,1154.004,465.812857675967,241.64896280216,1.92764269407327,0.854914855229568,89133,332.485303423386,0.785266585266585,0.97408367271381,0.819275605523256,0.713774422376877,0.00536508595275408,0.000859014256941391,0.509473926039444,,"CALI"
64184,971.191,345.948488189706,236.650530094188,1.46185384859276,0.729423013741156,65308,285.869912616354,0.743601923188322,0.982789244809212,0.855120552978312,0.82633664367856,0.00538994902451867,0.00155021690319516,0.682832248685948,0.998200950684803,"BARBUNYA"
77217,1118.397,394.653138235819,249.629087563801,1.58095814108583,,78697,313.553405221208,0.705178082191781,0.981193692262729,0.775766107454368,0.794503767594137,0.00511096181198206,0.00125622156004387,0.631236236721279,0.997958067392889,"BARBUNYA"
67031,977.642,370.570882646981,232.035128169466,1.59704647124093,0.779697918561998,67944,292.141267066368,0.741624623827226,0.986562463204992,0.88130424265638,0.788354619174631,0.00552835080256868,0.00131723063516786,0.621503005573978,0.99256918191755,"CALI"
93438,1196.46,465.475217451184,259.202657204378,1.79579647242645,0.830609065896741,95390,344.918768090349,0.702351243272498,0.979536639060698,0.820232607549506,0.741003506006251,0.00498164791039174,0.000926475295889679,0.549086195913556,0.98604705367962,"CALI"
77546,1129.375,407.530758777735,243.15715155974,1.67599742044852,0.802494415228851,79093,314.220676811748,0.672698566917659,0.980440746968758,0.763999237329958,0.771035486386738,0.00525534210375436,0.00114571928026148,0.594495721267635,0.99637329531224,"BARBUNYA"
80862,1102.815,426.127665033931,244.887829050635,1.74009327734218,0.818376922327351,82724,320.868658591603,0.784633746373366,0.97749141724288,0.835504923880754,0.752987156011224,0.00526981357168918,0.00104502164939295,0.566989657117872,0.986614890673355,"CALI"
91565,1153.995,453.361078087891,259.484603841197,1.74715983675604,0.820004217034762,92497,341.444254474541,0.785291595197256,0.989923997535055,0.864035347063565,0.753139762051535,0.00495124860031552,0.000982645348275824,0.567219501183042,0.991023131091804,"CALI"
60024,959.984,356.164686207141,215.383528071102,1.65363010531411,0.796430431516795,60955,276.450593114183,0.717501225241163,0.984726437535887,0.818477618467018,0.776187544189606,0.00593370462160371,0.00132853304979662,0.602467103755092,0.996257740230818,"BARBUNYA"
73229,1034.342,409.822224801405,229.518769609244,1.78557172251807,0.828462383724487,74364,305.349076667036,0.745902724726254,0.984737238448712,0.860131094281206,0.745076909420919,0.00559644710157731,0.00106388964929453,0.555139600952228,0.991241573510261,"CALI"
85226,1104.753,427.749008031571,256.545764865416,1.66733997053496,0.800181661317066,86404,329.413286677388,0.821455421686747,0.986366371927226,0.877509022578229,0.770108826653491,0.00501899664458699,0.00108894281203441,0.593067604889617,0.988845322861891,"CALI"
61944,955.718,361.965780081394,219.961085054752,1.64559008240614,0.794178344589146,62873,280.83723107714,0.707131359947031,0.985224182081339,0.852215794853675,0.775866798828301,0.00584343568515747,0.00130616096998882,0.601969289524075,0.990594692753889,"CALI"
56857,952.885,328.132375655526,221.256783017956,1.48303871718543,0.738465529206209,57866,269.058693959157,,0.982563163170083,0.786887821586927,0.819969969198087,0.00577118693662216,0.00160929881867854,0.672350750386712,0.997122194352173,"BARBUNYA"
64260,984.886,370.828829994758,221.145221607296,1.67685662525084,0.802721631431631,65203,286.039111215025,0.744801687568094,0.985537475269543,0.832489294035243,0.771350790657427,0.00577075676929284,0.00126014421058503,0.594982042247838,0.99769957944856,"BARBUNYA"
74966,1101.78,423.367186444181,229.032081393762,1.84850604276835,0.841037126727569,76897,308.949309289754,0.717377990430622,0.97488848719716,0.776040583260346,0.729743161921897,0.00564745599930877,0.000987899476033211,0.532525082371768,0.984375832689924,"CALI"
62148,962.323,372.895221113666,212.964077924312,1.75097708847496,0.820873748133048,62732,281.299291193918,0.774140508221226,0.990690556653701,0.843325610809933,0.754365503408189,0.0060001161922132,0.0011985791100638,0.56906731273229,0.996423826394255,"CALI"
71016,1068.488,379.498786776776,239.198683968092,1.58654211838138,0.776350385708586,72219,300.699816276818,0.73353785132162,0.98334233373489,0.781675990824917,0.792360415248685,0.00534384908720255,0.00129934665094292,0.627835027653068,0.996086714766734,"BARBUNYA"
66550,998.751,381.807472390647,223.085635354269,1.71148389623707,0.811546174626487,67255,291.091208562067,0.810350076103501,0.989517507991971,0.838384942089595,0.762403120974638,0.00573715210203827,0.00119567951439672,0.581258518871869,0.994814594599816,"CALI"
72181,1099.699,400.910586686023,231.064506860773,1.73505914920802,0.817203504745296,73688,303.156236252083,0.714076550953177,0.979548908913256,0.750041162494532,0.756169196623143,0.00555423985101375,0.00112016067130555,0.571791853921689,0.99209268758944,"BARBUNYA"
66166,974.533,364.349023738649,232.084621620422,1.56989731243179,0.770876743309772,66906,290.25018125222,0.711768502581756,0.988939706453831,0.875490916963348,0.796626757151459,0.00550658984582186,0.00136798725118622,0.63461419020965,0.996279111641206,"BARBUNYA"
85567,1156.399,415.486584120151,262.769762980438,1.58118110473419,0.774610475407612,86970,330.071640896872,,0.983868000459929,0.804082767839639,0.794421898352852,0.00485568717052311,0.00119298584380723,0.631106152582549,0.99789312354502,"BARBUNYA"
78657,1149.889,399.283371499879,251.590253896554,1.58703831057006,0.776510337420986,80316,316.463588537819,0.785094023236316,0.979344090841177,0.747541664718481,0.792578932974458,0.00507625985608247,0.001235644971876,0.628181364994931,0.996947892233149,"BARBUNYA"
75852,1071.325,416.212729513334,235.463968809988,1.76762810725069,0.824590641808786,77441,310.769634853941,0.745510835913313,0.979481153394197,0.830490026501157,0.746660572388823,0.00548716882235583,0.00105201264636743,0.557502010360005,0.985456223361112,"CALI"
70955,1040.914,411.223894855779,221.457088397208,1.85690102688518,0.842605273426783,71860,300.570643770618,0.801968895519689,0.987406067353187,0.822930519415606,0.730917263151819,0.00579555908471255,0.00102034720223111,0.534240045573346,0.992030889228333,"CALI"
86884,1163.356,448.680170406172,247.9671156776,1.80943416299415,0.833407508717337,88015,332.602081479912,0.711452481944285,0.987149917627677,0.806722932768922,0.7412899063019,0.00516412884312615,0.000961898347183172,0.549510725185079,0.994303479081572,"CALI"
72394,1019.023,391.544552881476,237.292021986068,1.6500535905268,0.795433466976081,73141,303.603200907957,0.811137254901961,0.98978685005674,0.876081409406253,0.775398862463197,0.0054085221548951,0.00120603250748042,0.601243395909219,0.992083824200534,"CALI"
62626,993.13,363.843200872818,219.83783718673,1.65505267668627,0.796824837459687,63602,282.379000155083,0.768483182604641,0.984654570610987,0.797907111058674,0.776100802427221,0.00580977870010568,0.00130020515208657,0.602332455528177,0.996891942776925,"BARBUNYA"
61707,961.198,367.44457070181,214.482540368865,1.71316774815275,0.811959337334842,62435,280.299469473227,0.779473252068465,0.988339873468407,0.839302622190022,0.762834701674494,0.00595466593258155,0.00124382398962087,0.581916782078813,0.996921063166254,"CALI"
68609,996.685,380.281067865702,231.096691561181,1.64554959786184,0.794166904605979,69346,295.559963331867,0.680644841269841,0.989372133937069,0.867910832633509,0.777214508707137,0.00554272861965197,0.00124757589523169,0.604062392544877,0.994014627135683,"CALI"
73063,1054.212,405.833062954762,231.641519961464,1.75198756691925,0.821102820596896,74577,305.002788277395,0.763642254669356,0.979698834761388,0.826135821495948,0.751547412270334,0.0055545633625058,0.00109308824283037,0.564823512890235,0.989563772087345,"CALI"
68033,1005.269,384.983228835885,226.31863331161,1.70106731028999,0.808958165830356,68739,294.316676297772,0.665893430428314,0.989729265773433,0.845989369370002,0.764492201875204,0.00565877190239862,0.00119232373784407,0.584448326727998,0.994185943150678,"CALI"
91140,1176.273,449.186731949608,262.05350572091,1.71410312071153,0.812188231065282,93504,340.650924124921,0.787019446651238,0.974717659137577,0.827756560435176,0.758372631903866,0.00492853557109511,0.001005606948139,0.575129048820797,0.985830497395583,"CALI"
65099,1008.429,339.042427969052,245.31349531202,1.38207817526637,0.690273993808593,66288,287.900366659569,0.742325761722313,0.982063118513155,0.804439761259711,0.849157341115575,0.00520810500881814,0.00167036802880265,0.721068189970473,0.996572608237017,"BARBUNYA"
65957,995.361,371.094428270523,229.515134306046,1.61686256286563,0.785799157081671,67572,289.791408865234,0.793448578680814,0.976099567868348,0.836583928747517,0.78091015867794,0.00562630847780407,0.00129064734576192,0.609820675926405,0.985996220966819,"CALI"
73664,1072.943,383.126162643025,245.860584769265,1.55830656224373,,74759,306.254661716962,0.795267089864836,0.985352934094892,0.804103329153571,0.799357213311253,0.00520099590903324,0.00130987504492862,0.638971954472733,0.995714189744559,"BARBUNYA"
93203,1181.392,455.605916634439,263.477562471676,1.72920195693482,0.81582316238546,95176,344.484753346141,0.736776784373246,0.979269984029587,0.839173390581143,0.756102457779411,0.00488831815107281,0.000985511793057037,0.571690926660066,0.988569069142467,"CALI"
62839,952.704,360.623237610752,222.529856802878,1.62056113634316,0.786908099132116,63383,282.858798257387,0.798706085718644,0.9914172569932,0.870007811347483,0.784360986084589,0.00573884431023333,0.00133988689966635,0.615222156491589,0.997005117027499,"BARBUNYA"
87968,1147.645,412.443253149639,272.421553429252,1.51398906568805,0.750820105524656,89304,334.670489095263,0.695718194903592,0.985039863835886,0.839304292705328,0.811434025261751,0.00468856008036603,0.00125381109056393,0.658425177352488,0.99684851908538,"BARBUNYA"
70692,1006.43,378.574466263035,238.177905722238,1.58946089107244,0.777288656395198,71443,300.013082875427,0.78786527873749,0.989488123399073,0.877027043100611,0.792481029787618,0.0053552660309941,0.00130291568585564,0.628026182573243,0.998223055769688,"BARBUNYA"
77772,1069.897,421.940635312339,235.638706390923,1.79062532541807,0.829528676151486,78533,314.67822592792,0.802799454973368,0.990309806068786,0.853786320152686,0.745787913256996,0.00542535405174534,0.00103530714238605,0.556199611560224,0.995945110447429,"CALI"
64566,1016.789,355.17815947344,232.500774753918,1.52764290720909,0.755972615434312,65592,286.719347874137,0.799777034559643,0.984357848518112,0.784787482541362,0.807255007738103,0.00550100919173312,0.00144100379504752,0.651660647518244,0.995504766088526,"BARBUNYA"
68050,1030.992,382.713734766593,227.230696162043,1.68425191327879,0.804660340208973,69160,294.353445740368,0.724059414368403,0.98395026026605,0.804502508868189,0.769121719448837,0.00562400785843634,0.00121396449308134,0.591548219327936,0.996316220199738,"BARBUNYA"
74322,1055.499,398.886019528047,239.43748546303,1.66592970501954,0.799800863516508,75366,307.619423060064,0.688071101235939,0.986147599713399,0.83832342104647,0.771196301700503,0.00536699792158509,0.0011710378777075,0.594743735756533,0.990801256271102,"CALI"
66688,987.264,377.873651265058,227.109414286018,1.66383966271504,0.79923439614413,67716,291.392859828958,0.691877535352278,0.98481894973123,0.85978715968729,0.771138339107326,0.00566629155567805,0.00123596980998891,0.594654338041205,0.989409473238515,"CALI"
83575,1118.077,431.535631530779,248.839806271162,1.73419051395873,0.816999826459892,85300,326.206981763483,0.727751654475792,0.979777256740914,0.840122898251687,0.755921314321912,0.00516345356303654,0.00103998338911356,0.571417033446168,0.990945998916785,"CALI"
96148,1185.141,464.03641743815,266.757183789685,1.73954609523844,0.818249952800391,97828,349.884889281027,0.742816968872888,0.982827002494173,0.860221064753969,0.754003082802573,0.00482627217870523,0.000962241446362517,0.568520648875784,,"CALI"
70912,1012.143,371.718651043898,244.678403425577,1.51921316241939,0.752812099639969,71891,300.479554373105,0.761880204136449,0.986382161883963,0.869852962020293,0.808352105898554,0.0052419710492427,0.00138062800049043,0.653433127110628,0.992704207467327,"CALI"
70322,1019.083,400.224097500373,226.183730276021,1.76946457206256,0.824993163348876,71199,299.226922693908,0.810142623441856,0.987682411269821,0.850906740721434,0.747648441367601,0.00569130709451342,0.00109693656134961,0.558978191879403,0.989092107086188,"CALI"
60045,974.654,343.550840955479,223.52384313283,1.53697626231007,0.759396490097668,61177,276.498948395148,0.728171234537958,0.981496313974206,0.794302216072264,0.804826871115066,0.0057215561821214,0.00148082521654628,0.647746292468867,0.995570675524003,"BARBUNYA"
76932,1049.061,410.219306522923,239.736707820076,1.71112430070907,0.811457756126197,77480,312.974223628026,0.814353763099397,0.992927207021167,0.878446674427486,0.762943670986234,0.00533223244583428,0.00111444524256973,0.582083045097951,0.99601644349784,"CALI"
61025,973.886,376.083334012417,208.254371691292,1.80588446215145,0.832686113205224,62070,278.746198570426,0.72179641851773,0.983164169486064,0.80853980735845,0.741182002394241,0.00616277483019119,0.00114724328220146,0.549350760673138,0.992064002970701,"CALI"
63550,990.734,347.818391927454,233.061680384628,1.49238772909146,0.742300483362994,64683,284.454518452282,0.725655430711611,0.982483805636721,0.813600644955586,0.817824833459674,0.00547314542765467,0.00151028158226203,0.668837458223344,0.99816481540924,"BARBUNYA"
67591,999.739,380.546000208107,228.003541518675,1.66903547933241,0.800637964085836,68387,293.359053155335,0.70538817169514,0.988360360887303,0.849817102832438,0.770889860870714,0.00563012827459436,0.00122649953274124,0.594271177593269,0.991859679747815,"CALI"
75761,1040.267,407.384014877874,237.768531018385,1.71336388853903,0.81200737099179,76319,310.583163015449,0.755479547675555,0.9926885834458,0.879763457806103,0.762384265638296,0.00537722594577518,0.00112055646764406,0.581229768492844,0.995858096279541,"CALI"
96427,1184.426,463.279480836996,268.941497777123,1.722603185697,0.814248306675767,98705,350.392165409242,0.734732286404401,0.976921128615572,0.863759137815384,0.756329990648835,0.00480445809614523,0.000969771595736845,0.572035054754866,0.985389407651093,"CALI"
70983,1026.807,391.913872373501,231.701018558989,1.69146374414285,0.806522115154307,71829,300.629942959673,0.759111519869958,0.988222027314873,0.8460315771493,0.767081657862743,0.00552123568140965,0.00117918634531129,0.588414269829454,0.995281403952812,"CALI"
71042,1038.418,375.672860328115,241.155196711929,1.55780536953087,0.766764321094004,71867,300.75485654778,0.719572968154931,0.988520461407878,0.827905233925251,0.800576481050822,0.00528803891118093,0.00133994111951573,0.640922702011717,0.998432826648085,"BARBUNYA"
64132,968.793,380.854177473184,215.968800863731,1.76346850077429,0.823673539443238,65166,285.754087430006,0.743404275049845,0.984132830003376,0.85866283027752,0.750297894395883,0.00593859816430462,0.00116091016280474,0.562946930334896,0.992739179253166,"CALI"
68511,991.58,387.771040174775,226.48450740529,1.7121305320936,0.811705007182529,69130,295.348801333865,0.747284031413613,0.991045855634312,0.875617945197396,0.761657707085981,0.00565998219519164,0.00117499005752126,0.580122462763474,0.993245380850674,"CALI"
78962,1104.024,428.486506487998,235.197308627955,1.8218172180099,0.835886392319538,79957,317.076553739594,0.777200338589342,0.987555811248546,0.814087291164853,0.739991922589225,0.00542649003936069,0.00100370639149642,0.547588045497298,0.997605329663367,"BARBUNYA"
69584,1047.351,367.078147261778,242.049811465644,1.51653969502835,0.751795914266678,71131,297.652650720351,0.753367112727903,0.978251395312873,0.79714027279782,0.810869982156914,0.00527532402940013,0.00140680465663681,0.657510127963155,0.997140208939296,"BARBUNYA"
77735,1059.634,412.722025804529,242.335599656579,1.70310109777271,0.809467848540305,78734,314.603362998535,0.797069499415541,0.987311707775548,0.869990874409028,0.762264534792566,0.00530934618646078,0.00110571617623992,0.581047221002527,0.989582159947189,"CALI"
67425,1007.262,397.798016982749,216.501779708163,1.83738913148413,0.838922741201591,68000,292.99859437166,0.808259410213378,0.991544117647059,0.835114297491002,0.736551168841966,0.00589985935458285,0.00107110763146528,0.542507624322466,0.996797612677373,"CALI"
72697,1015.816,391.418554409388,239.174206413292,1.63654166675908,0.791596145828416,73964,304.237892419094,0.789181150059164,0.982870044886702,0.885311804473797,0.777269981179505,0.00538424631565797,0.00121225019632529,0.604148623642789,0.988714395506571,"CALI"
70949,1003.932,390.179075825836,232.745574622455,1.67641888125589,0.802605921982895,71510,300.557935279398,0.823227049104242,0.992154943364564,0.884601248016482,0.770307671274404,0.00549943023616732,0.00119441253198404,0.593373908424195,0.994743223726924,"CALI"
64588,979.277,378.636771241538,219.376714480189,1.72596609507402,0.815053532249212,65794,286.768191603174,0.81476435563629,0.981670061099796,0.846351155897476,0.757370158906833,0.00586233930825445,0.0011898260477213,0.573609557602561,0.990030648232426,"CALI"
83461,1115.612,435.778211031525,247.350630601232,1.76178330320923,0.823299847278463,85055,325.984425461005,0.778089573389022,0.981259185233085,0.842688551624505,0.748051226997724,0.00522133944035567,0.00100852588403809,0.5595806382128,0.985859825202476,"CALI"
77043,1083.127,409.988151896001,242.633306539091,1.68974390921037,0.806080682928965,78995,313.199926955661,0.76544694041788,0.975289575289575,0.82524762971021,0.763924336611337,0.00532154967869892,0.00111794198443204,0.583580392067071,0.986101413029931,"CALI"
72336,1040.413,403.37390583679,232.288370308572,1.73652217414479,0.817545750986769,73801,303.481557442891,0.747272727272727,0.980149320469912,0.83975541607934,0.752357931565567,0.0055763921952664,0.00110212559575329,0.566042457189618,0.982945278417172,"CALI"
60427,975.052,389.532030167815,200.61842915909,1.94165626657816,0.857175626720005,61767,277.377082632491,0.767892543079347,0.978305567697962,0.798703049535796,0.712077726992037,0.00644632416250707,0.00102235449426214,0.507054689278145,0.984525914934755,"CALI"
67666,1005.38,345.897745218602,250.206384597779,1.38244971556043,0.690477767158759,68744,293.521765860812,0.731935790931118,0.984318631444199,0.841239943018937,0.848579587228332,0.00511183970115867,0.00163503596996649,0.720087315860606,0.995484504990165,"BARBUNYA"
86593,1178.19,425.809208130966,260.669381142022,1.63352215080056,0.790722982898917,88300,332.044623352422,0.770949074074074,0.980668176670442,0.783902384294279,0.779796718840085,0.00491736292923177,0.00112159906731244,0.608082922713762,0.993316923776475,"BARBUNYA"
79261,1080.206,419.318705000729,243.206956443066,1.72412299028498,0.814612895604521,80793,317.676312549824,0.827808413752768,0.981037961209511,0.853603605607723,0.757601100931742,0.00529035345252682,0.0010750454853177,0.573959428132988,0.989576645534906,"CALI"
83581,1101.693,427.273702802259,251.637571717911,1.69797260355555,0.80817847093095,84407,326.21869104714,0.79728518009768,0.990214081770469,0.86535886475793,0.763488810351882,0.00511209129828859,0.00107149233817194,0.582915163532533,0.989773977875344,"CALI"
82710,1143.233,409.441911868188,258.296241896121,1.58516403050437,0.775905185869079,83999,324.514472319872,0.701383942200061,0.984654579221181,0.795240300339129,0.79257756207514,0.00495033142145071,0.00120498358694038,0.628179191904972,0.995767059719065,"BARBUNYA"
91719,1152.316,442.617224864912,265.25784369131,1.66863010987906,0.80052901943163,92578,341.731265475614,0.797487175028258,0.990721337682819,0.868012522781006,0.772069513516811,0.00482579645291502,0.00105772891881837,0.596091333702085,0.994655947653264,"CALI"
85453,1115.353,438.228090665781,250.243982999496,1.75120330732054,0.820925071281561,86451,329.851692153085,0.83085075352455,0.988455888306671,0.863202120668996,0.752694085976907,0.0051282938067216,0.00101537549087808,0.566548387064612,0.992141409184665,"CALI"
58260,952.149,319.515904092744,232.967057386248,1.37150680305414,0.684380468516288,59309,272.358102277627,0.73540178233319,0.982312971049925,0.807552029764259,0.852408593090164,0.00548431005995097,0.00178604764236578,0.726600409573953,0.996537404832601,"BARBUNYA"
61105,962.336,366.697535128544,213.656485412963,1.71629489467534,0.812722860616549,61842,278.928848240984,0.674604488899193,0.988082532906439,0.829150080507351,0.760651003948548,0.00600110523080834,0.00123923244747221,0.578589949807933,0.993030976965816,"CALI"
76489,1079.856,423.766238455944,234.103967336644,1.81016256698702,0.833554938748619,78182,312.071817915761,0.68005334518782,0.978345399196746,0.824284542432641,0.736424447244409,0.00554022458727326,0.00100512464752359,0.542320966499233,0.981689112849132,"CALI"
77805,1076.812,410.95315804008,245.273535293284,1.67548919433434,0.802359820231333,79744,314.744980544757,0.72038998555609,0.975684691011236,0.843213590553902,0.765890161413627,0.0052818348183289,0.00112106434551884,0.586587739350192,0.982821418810256,"CALI"
92751,1148.629,436.200892896142,273.86417257085,1.59276362731709,0.778342789965947,94765,343.648426467707,0.815128265970629,0.978747427847834,0.883423424891682,0.78782146498157,0.00470292388110254,0.00111752938091301,0.620662660685707,0.988568910774044,"CALI"
69580,1012.777,352.239049688249,252.626048585963,1.39431009454431,0.696866799897443,70646,297.644095393597,0.817069447380164,0.9849106814257,0.852445511541541,0.845005957337861,0.0050623605876437,0.00159210579137952,0.714035067936475,0.995586303082458,"BARBUNYA"
68957,1009.649,378.06775263018,233.081485699187,1.62204111363058,0.787349281794112,69918,296.308587938829,0.702925586136595,0.986255327669556,0.850055700636721,0.783744675067997,0.00548265952158853,0.00127605517161646,0.614255715697441,0.996348025143828,"BARBUNYA"
66997,978.189,381.136300025896,226.262814084342,1.68448492770811,0.804720936019581,68032,292.067166553554,0.788422613443796,0.9847865710254,0.87987235112145,0.766306349024509,0.0056888562178291,0.00121008092583433,0.587225420555273,0.989172370092413,"CALI"
68823,1054.403,368.629335436055,239.064282866035,1.54196741987854,0.761195798162647,70191,296.020548589634,0.70515368852459,0.980510321836133,0.777911510819804,0.803030361757479,0.00535619393859691,0.00137392782713062,0.644857761904347,0.994349659312299,"BARBUNYA"
74734,1045.291,410.542084382337,233.944081088705,1.75487271347836,0.821754348849454,75497,308.470880532081,0.754340277777778,0.989893638157808,0.859515414051164,0.751374566132916,0.00549337763778651,0.00108005327665501,0.564563738631428,0.990737499943622,"CALI"
63731,1034.115,361.470209618719,225.249881808286,1.60475205010928,0.782102960320171,65415,284.85931514612,0.709746753680647,0.974256668959719,0.748898432683614,0.788057515020647,0.00567181135740408,0.00134937667936501,0.621034646980517,0.996606622930875,"BARBUNYA"
84718,1111.272,435.856656079755,248.715106870281,1.75243338277428,0.821203739489204,85289,328.430065235924,0.759530213376367,0.993305115548312,0.862074531563405,0.753527703786694,0.00514479397624772,0.00102316257614269,0.567804000374048,0.995038685128263,"CALI"
81910,1103.621,432.49418727542,244.209114499641,1.77099936733137,0.825328454030074,83523,322.941250244154,0.742678393326684,0.980687954216204,0.845097619626523,0.746695007113469,0.00528011460475424,0.00101250249290486,0.557553433648183,0.987426778244368,"CALI"
78208,1085.393,428.263342297085,236.070838373297,1.81413064505611,0.834354512972381,79877,315.559056778042,0.729661143454247,0.979105374513314,0.834232319647422,0.73683415228927,0.00547595312879865,0.000995676996932706,0.542924567979847,0.98493609672609,"CALI"
70015,1002.196,387.813102485827,233.242643990939,1.66270239373934,0.798925093165137,71660,298.573050901505,0.760577915376677,0.977044376221044,0.875982897325365,0.769889023830535,0.00553900024974401,0.00120039356749013,0.592729109014734,0.985532108397786,"CALI"
59788,929.595,338.39420388936,225.994032941705,1.49735902087578,0.74430261854144,60493,275.906589085194,0.705047169811321,0.98834575901344,0.869433423378795,0.815340765042781,0.00565990171755804,0.00154292664399067,0.664780563140547,0.995415173121378,"CALI"
81614,1097.739,428.140040001952,243.871386626528,1.75559767763005,0.821917475717466,82452,322.357212117265,0.787901606425703,0.989836510939698,0.85109166993496,0.75292470219743,0.00524591418141436,0.00103993723342136,0.566895607179089,0.995240611422285,"CALI"
68605,1034.797,369.540924137764,236.678496692688,1.5613624782212,0.76798630136195,69789,295.551347428084,0.709337551826463,0.983034575649458,0.80511016655083,0.799779748664326,0.00538650133573011,0.00135946536328956,0.639647646373573,0.998721834330202,"BARBUNYA"
64762,1000.168,385.834055922459,214.539056712435,1.79843270421211,0.831155725765706,65876,287.154208390089,0.709642778873548,0.983089440767503,,0.744242774794866,0.00595772298450418,0.00112750526192879,0.553897307834362,0.996147033184358,"BARBUNYA"
48915,894.486,310.087569282118,201.755850755202,1.53694461955584,0.759385013295229,50027,249.560638584534,0.708656283955089,0.977772003118316,0.768253993822044,0.804806974888709,0.00633931451052065,0.00164054817402693,0.647714266829516,0.995500957413177,"BARBUNYA"
71641,1019.09,386.190764887622,238.025590006942,1.62247582235321,0.78747859269079,72827,302.020122217662,0.771411650694519,0.983714831037939,0.86685492967338,0.782049053673118,0.00539063894819478,0.00124381556406928,0.611600722351019,0.992307384948288,"CALI"
65198,991.49,391.145969569904,212.830205846558,1.83783109175727,0.839007635630127,65780,288.119197273703,0.803396054366444,0.991152325934935,0.833426798574634,0.736602751117474,0.0059993553417268,0.00108947606841525,0.542583612953832,0.997177033764543,"CALI"
80035,1129.156,385.280098959418,265.556875123462,1.45083835159716,0.724517255312658,81623,319.223631585882,0.800830498298979,0.980544699410705,0.788827277713816,0.828549495414,0.00481389515786116,0.0013994269037799,0.686494266350795,0.99599220977329,"BARBUNYA"
80627,1103.644,414.043477501856,250.029817826416,1.6559763995401,0.797080290036232,82387,320.402067367491,0.757972022712744,0.97863740638693,0.831825733380381,0.773836770236417,0.00513529558958978,0.00113590669208788,0.59882334696993,0.991637330075817,"CALI"
68570,1035.111,367.793103241146,238.700582448063,1.54081359781002,0.760781776882768,69869,295.475947553249,0.707636738906089,0.981408063661996,0.804211290335588,0.803375443828042,0.00536376116729103,0.00137823541673146,0.645412103745904,0.994459745642857,"BARBUNYA"
81584,1103.915,381.611168333202,274.442137913441,1.39049772471005,0.694837323373567,82696,322.29795999614,0.763837914762939,0.986553158556641,0.841285859927815,0.84457161304757,0.00467752461675331,0.00146805310334361,0.713301209565774,0.991843708934136,"BARBUNYA"
56567,915.89,326.441956349408,220.98322725789,1.4772250382987,0.73603366898568,57388,268.371647770464,0.723076529764416,0.985693873283613,0.847395934857455,0.822111381673046,0.00577089038395899,0.00162609244145395,0.675867123876365,0.998407837953098,"BARBUNYA"
65930,1024.555,366.834109131705,229.415998142809,1.59899096881358,0.780308812284913,67081,289.732088634292,0.752634162490439,0.982841639212296,0.789264166135606,0.789817744375209,0.00556399376811322,0.00133559241455651,0.623812069329942,0.997469865095489,"BARBUNYA"
70073,1026.93,396.170554430732,226.681697154755,1.74769537815957,0.820126607334762,70866,298.696693350005,0.740917357469125,0.988809866508622,0.834985421063043,0.75395985393011,0.00565368336492988,0.00112694865964962,0.568455461338313,0.993486982470535,"CALI"
72049,1065.249,377.350513254725,244.118906850478,1.54576520976252,0.76255042765119,73185,302.878913030643,0.722259535862864,0.984477693516431,0.797876274359325,0.802646087369144,0.00523741499888582,0.00134088990856239,0.644240741568995,0.995844925028955,"BARBUNYA"
59403,960.008,348.68606208718,217.445112270757,1.60355897838258,0.781733331371773,60252,275.016815260272,0.730996886651982,0.985909181437961,0.809969262614004,0.788723281951866,0.00586983926884466,0.00140121447493981,0.622084415492923,0.997549049775554,"BARBUNYA"
82731,1111.05,434.609263054249,244.016372762984,1.78106599214303,0.827502854161171,83717,324.555666682134,0.726347673397717,0.988222224876668,0.842191648443904,0.746775769115678,0.00525328187806564,0.00100779300249304,0.557674049338312,0.993254283977165,"CALI"
71703,1088.317,372.309368469033,246.482682084142,1.51048895330479,0.749470905531807,73141,302.150782021403,0.774665082108902,0.98033934455367,0.760740196540571,0.811558364120334,0.00519238202681942,0.00138939404427509,0.658626978373673,0.994848775181943,"BARBUNYA"
82830,1093.724,419.027377104643,253.500433919918,1.65296512761401,0.796245650847739,84075,324.749798291567,0.750339704683395,0.985191793041927,0.870125790190013,0.775008546065638,0.00505888418573757,0.00112579798223958,0.600638246474774,0.992834075734028,"CALI"
87055,1142.042,455.259717206002,245.537591258756,1.85413449269458,0.842091171165071,87949,332.929224561196,0.753670741420508,0.989835018021808,0.838763323834526,0.73129515302701,0.0052295642663374,0.000922605516421847,0.534792600840798,0.991577407656767,"CALI"
70888,1006.981,384.951674920725,236.534787151744,1.62746325627684,0.788953274481551,72031,300.428701769964,0.714467132979903,0.984131832127834,0.878496499025774,0.780432249922884,0.00543042087406508,0.00124266504670849,0.609074496719695,0.99124636374661,"CALI"
61493,957.394,371.099128049045,211.808795882641,1.75204776790603,0.821116453458223,62177,279.813007782697,0.753000097962382,0.98899914759477,0.843051571424982,0.754011493515867,0.00603481905337266,0.00120325002488842,0.568533332354028,0.996097555931053,"CALI"
69189,1010.92,394.554229993444,225.471050573102,1.74991081555954,0.820631527272546,70236,296.806621996008,0.790261787280702,0.985093114642064,0.850772297916651,0.752258116712979,0.00570255719830384,0.00112646302845085,0.565892274160559,0.990261010995146,"CALI"
67960,1003.526,352.42525640601,246.556513553828,1.42938935713442,0.714535245789863,68906,294.158731742238,0.717308930475075,0.98627115200418,0.84801976839014,0.83466983820068,0.00518577481468526,0.00155257395716249,0.696673738801949,0.995818027638549,"BARBUNYA"
48373,825.148,313.570416993391,197.898700215162,1.58449962861033,0.775690040052303,49026,248.174165652821,0.806539282379618,0.986680536857994,0.892789725504884,0.791446361657426,0.00648234380735929,0.00156890906286302,0.626387343380777,0.992510512953051,"CALI"
72969,1047.623,407.639450438419,230.326909193967,1.76982989901163,0.825073063984358,73840,304.806522797299,0.759476675201399,0.988204225352113,0.835484138722243,0.747735584643432,0.00558647439924378,0.00107723330540001,0.559108504542055,0.989526948130206,"CALI"
63969,969.999,360.881639719697,228.922159110058,1.5764382142936,0.773053043105638,65307,285.390715401121,0.772236708677387,0.97951215030548,0.85435202388353,0.79081528121738,0.00564150822616731,0.00136105350880378,0.625388809006924,0.985886817310078,"CALI"
68978,1054.813,373.103518960022,236.81888213186,1.5754804498751,0.772736448576959,70161,296.353703058933,0.823598242430032,0.98313878080415,0.779057503392573,0.794293508367277,0.00540902199193978,0.00132807488072371,0.630902177434398,0.993974046331528,"BARBUNYA"
64576,1039.574,359.018751658472,230.27793496282,1.55906709740313,0.767198945154012,65886,286.741550600568,0.701531776208582,0.980117172085117,0.750879393249852,0.798681264630266,0.00555963131284799,0.00139546755253606,0.637891762471402,0.994516058573658,"BARBUNYA"
83641,1112.883,429.487083491046,251.59019594808,1.70708990416971,0.810461266495305,85293,326.335760775913,0.812056427732308,0.980631470343404,0.848652830171567,0.759826717309687,0.0051348869990919,0.00105576897283494,0.577336640337615,0.985565550027602,"CALI"
56248,925.453,330.37644384262,218.051018768525,1.51513368618257,0.751258775858584,57157,267.613859716315,0.825295282811239,0.984096436132057,0.82529309928654,0.810027060657499,0.00587356783961421,0.0015598393156584,0.656143838997427,0.994145633446153,"BARBUNYA"
68485,992.387,383.08131682528,228.213881609034,1.67860655155745,0.803183121929921,69084,295.292753418007,0.783401967513155,0.991329396097504,0.873862677521123,0.770835695839187,0.00559365287034065,0.00121821108004715,0.594187669979884,0.997407315682888,"CALI"
74353,1058.789,413.924605876733,231.102295036253,1.79108825298251,0.829625833050872,75245,307.68357101037,0.748711080678294,0.98814539172038,0.833469129543544,0.743332400736763,0.00556701956715577,0.00104841871388706,0.55254305798508,0.989653380424113,"CALI"
70466,1051.738,379.7271200116,238.295475071107,1.59351376646279,0.778581100769223,71737,299.53313299084,0.779836210712705,0.982282504147093,0.800523991970563,0.788811536509927,0.00538879913733716,0.00128695918312748,0.622223640131151,0.991521936367581,"BARBUNYA"
81644,1096.482,414.381487810626,255.305070688411,1.6230836571059,0.787659192909768,83595,322.416453349325,0.754970316805681,0.976661283569591,0.853357726002649,0.778066740029348,0.00507546773566492,0.00114742217266717,0.605387851939898,0.982595128694092,"CALI"
92476,1191.233,457.207521551468,260.127632785385,1.75762765630009,0.822373003833534,93866,343.13860193649,0.688962562860868,0.98519165619074,0.818927525137599,0.750509529616001,0.00494406680167252,0.000967584576807052,0.563264554044431,0.990009358002031,"CALI"
61333,952.52,355.964310954885,220.262098325643,1.61609425162478,0.785567641654377,62227,279.448744848213,0.686812017782556,0.985633246018609,0.849485294988002,0.785047085474898,0.00580379748185945,0.00135979936755415,0.616298926412632,0.99599715225798,"BARBUNYA"
64380,979.195,343.530155349319,239.153655643742,1.43644116342116,0.717881851969933,65278,286.306063313458,0.796506161231257,0.986243451086124,0.843766856222589,0.833423380321089,0.0053359763179453,0.00158802148909813,0.69459453086583,0.997744176022886,"BARBUNYA"
72249,1022.963,390.621168957183,236.546832692863,1.65134812633223,0.795795215249043,73146,303.29900076916,0.757787753560865,0.987736855057009,0.86760461366436,0.776453057008811,0.00540659620143092,0.00121217274347626,0.602879349738328,0.99556368459478,"CALI"
63320,965.707,378.990221074784,215.154913736931,1.76147601973048,0.823231573278433,64441,283.939303324902,0.775267829813284,0.982604242640555,0.853218004587095,0.74919955063662,0.0059853161887995,0.00116320669617992,0.561299966674114,0.988716431171968,"CALI"
52655,915.993,310.996646534652,216.530092771709,1.43627448062169,0.717803495730428,53696,258.925526412577,,0.980613081048868,0.788615250784711,0.832566940183152,0.00590630797710858,0.00175054185418739,0.693167709885937,0.99557909250015,"BARBUNYA"
74942,1056.788,413.202505877006,234.253131922028,1.76391454187491,0.823772241425899,76553,308.899851022208,0.776762023217247,0.978955756142803,0.843255916093382,0.74757497021123,0.0055136306193724,0.00106227372414299,0.558868336086321,0.985795985016096,"CALI"
81837,1095.937,433.838185586029,241.527026361365,1.79623039343405,0.830699235821582,82554,322.797311981515,0.77199618893092,0.991314775783124,0.856225949327722,0.744050023041379,0.0053012474258102,0.00100222763863795,0.553610436787877,0.994411892680682,"CALI"
72854,1032.067,400.170775370283,235.725708259706,1.69761193348246,0.808087275371962,74426,304.566238759544,0.761943607764391,0.978878348964072,0.859503167915586,0.761090658051491,0.00549277699742338,0.00113688698600842,0.579258989773252,0.983356973616069,"CALI"
84995,1157.954,464.620883965347,234.341289738335,1.98266760622569,0.863487067852383,86358,328.966556210149,0.782224962727089,0.98421686467959,0.796563913285513,0.708032220597911,0.00546644960251011,0.000847417050490922,0.501309625404809,0.993930354979252,"CALI"
71992,1052.401,376.497677677974,243.998559437669,1.54303237914875,0.761576910124125,73278,302.759081291666,0.773242825227702,0.982450394388493,0.816829847287453,0.804145946288205,0.00522971549169317,0.00134895460066201,0.646650702931753,0.997802972622993,"BARBUNYA"
71208,1024.261,397.993647780491,229.715439389032,1.73255071073596,0.81661434974924,72235,301.106030330682,0.748541454235827,0.985782515401121,0.852937833261654,0.756559889862247,0.00558917042720608,0.00112953675257994,0.572382866948375,0.991682342944492,"CALI"
85914,1125.237,423.488944630973,258.849399080413,1.63604376187643,0.791452564114637,86826,330.740233788357,0.813086765596608,0.989496233847004,0.852679447508162,0.780989062362804,0.00492921927312164,0.00113119560051423,0.609943915530331,0.997894938097882,"BARBUNYA"
77728,1053.386,405.423742912421,245.362622954306,1.65234516174831,0.796073138150507,78359,314.589197737581,0.807270083605961,0.991947319388966,,0.775951589508999,0.00521592917497454,0.00116640656884314,0.602100869261542,0.994878458208758,"CALI"
74967,1059.749,414.629376439675,232.186791526691,1.78575781039642,0.828501832648704,75687,308.951369879081,0.633284900910642,0.990487137817591,0.838830020674738,0.745126581555736,0.00553082524897188,0.00105169528310144,0.555213622540938,0.991477062890971,"CALI"
69674,1015.799,400.528512014548,224.179126142161,1.78664498745774,0.828689710839546,70720,297.845080603789,0.795165597680948,0.9852092760181,0.848525789134361,0.743630157827494,0.00574860797448901,0.00108435236896119,0.552985811630543,,"CALI"
70066,1006.869,387.151252066912,231.783506536774,1.67031406958842,0.800980973990172,70755,298.681773701399,0.797473252902345,0.990262172284644,0.8685028525672,0.77148600735967,0.00552552239412714,0.00120743933640302,0.595190659551765,0.994155332736923,"CALI"
71966,1043.71,407.182713581594,226.723445779287,1.79594444757153,0.830639823964353,72765,302.704405445991,0.805204976727533,0.989019446162303,0.83019007951929,0.743411729794204,0.00565798729374419,0.00106600530891882,0.55266099999561,0.992548454331445,"CALI"
85127,1130.235,443.996142495099,246.755251689777,1.79933816789965,0.831342849678412,86501,329.221904989128,0.738027118879179,0.984115790568895,0.837412980662849,0.741497219185325,0.00521569117313073,0.000972589860765693,0.54981812605957,0.989308739622045,"CALI"
74044,1048.432,388.726497998075,244.224105910836,1.59167948040312,0.777997643732971,74909,307.043561812278,0.74543441055069,0.988452655889146,0.846484870715541,0.789870418902596,0.00524993919828851,0.00126054233126206,0.623895278657362,0.993041312959308,"CALI"
60155,959.281,352.887465760194,217.492232179702,1.62252905413478,0.78749441871431,61020,276.752099926168,0.681967621984401,0.985824319895116,0.821466599231215,0.784250297272492,0.00586630314620885,0.00136887260605082,0.615048528771991,0.997934107635407,"BARBUNYA"
69856,1020.927,366.01059658704,243.404842351886,1.50371123700943,0.746824391684643,70962,298.233837176501,0.789761678650568,0.984414193512021,0.842217379328293,0.81482295856311,0.00523950121087723,0.00142469774452101,0.66393645380154,0.998368706241566,"BARBUNYA"
67585,1014.517,379.406223212307,229.825842589212,1.6508423027538,0.795653987528766,69220,293.346032239957,0.725791728863068,0.976379659058076,0.825166379045563,0.77317137751799,0.005613763752494,0.0012374765211592,0.597793979013066,0.986863588886284,"CALI"
62296,970.321,376.03181896293,211.968930718027,1.77399497977913,0.825979979487108,63057,281.634036790338,0.811177519955207,0.987931553990834,0.831455794809675,0.748963312644834,0.00603621129708055,0.00117161891696456,0.560946043687923,0.995115465429342,"CALI"
79101,1088.63,417.479494650353,243.390766013498,1.71526431133053,0.812471774146204,80327,317.35551236444,0.688002296211251,0.984737385934991,0.83874750527775,0.760170299214889,0.00527780299427761,0.00108711759945519,0.577858883808455,0.99118072038194,"CALI"
94239,1187.663,454.0284756081,268.870292468973,1.68865244069496,0.80579970857837,96908,346.394026299959,0.770530808477237,0.972458414166013,0.839564524572103,0.762934584303372,0.00481784055017668,0.00100688853110364,0.582069179926159,0.982912541335624,"CALI"
66124,972.564,377.194096486406,224.445405857833,1.68056055789944,0.803696418185779,66955,290.158045995743,0.806478759863888,0.987588678963483,0.878481462356915,0.769253942992718,0.00570434481408272,0.00123215248272437,0.591751628809844,0.994474447450573,"CALI"
67184,987.838,373.104541978045,231.366882710522,1.61260997082655,,68131,292.474487047139,0.750323877596605,0.986100306761973,0.865175602925431,0.783894201599801,0.00555347317781087,0.00129352328054453,0.614490119301789,0.990932893360461,"CALI"
72342,1046.653,388.476670662145,238.066398417261,1.63179967120458,0.79022228069327,73305,303.494143510597,0.819609353756911,0.986863106200123,0.829841080058225,0.781241619975022,0.0053700018061727,0.00123394465776931,0.610338468781196,,"BARBUNYA"
76781,1133.819,394.296424092265,248.987397250683,1.58359992692836,,78061,312.666924192999,0.803240958687715,0.983602567223069,0.750544016961587,0.792974283022753,0.00513533848337824,0.00125252167116892,0.628808213535449,0.995780641006691,"BARBUNYA"
59582,943.815,331.552771625277,229.214824850084,1.44647176220877,0.722532093001975,60606,275.43085984401,0.743177169086464,0.983103983103983,0.840526074723861,0.830730078032053,0.00556464656482288,0.0016347716170951,0.690112462547141,0.9982281898228,"BARBUNYA"
86375,1126.579,434.384644894425,255.21764886165,1.7020164821356,0.809196302893344,87679,331.626394722283,0.782850254681241,0.985127567604558,0.855213644866962,0.763439496814819,0.0050290552230903,0.00105381570260208,0.582839865296864,,"CALI"
67724,969.983,359.9504776723,240.513029449297,1.49659450257842,0.743996363973273,68288,293.647535197631,0.799310735530167,0.991740862230553,0.904532590828246,0.815799820843602,0.00531496186982901,0.00145215956023119,0.665529347688454,0.996027563055141,"BARBUNYA"
68068,990.337,385.206848778065,227.200015546453,1.69545256346739,0.80753984369824,68964,294.392373085705,0.80114873533185,0.987007714169712,0.872141282458783,0.764244908987373,0.00565914745222521,0.00119086077358009,0.584070280913117,0.990263455019263,"CALI"
56778,908.906,315.944478837902,229.552820758537,1.37634762140536,0.687102354498371,57545,268.871707085318,0.759226572528883,0.986671300721175,0.863678311403283,0.851009354790038,0.00556455808302339,0.00180031201205127,0.724216921940157,0.996774237893845,"BARBUNYA"
76819,1063.539,416.671107582335,235.123124598422,1.77214005765697,0.825576996667246,77533,312.744286257975,0.686668692791762,0.990791018018134,0.853437404400601,0.750578287207439,0.00542406315602045,0.00106191190143746,0.563367765227252,0.998366583951903,"CALI"
69545,996.279,382.56038794889,232.859284001122,1.64288226509812,0.79341094919694,70165,297.569225792263,0.822784061331693,0.991163685598233,0.880468500126693,0.777835957841037,0.00550090427707081,0.00124212674775346,0.605028777310483,0.993991048117392,"CALI"
74540,1031.421,391.055070777684,244.142572647848,1.60174879184936,0.781170598743559,75112,308.070244691952,0.802540913006029,0.992384705506444,0.880495850107293,0.787792481706728,0.00524624457710872,0.00124645218504648,0.620616994233645,0.99407252071492,"CALI"
50798,900.901,308.394057454167,210.46704396832,1.46528431073792,0.730921624279929,52164,254.31874172671,0.738622153720883,0.973813357871329,0.786506542802841,0.824655130601879,0.0060709881777662,0.00173192312499858,0.680056084428001,0.996475510934215,"BARBUNYA"
60110,949.622,345.910240485353,222.224371790931,1.5565810252837,0.766341327200614,61062,276.64856593525,0.727539003401072,0.984409288919459,0.837635465635283,0.799769806025633,0.00575462053710452,0.00145230044420672,0.639631742630279,0.995638633747438,"BARBUNYA"
65525,993.29,391.472709298268,215.343296321539,1.81790060793786,0.835108619029957,66623,288.840823237941,0.707445315367839,0.983519205079327,0.834573839495913,0.73783131333906,0.00597440227849322,0.00109220096286823,0.544395046943642,0.989656086797208,"CALI"
70090,1026.526,393.182770572753,227.427567143342,1.72882634902804,0.815734085141758,70820,298.732923680145,0.741481269901721,0.989692177351031,0.835845515214086,0.759781318100431,0.00560968427126199,0.00115311500675975,0.577267651334428,0.997995526068488,"CALI"
78575,1082.541,427.956788639978,237.191141725389,1.80426969374535,0.832356330519502,79990,316.298588722058,0.763101157641209,0.982310288786098,0.842569135433103,0.739090013567108,0.00544647519745439,0.00100250057379038,0.546254048154628,0.985589624171111,"CALI"
83969,1106.607,437.193502597012,245.376284993624,1.78172679812303,0.827644103272006,84557,326.975001080919,0.77132017930629,0.993046110907435,0.861672075809962,0.747895380737878,0.00520660604028883,0.00100484224263829,0.559347500529055,0.99660443115575,"CALI"
61302,957.18,335.877801110831,232.860765684327,1.44239756372766,0.720658580970957,62348,279.378113980596,0.740809667673716,0.983223198819529,0.840808854617569,0.831784991614878,0.00547906758524732,0.00161782201075777,0.691866272275762,0.997946225555896,"BARBUNYA"
70288,1013.533,391.792296753926,229.374597649031,1.70808930356539,0.810708888962405,70876,299.154577301343,,0.991703820757379,0.859835283917475,0.763554004966142,0.00557409937334859,0.00116872815759071,0.583014718499834,0.995841204490756,"CALI"
70978,1053.128,370.864511631015,245.343368306009,1.51161416830492,0.749905933300618,72273,300.619354676661,0.802446524668747,0.98208182862203,0.804213394816726,0.810590782478959,0.00522506285935099,0.00139148306751186,0.657057416639852,0.993217300382628,"BARBUNYA"
63975,985.876,378.401146082889,217.376548021642,1.74076343343724,0.81853223717321,64993,285.404099260035,0.792515237104207,0.984336774729586,0.827133422290475,0.754236878546655,0.00591482838738396,0.00118073643611286,0.568873268959802,0.990273784865132,"CALI"
83112,1139.537,393.345556899864,269.348652998301,1.4603583590312,0.728765424508283,84375,325.302144232141,0.747309265836443,0.985031111111111,,0.827013648751994,0.00473271677856223,0.0013656549606558,0.683951575222086,0.998814400048132,"BARBUNYA"
70145,1006.802,390.783590578007,230.027979101622,1.6988524270144,0.808400647922811,71034,298.850109361613,0.785322436184505,0.987484866402005,0.869597824085441,0.764745799381147,0.00557108262282425,0.00117540561960638,0.584836137671109,0.99355029188829,"CALI"
66441,973.541,376.701297931236,227.310840613755,1.657207799303,0.797420038741792,67348,290.852726636263,0.806694834996722,0.986532636455426,0.880922153698637,0.772104392083503,0.00566971144220038,0.00124292467719659,0.596145192274636,0.987936462154512,"CALI"
84791,1111.688,440.922721417159,246.956170426263,1.78542905267804,0.828432129399678,85718,328.571535951669,0.685745018115942,0.989185468629693,0.862171744363512,0.745190755639936,0.00520011229278059,0.000989150373832701,0.555309262291218,0.99146529011595,"CALI"
74216,1092.082,408.94488649057,231.857819657081,1.76377439887687,0.823741239293947,75550,307.399977313052,0.737674936386768,0.98234281932495,0.781982275871984,0.751690478272163,0.00551019842743573,0.00108518353893672,0.565038575125033,0.9966005731834,"BARBUNYA"
71424,1006.911,394.290282140651,232.209476328325,1.69799393364617,0.808183862109997,72340,301.562367087082,0.788022551496629,0.987337572573956,0.885262080466234,0.76482322985457,0.00552041725667354,0.00116518785284819,0.584954572925176,0.993249316285537,"CALI"
86333,1152.539,445.724655578619,249.592144460296,1.7858120356409,0.82851332522981,88054,331.545757951479,0.672228797458498,0.98045517523338,0.816724222892395,0.743835356204565,0.00516285378219938,0.000974937686204247,0.553291037139972,0.988073793336798,"CALI"
57017,903.261,355.333937233619,205.457650174467,1.72947532949921,0.815887951421396,57649,269.437003995674,0.66864855990243,0.989037103852625,0.878188424865029,0.758264200974783,0.00623207003584228,0.0012708500155666,0.574964598479926,0.994387088406449,"CALI"
61788,975.206,337.790499937006,233.239336145487,1.44825699437896,0.723346533860235,62654,280.483377386426,0.760187007874016,0.986178057266894,0.81643435759881,0.830347145460671,0.00546692723404231,0.00160310454026925,0.689476381974685,0.998538992653934,"BARBUNYA"
83469,1105.279,420.016884071934,255.473201145226,1.64407414237226,0.793749285834323,85238,326.000048404136,0.698502891285974,0.979246345526643,0.858600698078402,0.77615938969802,0.00503201049577609,0.00112648383550643,0.602423398216403,0.990428731767617,"CALI"
62169,1006.857,350.406481501034,226.270269218354,1.54861919204633,0.763560292281785,63136,281.34681312686,0.746075748847926,0.984683857070451,0.770633986222264,0.802915550881527,0.00563635383392099,0.00144496553809512,0.644673381847386,0.998353571730275,"BARBUNYA"
71534,1016.281,393.79130586443,232.853488655806,1.69115484649884,0.806442946997969,72173,301.79449563086,0.753655864132496,0.991146273537195,0.870351659829328,0.766381814774648,0.00550495297151606,0.00117142405984109,0.587341086017283,0.993284724166021,"CALI"
68133,1001.023,356.178450239771,244.359183361237,1.45760206488017,0.727546564846295,69129,294.532901220629,0.704894627393774,0.985592153799418,0.854435459925638,0.826925101791971,0.00522769363215726,0.00150783768116556,0.683805123973662,,"BARBUNYA"
48165,824.701,310.021008765904,198.259982140897,1.56370945572659,0.768786945544883,48758,247.640026393491,0.806905563652812,0.987837893268797,0.889914711484673,0.79878466101142,0.00643664504860177,0.00161643479138851,0.638056934667129,0.997735662030911,"BARBUNYA"
73240,1042.358,404.769006143774,232.410642101049,1.74161132418276,0.818728444661516,74073,305.372009615163,0.709634912022324,0.988754336937886,0.847079929536551,0.754435258085683,0.00552661122533825,0.00110440047392242,0.569172558642811,0.991277373546395,"CALI"
80479,1088.685,416.959755763198,246.645757078451,1.69052069130294,0.806280257347607,81340,320.107865134147,,0.989414802065404,0.853272908525407,0.767718852262433,0.00518097585411348,0.00111019726333395,0.589392236119147,0.996379770452724,"BARBUNYA"
73927,1082.44,397.722744225959,237.130510360213,1.67723142678603,0.80282061799291,74724,306.800879763465,0.803886387855854,0.989334082757882,0.792876016959271,0.77139385216844,0.0053799389157677,0.00117506475631719,0.595048475163265,0.998034003004933,"BARBUNYA"
70000,1032.254,401.151181528169,222.821111419734,1.8003284292596,0.831547126706964,70675,298.541066072092,0.807568066451315,0.990449239476477,0.825533601872852,0.744210860690507,0.00573073116468813,0.0010843608091125,0.553849805169705,0.997111549786912,"CALI"
71888,1066.122,420.644687636735,218.681473063687,1.9235497262003,0.854244058091973,72578,302.540318622033,0.811413607837826,0.990492986855521,0.794790110501018,0.719230094933005,0.00585138948971644,0.00096585109304168,0.517291929457339,0.995036749273292,"CALI"
84166,1108.716,443.613454942204,242.451087841596,1.82970288519405,0.837435073450383,84748,327.358335043084,0.811786265432099,0.993132581299854,0.8604109364277,0.737935992238408,0.00527069665829675,0.000964101054439877,0.544549528640883,0.996363843685282,"CALI"
62075,991.584,336.610627095769,237.772589362407,1.41568306085406,0.707840006648698,63581,281.13403340655,0.715966367169929,0.97631367861468,0.793355014910541,0.835190605335716,0.00542264401281947,0.00162754595284169,0.69754334724104,0.987500300900584,"BARBUNYA"
66058,992.161,388.391484740419,217.529666484234,1.78546444270197,0.828439634927696,66621,290.013202882413,0.790687653360464,0.991549211209679,0.84327840955672,0.746703298802348,0.00587955258621846,0.00112749940565681,0.557565816442308,0.995513939723836,"CALI"
88341,1136.526,439.28073438443,256.992158168474,1.70931571420344,0.811012061960014,89092,335.379269814711,0.768824409942213,0.991570511381493,0.859435768135319,0.763473659469002,0.0049725578653675,0.00104216345714288,0.58289202870299,0.996346504345945,"CALI"
68732,1029.691,359.009354849489,244.455780132707,1.46860652938783,0.73236005688581,69923,295.82477987609,0.79025007185973,0.982966977961472,0.814619893894497,0.824002984546493,0.00522332181297633,0.00148539406898741,0.678980918541528,,"BARBUNYA"
63076,990.318,387.096806428728,210.592715133714,1.83813009003157,0.83906502945357,63886,283.39170334312,0.72108283604271,0.987321165826629,0.808210824689471,0.732095172671744,0.00613699039933934,0.00108744018898094,0.535963341849271,0.985170345807023,"CALI"
80294,1088.569,425.761089194498,242.492364660888,1.75577111382415,0.821956466493012,81493,319.739731664623,0.804758754785816,0.985287079871891,0.851492903532867,0.750983919807097,0.00530252682883526,0.00104036369623573,0.563976847808832,0.990214258248344,"CALI"
79613,1131.686,407.178258226655,249.718131467602,1.63055143746934,0.789858244381582,80930,318.380935162582,0.779320066172656,0.98372667737551,0.781163543635746,0.781920273811271,0.00511446947391324,0.00117931615719943,0.611399314597093,0.996918031284058,"BARBUNYA"
98270,1195.813,465.202982583203,271.949324023827,1.71062378718192,0.811334579367117,99879,353.72482251197,0.719905643790658,0.983890507514092,,0.760366626515996,0.00473392675875855,0.000976098138645892,0.578157406719316,0.989009812669476,"CALI"
65526,992.787,361.204135254129,231.623565835281,1.55944467028454,0.767328753882504,66422,288.843027280072,0.697560040878896,0.986510493511186,0.835432484544388,0.799667000148969,0.00551237883060356,0.00139045044807888,0.639467311127252,0.997213890158577,"BARBUNYA"
69825,1023.473,392.197273998987,229.043914447881,1.71232348584503,0.811752361360947,71138,298.167656212294,0.790233137166139,0.981542916584666,0.837660483469188,0.760249180653572,0.00561686035086268,0.00115743665548209,0.577978816684427,0.989686702129662,"CALI"
71968,1016.094,387.088756127703,238.232123205979,1.62483862763134,0.788179262525654,72580,302.708611630889,0.834798747245099,0.991567925048223,0.875954451537591,0.782013444820969,0.00537862322320618,0.00124081708427081,0.611545027880759,0.993661983836542,"CALI"
80724,1071.17,416.301260264978,247.544811085959,1.68172081021896,0.80400020314694,81330,320.594742641237,0.799722607489598,0.992548874953892,0.884088488503174,0.770102743472784,0.00515709405214036,0.00111886965861295,0.593058235504309,0.997358376319334,"BARBUNYA"
79616,1073.247,413.952280805032,247.406881537155,1.67316397277683,0.801742170496332,80746,318.38693376713,0.740972377336014,0.986005498724395,0.868582053870665,0.769139218530088,0.00519936044017574,0.00112240479889532,0.591575137481075,0.989802207223833,"CALI"
77324,1082.531,421.9254307582,234.676045456373,1.79790583200635,0.831046692334258,78213,313.770576308713,0.767316318024848,0.988633603109457,0.829169831492737,0.743663579947924,0.00545659084835497,0.00102945461483972,0.553035520140962,0.994305786968098,"CALI"
84331,1113.655,434.332891105407,249.798470509711,1.73873318847452,0.818061066020923,85972,327.679056466935,0.750937213381893,0.980912390080491,0.854467938576872,0.754442187495793,0.00515033488403323,0.00102924577714952,0.569183014273438,,"CALI"
81433,1085.641,428.028825008098,243.485139962184,1.75792586387233,0.8224397676331,82276,321.999558767428,0.805565447926559,0.989753998735962,0.868236073109891,0.75228475269472,0.00525620847823484,0.00103843994060671,0.565932349136956,0.994867113749882,"CALI"
73187,1095.733,373.353352146559,250.677651176169,1.48937629818534,0.7410752387774,74557,305.261498654076,0.696236610285584,0.981624797135078,0.766009801322488,0.817620886216782,0.00510136160993836,0.00140628641186539,0.668503913577916,0.995653884127091,"BARBUNYA"
58836,962.165,327.389495156372,229.899974406287,1.42405189910025,0.711958445079763,60103,273.701154279696,0.709380274897516,0.978919521488112,0.798645214419836,0.836010801595718,0.00556444175600605,0.00167667511487082,0.698914060384715,0.995289894998721,"BARBUNYA"
75297,1042.473,401.414812096316,240.355003145511,1.67009135172152,0.800921292248348,76241,309.630615411208,0.717729482413497,0.987618210674047,0.870678671907263,0.771348256418886,0.00533108639250324,0.00116411930648127,0.594978132680456,0.993667833853048,"CALI"
73076,1043.319,407.106750920701,230.326475406297,1.76752043030469,0.824566995816525,73830,305.029921435696,0.66564646299029,0.989787349315996,0.843626859215905,0.74926274434371,0.00557100485687095,0.00108305336120377,0.561394660061468,0.992276531122603,"CALI"
77320,1069.137,420.807370270451,236.70207178601,1.77779335472349,0.82680063779032,78405,313.762460467983,0.750679611650485,0.986161596836936,0.850031441953719,0.745620164082034,0.0054424129626287,0.00103762835775703,0.555949429085719,0.988363200590912,"CALI"
64244,963.98,342.931657420041,239.140808144411,1.43401563322038,0.716738085441013,65055,286.003498775742,0.751268798091541,0.987533625393897,0.868773150098622,0.833995615707853,0.00533795618921676,0.00159297822035087,0.695548687019921,0.997427690852476,"BARBUNYA"
66371,1046.92,371.427424314922,228.271012790798,1.62713355398883,0.788856291443529,68131,290.699469940379,0.715166208717203,0.974167412778324,0.760958954925223,0.782654836208067,0.00559623064764613,0.00129525853008405,0.612548592639877,0.996698368532981,"BARBUNYA"
80933,1114.025,377.112547756917,274.979670667479,1.37141973747195,0.684331149772281,82222,321.00949530201,0.717395736382573,0.984322930602515,0.819493718448432,0.851229950346095,0.0046595646739515,0.00150908148200191,0.724592428366215,0.993720357884158,"BARBUNYA"
81767,1094.281,425.281192933877,245.728190619646,1.73069761292531,0.816177193255538,82504,322.65922868308,0.685447229440858,0.99106709977698,0.858084803352838,0.758696208635887,0.00520113484576757,0.00106303981658517,0.57561993699847,0.996224050915471,"CALI"
83546,1120.191,438.014309858433,244.911329961093,1.78846078671826,0.829073240473184,84546,326.150380966271,0.789473186865107,0.98817211931966,0.836664548998922,0.744611245855606,0.00524279211282926,0.000994170253384749,0.554445907454638,0.991604763839043,"CALI"
93044,1161.429,437.213921659561,272.067774380769,1.60700370580333,0.782797837495375,94175,344.190790406046,0.755699584967878,0.9879904433236,0.866788029434836,0.787236575403589,0.00469900178044324,0.00111328517546228,0.619741425653171,0.995926767664487,"CALI"
68888,1013.834,407.399305485465,218.590105197726,1.86375913546934,0.843868518698595,70240,296.160304155901,0.740253599828068,0.980751708428246,0.84220872631032,0.726953384967092,0.00591393719494636,0.00101878542526014,0.528461223915113,0.984924433813099,"CALI"
62716,937.448,356.99278767527,224.568972015893,1.58967992982577,0.777358814802993,63313,282.581831135001,0.775037073652991,0.990570656895108,0.8967963701149,0.791561737073651,0.00569221231703664,0.00137847858933862,0.626569983599055,0.996045727558677,"CALI"
82879,1099.559,409.282143768966,262.31049725909,1.56029647324678,0.767621175381344,85153,324.845840712338,0.682232758762615,0.97329512759386,0.861424641987111,0.793696587202467,0.00493830938801103,0.0012088602842984,0.629954272536843,0.982915429745975,"CALI"
83097,1138.925,447.95286024796,238.972490794608,1.87449550681951,0.845814652739266,83743,325.272787747235,0.760822193737411,0.992285922405455,0.805016824315354,0.726131735306219,0.0053907224117352,0.000924460592725961,0.52726729701882,0.988360179154648,"CALI"
70374,1067.18,394.947769347406,227.144453858224,1.73875154175641,0.81806533398908,71394,299.337534768349,0.792339390664055,0.985713085133204,0.776509450373195,0.757916762672089,0.00561212620211166,0.00114233436204376,0.57443781913934,0.998804643671719,"BARBUNYA"
68264,1027.426,408.548354133529,215.818717858752,1.89301631566968,0.84908424242731,69822,294.815915923481,0.73307560137457,0.977686116123858,0.812644299275676,0.72161817062938,0.00598482881362839,0.00100106283180399,0.520732784182494,0.985755656561557,"CALI"
65293,973.285,359.769278932829,233.307283903504,1.54204049232183,0.761221979589694,66249,288.32903009304,0.71489729777077,0.985569593503298,0.866156616147705,0.801427600901056,0.0055100742642064,0.00140214974149039,0.642286199486022,0.990431327266942,"CALI"
64605,996.636,385.591427430889,216.202280429047,1.78347530222944,0.828016977997699,66097,286.805928787421,0.787097953216374,0.977427114695069,0.817340188904646,0.743807845258245,0.00596844559137666,0.001126896476182,0.553250110667714,0.986707908331572,"CALI"
74810,1036.905,399.995928909268,239.325891317446,1.67134415214068,0.801256637376519,75543,308.627688877128,0.795766407828954,0.990296916987676,0.874362617330032,0.77157707509352,0.00534682434045272,0.00116894194115202,0.595331182809871,0.99500329097627,"CALI"
65736,1014.17,399.521978390412,211.150017605122,1.8921238223033,0.848929168772552,66585,289.305504117552,0.721612364977606,0.987249380491102,0.803140670375328,0.724129133729015,0.0060776740049655,0.00103081622851155,0.524363002315134,0.992159728214945,"CALI"
78179,1130.225,402.751892289658,248.624673924041,1.61991923783359,0.786716295371457,79646,315.500545748894,0.676523018345448,0.981580995906888,0.76907758898225,0.783362044446925,0.00515166339157137,0.00119667809729855,0.613656092680066,0.994073309946234,"BARBUNYA"
67109,1017.317,397.484858244752,218.458078312362,1.81950176123224,0.83542727584893,68530,292.3111913828,0.643398143887099,0.97926455566905,0.814850671223817,0.735402079650563,0.00592297394156897,0.0010686094228115,0.540816218754373,0.98401606252654,"CALI"
85209,1122.182,430.644162171497,256.052876396837,1.6818563736971,0.804035648782351,87141,329.380431063138,0.751640732507674,0.977829035700761,0.850293258905931,0.764855209930763,0.00505397507506833,0.00106691488862955,0.585003492158231,0.983891851921385,"CALI"
75636,1108.609,404.089598772098,239.006326462355,1.6907067053547,0.80632800078907,77056,310.326837714028,0.682309003815864,0.981571843853821,0.773359842617974,0.767965418206791,0.00534255643836397,0.00114629272859795,0.589770883561531,0.997129587460444,"BARBUNYA"
71940,1033.77,399.303049964178,230.492824757661,1.73238820073468,0.816576078159206,72706,302.649719722731,0.768959435626102,0.989464418342365,0.845926145070642,0.75794492366107,0.00555050111153986,0.00112995865016395,0.574480507303585,0.995223252404804,"BARBUNYA"
84307,1126.741,444.355685104551,242.408476192808,1.83308641712313,0.838092585309489,84990,327.632425590001,0.819071213446031,0.991963760442405,0.83449800741466,0.737320206700885,0.00527068553150451,0.000960884997659525,0.543641087209436,0.996541092753665,"CALI"
79508,1120.351,410.47177395323,248.306459014414,1.65308536710035,0.796279082086006,80728,318.170912754141,0.706888580674988,0.984887523535824,0.795998924222278,0.775134693647398,0.00516264745627145,0.0011496375334579,0.600833793295846,0.993229551756759,"BARBUNYA"
63557,1023.845,372.083045250057,218.355072396237,1.70402748682136,0.809699298017273,64632,284.470184280766,0.714115571735149,0.98336737219953,0.761912021812528,0.764534121917832,0.00585432045644158,0.00123379710476082,0.584512423576671,0.996025236163219,"BARBUNYA"
91212,1167.053,462.270938846192,254.923935703333,1.81336812320424,0.83420133026261,92970,340.785453554555,0.803360989272314,0.9810906744111,0.841551471898836,0.737198523457133,0.00506809343996614,0.000923341175312831,0.543461662987377,0.985496055844873,"CALI"
73609,1071.166,393.925189433199,238.664844274018,1.65053713977632,0.795568710012915,74988,306.140310394451,0.763634288796904,0.981610390995893,0.806171096297744,0.777153425590636,0.00535159001525898,0.00120417514867566,0.603967446907261,0.996870702336318,"BARBUNYA"
64149,943.894,351.202664379149,233.28415186695,1.50547159577069,0.747516105059775,64831,285.791958520907,0.771281200403982,0.989480341194799,0.904801483146676,0.813752250502216,0.00547479562236588,0.00148086846409495,0.662192725197422,0.996912338710707,"CALI"
55972,897.386,342.49191630119,208.795576170726,1.64032170883326,0.792681100475094,56563,266.956482966637,0.80088141025641,0.989551473578134,0.873417943299272,0.779453383454089,0.00611898657009202,0.00139322047740095,0.607547576978026,0.996573479666104,"CALI"
84439,1151.132,400.109245290978,270.128501311909,1.48118115396118,0.737692493001829,86044,327.888813346678,0.727765567765568,0.981346752824137,0.800760591241345,0.819498217563609,0.00473844130426673,0.00131827896171284,0.671577328589933,0.994727682535003,"BARBUNYA"
78654,1071.536,413.299098435788,244.978921989925,1.6870802397146,0.805393848464508,79570,316.457553475343,0.701222284629169,0.988488123664698,0.860829506793766,0.765686532279018,0.00525464818617982,0.00111410837797205,0.586275865713468,0.989094428066765,"CALI"
73078,1012.867,378.135180466631,246.944056955346,1.53125847663145,0.757308232431931,73829,305.034095553524,0.79023746701847,0.989827845426594,0.89514146203019,0.806680021618463,0.00517440516251993,0.00135159133635351,0.650732657278364,0.996439897478401,"BARBUNYA"
78661,1110.302,373.663048616508,268.556025340765,1.39137838423985,0.695308142944078,80166,316.471635108761,0.767244742694393,0.981226455105656,0.801838828780806,0.846943887763323,0.00475029619018965,0.00150771412968265,0.717313949019652,0.998055123379666,"BARBUNYA"
65272,960.989,373.023935682617,223.751842989974,1.66713234938285,0.800125671785046,65819,288.282659145419,0.73999501167721,0.991689329828773,0.888177876290461,0.77282616896386,0.00571491505825801,0.00125752555788023,0.597260287435357,0.995711946185184,"CALI"
85369,1127.369,431.933426802701,254.192533619098,1.69923726969079,0.808497702492161,86927,329.68953076265,0.666591185932473,0.982076915112681,0.844068865467026,0.763287836283265,0.00505960508852981,0.00105937507243822,0.582608321017988,0.989989772705742,"CALI"
80301,1093.43,428.404507295311,239.918349240311,1.78562627098691,0.82847394897221,80972,319.753668754212,0.793833287199968,0.991713184804624,0.844012438660781,0.746382597076171,0.00533498346590094,0.00102131299846426,0.55708698121817,0.994749148887954,"CALI"
85329,1105.44,400.51412017793,272.687890058922,1.46876386806685,0.732427868579574,86101,329.612283012491,0.733564876505532,0.991033785902603,0.877477863924211,0.822972940045309,0.00469376320099767,0.00132813787134918,0.67728446004682,0.994770943319934,"CALI"
65301,1011.629,357.962785962669,232.599219330536,1.53896813150514,0.76011716784707,66437,288.346693254407,0.773177200502025,0.982901094269759,0.80183896132357,0.805521424465832,0.00548173513365291,0.00142365970688428,0.648864765273463,0.998582195412423,"BARBUNYA"
70383,1043.44,402.492771875126,225.138784131409,1.78775404436847,0.828924123700024,71642,299.356675016768,0.676746601026903,0.982426509589347,0.812349047735203,0.74375664840422,0.00571860778703843,0.00107942759804546,0.553173952045479,0.988938970008594,"CALI"
68256,1015.699,395.595033682212,221.89724300295,1.78278480763708,0.827869878702994,69414,294.798640372447,0.797569525590091,0.983317486386032,0.831420345936677,0.745203087178449,0.00579575471287816,0.00110252473438732,0.555327641140291,0.990029681885845,"CALI"
81456,1095.295,433.780230195933,239.890284074821,1.808244264118,0.833166231833005,82228,322.045028460225,0.744624835454147,0.990611470545313,0.853239069585042,0.742415181795542,0.0053253318379976,0.000997961564136246,0.551180302160508,0.996668619876564,"CALI"
75282,1052.661,400.162350441494,241.664000783786,1.65586247493897,0.797048812088397,76676,309.599772943638,0.748717030671918,0.981819604569878,0.8537366905647,0.773685411938583,0.0053155116819624,0.00117485013851311,0.598589116646575,0.991181256161931,"CALI"
82497,1123.734,435.914400019333,244.628784459528,1.7819423866346,0.827690146711019,84492,324.096347899844,0.739140952585743,0.976388297116887,0.820958071976564,0.743486216297213,0.00528400305489088,0.000995943057196686,0.552771753823947,0.985007418273237,"CALI"
77054,1073.039,407.40000363539,242.418032214836,1.68056806629939,0.803698386477307,78024,313.222285094824,0.710384629568168,0.987567927817082,0.840957482130847,0.768832308050611,0.0052872012307653,0.00113954663484629,0.59110311790243,0.993389023836827,"CALI"
74699,1078.742,414.659334964375,231.261124456557,1.79303519317736,0.830033499545962,76482,308.398639348769,0.780741453013786,0.976687325122251,0.806658057046696,0.743739772252478,0.0055510694248166,0.00104770845203316,0.553148848830168,0.991815353018034,"CALI"
48638,874.041,301.983970617534,205.411015379946,1.47014496792666,0.733021908966815,49596,248.853018822012,0.747747747747748,0.980683926123074,0.800058902197346,0.824060357618079,0.00620880732385242,0.0017661355608046,0.679075472997636,0.998339389469891,"BARBUNYA"
73887,1070.969,396.426504061869,238.113290012453,1.66486509023137,0.799512636072291,74972,306.717867496902,0.702181040627227,0.98552793042736,0.809513503110044,0.773706763685591,0.00536530788991121,0.00118598715577752,0.598622156172831,0.996625130051175,"BARBUNYA"
73163,1064.874,419.724846439303,223.082686643699,1.88147656258809,0.847059890420999,73802,305.211442792466,0.788666350465678,0.991341698056963,0.810783538074288,0.727170300690319,0.00573684576137259,0.00098945823746403,0.528776646206049,0.994880866680615,"CALI"
82998,1186.993,392.135020430975,272.209546891369,1.44056306955121,0.719808192643818,84544,325.078968458326,0.787726358148893,0.981713663890992,0.740254703806101,0.82899754299182,0.00472463216500368,0.0013764509457255,0.687236926286474,0.990008136040183,"BARBUNYA"
77394,1055.554,407.878494828418,243.747093068644,1.67336762745947,0.801796389332076,78116,313.912569555972,0.752742763772176,0.99075733524502,0.872883422275502,0.769622751716846,0.00527015653446544,0.0011405514190728,0.59231917996021,0.991167740868752,"CALI"
71156,1023.316,388.46952703051,234.14310016071,1.65911157221321,0.797943526703362,71773,300.996068155674,0.777814214818216,0.991403452551795,,0.774825429568468,0.00545940647353012,0.00121378189718125,0.600354446305961,0.996055009295872,"CALI"
84600,1121.771,426.578611531239,254.195265573306,1.67815325186778,0.803063741722342,85556,328.201257591428,0.77175697865353,0.988826032072561,0.844834829907963,0.769380481626406,0.00504230037270968,0.00108986607466032,0.59194632550768,0.993376651081899,"CALI"
73909,1094.529,404.128239208297,233.621191365854,1.72984409866922,0.815975292558157,75016,306.763527023392,0.770366895976652,0.985243148128399,0.775269403379433,0.759074712582208,0.00546791648119034,0.00111979811049656,0.576194419281761,0.996726515880696,"BARBUNYA"
61497,963.843,354.077075206512,222.486672825576,1.59145296529334,0.777925422496951,62605,279.822108280562,0.684974381822232,0.982301733088412,0.831861833491411,0.790285866763212,0.00575763167644783,0.00138535316938412,0.624551751205682,0.993944736435432,"BARBUNYA"
64456,957.016,357.035967286122,230.795300353439,1.54698109857245,0.762981509545764,65050,286.475004311807,0.745587044534413,0.99086856264412,0.884371660715902,0.80237015471954,0.00553922004601778,0.00141620931011138,0.643797865184659,0.995943128741963,"CALI"
69741,1033.122,385.554742799373,231.672638568233,1.66422217652526,0.799338259074531,70820,297.988253274143,0.768241903502974,0.984764190906524,0.821097660539347,0.772881825056952,0.00552837990277416,0.00121683031494364,0.597346315503366,0.994116985326353,"BARBUNYA"
71153,1049.648,381.641962532018,237.989804183448,1.60360635549681,0.781748028477964,72426,300.989722958345,0.690557760804371,0.982423439096457,0.811550808278083,0.788670409724907,0.00536368055502956,0.00128004387072431,0.622001015175653,0.997444781061147,"BARBUNYA"
91010,1196.528,428.462840833259,271.012131345626,1.5809729206802,0.774542473031277,92343,340.407889107093,0.699259327555474,0.98556468817344,0.798827939841438,0.794486374699566,0.00470786551844039,0.00115704333628851,0.631208599583259,0.997923703241601,"BARBUNYA"
70722,1029.555,400.557215079918,226.226462845141,1.77060282887467,0.825241922989924,71420,300.076735324084,0.686441418268997,0.990226827219266,0.838427073859738,0.749148246560015,0.0056638275936755,0.00110042603585536,0.561223095323945,0.993703200210377,"CALI"
67623,992.572,370.4864028991,233.254159964584,1.58833781552,0.776928377976247,68500,293.428488278875,0.684554178814383,0.987197080291971,0.862542013289955,0.792008791639213,0.00547870403411709,0.00132977331203403,0.627277926033806,0.996329250760451,"BARBUNYA"
84584,1126.361,394.414809998703,274.378234854002,1.4374857765543,0.718372101483609,85824,328.170220543972,0.803572107163215,0.98555182699478,0.837804857076813,0.832043351883898,0.0046629954837641,0.00137856921859714,0.692296139414192,0.995165853571354,"BARBUNYA"
79031,1088.647,439.224640183266,232.952620269313,1.885467695858,0.847764786066229,80928,317.215060266635,0.708721931271971,0.976559410834322,0.837979088335636,0.722215994381092,0.00555762473185542,0.000932690149476687,0.521595942539869,0.983452299949532,"CALI"
72082,1024.342,392.072518246169,235.656426305583,1.6637463462921,0.799209045270915,72907,302.948267635912,0.800377526093715,0.988684214135817,0.863270165840367,0.772684270223962,0.00543925693302307,0.00119599020202337,0.597040981451536,0.993324751476645,"CALI"
84099,1105.804,428.834216828918,251.069769843008,1.70802807959343,0.810693734090944,85023,327.228012970593,0.778305291798545,0.989132352422286,0.864259938982051,0.76306414024126,0.00509915952423832,0.00106640590204658,0.582266882122134,0.994528184481924,"CALI"
62608,1002.965,365.926401450848,218.603359294702,1.67392853719846,0.801945598692318,64037,282.338416473528,0.691694102569768,0.977684775988881,0.782110540210616,0.771571592959934,0.00584472274231486,0.00127775796299038,0.59532272306273,0.996527694977398,"BARBUNYA"
79165,1121.15,403.80903151101,250.752521283506,1.61038871890127,0.783835847961178,80401,317.483871336733,0.786865855597964,0.984627056877402,0.791435702043657,0.78622280969978,0.00510085304757165,0.00120227864149855,0.618146306492216,,"BARBUNYA"
74385,1073.863,414.726511796646,232.455666369,1.78411014140782,0.828152047071993,76137,307.749774224328,0.71419655887549,0.976988849048426,0.810582966657626,0.742054740824547,0.00557540514615374,0.00104279747401199,0.550645238380186,,"CALI"
100846,1297.77,469.285655293217,274.423910386326,1.71007568047759,0.811199544313928,102015,358.331013349894,0.792036128018849,0.988540900847915,0.752442087799686,0.763566943306638,0.00465348804407926,0.000975768601060048,0.583034476910643,0.997033079844862,"BARBUNYA"
76535,1064.59,424.342803154798,232.269016181366,1.82694536762256,0.836896124242416,77619,312.165642818529,0.753000787091696,0.986034347260336,0.848604217313664,0.735644956147998,0.0055444280806794,0.00100163516619633,0.541173501505989,0.98869442165645,"CALI"
70074,1020.42,396.709101742369,225.630571686815,1.75822406855849,0.822506491403938,70656,298.698824667543,0.810938422191619,0.991762907608696,0.845685430579368,0.752941697973757,0.00566128809176541,0.001122381280756,0.566921200547604,0.99677449977887,"CALI"
74557,1057.513,366.108893190855,260.476375682285,1.40553588490272,0.702714033746157,75694,308.105372781488,0.786665400523339,0.984978994372077,0.83777396322168,0.841567573232564,0.00491045633798108,0.00151934915687129,0.708235980316546,0.995451085314164,"BARBUNYA"
66086,1045.614,358.601098922151,235.828693646878,1.52059994641325,0.753336569446292,67353,290.074660308976,0.729764349919389,0.981188662717325,0.759585299446947,0.808906222487481,0.00542627937720774,0.00143309380195443,0.654329276778966,0.994973063206719,"BARBUNYA"
62701,951.734,354.888298912357,226.034621269849,1.57006168753537,0.77093184356779,63308,282.54803608314,0.705361562345318,0.990411954255386,0.869867615032441,0.796160473447781,0.00566001018982723,0.00140281185107484,0.633871499480595,0.995217356155077,"BARBUNYA"
75074,1042.762,400.955464355283,239.848052785286,1.67170614770103,0.801353368593986,75864,309.171773584601,0.765600301859085,0.989586628703997,0.867618946563499,0.771087567248233,0.00534080326551513,0.00116466532688843,0.594576036364798,0.993956415266742,"CALI"
69144,997.499,383.307323367794,231.600624725431,1.65503579198983,0.796820163307471,70302,296.710085910756,0.744508570936342,0.983528206878894,0.873251672434685,0.774078833933612,0.00554360932789242,0.00122775906520915,0.599198041144021,0.991694204583549,"CALI"
68843,1007.263,391.892394591085,225.739228319811,1.73604028643121,0.817433134102873,69852,296.063557328832,0.807561467717718,0.985555173796026,0.852675705269355,0.755471556516825,0.0056925525411601,0.00114382420264484,0.570737272705954,0.990822898385412,"CALI"
58153,989.011,324.226280423979,229.360877945713,1.41360760094718,0.706803540608876,59388,272.107881629665,0.742050326663944,0.979204553108372,0.747101733637157,0.839253009576645,0.00557540076047631,0.00170619035253652,0.704345614083456,0.995668313762182,"BARBUNYA"
67626,990.089,388.785181877513,222.88924713349,1.74429761362452,0.819347872983154,68420,293.434996979331,0.782599638939036,0.988395206080094,,0.754748407751246,0.00574904891428611,0.0011507595518653,0.569645159003041,0.993630691461763,"CALI"
64840,993.808,391.249900535216,212.010395681974,1.84542790591321,0.840456033212266,65580,287.327082052194,0.76952290529314,0.988716071973163,0.824988497415258,0.734382505041255,0.00603408236482442,0.00108263056932851,0.539317663710669,0.995271866763583,"CALI"
68678,1006.562,392.784331343713,224.752026103135,1.74763421782667,0.820112636632986,69759,295.708548157339,0.805078189107448,0.984503791625453,0.85181727205565,0.752852200457493,0.00571921621689207,0.00113332684157985,0.566786435733688,0.990535369288214,"CALI"
66517,1008.279,386.863114632479,221.235342380255,1.74864969796528,0.820344379597008,67790,291.01902823896,0.792057632769707,0.981221419088361,0.822206818092361,0.752253231780521,0.00581600364767622,0.00114884299836893,0.565884924724238,0.989534502702146,"CALI"
52545,911.562,315.915922063841,212.115266297697,1.48935966551537,,53754,258.654928192194,0.748248462064252,0.977508650519031,0.794637095785015,0.818746097070487,0.00601229274077155,0.00166654425985862,0.670345171468156,0.998385060357655,"BARBUNYA"
69923,1053.345,368.807948346263,242.685901073961,1.51969251907166,,71044,298.376823306564,0.756087802768166,0.984221046112268,0.791933365604465,0.809030349385061,0.00527448691197836,0.00139386026148136,0.654530106226113,0.994684505939001,"BARBUNYA"
70027,1014.428,381.585578029054,237.617630713542,1.60588074581499,0.782451726449914,71890,298.598636298241,0.74944883238083,0.974085408262623,0.855131548715548,0.78252075940749,0.00544912073955837,0.00126034564355427,0.612338738903675,0.983342990722042,"CALI"
62005,960.799,350.490565686559,226.18356318869,1.54958459733065,0.763900332097945,62953,280.97547574709,0.798714431090673,0.984941146569663,0.844056446379773,0.801663449048054,0.0056526177838329,0.00144011679331576,0.642664285539622,0.995862678126708,"BARBUNYA"
72026,1090.037,402.361631917484,229.40606732491,1.75392759489493,0.821541331646874,73422,302.830565579327,0.808545032049483,0.980986625262183,0.76175739876711,0.752632809783988,0.00558633870987538,0.00110570586683126,0.566456146363341,0.993523066404503,"BARBUNYA"
78502,1111.104,388.432968306776,258.277538093059,1.50393631275369,0.746913003901583,79717,316.151626187182,0.730604571513662,0.984758583489093,0.799063261011435,0.813915532364113,0.00494806461372674,0.00133946839436436,0.662458493823557,0.996295384553365,"BARBUNYA"
72756,1090.293,366.18975858591,253.560493406525,1.44419090555567,0.721485799086726,74089,304.361325264481,0.809677491152708,0.982008125362739,,0.831157393477667,0.00503312109772267,0.00148166571716481,0.69082261273259,0.99767973466061,"BARBUNYA"
81478,1117.727,440.743494745965,236.259347262324,1.86550712110704,0.844187967221067,82197,322.088515203401,0.759659133288581,0.991252722118812,0.819556200127515,0.730784501740738,0.00540935583526798,0.000951661778637311,0.534045987984458,0.996266593583649,"CALI"
72568,1033.053,402.000670441673,232.230331236973,1.73104291890047,0.816258777141919,73798,303.967839223727,0.768029126008086,0.983332881649909,0.854495562026679,0.756137642481443,0.00553964103243404,0.00111702996062148,0.571744134377395,0.98971363523687,"CALI"
68138,1047.464,344.730208813568,253.335990199567,1.36076286887625,0.678195101563125,69362,294.543708300083,0.782296211251435,0.982353450015859,0.780406781177354,0.854418036973876,0.00505929450253263,0.00166322634174479,0.730030181906292,0.993397964697057,"BARBUNYA"
62911,950.094,361.424180571964,222.970185147166,1.62095295536224,0.787025042470193,63883,283.020799586945,0.777254756609834,0.984784684501354,0.875796694395337,0.783071014061806,0.00574500771839526,0.00133252379620275,0.613200213063785,0.993968697594495,"CALI"
70188,1041.532,403.257678004505,224.980770179587,1.79240953652444,0.829902661034734,71768,298.941695261587,0.79958988380041,0.977984617099543,0.813069174075844,0.741316809492335,0.00574539348613018,0.00107032318274201,0.549550612035895,0.985019757815982,"CALI"
68988,1043.643,352.040944039678,249.989327171537,1.40822389508699,0.704086362460896,70402,296.37518403569,0.739516336506303,0.97991534331411,0.795938458555248,0.841877028946628,0.00510293013335186,0.00158122628066126,0.708756931868001,0.998088447265064,"BARBUNYA"
94354,1178.195,466.135209472753,259.703863782469,1.79487206190815,0.830416720146043,95515,346.605314448497,0.735359675785208,0.987844841124431,0.85415331253601,0.743572481556464,0.00494028032169016,0.000931589511936254,0.552900035328038,0.992384826438325,"CALI"
79587,1076.521,427.508251895274,239.020647143258,1.78858294044801,0.82909899326574,80645,318.32894252147,0.724519335809482,0.986880773761547,0.862992429990697,0.744614732254222,0.00537158395083712,0.00101861162516189,0.554451099490027,0.991681777860504,"CALI"
75990,1116.443,379.5325031405,256.610013828173,1.47902452238141,0.736790317502011,77909,311.052203021334,0.709364848213285,0.975368699380046,0.76611364660741,0.819566704952762,0.0049945058973615,0.00138998310072839,0.671689583867128,0.993445365967646,"BARBUNYA"
78466,1069.117,418.902484022045,240.253401302188,1.7435860710049,0.819184123465177,79269,316.079126354761,0.781222620469932,0.989869936545182,0.86266247557425,0.754541064831995,0.00533864965745731,0.00106743811708537,0.569332218517801,0.992679725981953,"CALI"
86808,1135.114,449.159635868846,248.105707161305,1.81035592049813,,87855,332.456581224331,0.74741699958672,0.988082636161858,0.846624153304098,0.740174661022764,0.00517417330048896,0.000957982525532699,0.547858528820163,0.99181893124498,"CALI"
86556,1135.769,441.418016894344,252.026865164129,1.75147207662515,0.820986018003063,87967,331.973676718647,0.70409657371555,0.983959894051178,0.84319305491861,0.752061909602813,0.00509979685861574,0.00100634527597405,0.56559711587543,0.990627555075535,"CALI"
87843,1160.9,466.281980116016,241.910147472639,1.92750070630565,0.854891665144894,88804,334.432625992398,0.742544378698225,0.989178415386694,0.819082035620043,0.717232576539173,0.00530812904973664,0.000866485427302365,0.514422568849021,0.991549864796054,"CALI"
74795,1034.077,393.361325253093,243.115326389723,1.61800299098593,0.786142069329984,75468,308.596746172844,0.802435361012767,0.991082313033339,0.878975304238113,0.784512168231814,0.00525919279701976,0.00122884637075874,0.615459342103782,0.995815056354154,"CALI"
69462,1001.839,376.024672140465,238.452660862993,1.57693636455798,0.773217430389545,70724,297.391602531736,0.749684312773191,0.982155986652339,0.869683598139436,0.790883217419958,0.00541338677464607,0.00130646644499215,0.625496263596544,0.986367803960536,"CALI"
67083,1023.333,370.046724819775,231.379216474285,1.5993084014134,0.780408281798109,67999,292.254560921586,0.789592627031862,0.986529213664907,0.804986100852143,0.789777455979171,0.00551625187931032,0.00132386220027045,0.623748429972931,0.997566104424128,"BARBUNYA"
64033,1005.371,354.120243947412,230.906009830921,1.53361207101848,0.758171341382098,65141,285.533444219809,0.768703481392557,0.982990743157151,0.796087868409771,0.80631776663469,0.00553027726246485,0.00144195459457773,0.650148340790755,0.997075343389338,"BARBUNYA"
73051,1093.992,374.693800963554,249.294178614507,1.50301865469132,0.746551406502397,74371,304.977740142536,0.734505711068211,0.982251146280136,0.767021852326439,0.813938579603565,0.005129208374472,0.00138866228704019,0.662496011367069,0.995743863743298,"BARBUNYA"
82843,1116.382,429.198997584486,248.066035397245,1.7301804211011,0.816054892015918,84069,324.775281701818,0.754909375882776,0.985416741010361,0.835295286310823,0.756700932503662,0.00518087222317499,0.00104780320061884,0.572596301251913,0.990694909620969,"CALI"
82115,1105.638,449.158519674175,234.301025828494,1.91701473813843,0.853163009927845,82762,323.34511781675,0.804623042702883,0.992182402551896,0.844124388032758,0.719890870713771,0.00546987176123941,0.000906198985692083,0.518242865737031,0.993479211552982,"CALI"
56679,911.133,355.945836600975,204.891449355457,1.73724104993499,0.817713548921388,57531,268.637198012569,0.810301938582947,0.985190592897742,0.857962864134953,0.754713696268679,0.00628003028636665,0.0012568123130197,0.569592763335532,0.989519930212388,"CALI"
71251,1004.753,382.612020986306,238.242851717033,1.60597482035156,0.78248075520721,71954,301.196930266437,0.759014839197639,0.990229869083025,0.886915418362552,0.787212407728344,0.00536991790973187,0.00127208207214304,0.619703374881456,0.9952280161465,"CALI"
93120,1153.583,445.337547782241,269.933095812484,1.64980713625278,0.795364482004827,94679,344.33133230326,0.768798916812523,0.983533835380602,0.879336573170484,0.773191782318857,0.00478240493752407,0.00105432626868291,0.597825532245411,0.986296829332596,"CALI"
81378,1088.355,436.620206485388,238.526186480866,1.83049170796353,0.837588735262755,82133,321.890800849384,0.778736842105263,0.990807592563282,0.863327793509834,0.737232945402304,0.00536533469101462,0.000977677273753837,0.543512415786556,0.994894970272517,"CALI"
64295,961.549,352.161174189956,232.983680046146,1.5115272199332,0.74987236116292,64960,286.116997972416,0.728192176138809,0.989762931034483,,0.812460370256727,0.0054772715481757,0.00147215243247361,0.660091853237697,0.997746803824929,"CALI"
76440,1057.912,408.297551167493,241.86678664421,1.68810921430112,0.805659627236055,77990,311.971842959514,,0.98012565713553,0.858284867678162,0.764079632776284,0.00534141223400697,0.00112302740102749,0.583817685223542,0.985548013897811,"CALI"
90861,1154.126,443.925664985268,262.056422801382,1.69400795538497,0.807172237057953,92080,340.129120003245,0.753726700345917,0.986761511728931,0.857197560796867,0.766184852174592,0.00488576688552039,0.0010385962507812,0.587039227701801,0.9944491218499,"CALI"
79295,1067.768,409.308396802074,248.043942170271,1.65014470105907,0.795458960369438,80278,317.744440863683,0.810687850161534,0.98775505119709,0.873980745390954,0.776295925874525,0.00516184370770003,0.00115636207856397,0.602635364529385,0.994435553448964,"CALI"
77361,1078.14,400.49738132139,247.427608902786,1.61864467388013,0.786334631061825,78594,313.845637886297,0.703857701755982,0.984311779525155,0.836337597423952,0.783639675372667,0.00517699333412689,0.00120426768476221,0.614091140818178,0.993995354362317,"CALI"
72923,1083.134,406.963152826787,229.197675886523,1.77559895078638,0.826327267542832,74095,304.710431919753,0.689931501665153,0.984182468452662,0.781106071362931,0.748742066212183,0.00558072422729162,0.0010819302394695,0.560614681715689,0.99542684064982,"BARBUNYA"
72611,1084.358,421.75849371467,221.20702136445,1.9066234476337,0.851418201233976,73817,304.057883605679,0.681563039723662,0.983662300012192,0.776009264484593,0.720928892095726,0.00580846557291141,0.00096785635351061,0.51973846745837,0.990945548693336,"CALI"
76559,1054.793,404.532159433022,243.561648998117,1.66090253164672,0.798434039771494,77900,312.214583748708,0.789886921711857,0.982785622593068,0.864712303142616,0.771791751207857,0.00528392689864056,0.00115647724977123,0.595662507232491,0.989337366269477,"CALI"
69833,1017.734,388.545547182262,230.609154337864,1.68486610298655,0.804819997294957,70911,298.184736576993,0.796907451785918,0.984797845186219,0.847231309232802,0.767438306112199,0.00556392460845534,0.00119051505269615,0.588961553688362,0.992321357771817,"CALI"
54187,931.202,353.784850089149,195.561972296917,1.80906771359417,0.833333261609519,55164,262.66524553234,0.769133594504059,0.98228917409905,0.785266682271879,0.742443452471612,0.00652896174523685,0.00122370691203796,0.551222280117967,0.997198429975174,"BARBUNYA"
81585,1101.981,408.063257352544,258.616078963203,1.57787272542557,0.773525909535161,83500,322.299935242343,0.745647306128045,0.977065868263473,0.844251748309402,0.789828364683893,0.00500169464181583,0.00120068156303477,0.623828845659233,0.984322520899424,"CALI"
71154,1028.27,354.597351331225,256.055070275066,1.38484799754326,0.691787738386686,72195,300.991838038984,0.749739212897108,0.985580718886349,0.845658177336361,0.848827090526773,0.00498351956785599,0.00159585290134615,0.720507429612147,0.997793271113425,"BARBUNYA"
67455,1001.021,386.597547583034,223.784501824328,1.72754388454709,0.815429430934591,68436,293.06377034719,0.763411045722046,0.985665439242504,0.845936246138357,0.758059051795317,0.00573119186988413,0.00116744616394716,0.574653526008816,0.992739184589949,"CALI"
62388,951.604,355.911247996822,224.80176231368,1.58322267732135,0.775275610261218,62942,281.84192150377,0.802934362934363,0.991198246004258,0.865761780433054,0.791888211148322,0.00570480297488014,0.00138380827500772,0.627086938955689,0.992818262406676,"CALI"
74636,1040.832,404.574401428692,235.764273144487,1.71601233737713,0.8126540724143,75184,308.268562556829,0.789297800338409,0.99271121515216,0.865758866688156,0.761957655917493,0.00542063349360486,0.00112707587868051,0.58057946941128,0.996281532337626,"CALI"
68045,1028.051,401.016865761457,217.559045332276,1.8432553109846,0.840043891597012,69048,294.342631675237,0.687705290818131,0.985473873247596,0.809052608980981,0.73399065427419,0.005893406800815,0.00105513566591368,0.538742280561854,0.993039569897593,"CALI"
76455,1065.907,370.714112573127,263.955925824635,1.40445459375448,0.702159010549625,77338,312.002450940256,0.765215737691792,0.988582585533632,0.845623664489589,0.841625501588399,0.00484878834050261,0.0015006815205138,0.708333484923924,0.994822216811528,"BARBUNYA"
70040,1048.175,363.109534952909,247.007513404347,1.47003437243022,0.732974418867372,71356,298.626351337672,0.782919740666219,0.981557262178373,0.801103090476177,0.822413962157177,0.00518431660412492,0.00146296244462256,0.676364725151067,0.994279394271389,"BARBUNYA"
61348,949.061,356.939355624435,219.2460921673,1.62803063943354,0.789120006353279,62159,279.482914666376,0.7399884203416,0.986952814556219,0.855898013775991,0.782998316835767,0.00581827208098773,0.00134901600743609,0.613086364167644,0.998123385483836,"BARBUNYA"
72431,1010.003,378.8942068547,244.54320330678,1.54939577846037,0.763833887283016,73434,303.680775592912,0.777815959880156,0.986341476700166,0.89225505626407,0.801492263800614,0.00523110556052933,0.00133159018641322,0.642389848932234,0.995316120061396,"CALI"
74336,1061.328,418.154820646216,227.544936358125,1.83768018457725,0.838978656309452,75175,307.648394758421,0.706186350509196,0.988839374792152,0.829296453712285,0.735728442118594,0.00562519937373838,0.00101668839081813,0.541296340542253,0.994729558998675,"CALI"
63911,1007.098,364.066816492043,224.304693130563,1.62309049985025,0.787661224639555,65289,285.261305724364,0.706667403803627,0.978893841228997,0.791848338728293,0.783541077632375,0.00569646565523999,0.00132444010882792,0.613936620337304,0.99647469597965,"BARBUNYA"
73304,1022.439,391.463442817057,240.104670410826,1.63038662324749,0.789810102716859,73984,305.505403532027,0.817924170404588,0.990808823529412,0.881176129317621,0.780418731653568,0.0053402739661827,0.00122195169937001,0.609053396715763,0.992992510848825,"CALI"
93503,1179.367,453.209377259112,267.546233575409,1.69394788781945,0.807156927780398,95555,345.038718336612,0.791124460614265,0.978525456543352,0.844768022923913,0.761322990321411,0.00484700359623876,0.0010044512965571,0.579612695591936,0.981833701451297,"CALI"
84080,1114.181,437.080981558347,248.098386696698,1.76172440046005,0.823286763135148,85529,327.191046517677,0.767433369843008,0.983058377860141,0.85112053841791,0.74858220861298,0.00519839416696416,0.00100694783829081,0.560375323051888,0.987226880036195,"CALI"
63716,979.012,373.087467556007,218.678326199441,1.70610171588629,0.81021591922803,64479,284.825790321638,0.752255017709563,0.988166689930055,0.835376660570863,0.763428994780911,0.00585547535243905,0.00122692077737575,0.582823830072193,0.994356736545584,"CALI"
80134,1108.333,423.250181736776,244.374994817018,1.7319700898764,0.81647755403344,82202,319.421003814413,0.734769851457913,0.974842461253984,0.819758931466615,0.7546860405439,0.00528178028972441,0.00105687922700962,0.569551019791828,0.986445330938048,"CALI"
68478,1070.054,361.963667981511,243.278049290491,1.48785995710324,0.740454703066638,69587,295.2776617768,0.686806077929893,0.984063115237041,0.751535572790478,0.815766022660272,0.00528583878006821,0.00144396320302023,0.66547420372696,0.990132420210507,"BARBUNYA"
84700,1159.78,417.001270249873,259.116375110044,1.60932040699001,0.783509106954343,86013,328.395172679302,0.805010644768856,0.984734865659842,0.791301600084652,0.787516000808636,0.0049232735566691,0.00116807647303487,0.620181451529628,0.998070665983318,"BARBUNYA"
75775,1074.69,414.554219259205,234.11758550616,1.77070944227851,0.825265194347444,76841,310.611858277025,0.714966410024155,0.986127197719967,0.824459626967113,0.749267149739976,0.00547085739702019,0.00106360881006104,0.561401261679468,0.994078514962906,"CALI"
77063,1129.944,402.725377890309,245.266991887442,1.64198767551701,0.793156423973812,78491,313.240576930777,0.691024031563845,0.981806831356461,0.758476160246394,0.777801931856637,0.00522592395689643,0.00117982859736555,0.604975845199916,0.993362881803747,"BARBUNYA"
66768,980.172,372.065542271582,229.544767162183,1.62088444389892,0.787004601729221,67547,291.567587229578,0.802307137707282,0.988467289442906,0.87332048473699,0.783645766951333,0.00557251291444378,0.0012963134118772,0.614100688060743,0.995386252265283,"CALI"
68015,993.761,386.987869788523,224.323141192208,1.7251357471717,0.814855222755116,68625,294.27773893919,0.777509773886006,0.991111111111111,0.865467310010183,0.760431429284861,0.00568974299475885,0.00117357985443054,0.578255958644216,0.997570025272178,"BARBUNYA"
74165,1040.808,403.868089303835,236.120824487557,1.7104297775528,0.811286799333083,75326,307.294339087598,0.783620726089345,0.984586995194222,0.860335060480873,0.760877987704584,0.00544553481162051,0.00112584961018009,0.578935312173378,0.990228197218169,"CALI"
57549,929.955,362.937399814916,204.554434076819,1.77428273042773,0.826042362676392,58471,270.691083266449,0.788558509180597,0.984231499375759,0.836226214506361,0.745834084347579,0.00630658047602767,0.00120376749227357,0.556268481374592,0.986977559984196,"CALI"
76758,1068.229,407.184124300639,242.103275051115,1.68186128095405,0.804036931687448,77884,312.620090484891,0.792954545454545,0.985542601818088,0.845288161266877,0.767761000068048,0.00530477766878553,0.00113697558631568,0.58945695322549,0.991384826419094,"CALI"
81277,1086.749,410.108269022098,254.008398301424,1.61454610069796,0.785099924430266,81916,321.690986005887,0.761384181584839,0.992199326138972,0.864806670160201,0.784405022539434,0.00504580962661144,0.00117834397857886,0.61529123938509,0.993416071342812,"CALI"
73226,1051.986,365.272235288884,256.889995370416,1.42190136584412,0.710909340452158,74288,305.34282192771,0.824115965516465,0.985704286021969,0.831486600494259,0.835932196396538,0.00498828606354142,0.0015025029188382,0.69878263697234,0.993599985939126,"BARBUNYA"
90548,1166.062,461.989423391531,253.538373313662,1.82216765593896,0.835955703954409,92762,339.542772411193,0.726954511151432,0.97613246803648,0.836845800142834,0.734957891283659,0.0051021493947026,0.000918296148643661,0.540163101960123,0.984267733323393,"CALI"
74684,1046.993,398.943900736264,240.106667939999,1.66152778745802,0.798604842426254,75767,308.367673660844,0.802553246362484,0.985706178151438,0.856150033769148,0.772959990343859,0.00534175861946688,0.00117622953708725,0.597467146672378,0.992708266289414,"CALI"
94940,1183.102,463.505005889855,262.807788289329,1.76366541078142,0.823717123266803,95985,347.679971205067,0.668365622888038,0.98911288222118,0.852343619327581,0.750110498887876,0.00488208348314572,0.000953423694071575,0.562665760541818,0.992354139698624,"CALI"
84955,1107.358,428.877788117153,254.260449301284,1.68676563459132,0.805312472958768,86008,328.889138651576,0.799501223414267,0.987756952841596,0.870608119570375,0.766859808934046,0.00504829366272913,0.00107693199805121,0.588073966558361,0.991942957388446,"CALI"
60276,973.071,332.860251624193,231.652790979848,1.43689290431709,0.718094031703824,61313,277.030299423108,0.798992576882291,0.983086784205633,0.799954395206627,0.832272096386808,0.00552226842564525,0.00163440097522382,0.692676842424092,0.995302439863944,"BARBUNYA"
64879,991.26,390.949582770732,213.071820697856,1.83482537245089,0.838428897672503,65615,287.413479890684,0.757861414821045,0.988783052655643,0.829733926745212,0.735167634286068,0.00602582627307344,0.00108578011922776,0.540471450501773,0.991670730465988,"CALI"
90599,1182.444,432.954488880865,266.980083686312,1.62167335818789,0.78723978938419,91961,339.638380507064,0.754614359486923,0.985189373756266,0.814276880738278,0.784466703151612,0.00477879986402571,0.00111634045598427,0.61538800835356,0.997958338095276,"BARBUNYA"
68619,1055.776,360.486104269211,243.550278385545,1.48013012614403,0.737253451054652,70143,295.581501992567,0.717021943573668,0.978272956674223,,0.81995255432045,0.00525344444350997,0.0014648015777407,0.67232219133663,0.995124329872518,"BARBUNYA"
62703,971.24,371.203165057558,217.962263935109,1.70306161422544,0.809457974087803,64353,282.552542323598,0.790188022986188,0.974360169689059,0.83530496613955,0.761180315582133,0.00592002240813929,0.00122589509755579,0.579395472829716,0.986746189232285,"CALI"
85695,1156.716,406.804056815883,268.75674315682,1.51365153498125,0.750690509430116,87339,330.318426349606,0.713275013941719,0.981176793872153,0.804844278990145,0.81198410098232,0.0047471154304905,0.00127291574207615,0.659318180248066,0.997977975573531,"BARBUNYA"
76885,1059.309,417.912190185501,236.548156921849,1.76671082803478,0.824389045905113,77779,312.878606486546,0.80877093326601,0.988505894907366,0.861005961573733,0.748670686891585,0.00543554906920077,0.00105338347383675,0.560507797410719,0.990255194883441,"CALI"
61484,971.295,386.069104300125,203.357952805186,1.89847064732194,0.850026593895055,62193,279.792530580244,0.807364025527221,0.988600003215796,0.818973165194886,0.724721371028791,0.00627918001919401,0.00106848140844629,0.525221065625851,0.997116776445827,"BARBUNYA"
63253,1006.449,352.108629079736,230.076233211089,1.53039983385283,0.756992113584865,64388,283.789042993441,,0.982372491768652,0.784706855798932,0.805970145449564,0.00556667081529312,0.00144894240622065,0.649587875355991,0.99412917651762,"BARBUNYA"
79627,1087.128,412.880893720387,246.931617962132,1.67204547205334,0.801443974055623,80395,318.408927683611,0.813799235533389,0.990447167112383,0.846659634239022,0.771188331856414,0.00518518710638837,0.00113132138178724,0.594731443191478,0.994418016676059,"CALI"
71010,1022.124,360.236743094615,252.433654083413,1.42705513812187,0.713413040486808,72032,300.687113245054,0.804773561811506,0.985811861394936,0.85412651673187,0.834693070623503,0.00507304243197599,0.00151899201233466,0.696712522146892,0.994247184523572,"BARBUNYA"
72036,1058.429,417.116163125117,220.953506944675,1.88780060064654,0.848174474756604,72767,302.851587158698,0.792824125027515,0.989954237497767,0.808045827764356,0.726060541240295,0.00579038485097891,0.000992609740329753,0.52716390954615,0.995180345080403,"CALI"
74399,1070.161,409.671679065177,235.065258972668,1.74279976911778,0.819002897877462,76275,307.778733652524,0.771205854609157,0.97540478531629,0.816354371073436,0.751281451416997,0.00550641378331936,0.00108207975719229,0.564423819243229,0.983677701861673,"CALI"
80388,1087.792,428.2023714817,241.228203816808,1.7750924838245,0.826217725955317,81386,319.92683620192,0.768175215962082,0.987737448701251,0.853708030703126,0.747139337633475,0.00532669517193735,0.00102386811674974,0.558217189839388,0.990887138025531,"CALI"
87833,1146.833,446.907833152211,253.325039985956,1.76416762108076,0.823828205391041,89406,334.413589635235,0.721337998094675,0.982406102498714,0.839203368096735,0.748283124232772,0.00508815403267805,0.000984019752543423,0.559927634011558,0.987806202071549,"CALI"
70731,1016.071,381.86628302354,238.376110021189,1.6019486306308,0.781232836237689,72273,300.095828425959,0.823986486486487,0.97866423145573,0.86093735122946,0.785866262006326,0.00539885316231271,0.00127021096205192,0.617585781759796,0.989340697387156,"CALI"
78807,1088.885,426.786786052991,237.688970872956,1.79556831974803,0.830561625016828,80316,316.765195060859,0.711999927722164,0.981211713730763,0.835238738673695,0.742209471831042,0.00541559488437564,0.00101375241436716,0.550874900075715,0.989133518720313,"CALI"
84975,1178.198,428.431317921086,252.95556079267,1.69370191577738,0.807094217447876,86293,328.92784970852,0.75014565935133,0.98472645521653,0.76924463307735,0.767749312315925,0.00504185134358442,0.0010805566582636,0.589439006561576,0.998333974647257,"BARBUNYA"
70034,1035.563,393.595385809819,228.890812553333,1.71957703945897,0.813518987838097,71414,298.613560100646,0.707092735625221,0.980676057915815,0.820664686362465,0.758681556914727,0.0056200614817063,0.00114857388197673,0.575597704802555,0.989784597143755,"CALI"
69229,1028.211,374.702604825963,236.669232010051,1.58323328150256,0.775279056851704,70463,296.892405498138,0.776937321137983,0.982487262818784,0.822874171679954,0.792341450724727,0.0054125092782788,0.00131591525551796,0.627804974536566,0.993961729979156,"BARBUNYA"
68629,992.208,379.468285194778,232.654676993067,1.63103656500353,0.789999846758942,69870,295.603039083886,0.758264462809917,0.982238442822384,0.87601609618729,0.778992739622905,0.00552927020931061,0.00125597564104242,0.606829688385199,0.989761410485957,"CALI"
68511,1014.54,393.745518508159,223.598780482144,1.76094662796966,0.823113852852622,69282,295.348801333865,0.813708489714476,0.988871568372737,0.836434276491306,0.750100731185198,0.00574718685332514,0.0011223115571865,0.562651106924569,0.990798569462214,"CALI"
83492,1168.303,425.038255403832,251.072026997391,1.69289371056955,0.806887939444993,85361,326.044960195719,0.6707531632858,0.978104755098933,0.768676748987179,0.767095563870931,0.00509076624591377,0.00108732858012257,0.588435604110461,0.996158933273796,"BARBUNYA"
72313,1010.401,383.695794926992,241.321063485096,1.5899805403878,0.777455043272829,73001,303.43330601375,0.764189924651527,0.990575471568883,0.890099810272423,0.79081738717383,0.00530604172039594,0.00128013349257557,0.625392139856444,0.994361332483233,"CALI"
72674,1020.748,358.20164501532,258.745158158656,1.38438008875003,0.691532889830241,73608,304.189760961942,0.722118441971383,0.987311161830236,,0.849213746488886,0.00492888302577702,0.00158123470106123,0.721163987225691,0.998365064638825,"BARBUNYA"
75218,1082.347,407.942915123745,236.099256128587,1.72784498271171,0.815501029095086,76163,309.468143878961,0.820798777826277,0.987592400509434,0.806860788278674,0.758606492246808,0.00542347463537644,0.0011079587627203,0.575483810079006,0.994346813876827,"BARBUNYA"
71342,1075.003,391.565960121399,232.524522464193,1.68397705313725,0.804588824138662,72680,301.389209495788,0.723872722107228,0.981590533847001,0.775775020974577,0.769702272900195,0.00548857559532111,0.00118831201696934,0.592441588907727,0.997658041044786,"BARBUNYA"
67844,1014.851,390.126383399839,225.082545648892,1.73325915732444,0.816781044377084,69449,293.907576753326,0.696528854347402,0.976889516047747,0.827783454337059,0.75336503568922,0.00575034466422733,0.00114260331672593,0.56755887699902,0.983726620879327,"CALI"
86618,1119.543,434.55562463682,254.971204805522,1.7043321616191,0.809775321214425,87412,332.092551686831,0.736885985061168,0.990916578959411,0.86843327988129,0.764211835859625,0.00501692055504422,0.00105553350912574,0.584019730067939,0.995363608974892,"CALI"
70419,1051.305,409.803512323599,220.305317323785,1.8601616942423,0.843207858051537,71179,299.433223775695,0.68845198756428,0.989322693491058,0.800649169811463,0.730675103485324,0.00581950201399621,0.00102320540253174,0.53388610685329,0.993114485056639,"CALI"
77929,1066.917,415.605434628519,241.498255927937,1.72094590510225,0.813849449954109,78924,314.995689623948,0.812776387150605,0.987392934975419,0.860295590871292,0.757920044778771,0.00533312931807824,0.00108556404226446,0.574442794277455,0.988584974527283,"CALI"
76655,1079.305,423.974835596809,232.059787704825,1.82700690968526,0.83690818289373,78011,312.410270800551,0.798522855118963,0.982617835946213,0.826917102174085,0.73686040908722,0.0055309482172958,0.00100581995283739,0.542963262480185,0.991997632256547,"CALI"
83001,1119.895,432.229407290844,246.759176209768,1.75162445397131,0.82102055695727,84155,325.084843467922,0.73975935828877,0.986287208127859,0.831646142670825,0.752111813736854,0.00520752047916102,0.00102787520711847,0.56567218036254,0.990845224054293,"CALI"
79395,1108.267,392.840165933333,258.901632222589,1.5173336782813,0.75209841171274,80739,317.944733647608,0.747598870056497,0.983353769553747,0.812295810850765,0.809348842657716,0.0049479207246468,0.00130962059338164,0.655045549111384,0.993922672474969,"BARBUNYA"
83600,1107.153,424.878930288203,253.273985272598,1.6775466688018,0.802903813845102,84653,326.25576767294,0.723753127461929,0.987560984253364,0.857039540617292,0.767879375547371,0.00508228385512204,0.00108996033182905,0.589638735391021,0.989146496351712,"CALI"
69586,1028.61,396.092241284532,227.714185306356,1.73942717161713,0.818222339000204,71604,297.656928291517,0.777757907678551,0.971817216915256,0.826476011072298,0.75148386478415,0.00569212544598816,0.00111978041230903,0.564727999030923,0.982303226087357,"CALI"
70878,1026.542,360.227000834385,251.133647203815,1.43440357293912,0.716921532319956,71854,300.407510644689,0.732998262596178,0.986416900938013,0.845216317314888,0.833939460253847,0.0050823527869633,0.00151629138519312,0.695455023368478,0.997563170338203,"BARBUNYA"
76321,1096.901,418.026049537961,234.125044134811,1.78548198926237,0.828443356017339,77327,311.728913150084,0.655949188668867,0.986990313861911,0.797111456900459,0.745716477465061,0.00547720875693402,0.00104480204577102,0.556093064762898,0.992894151487867,"CALI"
62499,1002.996,353.682843377435,225.352307045259,1.56946626380178,0.770732150327407,63749,282.092535006517,0.723745006079555,0.98039184928391,,0.797586143316203,0.00565901603829557,0.00141263866326144,0.636143656010015,0.998406007039245,"BARBUNYA"
73097,1028.668,376.588496612191,249.010878785016,1.51233752697736,0.750184950904448,74018,305.073746824446,0.731606497652958,0.987557080710098,0.868078414889658,0.810098421935096,0.00515190085245894,0.00136866891556527,0.656259453221733,0.99248579854087,"BARBUNYA"
82892,1101.387,423.519582481171,250.00402369921,1.69405106451697,0.807183222997198,83670,324.871316588872,0.754331683168317,0.990701565674674,,0.767075077581129,0.00510929380979071,0.00109116928052077,0.588404174646096,0.996786718425446,"CALI"
71540,1024.667,404.24736110217,228.241443655922,1.77113917011312,0.825358945217107,73026,301.807152053018,0.806993795826283,0.979651083175855,0.856235638846401,0.746590283805808,0.00565064804448099,0.00108294738061073,0.557397051873237,0.987227751878266,"CALI"
68451,1002.041,384.893597654014,228.071205773758,1.68760276576,0.805528885931314,69370,295.219443933943,0.720233585858586,0.986752198356638,0.856680098107019,0.767015730407966,0.00562290686263186,0.00120048775860503,0.588313130693266,0.992838866490882,"BARBUNYA"
75312,1054.801,405.32584104733,239.728002661276,1.69077386265982,0.806345233205359,77102,309.66145480685,0.774416452442159,0.976784000415035,0.850614887094504,0.763981526582932,0.00538195561195201,0.00113097056859872,0.583667772959987,0.986850214997612,"CALI"
73445,1040.323,411.953825005758,228.410088603486,1.80357105732268,0.832213333434638,74112,305.799081691025,0.743859826809136,0.991000107944732,0.85277743233363,0.742313975812096,0.00560901116489561,0.00105054973176843,0.551030038685962,0.9938218294894,"CALI"
63529,967.428,368.433913256638,221.985591087314,1.65971994601993,0.798110361774608,65036,284.407515789369,0.775689865689866,0.976828218217603,0.852991252479766,0.7719363108446,0.00579946029776383,0.00127026175496596,0.595885668000371,0.989003328727624,"CALI"
62080,952.938,352.988178505276,225.4791302504,1.565502661436,0.769395693430398,62772,281.145355531901,0.724345137389884,0.988975976550054,0.859077374622623,0.796472439168946,0.00568602091664427,0.00141146861137113,0.634368346355731,0.993105334550653,"CALI"
90015,1167.663,418.730066786651,274.544223573892,1.52518257836866,0.755056954248284,91331,338.541958432534,0.771178163873753,0.985590872759523,0.8296400560544,0.808496894026543,0.00465178100079599,0.00122606204042051,0.653667227650566,0.996961867663186,"BARBUNYA"
66302,1011.15,387.495948733961,220.587348733594,1.75665536105584,0.822155048890411,67497,290.548323510962,0.728657464392474,0.982295509430049,0.814901881868369,0.749809964362855,0.00584440814355466,0.00113952833895857,0.562214982657826,0.987617963351783,"CALI"
83334,1157.753,413.45522109583,257.434701774969,1.6060586169818,0.782506607289514,84564,325.736310872706,0.787150035893755,0.985454803462466,0.781268406360647,0.787839394092951,0.00496142296176626,0.00117906239073319,0.620690910884749,0.996865985908736,"BARBUNYA"
87831,1160.439,461.106216632841,244.484837242958,1.88603195941601,0.847864035719464,88699,334.409782233765,0.703058586214349,0.990214094860145,0.819620966044969,0.725233731776038,0.00524992561433709,0.000895869796974563,0.525963965705798,0.99198484882232,"CALI"
61645,952.199,335.139136193424,235.843969559942,1.42102058754674,0.710477841778936,62499,280.158618884373,0.795522002839076,0.986335781372502,0.854382371284718,0.835947189177811,0.00543659885138169,0.00163765501341352,0.698807703094282,0.993020132833224,"BARBUNYA"
68330,1027.922,398.704461258229,219.57078045385,1.8158356974189,0.834696240966403,69292,294.958400612279,0.702376547016981,0.986116723431276,0.812645177649244,0.73979207476498,0.00583498406641635,0.00107809773888755,0.547292313885074,0.993792920475509,"CALI"
73674,1092.816,378.177929643997,249.597154241818,1.51515321075178,0.75126624771445,75048,306.275448279516,0.81389748121962,0.981691717300927,0.775229023851385,0.809871291452234,0.00513312606406598,0.00136215243131832,0.655891508718509,0.993776125339677,"BARBUNYA"
81804,1103.196,438.34784539065,238.552532871332,1.83753171728879,0.838950137586035,82342,322.732222930273,0.812708631378159,0.993466274805081,0.844654396769494,0.73624685583354,0.00535851358601841,0.000971220658185039,0.542059432724774,,"CALI"
66700,993.616,373.659872946432,229.830646659441,1.62580525433632,0.788464848578655,67836,291.419075617632,0.79580976925096,0.983253729583112,0.848982123071573,0.779904658532629,0.00560209704567364,0.00127848738908581,0.608251276400897,0.988898121129349,"CALI"
71475,1051.294,378.284523404459,241.795074913422,1.56448398934474,0.769050196016579,72499,301.670012530158,0.783167514025245,0.985875667250583,0.812672673170855,0.797468555718877,0.00529254317459894,0.00132037849810258,0.635956097360352,0.994943132246434,"BARBUNYA"
106700,1255.058,469.422674322283,291.873016896038,1.60831131056382,0.783199753169529,108228,368.584670629751,0.696466103575671,0.985881657242119,0.851229548541078,0.785187190120046,0.00439946273966526,0.00103150711869258,0.616518923528613,0.9915543578877,"CALI"
77285,1062.163,419.576865036654,236.751787081857,1.77222258893271,0.825594957719864,78200,313.691437904921,0.787337000814996,0.988299232736573,0.860840592064164,0.747637594073538,0.00542895600746139,0.00104631056394415,0.558961972072068,0.990605033260492,"CALI"
87657,1143.783,443.111739655069,256.064472954817,1.73046941866573,0.816123247543625,89803,334.078372201569,0.744268781415569,0.976103248221106,0.841994379413121,0.753937082465081,0.00505506393847689,0.00100750412846562,0.568421124315958,0.983635372552355,"CALI"
66990,1004.139,375.181369182492,230.341897715348,1.62880211070473,0.789346375942523,68239,292.051908231753,0.75534457874797,0.981696683714591,0.834895598824348,0.778428600727496,0.00560055783225097,0.00126848748227625,0.605951086430567,0.986974408561934,"CALI"
66370,1004.139,339.287072437722,249.883084602837,1.35778327283331,0.676443461562449,67637,290.69727997364,0.720535869376411,0.981267649363514,0.827168545961666,0.856788553377608,0.00511205473011485,0.0016992993074078,0.734086625198894,0.996730540505711,"BARBUNYA"
92055,1155.525,435.524698178195,271.339772021884,1.60508979178721,0.782207415702006,93695,342.35663611298,0.808208955223881,0.98249639788676,0.866360322807133,0.786078579573241,0.00473113571428163,0.00111431766919978,0.617919533263884,0.991816334987776,"CALI"
86045,1120.98,443.59500045413,249.073591880313,1.78097965788075,0.827484386577608,86694,330.99229088717,0.816304265330905,0.992513899462477,0.86047800684696,0.74615874964397,0.0051553838160745,0.00098574755962443,0.556752879670253,0.99156555315925,"CALI"
51695,880.771,306.328969536618,216.056112997146,1.41782134875612,0.708901517295816,52714,256.554318352048,0.773483556273753,0.980669271920173,0.837398907932522,0.837512425743267,0.00592569822103914,0.00179839186638567,0.701427063274371,0.994498264905713,"BARBUNYA"
71081,1078.031,397.446496296179,228.986135641323,1.73567930295451,0.817348700836208,72466,300.837398072979,0.697693364742835,0.980887588662269,0.768600908962078,0.756925525514744,0.00559145898758007,0.00113218529691589,0.572936251175772,0.994433593078134,"BARBUNYA"
72543,1046.539,402.493934825261,231.932039459511,1.73539600549896,0.81728239514644,73687,303.91547557458,0.751647463527852,0.984474873451219,0.832328069898433,0.75508088266354,0.00554834973498837,0.00111254475503379,0.57014713936395,0.989431068198857,"CALI"
72714,1034.73,405.839507830392,230.138326755932,1.76345901854408,0.823671440231159,73432,304.273462950473,0.793335951819848,0.990222246432073,0.853441619788484,0.749738399243363,0.00558131182207542,0.00108781506238556,0.562107667300001,0.991253835292959,"CALI"
71786,1035.26,398.269722252012,231.983733159173,1.71680021193013,0.812845780265861,72984,302.325609167266,0.790742760208409,0.983585443384851,0.841687253326415,0.759097647337511,0.00554801385022166,0.00113633891829365,0.576229238193344,0.989270478250669,"CALI"
69221,1034.794,420.185893812471,212.601148663332,1.97640462647671,0.86255150624774,70186,296.875250780715,0.803960511033682,0.986250819251703,0.812343910489618,0.706533120584031,0.00607020837336171,0.000933068361432954,0.499189050482209,0.986599548859553,"CALI"
63962,979.26,377.974519152818,216.816578975294,1.74329159208756,0.819116285857256,64599,285.375100105721,0.819290380427821,0.990139166240963,0.838177249617477,0.755011477348667,0.00590936054458613,0.00118449836452814,0.570042330928218,0.993750002641154,"CALI"
86740,1131.888,437.844638142118,254.438422069352,1.72082751724806,0.813820906018772,87543,332.326342787219,0.78558166915727,0.990827364837851,0.85078998796095,0.759005167214929,0.0050477823166027,0.00103337823626317,0.576088843858963,0.991349534892127,"CALI"
73841,1029.369,379.942842290492,249.009576081101,1.52581618855793,0.755293294886985,74832,306.622375606852,0.793989247311828,0.986757002351935,0.875719989860844,0.807022376730072,0.00514541843001167,0.00134630285781227,0.651285116543054,0.99374137418823,"CALI"
73913,1062.106,363.679504929987,259.508329417882,1.40141746411676,0.70059081392557,74902,306.771828025342,0.727060790871533,0.986796080211476,0.823369867802843,0.843522452782705,0.00492037266691903,0.00153661245253423,0.711530128348551,0.997150748112902,"BARBUNYA"
63317,979.067,371.675808318356,217.43554448883,1.7093608553842,0.811023206407909,64040,283.932576950931,0.71918446160836,0.98871018113679,0.830052129702912,0.763925363438588,0.00587007925704559,0.00123318276311894,0.583581960904779,0.99755215987898,"BARBUNYA"
81666,1105.021,440.445261372402,239.509258671383,1.8389487897698,0.839222018588096,83062,322.459890002372,0.775187470336972,0.983193277310924,0.840446524107562,0.732122509384266,0.00539325130865234,0.000955796550238937,0.536003368747114,0.985682746270041,"CALI"
82095,1114.935,434.228666558211,241.709040934431,1.79649327505298,0.830753826775871,82787,323.305738311328,0.680495689655172,0.991641199705268,0.829903264942169,0.744551806940611,0.00528934364526721,0.00100267741867582,0.554357393218529,0.995899328892989,"CALI"
71797,1065.587,367.029794546792,250.099147223825,1.46753716924241,0.731898426462283,73023,302.348771443428,0.695356990663619,0.983210769209701,0.794581290553174,0.82377173716038,0.00511204917401552,0.00145211942839967,0.678599874944231,0.99587053952391,"BARBUNYA"
74460,1044.175,407.43781333954,234.851356812852,1.73487527970391,0.817160420636091,75603,307.904882229854,0.792127659574468,0.984881552319352,0.85819566008348,0.755710128390218,0.00547190187133415,0.00110087759923935,0.57109779815156,0.990783452306476,"CALI"
64778,984.123,367.37461486604,225.332719674864,1.6303651568939,0.789803831178468,65656,287.189678137732,0.801956050758279,0.986627269404167,0.840501776099583,0.781735227520971,0.00567128677739417,0.00130647199198528,0.611109965947264,0.996332395511037,"BARBUNYA"
71279,1047.026,418.589760928872,218.715397267031,1.91385593405576,0.852635994978049,72060,301.256106177415,0.772362304549937,0.989161809603109,0.817064853681805,0.719692965037922,0.00587255378062082,0.000971842294185885,0.517957963925075,0.991296922849446,"CALI"
66293,973.989,372.514589699538,227.791872680022,1.6353287117614,0.791246088728443,67110,290.528602962132,0.72759101335704,0.9878259573834,0.87815147011325,0.779912011490518,0.00561921454300663,0.00128244223587436,0.608262745667186,0.994709532284374,"CALI"
77927,1137.739,409.960428096299,242.850203856384,1.68812058456719,0.805662560912586,79344,314.991647512402,0.773945256634356,0.98214105666465,0.756506267963559,0.768346469377797,0.00526082651836076,0.00113099879803323,0.590356297005326,0.99659261720355,"BARBUNYA"
88387,1188.866,412.015052959515,275.567651798603,1.49515028440506,0.743416203795972,90121,335.466576040754,0.783100613105575,0.980759201517959,0.785836946537233,0.814209514024035,0.00466148927963971,0.00126371500932302,0.662937132727255,0.991190642539828,"BARBUNYA"
77107,1073.559,415.676981664293,237.312059594858,1.75160496425652,0.821016139860945,77867,313.329988312473,0.79601717837012,0.990239767809213,0.840720884915131,0.753782389051128,0.00539091109321193,0.00107355890508591,0.568187890043627,0.995240728830854,"CALI"
63819,966.163,364.791267329135,224.634953211196,1.62392923324878,0.787910025080864,64489,285.055914699999,0.740703342618384,0.989610631270449,0.859130337823567,0.781421980814048,0.00571602919709075,0.00131466982520528,0.610620312099351,0.991604175233632,"CALI"
77843,1073.266,421.122808081157,237.194488562526,1.7754325179868,0.82629128244258,79040,314.821831963444,0.670915750915751,0.984855769230769,0.849209190830127,0.747577252815937,0.00540989951673441,0.00104230128779452,0.558871748927824,0.992239076430614,"CALI"
75280,1068.444,414.012065545003,234.848765490531,1.76288797890954,0.823544948986021,76272,309.595660382479,0.79725493518597,0.986993916509335,0.828678259692941,0.747793811214001,0.00549962892594319,0.00106081735600162,0.559195584089961,0.985799173051491,"CALI"
67882,991.604,392.736224435785,221.548668778339,1.77268600439536,0.825695755706147,68565,293.989875294562,0.712268110467556,0.99003864945672,0.867536894456977,0.748568267968955,0.00578557238201268,0.00112060291340696,0.560354451810041,0.993332494224293,"CALI"
73025,1052.841,401.480810300182,234.269723852696,1.71375457185677,0.812102989502533,74786,304.923462124982,0.749720234489697,0.976452812023641,0.827858003270471,0.759496977942719,0.00549785430058448,0.00112843666729166,0.576835659504123,0.988554748685207,"CALI"
82533,1128.423,454.780082193895,233.042985423747,1.95148582295647,0.85872896318628,83741,324.167054688824,0.801089045483664,0.985574569207437,0.81450477846338,0.712799586835503,0.00551028173208165,0.000877451910949493,0.508083250992864,0.991517261194209,"CALI"
79392,1092.181,417.060031996495,245.778179956412,1.6968960876448,0.807906070679713,80913,317.938726699995,0.804083616917841,0.981202031811946,0.836367931297079,0.762333242957856,0.00525317452635649,0.00109441245260131,0.581151973318642,0.986154509851458,"CALI"
79229,1080.918,415.008284302897,245.424013143386,1.69098483472533,0.806399352421965,80505,317.612178434364,0.77400793263125,0.984150052791752,0.852135268611794,0.765315273086338,0.00523808560379276,0.00110844430446694,0.585707467219216,0.990422444653079,"CALI"
77559,1070.102,418.693416780701,237.617099309252,1.76205087090884,0.823359263301881,78389,314.247014067142,0.754464980544747,0.989411779713991,0.851121798198883,0.750542046931048,0.00539838596140617,0.00105668076911904,0.563313364211448,0.992586804003371,"CALI"
76217,1067.935,379.056800683244,257.02488463656,1.47478638583669,0.735002587450679,77190,311.516449615554,0.736438827371635,0.987394740251328,0.839792659438452,0.821819972769385,0.00497338914787047,0.00139939066375008,0.675388067642673,0.996053127315962,"BARBUNYA"
73711,1037.428,410.799254954787,230.562882620764,1.78172327776835,0.827643351266632,75070,306.352346297484,0.791799598251211,0.981896896230185,0.860649332818112,0.745747083526726,0.00557310652351463,0.00106326951228136,0.556138712588617,0.990885289887262,"CALI"
77939,1070.502,424.323534593974,236.12628814307,1.79701945908231,0.830863013343553,78917,315.015899403687,0.652837458642208,0.987607232915595,0.854652814665798,0.742395539538289,0.00544430303947925,0.0010201486732704,0.551151137126348,0.990429318311392,"CALI"
79284,1086.497,421.444021225763,242.564643148594,1.73745033800161,0.817762354738533,80787,317.722400948977,0.690627177700348,0.981395521556686,0.843992046272111,0.75388992356538,0.00531562511005705,0.00105917046374341,0.568350016853415,0.987479928885184,"CALI"
79004,1056.779,407.190073932305,248.151062872519,1.64089594950269,0.792845135052303,79534,317.160869263938,0.808754581004443,0.993336183267533,0.888977144205284,0.778901278710113,0.00515404376907885,0.0011701930982436,0.606687201976249,0.995510572337951,"CALI"
74923,1101.567,385.532963857825,248.443048258454,1.55179614225614,0.764676335647478,76197,308.860690943656,0.774253885582011,0.983280181634448,0.775895420219255,0.801126544026352,0.00514572245982976,0.00130746661259568,0.641803739543606,0.995948567109335,"BARBUNYA"
67194,1005.436,394.587499032446,218.724460977762,1.80403918824865,0.832309171673326,67865,292.496252914348,0.647634285273679,0.990112723789877,0.835278872587606,0.741270956711928,0.00587236210126568,0.0010937058332366,0.549482631264617,0.991288200063353,"CALI"
88705,1154.664,455.931273055037,250.725344595794,1.81844908335879,0.835217883478568,89829,336.069507417339,0.764810360138986,0.987487337051509,0.836077840470416,0.737105628147535,0.00513985990705188,0.000935944192166613,0.543324707046773,0.988008315495385,"CALI"
62787,942.187,359.46184198142,223.130289479103,1.61099527464686,0.784021012080768,63429,282.741739570384,0.811306370332084,0.989878446767252,0.888802733004683,0.786569550781409,0.00572509981335978,0.00135179658957418,0.618691658216468,0.996709337850158,"BARBUNYA"
74328,1039.662,407.780984505114,234.369643545245,1.73990529804425,0.818333318861575,75626,307.631839836313,0.76593639867274,0.982836590590538,0.864127785411362,0.75440457384166,0.00548623647219237,0.00109615390894015,0.569126261033217,0.990225796827808,"CALI"
71897,1092.347,390.016457860983,235.118443699865,1.65880843596791,0.797860315727297,73373,302.55925625871,0.719236117363425,0.979883608411814,0.757180450897377,0.775760227960827,0.00542465551915912,0.00121188655717121,0.601803931285834,0.998277438015596,"BARBUNYA"
73569,1080.363,374.992048236109,250.629542840146,1.49620050368636,0.743838301266977,74768,306.057118960859,0.695096371882086,0.983963727797988,0.792073188110223,0.816169623864007,0.00509714755176921,0.00139517497315605,0.666132854918315,0.996668313050819,"BARBUNYA"
76993,1130.503,388.939140701866,252.659984156644,1.53937768182844,0.760264916085175,78256,313.09827892819,0.79456960340148,0.983860662441219,0.757037979121332,0.805005838093804,0.00505161690935365,0.00130859811681916,0.648034399365108,0.997569691439747,"BARBUNYA"
70135,1026.311,388.024790643263,230.707012322743,1.68189422045154,0.80404554272276,70895,298.828806292166,0.755179171332587,0.989279921009944,0.836732615526287,0.770128129691845,0.00553254139364458,0.00120048401482322,0.59309733614266,0.997526981823542,"BARBUNYA"
73020,1068.139,421.557451892042,221.260172436524,1.90525681712094,0.851186333845884,73700,304.913022936971,0.646996278575226,0.990773405698779,0.804259404402508,0.723301228737517,0.00577317792237801,0.000974701235049746,0.523164667493202,0.996763049218233,"CALI"
80978,1105.56,426.984513013745,243.104375928307,1.75638349323529,0.822094030418584,81742,321.098726022954,0.797679206438331,0.990653519610482,0.832553739696138,0.752014923812044,0.00527284587188798,0.00104023311904273,0.565526445636035,0.993281314103154,"CALI"
52448,882.474,336.9594210523,199.005112677773,1.69321992042436,0.806971239798947,53082,258.416074659201,0.78919016521713,0.988056214912777,0.846320690243912,0.76690562279632,0.0064246381378184,0.00137086952479644,0.588144234276611,0.995857533559888,"CALI"
71879,1021.137,396.550599384874,233.726439870956,1.69664416059996,0.807842235210149,72910,302.521379799873,0.77914236781061,0.985859278562611,0.866251231373163,0.762882165022928,0.00551691870205309,0.00115267319657992,0.581989197710071,0.987428573827045,"CALI"
70483,1068.725,371.485220136734,242.915107087806,1.52928002128107,0.7565788428134,71947,299.569262160804,0.791010605465462,0.979651688048147,0.77546519011924,0.806409638721402,0.00527056481898803,0.00137486406817165,0.650296505422783,0.994485453651958,"BARBUNYA"
59338,940.712,352.182975513178,215.783678625994,1.63211127808975,0.790313001715897,59999,274.866309513362,0.793076717455226,0.988983149719162,0.842615415420496,0.780464498923733,0.00593520131304017,0.00135840048846575,0.609124834080274,0.994159511466959,"CALI"
53368,951.913,321.017057296052,212.324429527238,1.51191767245451,0.750023063877963,54618,260.672683692454,0.706383767256555,0.977113772016551,0.740110006231397,0.812021285996816,0.00601515997032027,0.00161323115154427,0.659378568911924,0.996926111175699,"BARBUNYA"
68676,1082.871,373.711626458806,235.159092167062,1.58918638022855,0.777200680289549,69854,295.704242401478,0.706630448203482,0.983136255618862,0.735972199415754,0.791263159788455,0.00544166268359844,0.00131581600319173,0.626097388038411,0.994985441767313,"BARBUNYA"
70019,1031.181,367.381144208229,243.076759651059,1.5113791410401,0.749815168768331,71281,298.581579610684,0.737414693739995,0.98229542234256,0.827477061053189,0.812729734004666,0.00524687790754266,0.00141209955659563,0.660529620535296,0.998310690516182,"BARBUNYA"
74202,1047.001,403.307019913111,236.384985448131,1.70614482619754,0.810226633096125,75363,307.370982199749,0.809711916193802,0.984594562318379,0.850611563255926,0.762126536418756,0.00543525807812607,0.00113111892082376,0.58083685751365,0.990991799311753,"CALI"
95159,1187.813,456.640267555775,269.949730814579,1.69157519134342,0.806550665685722,97517,348.080740400059,0.721672392479846,0.975819600685009,0.847546598687707,0.762264664619275,0.00479870813644295,0.000999372171260522,0.581047418927136,0.982885398851269,"CALI"
59167,962.152,361.677785840027,210.693453759073,1.71660665951968,0.812798713194472,60797,274.469969474523,0.702862912805892,0.973189466585522,0.803159941676599,0.758879810207427,0.00611282954755231,0.00125058738472559,0.575898566340461,0.988591314187873,"BARBUNYA"
71606,1026.442,386.20987942651,236.771030982051,1.63115343048782,0.790033935590844,72418,301.946337683215,0.776166319805758,0.988787318070093,0.854064066166079,0.78181930025089,0.00539354075673143,0.00124302332191701,0.611241418244791,0.997028536226231,"BARBUNYA"
92819,1169.482,453.58168894889,262.158084606838,1.73018386836756,0.816055707620743,94031,343.774375576152,0.822695726935111,0.987110633727175,0.852824494738466,0.757910612248919,0.00488673320062584,0.000994650130018125,0.574428496159531,0.993866917585858,"CALI"
72900,1053.947,412.558658382614,228.073583502915,1.80888401035424,0.833296021625163,74237,304.662375115788,0.652757879656161,0.981990112747013,0.824707318168607,0.738470442749112,0.00565924085572858,0.00103817462582374,0.54533859481407,0.986454264388218,"CALI"
72252,1060.96,376.001611284983,246.371540949831,1.52615683546644,0.755420206178296,73538,303.305297656017,0.758002077235388,0.982512442546711,0.80660649761142,0.806659568876508,0.00520403049444975,0.00135919182949231,0.650699660060033,0.993069734036307,"BARBUNYA"
69624,1048.166,417.325565522327,216.068956934808,1.93144619867001,0.855533926073011,70971,297.73819046713,0.788324143162853,0.981020416789956,0.796358643753106,0.713443448149358,0.00599399008276352,0.000957930494739198,0.509001553707246,0.983109116024987,"CALI"
76761,1059.433,410.797935911075,240.557131109419,1.70769386056662,0.810610970563885,78179,312.626199627312,0.666328125,0.981862136890981,0.859416118714254,0.761021836523993,0.00535164909147972,0.00110727594579412,0.579154235666352,0.989018132568584,"CALI"
68400,1028.492,404.309689529594,216.152904751459,1.8704800196624,0.845091228866996,69136,295.109445561956,0.767676767676768,0.989354316130525,0.812576259846769,0.729909406587089,0.00591096037323968,0.0010349363786781,0.532767741824317,0.996531416203041,"CALI"
75317,1056.208,403.019068785971,242.101354107703,1.66467085767178,0.799459979829395,76943,309.671733922905,0.781458808881511,0.978867473324409,0.848406469962053,0.76837985571189,0.00535097081383978,0.00115057842842249,0.590407602663825,0.982834330302331,"CALI"
72742,1050.385,408.987432544849,226.77084420978,1.8035274065766,0.832204392656278,73404,304.332040644959,0.752415234076005,0.990981417906381,0.828510619127586,0.74411098343856,0.0056224386536643,0.00106329885989746,0.553701155673902,0.998615209311016,"CALI"
52836,932.617,321.661219914091,209.460328162068,1.53566655192676,0.75892072052587,53871,259.370169035737,0.715789473684211,0.98078743665423,0.763366575683757,0.80634578549758,0.00608791770599763,0.00158757341386859,0.650193525789709,0.998480449834587,"BARBUNYA"
67284,1030.013,384.460267462902,223.354008271313,1.72130453551516,0.813935875590616,68347,292.692072881998,0.794642857142857,0.984447013036417,0.796959503917751,0.761306427874866,0.00571399244193125,0.00118401556307753,0.579587477123589,0.997646553100623,"BARBUNYA"
81240,1136.169,391.150406250369,267.312789104963,1.46326858344507,0.730042696192558,82832,321.617755440033,0.721786875633029,0.980780374734402,0.79084961532464,0.822235514269595,0.00481475143094988,0.00135749599761219,0.676071240926185,0.989273807018006,"BARBUNYA"
55549,914.595,348.486195593512,205.189100345911,1.69836601947194,0.808277868323058,56517,265.945828074993,0.806437095322435,0.982872410071306,0.834504078443961,0.763145947925014,0.00627349179271476,0.00131256103414352,0.582391737834368,0.9891143375591,"CALI"
94648,1191.049,464.300765057854,264.120117941409,1.75791518145865,0.82243737669566,95984,347.144892559423,0.698158857547504,0.98608101350225,0.838420807254406,0.747672454332845,0.00490555283849478,0.000945612584954751,0.559014098968101,0.982699371225455,"CALI"
68197,1008.009,368.323321607311,238.737058487577,1.54279911104156,0.761493515367043,69740,294.671201905283,0.727830606516612,0.977874964152567,0.843424699252598,0.800034058716073,0.00540087278923283,0.00136482702951474,0.640054495105713,0.98747550606725,"CALI"
76005,1051.428,416.882507746288,233.715844681845,1.78371521329153,0.828068041278825,76662,311.082901487041,0.794399849492036,0.991429913125147,0.863958637290008,0.746212411666752,0.00548493530354961,0.00104906197451003,0.55683296332551,0.993231427945917,"CALI"
85861,1127.125,453.499353196921,243.221447855463,1.86455329986531,0.844013780484062,86936,330.638201892198,0.662236893862849,0.987634581761296,0.849301010755116,0.729081970153607,0.00528178513174691,0.000920589307511974,0.531560519203065,0.991122920158191,"CALI"
62215,998.572,354.267075042068,224.370612029426,1.57893706237966,0.773875734601612,63401,281.450880751328,0.765139216843762,0.981293670446838,0.784054408331346,0.79445960570258,0.00569423893019478,0.00139927389036661,0.631166065093099,0.996571492691828,"BARBUNYA"
76452,1080.322,419.23912716843,235.102442558826,1.78321893471409,0.827962385819738,77664,311.996329584328,0.750603805447012,0.984394313967862,0.823175193799811,0.744196591791355,0.00548369077549874,0.00103753660227369,0.553828567233869,0.987597587677011,"CALI"
72773,1074.004,396.060638610639,234.941790602767,1.68578198708074,0.805057696343124,73831,304.396881372021,0.747117704429957,0.98566997602633,0.792808586303228,0.76856130525828,0.00544241186443652,0.00117134608002514,0.590686479940312,0.995768627895506,"BARBUNYA"
86419,1130.087,445.443758405373,248.934196136646,1.78940364690136,0.829271859470007,87179,331.71085031465,0.742992984386822,0.991282304224641,0.850345352637486,0.744675043830738,0.00515446555046197,0.000977756254495816,0.554540920904312,0.992297546222214,"CALI"
54230,940.76,337.980520104827,204.907322744154,1.64943114564445,0.795259167423121,55277,262.769443640214,0.78867381219005,0.981059029976301,0.770001873005281,0.777469197215019,0.00623235331190903,0.00140463858641708,0.604458352618167,0.99701243305334,"BARBUNYA"
60736,985.501,342.44530223449,226.741775531871,1.51028764519115,0.749392947071149,61680,278.08537715787,0.789353295903514,0.984695201037614,0.78585407919093,0.812057795342307,0.00563825905944564,0.00151242047438456,0.659437862976208,0.995940857224224,"BARBUNYA"
68404,994.109,380.620006110007,230.656206722406,1.65016156087264,0.79546367731603,69150,295.118074366963,0.766792215944758,0.989211858279103,0.86980790654951,0.775361435630022,0.00556429457502495,0.00124052826119493,0.601185355862248,0.992052965203419,"CALI"
69016,1020.332,402.053615847041,220.455422934474,1.82374110146768,0.836266346204912,69950,296.43532248948,0.744172004054258,0.986647605432452,0.833060675858119,0.737302963598409,0.00582551315415326,0.00106193483712732,0.543615660130997,0.991414222782385,"CALI"
79278,1088.437,420.045285826409,241.178136391275,1.74163915565277,0.818734879393018,80286,317.710378532893,0.75756822872869,0.987444884537777,0.840922467788098,0.756371727652701,0.00529838398832474,0.00106970577501692,0.572098190392331,0.996388609265376,"BARBUNYA"
82455,1101.381,420.812370686459,252.36480521419,1.6674764546875,0.80021845369367,84427,324.013837144554,0.710041592394534,0.976642543262227,0.854184526043426,0.769972224476196,0.00510353975727923,0.00110650021068252,0.592857226464821,0.988575466121424,"CALI"
87307,1146.429,449.825864085739,249.670736873825,1.80167635870384,0.83182456416792,88868,333.410745076089,0.674226979272851,0.982434622136202,0.834765713037542,0.741199587875497,0.00515223136845544,0.000959214636177392,0.549376829066806,0.989799244949347,"CALI"
61247,967.954,348.507995514052,224.220828153956,1.55430696774859,0.765552394177784,62253,279.252757186737,0.793560507903602,0.983840136218335,0.821457780188687,0.80128077628416,0.00569020516129855,0.00144692687217776,0.642050882442547,0.99794416022958,"BARBUNYA"
54692,881.807,330.726846558792,211.999211384513,1.56003809824999,0.767532538367427,55278,263.886371722102,0.678224206349206,0.989399037591809,0.88386631955515,0.797898248865601,0.00604707903457163,0.00151187350162941,0.636641615542793,0.993185175178177,"BARBUNYA"
73205,1084.621,371.950187544905,251.30774293014,1.48005860546964,0.73722353148218,74387,305.299035164439,0.762591801656336,0.984110126769462,0.781978101679977,0.820806240694746,0.00508093965637463,0.00142261177450853,0.673722884763442,0.997149353295959,"BARBUNYA"
75679,1085.308,368.014030214391,262.761224597992,1.40056445077629,0.700147896494834,77287,310.415037499816,0.764372575953458,0.979194431146247,0.807382329697971,0.843486965208854,0.00486282892499097,0.00151838622990868,0.711470260477242,0.99645995460897,"BARBUNYA"
81090,1113.605,394.623287976651,263.271023033256,1.49892412552673,0.744927723827056,82557,321.320703787624,0.706500431271073,0.982230458955631,0.821702900546694,0.814246684312854,0.00486648523833581,0.0013195296949141,0.662997662914476,,"BARBUNYA"
67293,1019.205,399.058315591003,215.683081763996,1.85020685130816,0.841356792428381,68181,292.711647673719,0.718842468460577,0.986975843710124,0.814060463769366,0.733505946969716,0.00593016087246821,0.00105891425515884,0.538030974239941,0.995468594754742,"CALI"
79501,1079.209,424.238935176551,241.891268841934,1.75384145615348,0.821521897241697,80911,318.156906330807,0.770179415639774,0.982573444896244,0.857770959080095,0.74994744694615,0.00533627168433794,0.00104121644631322,0.562421173181048,0.986397569343399,"CALI"
75335,1045.764,408.410653806934,237.038331151115,1.72297303910128,0.81433713541103,76206,309.708735915898,0.795470144131778,0.988570453770044,0.865643917838518,0.758326779747292,0.00542126042087919,0.00110587389131135,0.575059504881897,0.990812022790443,"CALI"
81186,1087.941,420.375685777897,248.210974760991,1.69362247653508,0.807073957611796,82401,321.510848462177,0.745324850588008,0.985255033312702,0.861946520395459,0.764817898226505,0.00517793321235062,0.0010928696817922,0.584946417447609,0.990678400157944,"CALI"
75959,1091.585,393.897688275224,245.792011915769,1.60256505166738,0.781424635654663,77304,310.988749922788,0.70664793659063,0.982601159060333,0.801076486346653,0.789516565290158,0.00518566184751278,0.00124287926460356,0.623336406867568,0.998937141077885,"BARBUNYA"
79107,1064.494,396.757547034457,256.346258312984,1.54774073803737,0.76325019380582,80800,317.367548223451,0.758812865104411,0.97904702970297,0.877280231579079,0.799902990114739,0.00501545434707999,0.00126659953794123,0.6398447935945,0.990313853067321,"CALI"
78471,1131.829,380.023147677443,264.807578553748,1.43509166071812,0.717246430543833,80312,316.089196770331,0.725293921916593,0.97707690008965,0.769763681155727,0.831763008917082,0.00484284828379202,0.0014298123191785,0.691829703002798,0.992839037416413,"BARBUNYA"
68496,991.032,385.057986990654,228.013180427117,1.68875319518529,0.805825672520008,69171,295.316467295984,0.777709653246134,0.990241575226612,0.876394652018834,0.76694024607559,0.00562161275097311,0.00119973907043649,0.588197341050486,0.9933201390985,"CALI"
60444,1015.689,353.441573861264,218.538479864791,1.61729675286447,0.785929815659381,61940,277.416097301458,0.744897959183674,0.975847594446238,0.736277557384766,0.784899451048597,0.0058474219750722,0.00136899007517435,0.616067148256389,0.996363398421533,"BARBUNYA"
61076,957.031,333.493770396493,234.182507197891,1.42407635133345,0.711970337537544,61989,278.862651558513,0.744103313840156,0.985271580441691,0.837969939071776,0.836185489243088,0.00546030798343855,0.00164667316874461,0.699206172420703,0.995722974850703,"BARBUNYA"
77972,1077.81,415.490394094714,243.159965247593,1.70871217912722,0.810862961723704,79627,315.082582479721,0.779447193482281,0.979215592700968,0.843459279839777,0.758339030114606,0.00532871279555115,0.00108706549626801,0.575078084595161,0.982642927096905,"CALI"
80056,1086.236,430.503511817193,238.20344667523,1.80729337810191,0.832973026752038,80817,319.265508618326,0.805197940135179,0.99058366432805,0.852619707354102,0.741609533614901,0.00537752962697603,0.00100337619018969,0.549984700348511,0.993983706997225,"CALI"
71492,1045.688,403.915467617045,228.262744917977,1.76951989148376,0.825005265933039,73300,301.705885809684,,0.975334242837653,0.821604978667204,0.746953038440543,0.00564979952466073,0.00108489071758978,0.557938841635559,0.98728387850553,"CALI"
81910,1132.599,411.396303210737,253.93661790091,1.62007475176845,0.786762789242495,83172,322.941250244154,0.719607119638747,0.984826624344731,0.802406507733686,0.784988216286251,0.00502254063253249,0.00117640204680336,0.61620649970827,0.998300592052981,"BARBUNYA"
73266,1044.036,379.312030587951,247.635471602868,1.53173545022764,0.75748354901389,74227,305.426207920287,0.735454727966272,0.987053228609536,0.844658968060189,0.80521096957263,0.00517719038282356,0.00134249485347957,0.648364705520095,0.99312320412153,"BARBUNYA"
68435,1024.358,397.36527999295,222.357838022914,1.78705317305703,0.828776044370356,69877,295.184939053385,0.707521323339364,0.979363739141635,,0.742855387513027,0.00580646277479287,0.00109070804994028,0.551834126757129,0.986156927222483,"CALI"
72814,1044.679,404.769655656468,232.095505967166,1.74397885891737,0.819274545798976,74247,304.482617254822,0.736097210849281,0.980699556884453,0.838414970117107,0.752236767257175,0.00555895371297371,0.00109797144991325,0.565860154013526,0.986848145703318,"CALI"
63449,967.614,363.352526884365,223.930298940905,1.62261439654602,0.78751978744387,64133,284.228386819299,0.765210994126657,0.98933466390158,0.851589619629186,0.782238640959702,0.00572668642349549,0.00132263565904582,0.611897291410481,0.992873354250162,"CALI"
84697,1100.164,426.419894218061,253.80123195831,1.68013327172543,0.803584355702678,85314,328.38935689275,,0.992767892725696,0.879352560222797,0.770107964814653,0.00503465169035575,0.00109233450740566,0.593066277470967,0.996430385117318,"CALI"
82036,1144.187,415.215322687262,253.112084163105,1.64044053471464,0.792715060574366,83728,323.18954081451,0.701888277620445,0.97979170647812,0.787445167737199,0.778366122721186,0.00506137942716931,0.00114599932204124,0.605853821000013,0.993867166080168,"BARBUNYA"
72836,1041.011,405.720526826226,232.126413312557,1.74784300087352,0.820160321399858,74256,304.528611923954,0.677342558494216,0.980876966171084,0.844588792451603,0.750587145063002,0.00557032960110696,0.0010905991252432,0.563381062333827,0.984701646624867,"CALI"
81085,1135.253,411.897221278318,251.34059163604,1.63880103327988,0.792245714434177,82646,321.310797336241,0.767327201150731,0.981112213537255,0.790615034282441,0.780075175887461,0.00507982020445604,0.00116030973127841,0.608517280035854,0.997238747291418,"BARBUNYA"
78695,1086.614,415.867557864021,243.890563295085,1.70514001134541,0.809976666118099,80290,316.540022703186,0.761508017147115,0.980134512392577,0.837541646323435,0.7611558456952,0.00528454867353734,0.00109416297198593,0.579358221435975,0.987886884272396,"CALI"
71608,1065.545,393.283386124339,232.927186236402,1.68843917482946,0.805744732909569,72706,301.950554428031,0.702039215686274,0.984898082689187,0.792552092793165,0.767768395720047,0.00549217107200786,0.00117718506290943,0.589468309466534,0.995281386023793,"BARBUNYA"
70349,1024.836,398.461631900809,227.042531795273,1.75500875871181,0.821784978769381,71191,299.284360988966,0.82841497880358,0.988172662274726,0.841703333131897,0.751099571522783,0.00566406959446202,0.00111198364713496,0.564150566341708,0.990089185161925,"CALI"
60131,966.054,337.645617472886,227.581162100004,1.48362726667385,0.738709683876391,61175,276.696886618679,0.743606549267907,0.982934205149162,0.80966522028251,0.819489050945252,0.00561516717621337,0.00156212245431319,0.67156230461915,0.996348146403298,"BARBUNYA"
89592,1155.357,452.291405108235,254.96453277204,1.77393851682353,0.825967734428125,90627,337.745580714112,0.795772083314829,0.988579562382072,0.843425438752169,0.74674330951146,0.00504834589146615,0.000968309576151176,0.557625570300128,0.989193477121082,"CALI"
76301,1048.715,403.654195762154,243.526403384939,1.6575377049531,0.797510908064104,77582,311.688066025694,0.791668395932766,0.983488438039752,0.871816600250912,0.77216605029259,0.00529028709665869,0.00116011706868064,0.596240409224458,0.988290959506206,"CALI"
75346,1071.696,420.318254304691,232.396798206697,1.80862325792826,0.833243140025477,77342,309.73134606884,0.786361359271938,0.974192547386931,0.824378858806586,0.736897203242364,0.00557850787440198,0.00101467146267155,0.543017488146419,0.982114058523395,"CALI"
61055,977.927,346.617988656321,226.667080587727,1.52919421628219,0.756547129398636,62594,278.814706218674,0.805262463729887,0.975412978879765,0.802265701778023,0.804386140775643,0.00567714337329164,0.0014661146793648,0.647037063471932,0.989445335181492,"BARBUNYA"
65997,992.511,383.240968195725,221.344427543813,1.73142361182716,0.816348655737825,67054,289.879268375451,0.734458812793519,0.984236585438602,0.841905605213004,0.756389040921654,0.00580694528835743,0.00117248800504182,0.572124381226379,0.990589662557359,"CALI"
73154,1072.009,367.855479457504,255.709008786101,1.43857066750907,0.718879771011482,74911,305.192669727758,0.752411906280213,0.976545500660784,0.7999283321391,0.829653727539526,0.00502850807143155,0.00146962451999404,0.688325307620231,0.990204597246621,"BARBUNYA"
69448,993.332,374.955168293518,236.501088558457,1.58542681802853,0.775990190324111,70025,297.361631524256,,0.991760085683684,0.884465209165193,0.793059161919536,0.00539907799063354,0.00131741229009562,0.628942834304517,0.997142836513258,"BARBUNYA"
69667,1035.546,404.889267457903,222.05856784004,1.82334449598704,0.836188131838874,71209,297.830118294078,0.781896745230079,0.978345433863697,0.816390951322413,0.735584126899693,0.00581177985930072,0.00104958668970458,0.541084007746784,0.986582547391709,"CALI"
61876,954.989,376.590551759145,209.702309241494,1.79583407126653,0.830616882008407,62369,280.683042006518,0.801388403206797,0.992095432025526,0.852580423503329,0.745326829617421,0.00608621358457471,0.0011585478383726,0.555512082947555,0.997607525557459,"CALI"
74641,1042.506,405.223265000092,236.598853957329,1.71270172370816,0.811845133016077,75839,308.278888116876,0.798043408532022,0.984203378209101,,0.760763052725529,0.00542896350531333,0.0011217454970013,0.578760422392266,0.991243973045294,"CALI"
82632,1104.57,384.835996289904,275.53730774614,1.39667473503974,0.698114312592442,83677,324.361418884176,0.764113518462008,0.987511502563428,0.851082461787446,0.842856234892925,0.00465722717942085,0.001449843751534,0.710406632697878,0.992206995493783,"BARBUNYA"
67849,1022.629,389.91481650758,222.091270392069,1.75565125013353,0.821929520963448,68732,293.918406825323,0.750641678098863,0.987153000058197,0.815299369273161,0.75380158532552,0.00574680270169907,0.0011445485932584,0.568216830039266,0.997590588005352,"BARBUNYA"
69889,1002.511,391.562677748484,228.754674848484,1.71171442947707,0.811602824503214,70764,298.304271746141,0.774479166666667,0.987634955627155,0.873857055957455,0.761830196538174,0.00560263672034919,0.001164139316709,0.580385248357392,0.99345380426898,"CALI"
82845,1137.84,404.109368389885,261.689248833065,1.54423374361731,0.762005662657218,84027,324.779202048999,0.757633954292299,0.985933092934414,0.804106869356558,0.803691345595462,0.00487789689649207,0.00125536364113067,0.645919778985045,0.997451118378541,"BARBUNYA"
74846,1024.352,390.654957435664,244.338393682377,1.59882755856817,0.780257578602189,75491,308.701938713135,0.797948783556153,0.991455935144587,0.896354947323091,0.790216360594821,0.00521945003655057,0.00125541864851648,0.624441896551724,0.99837491293147,"CALI"
69785,1037.342,367.522876168564,242.785295737087,1.51377732762924,0.750738820705962,70841,298.08223970801,0.758549098893454,0.985093378128485,0.814944480791345,0.811057648480349,0.00526650248862311,0.0014057527866981,0.657814509158473,0.995784689749656,"BARBUNYA"
66444,1009.712,365.915669201447,235.452025786432,1.55409862361241,0.76547989987581,68423,290.859292975802,0.734074286850653,0.971076977039884,0.818974912279574,0.794880671851402,0.00550712884837528,0.00135616567477084,0.631835282482936,0.981934342856486,"BARBUNYA"
78951,1107.357,432.465771511437,236.105693521707,1.83166176580014,0.837816243945983,80711,317.054467396985,0.742034624710991,0.978193802579574,0.809081346493862,0.733131933861269,0.00547764780067936,0.000976118211221792,0.537482432447164,0.984486021302724,"CALI"
68648,1004.91,347.256382298822,252.654606648033,1.37443123205181,0.68602953942251,69720,295.643955234974,0.728863407124277,0.984624211130235,0.854246910998568,0.851370832345323,0.00505850690914262,0.00163937074055306,0.724832294168368,0.996232143104772,"BARBUNYA"
76120,1058.695,400.912540910263,242.595958188203,1.65259365368008,0.796142311718106,76807,311.318155823332,0.802251193575245,0.991055502753655,0.853428063221254,0.776523865071647,0.00526684893471181,0.00118127185027311,0.60298931302581,0.996496311943365,"CALI"
61422,968.493,363.980757173873,216.331613558492,1.68251302334719,0.804207198924629,62310,279.651424664212,0.712949206054415,0.985748675974964,0.822888220426372,0.768313761517405,0.00592590207375001,0.00127376315227284,0.590306036137024,0.993197593560996,"CALI"
68456,1021.462,393.387797860701,223.171094393138,1.76271841535046,0.823507361468786,69252,295.230225882091,0.818283965669751,0.988505747126437,0.824473978621543,0.750481401526928,0.00574657879310361,0.00112447256662081,0.563222334037823,0.992802380145138,"CALI"
71003,1076.435,365.108887837944,248.970330639965,1.46647549087255,0.731438823639516,72459,300.672292363016,,0.97990587780676,0.77003584550519,0.823514032056298,0.00514216142751635,0.00145884611612689,0.678175360993622,0.994527545410789,"BARBUNYA"
57208,929.814,345.440274991363,212.410923759339,1.62628300314133,0.78860577145532,58161,269.887917245677,0.79978749877672,0.983614449545228,0.8315233844016,0.781286771649383,0.0060383211262649,0.00138783505452913,0.610409019554314,0.992697813465348,"BARBUNYA"
67044,981.016,376.872211668558,228.251745326658,1.6511252132123,0.79573299620778,67723,292.169594648766,0.800401131764622,0.989973864122972,0.875422289544646,0.775248441256041,0.00562126680491256,0.00125249952099817,0.601010145669921,0.992343004912005,"CALI"
64592,1000.066,344.369035681201,239.374257322535,1.43862184485943,0.718903682000203,65657,286.7770713874,0.786020249221184,0.983779338075148,0.811579878643465,0.832760909586782,0.00533145026754398,0.00158163566183981,0.693490732535804,0.997670917033573,"BARBUNYA"
91235,1158.807,457.3964107949,256.697240543644,1.78185168576883,0.827670777991372,92679,340.828417042817,0.802206981447287,0.984419339872031,0.853786179464036,0.745148866495254,0.00501338752446868,0.000953417719873261,0.555246833239162,0.989367505825006,"CALI"
66734,975.556,366.179301062797,234.776157139146,1.55969543724055,,68092,291.493340881668,0.68930825405679,0.980056394290078,0.88115561369137,0.796039918246715,0.00548714749697001,0.0013591449719871,0.633679551442237,0.988347105057095,"CALI"
74640,1056.189,407.156637170486,235.086990368307,1.73194031933711,0.816470535694258,75626,308.276823032534,0.809281144963678,0.986962155872319,0.840810670543711,0.757145518184079,0.00545493886884359,0.00110582670719728,0.573269335706238,0.992868276349235,"CALI"
77679,1090.98,414.484402898662,240.979369833802,1.71999953018602,0.813621081149779,78540,314.490023046014,0.795239557739558,0.98903743315508,0.820124737661365,0.758749957408903,0.00533586172451579,0.0010908851959895,0.575701497868012,0.990206305860368,"CALI"
51906,896.485,327.382503613561,202.813180073785,1.61420723985718,0.784997333205235,52774,257.077365415595,0.77632700677525,0.983552506916284,0.811598754249189,0.785250777234712,0.0063072188882511,0.00147928265699941,0.616618783147719,0.99535050398897,"BARBUNYA"
73410,1030.239,399.997340182972,234.490635770707,1.7058137049622,0.810144317648657,74089,305.726209179076,0.808979106056599,0.990835346677645,0.869138755188333,0.764320605330093,0.00544881269831048,0.00114705413200369,0.58418598773216,0.996512464120401,"CALI"
75771,1052.188,408.713772187026,237.788041994267,1.71881549954846,0.813334741943651,76685,310.603659901373,0.797908637139066,0.988081111038665,0.860054938783705,0.759953985008468,0.00539406596437985,0.00110980123199087,0.577530059330251,0.992667617431975,"CALI"
50575,858.52,314.326789954275,205.466281710288,1.52982176607198,0.756778917139467,51389,253.759906161278,0.712123345536469,0.984160034248575,0.86227326652938,0.807312371300558,0.00621506257942215,0.00162851476095886,0.65175326485493,0.997066330683546,"BARBUNYA"
56644,961.412,343.122767791233,210.502001786091,1.63002140065114,0.789703359953562,57622,268.554241768732,0.795673549655851,0.983027315955711,0.770095704694894,0.782676834584551,0.00605753067917578,0.00140218496062448,0.612583027395293,0.998523444329992,"BARBUNYA"
76452,1062.177,420.107223869649,233.181280756713,1.8016335724134,0.831815768672211,77118,311.996329584328,0.807989854153456,0.991363883918151,0.85153975626311,0.742658806745809,0.00549504556937227,0.00103111808201898,0.55154210323711,0.993676769791473,"CALI"
90045,1160.436,441.457340587745,262.640817510222,1.68084056687252,0.803769800103906,91330,338.598367990275,0.790707680959615,0.985930143435892,0.840285906833013,0.767001331407184,0.00490263024696258,0.00104663047082551,0.588291042380392,0.988823449160686,"CALI"
59844,997.552,350.946618977097,217.979374746326,1.60999920008722,0.783716805545613,61098,276.035771803459,0.779980449657869,0.97947559658254,0.755717346383238,0.786546320372081,0.00586435764616498,0.00138451423695041,0.61865511409086,0.996034238816152,"BARBUNYA"
67073,1006.501,384.277295751149,224.232555450164,1.71374444259301,0.812100511365004,68005,292.232777052851,0.732942127808375,0.98629512535843,0.832011203261787,0.76047370033044,0.00572923972017278,0.00118198932479023,0.578320248894272,0.991093112581568,"CALI"
86246,1179.304,418.333720135189,263.930315489873,1.58501579994224,0.775857214642856,88043,331.378662220773,0.799551303444951,0.97958951875788,0.77928673349902,0.792139495983456,0.00485047097993169,0.00117806795864733,0.627484981096924,0.994573609265081,"BARBUNYA"
61570,1001.035,372.792034193869,211.147168097399,1.76555545382407,0.824134604810206,62673,279.988140408382,0.744354175733836,0.982400714821374,0.772112339078162,0.751057197383073,0.00605476748731313,0.00118841816726763,0.564086913740917,0.995926726986061,"BARBUNYA"
83242,1136.826,401.0345747829,265.739898933666,1.50912443480309,0.748941712471345,84536,325.556456214348,0.705590167408349,0.984692911895524,0.809402189560379,0.811791493016749,0.00481769509121477,0.00129061603530287,0.659005428134362,0.99452119426544,"BARBUNYA"
74709,1110.564,409.281405330472,233.718280886847,1.75117412201325,0.820918451195235,76051,308.419281413499,,0.982353946693666,0.761194435327222,0.753562896815378,0.00547834136891769,0.00108969982523774,0.567857039456784,0.994416552499779,"BARBUNYA"
80009,1108.48,433.91331894299,236.968425857806,1.83110183296471,0.837707431467696,81004,319.171776218881,0.657644254479698,0.987716655967606,0.818263130489937,0.735565750773406,0.00542330636482134,0.000979331896243799,0.541056973710845,0.990730416300267,"CALI"
81131,1065.688,402.65784847548,257.960581439015,1.56092782172098,0.76783753493402,81950,321.401925171441,0.791028041028041,0.990006101281269,0.897710990142228,0.79820106919141,0.0049630578752324,0.00124273440841098,0.63712494685831,0.994506055463638,"CALI"
55434,925.422,330.59175737562,213.772573850415,1.5464647846124,0.762798609272549,56460,265.670399033933,0.718876439464675,0.98182784272051,0.813404258965234,0.803620759159088,0.00596370020881805,0.001534264209246,0.64580632455143,0.998716738598749,"BARBUNYA"
72633,1071.572,381.556240463277,243.63182666598,1.56611821076395,0.769604064196928,73795,304.103942514314,0.716641013497514,0.984253675723287,0.794879199338876,0.797009484486684,0.00525320777695093,0.00130754998346065,0.63522411836173,0.99483605968278,"BARBUNYA"
65383,955.639,354.577258814097,235.087069369524,1.50828056925901,0.748613534343353,65965,288.527678314264,0.71665954205167,0.991177139392102,0.899677744394149,0.813723021265548,0.00542308029325815,0.0014666693251675,0.662145155337531,0.998700671824585,"CALI"
87516,1210.109,444.896659304345,251.549296067491,1.76862613515316,0.824809572296264,89724,333.809574453823,0.67144391591223,0.975391199679016,0.751014533945557,0.750308116441644,0.00508360367594891,0.000993825247633577,0.562962269598208,,"BARBUNYA"
75443,1070.292,380.741043799849,253.563297532768,1.50156212474183,0.745975746956415,76715,309.93065510442,0.736101083032491,0.983419148797497,0.827607190595458,0.814019555158194,0.00504673785241639,0.00136687833903543,0.662627836179944,0.994976861607441,"BARBUNYA"
73480,1069.283,413.783299939305,230.200405087846,1.79749162379363,,75618,305.87193684145,0.771848739495798,0.971726308550874,0.807595122168658,0.739208027212109,0.00563123707048591,0.00103717077580799,0.546428507494818,0.982200665223993,"CALI"
81173,1093.805,427.61731025983,244.050016527299,1.75217079000689,0.821144307450504,82655,321.485106287659,0.782390361445783,0.982070050208699,0.852592783553108,0.751805641573109,0.00526797469922056,0.00103811571302027,0.565211722701154,0.990347470686434,"CALI"
59387,930.813,361.386465697427,210.664256910389,1.71546170668691,0.812519907671083,59877,274.979775334818,0.820035901684617,0.991816557275749,0.861343480136221,0.760902251289751,0.00608527902903711,0.00125827548618609,0.578972236017811,0.993204700123452,"CALI"
84226,1113.968,440.555956252786,245.659521600678,1.79335998613933,0.830101358756784,85372,327.474997358369,0.788477921008041,0.986576395070983,0.852924538515449,0.743322142648476,0.0052306408502456,0.000985015227407492,0.552527807751521,0.990881261650863,"CALI"
47668,846.128,300.107152141681,202.881161123005,1.47922631396874,0.736874946501895,48450,246.359052235626,0.814754042320446,0.983859649122807,0.836690158846664,0.820903635509889,0.00629577813505248,0.00176359108082702,0.673882778793353,0.996825138921506,"BARBUNYA"
77531,1118.121,405.279311479352,244.362873790795,1.65851426279395,0.79777951318478,79291,314.190284927561,0.673573463997776,0.97780328158303,0.779305320132967,0.775243828214923,0.00522731954288416,0.00116469465298175,0.601002993185329,0.996772036179725,"BARBUNYA"
69839,1005.156,392.766952545119,228.66438222697,1.71765689400312,0.813053880076572,70663,298.197546208481,0.80119998164464,0.988339017590535,0.86864222642057,0.759222598225663,0.00562389141518519,0.00115263869481817,0.576418953656527,0.990089989582196,"CALI"
65806,1042.863,361.12619235902,234.700328337779,1.53866931042078,0.760009273387414,67326,289.459498860967,0.707469682635246,0.97742328372397,0.760362760243029,0.801546675332804,0.00548773960366866,0.00139729635686743,0.642477072737071,0.988559754469508,"BARBUNYA"
71778,1026.734,400.300318038115,231.302208662969,1.7306376811187,0.816163027633224,73394,302.308762760858,0.778047564333254,0.977981851377497,0.855628672503206,0.755204902765212,0.00557692214937884,0.00111900891797143,0.570334445160613,0.987042281634882,"CALI"
71433,1014.513,396.144292924809,231.897841416167,1.70827072173511,0.810753784473091,72296,301.581366133697,0.739648156393344,0.988062963372801,0.872154690573526,0.761291709914748,0.00554567626901865,0.00114904934333337,0.579565067584921,0.990054036295748,"CALI"
71385,1066.275,377.316380027522,241.937668393782,1.55956028894763,0.767368480082154,72551,301.480024049554,0.701117702522197,0.983928546815344,0.789002490836796,0.799011227732979,0.00528565356906244,0.00132889291613162,0.638418942043363,0.995652829722787,"BARBUNYA"
56322,911.589,326.836610113348,219.970201224243,1.48582220816429,0.739616971897508,57129,267.789838564823,0.735802469135802,0.985874074463057,0.851706144325494,0.819338563302173,0.00580300078323475,0.00161319168920864,0.671315681314069,0.997455747985383,"BARBUNYA"
65231,1026.265,363.466547553159,229.78648098523,1.58175775178228,0.77479866325817,66343,288.19210388666,0.824957001214083,0.983238623517176,0.778296118678495,0.792898564742083,0.00557199104035136,0.00135850330406991,0.628688133970055,0.994432329360669,"BARBUNYA"
70413,1068.42,371.22531730031,243.174432128608,1.52658038121368,0.755577854065256,71731,299.420467008247,0.716627992183683,0.981625796378135,0.77513740379559,0.806573401797446,0.00527211334981197,0.00137638549374227,0.650560652487105,0.993133128876381,"BARBUNYA"
70006,1013.071,387.871193511997,230.873464978342,1.68001633946276,0.80355367076005,70848,298.553860415051,0.777326226959805,0.988115401987353,0.85716683790573,0.769724241988126,0.00554054214655882,0.0011997000696058,0.592475408704194,0.995368367352921,"CALI"
71656,1097.198,373.846716698788,245.155851103912,1.52493491391454,0.75496447360316,73142,302.051738643469,0.803498542274052,0.979683355664324,0.747984176714961,0.807956109152713,0.00521724233419097,0.00137142432645833,0.652793074317191,0.995466950587891,"BARBUNYA"
79709,1078.396,410.602869704822,251.08456187974,1.63531706860371,0.791242724003408,80895,318.572834484196,0.797536620507484,0.985339019716917,0.861312377071147,0.77586606911251,0.00515127362913626,0.00115144028444951,0.601968157200098,0.98440880222524,"CALI"
69623,1009.02,379.549320278063,234.125172156936,1.62113845675529,0.787080372076583,70383,297.736052272976,0.723731808731809,0.989201937967975,0.859336082429107,0.784446279747914,0.00545149333234797,0.00127335083890819,0.615355965810342,0.99757722076894,"CALI"
91582,1202.076,436.093753917145,268.112150940518,1.62653483770639,0.788679995687153,93036,341.475949352126,0.753538046340179,0.984371641085171,0.79644563221114,0.783033341534637,0.00476178456374774,0.00110425792393934,0.613141213954899,0.997295544931228,"BARBUNYA"
49967,878.754,313.375266543283,203.339883248176,1.54114019117838,0.760899084282504,50787,252.229975085797,0.740120274914089,0.98385413590092,0.813127238641384,0.804881565377017,0.00627164461631242,0.00162363769784619,0.647834334283757,0.998403529789987,"BARBUNYA"
81562,1111.367,432.307661070836,241.115763206726,1.79294648894517,0.830014959134925,82251,322.254501516564,0.772543002197469,0.991623202149518,0.829817781157223,0.745428616088674,0.00530035630650101,0.00100950638703905,0.555663821683875,0.99627549812196,"CALI"
79236,1091.724,421.878272647707,239.861270402891,1.75884281751316,0.822644811970467,80255,317.626208878668,0.665066308544569,0.987302971777459,0.835423508201598,0.752885913951545,0.00532432571871002,0.00105526386220607,0.566837199426653,0.996977536910845,"CALI"
88728,1146.35,449.026843859752,253.69431937094,1.769952299181,0.825099821324113,89604,336.113073719636,0.798869151052968,0.990223650729878,0.848469207665934,0.748536704020788,0.0050607118819285,0.000980039945693706,0.560307197266305,0.991717012049157,"CALI"
61608,1002.53,357.789159791783,219.648330659166,1.62891818352571,0.789380401258581,62728,280.074529138306,0.800103896103896,0.982145134549165,0.770286381194499,0.782792103878431,0.00580751135878105,0.00134510310601748,0.61276347789442,0.998141571342677,"BARBUNYA"
67349,1002.202,385.164327988292,224.056508728022,1.71904994045871,0.813391492783429,68119,292.833416976903,0.807735668025905,0.988696252146978,0.842617521255659,0.760281769878243,0.00571893165434218,0.0011786720287775,0.578028369609194,0.993659634360129,"CALI"
81817,1092.464,404.741865375448,258.085587941064,1.56824667585806,0.770322252478099,82640,322.757865638619,0.73233977801647,0.990041142303969,0.861467992405758,0.797441266272817,0.00494691647671569,0.00123398296485545,0.635912573154794,0.997267778986352,"CALI"
60515,931.443,346.296114418779,223.478080865521,1.54957530097623,0.763897061441412,61176,277.57898164243,0.769607406747975,0.989195109193148,0.876516982945368,0.801565394715202,0.00572248391999966,0.00145720341974812,0.642507082004938,0.995613104977161,"CALI"
73065,1034.349,405.151947830009,231.638730975568,1.74906824141055,0.820439759030261,74003,305.006962766548,0.672344302120141,0.987324838182236,0.858193171936554,0.752821168453376,0.00554508927434488,0.00109864047564189,0.566739711671507,0.991266430830806,"CALI"
88577,1163.072,460.103646788259,248.956938837613,1.84812541854224,0.840965451134427,90577,335.826948224836,0.659094291326865,0.977919339346633,0.822844233656818,0.729894124006768,0.00519439184876727,0.000909397886706237,0.532745432259608,0.984580374971256,"CALI"
65618,973.379,349.74258794332,239.952377210071,1.4575500022537,0.727523455986347,66416,289.045727258564,0.81298939438993,0.987984822934233,0.870299849516668,0.826452760466811,0.00532997939503369,0.00153383071854105,0.683024165283212,0.99554187364788,"BARBUNYA"
69963,1080.634,379.312388992106,236.976214473421,1.60063485626592,0.780823157962447,71325,298.462155504356,0.782461359518644,0.980904311251314,0.752871803762112,0.786850533138182,0.00542161412449589,0.00128196846001107,0.619133761499841,0.991007079347676,"BARBUNYA"
70292,1075.449,391.716942989649,229.864075524754,1.70412423992485,0.809723445279105,71620,299.163089432042,0.774413890357835,0.981457693381737,0.763723447335631,0.76372261855405,0.00557271016601675,0.00116946931389061,0.583272238091054,0.993968359406183,"BARBUNYA"
50978,881.559,323.106234627496,201.10068850986,1.60668885333853,0.782700884464687,51805,254.76892571801,0.708913920178,0.984036289933404,0.824308711900926,0.78849894683007,0.00633815046936907,0.00151128641454739,0.62173058915213,0.998927607370325,"BARBUNYA"
83749,1122.304,436.019604056492,246.398631313001,1.76956991089214,0.825016207869511,84824,326.54638052201,0.70240371712292,0.987326699990569,0.835542360074048,0.748925914073581,0.00520626639191504,0.00101032612117591,0.56089002477095,0.992534111154221,"CALI"
64346,967.065,376.020857674727,220.880980656738,1.70236865372798,0.809284539884991,65560,286.230452163163,0.76023156899811,0.981482611348383,0.864609667975154,0.761208976366849,0.00584373321845533,0.00121027969627223,0.579439105701465,0.986418970290347,"CALI"
57812,941.036,343.090120788504,215.465538703857,1.59232015872412,0.778201712145395,58931,271.308909843059,0.783211856829328,0.981011691639375,0.82038060045069,0.790780303494388,0.00593458314516889,0.001431506602893,0.625333488394677,0.995731119496121,"BARBUNYA"
77345,1070.01,406.649930266647,244.821703738545,1.66100441283149,0.798461886550586,78693,313.813181029002,0.767022352684504,0.982870140927401,0.848919353837494,0.771703516150192,0.00525761109660155,0.00115019145630534,0.59552631683857,,"CALI"
76550,1061.771,419.3943319712,233.653441001461,1.79494181713583,0.830431246314207,77240,312.196231798971,0.800096157866132,0.991066804764371,0.853283485532028,0.744397832778554,0.00547869800093011,0.0010377136387355,0.554128133445408,0.994627758772584,"CALI"
62152,955.511,356.744805433281,223.303784110057,1.59757617567939,0.779864601877573,62931,281.308343609605,0.760045980384963,0.987621363080199,0.855447950762099,0.788542227736001,0.00573987651939247,0.00136893281518685,0.621798844922856,,"CALI"
76912,1051.122,402.138689647339,245.517147796836,1.63792506248935,0.791994254797427,77914,312.933539053696,0.770723104056437,0.987139666812126,0.874777727135811,0.77817317037594,0.00522855587746176,0.00118267803050039,0.605553483092941,0.991851226635649,"CALI"
79053,1073.509,412.742617782611,245.787772169378,1.67926424548972,0.803356127691396,80261,317.259209054598,0.794502512562814,0.984949103549669,0.862019003619531,0.768661135016825,0.00522108734371385,0.00112429534563708,0.590839940485354,0.992176386864332,"CALI"
71942,1028.174,398.726852644909,231.227904527567,1.72438898955369,0.814676590841582,72861,302.653926667633,0.723355051480052,0.98738694225992,0.855183152096492,0.759050775386741,0.00554233761425744,0.00113489596839213,0.576158079615213,0.993520648730872,"CALI"
66423,967.29,351.141288518274,241.17653892515,1.45595127155901,0.726812266629345,67104,290.813325485514,0.754995567073587,0.989851573676681,0.892102907268884,0.828194618504339,0.00528644127061822,0.00153416754569136,0.685906326119548,0.998646187684128,"BARBUNYA"
73884,1092.59,433.076158964241,220.136215098896,1.96730991658815,0.861175157041697,75689,306.711640671189,0.632936983860467,0.976152413164396,0.777760389249277,0.708216405642673,0.0058615689318965,0.000909614910611178,0.501570477221427,0.986744573705563,"CALI"
59652,964.522,378.780788550265,204.026377580339,1.85652851872603,0.842536202728352,61244,275.592607525205,0.765721474140919,0.974005616876755,0.805769078351584,0.72757810283885,0.00634984222742347,0.00109764316573707,0.52936989573058,0.982790308378849,"CALI"
91615,1189.433,468.094509070187,251.867148560821,1.85849767127193,0.842900789936402,93439,341.537466306278,0.709368950832366,0.980479243142585,0.813760270570061,0.729633566915152,0.00510936537761488,0.000893235439975729,0.532365141969328,0.989399376616347,"CALI"
71929,1036.972,392.325289076757,234.905762978102,1.67013905535102,0.800934077781097,73002,302.626580480393,0.69567193771459,0.985301772554177,0.840581498546088,0.771366488233658,0.00545434093448757,0.00119114631703137,0.595006259169926,0.993743191618004,"CALI"
84664,1143.2,396.757539076014,272.998083266288,1.45333452282523,0.725641632471596,86180,328.325376441508,0.759134559344374,0.982408911580413,0.814074620757879,0.827521456066407,0.00468626026500064,0.00135557396606198,0.684791760250267,0.995231506117974,"BARBUNYA"
80107,1128.926,393.662562662556,260.423833916074,1.51162263738664,0.749909202956714,81661,319.367187121814,0.705459124813964,0.980970108129952,0.789858654743997,0.81127142231092,0.00491420927837213,0.00131310096893169,0.658161320658384,0.994891551359503,"BARBUNYA"
66011,987.176,383.905545017578,221.00173038362,1.73711556172518,0.817684275309312,66822,289.910012913512,0.768660192365914,0.987863278560953,0.85121055307875,0.755159743525554,0.00581578138518699,0.00116665690812567,0.57026623824158,0.990618356775925,"CALI"
76709,1075.733,417.528952421365,236.531459976522,1.7652153014352,0.824059584893955,77578,312.520290920589,0.772559722837691,0.988798370672098,0.833004220997981,0.748499688723856,0.00544302431815517,0.00105386876684221,0.560251784019709,0.988965021807961,"CALI"
69034,990.33,386.038334504057,229.111827895607,1.68493411296056,0.804837663635981,69937,296.473976482334,0.761544401544402,0.987088379541587,0.884530945970976,0.767991025718244,0.00559200299133843,0.00119997372972727,0.58981021558376,0.993791352409701,"CALI"
68100,1014.884,384.195734549763,227.061787911902,1.69203166275969,0.806667535077774,69047,294.461564548694,0.722623089983022,0.98628470462149,0.830852946598818,0.766436318960624,0.00564164074228727,0.00120085202632377,0.587424631021912,0.993941075174002,"CALI"
71078,1097.521,392.83961305097,230.632168337587,1.7033166530176,0.809521742588019,72505,300.831049528944,0.68184260005372,0.98031859871733,0.741514052011092,0.765785932820149,0.0055268805122678,0.00117243662146533,0.586428094905226,0.998872739849459,"BARBUNYA"
100635,1229.591,472.423793358908,276.096302158567,1.71108337802941,0.811447689782721,103329,357.955949223397,0.777945269016698,0.973927938913567,0.836445335424951,0.757700933474051,0.00469442831379648,0.00095445127723962,0.574110704587448,0.982351283768334,"CALI"
68936,1025.523,381.007049579196,231.052983211133,1.64900294419067,0.795139123880543,70001,296.263465948576,0.77153633504572,0.984785931629548,0.823692542446907,0.777580011382426,0.0055269677611001,0.00124637016952193,0.604630674101494,0.997037761741356,"BARBUNYA"
81376,1089.81,434.395072648793,239.861425636265,1.81102514294035,0.833729261724365,81989,321.886845323584,0.809808136294881,0.99252338728366,0.861002921843375,0.741000222126893,0.00533812269770932,0.000992754049611355,0.549081329192104,0.994400092686009,"CALI"
88242,1146.332,426.316327609269,266.414851447268,1.60019730616876,0.780686443513034,90372,335.191294496919,0.774841066348214,0.976430752888063,0.843848290469625,0.786250192144017,0.00483121787367998,0.0011388838760832,0.618189364646503,0.98922495600951,"CALI"
64871,959.372,357.762629314371,231.196582320903,1.54743909154242,0.763143560214932,65510,287.39575937462,0.769342979127135,0.990245764005495,0.885699457243886,0.803314085446533,0.0055149855762108,0.00141666013104299,0.645313519876799,0.998583366958197,"BARBUNYA"
62599,989.399,363.736374908128,221.063933172625,1.64538995433549,0.794121783250423,63931,282.318122445011,0.780614026336792,0.979165037305845,0.803589633121633,0.776161368288556,0.00581057804291007,0.00130079001019313,0.602426469623563,0.991226461344402,"BARBUNYA"
66073,1020.543,363.315843183672,231.993381996798,1.56606123871536,0.769584791166751,67291,290.046128123246,0.75599263149464,0.981899511078748,0.797207312632089,0.798330525808132,0.00549870360334285,0.00137775189230198,0.637331628437089,0.998100359502668,"BARBUNYA"
66455,983.999,380.874379676327,224.544097656883,1.69621194077578,0.80773263755379,67706,290.883368285942,0.675273340649514,0.981523055563761,0.862478369908174,0.763725217046994,0.0057313126126902,0.00120276943343124,0.583276207153479,0.989360067344137,"CALI"
81061,1141.82,417.829551248747,248.466274187293,1.6816348722394,0.803977727787483,82201,321.26324211739,0.749135907435817,0.986131555577183,0.781315660875811,0.768885879797746,0.00515450773181613,0.00111125697432742,0.591185496152354,0.994158146291947,"BARBUNYA"
67959,1017.31,359.583337707214,241.193177614566,1.49085202684232,0.741676841163871,69095,294.156567529363,0.769472027536544,0.983558868224908,0.825182894199832,0.818048381788137,0.00529118053101449,0.00146166652822626,0.669203154946189,0.997682879920798,"BARBUNYA"
71372,1020.27,400.440714099166,230.537828076229,1.73698484730566,0.817653774677079,72734,301.452571372078,0.770223603556937,0.981274232133528,0.861603584604711,0.752802002289473,0.00561061360336219,0.00111150951626288,0.566710854651039,0.984368167332492,"CALI"
64222,958.611,365.057483574256,224.976532764178,1.62264694494564,0.787529461452162,64957,285.95452442999,0.804444221760152,0.988684822267038,0.878231224493716,0.783313689751613,0.00568430574529377,0.0013200794151832,0.613580336552287,0.995624258585287,"CALI"
78630,1108.853,412.014975413864,244.017735691884,1.68846323504168,0.805750936380672,79898,316.409268831565,0.805635245901639,0.98412976545095,0.803618984923922,0.767955748486414,0.00523992083700705,0.00112421472940907,0.589756031633328,0.995781377056951,"BARBUNYA"
67922,1003.522,388.24698914233,224.643706074435,1.72827895304436,0.815604146066322,68623,294.076480456193,0.676884747620709,0.98978476604054,0.847552352646862,0.757446905398629,0.00571607121613513,0.0011606096469565,0.57372581449796,0.991558250015056,"CALI"
75626,1096.341,371.108914933378,260.326562429156,1.42555147454217,0.712686273016806,77287,310.306322542969,0.767994963035178,0.978508675456416,0.790659844730131,0.836159709606211,0.00490716043336125,0.00147967715438302,0.699163059968743,0.996692931083858,"BARBUNYA"
74557,1115.534,417.508050849213,228.548652535453,1.82677975222124,0.836863666376469,76068,308.105372781488,0.735276134122288,0.980136193931745,0.752891970790852,0.737962710311334,0.0055998504613814,0.00102445729978656,0.54458896181005,0.994844088717785,"BARBUNYA"
84917,1141.779,454.694771916237,240.908297462841,1.88741847709239,0.848107486406822,86284,328.815575087732,0.728844981932726,0.984156970006027,0.818540937703432,0.723156709504251,0.00535457884659417,0.000903305720585507,0.522955626501015,0.987036112157444,"CALI"
77062,1073.309,421.444657374819,234.381901830597,1.79811092103615,0.831089147523686,77975,313.238544557309,0.778828856143755,0.988291118948381,0.840621702398516,0.743249532473547,0.00546890370578001,0.00102948166926289,0.552419867522147,0.993312196788917,"CALI"
78004,1080.753,433.656758004303,230.140815017626,1.88431051645963,0.847560931611066,78679,315.147231381654,0.74652834269636,0.991420836563759,0.839216160201571,0.726720443218659,0.00555941692739222,0.000956485779290592,0.528122602591924,0.995146974043993,"CALI"
82861,1120.201,429.183453633927,248.529028710138,1.72689466442364,0.815274903944183,84461,324.810563123031,0.765190972222222,0.981056345532258,0.829789857594541,0.756810544238918,0.00517955918506809,0.00104814474098069,0.572762199871208,0.989099986941133,"CALI"
70573,1049.016,394.676397227454,228.370126141738,1.72823128793342,0.815592824653132,71745,299.760461686652,0.672636294319481,0.983664366854833,0.805905683945089,0.759509471031019,0.00559245599914208,0.00114792922836149,0.576854636585818,0.996938231537075,"BARBUNYA"
75489,1049.908,404.655826676487,239.283854360454,1.69111212186895,0.806431992967484,76318,310.025128001768,0.732227557107522,0.989137556015619,0.860579599094747,0.766145221602421,0.00536046081782097,0.00113926899335421,0.586978500584223,0.992646457614438,"CALI"
80621,1149.201,414.210921878069,248.710277204058,1.66543548796829,0.799667143802889,81780,320.39014550403,0.797501285957346,0.985827830765468,,0.773495165340771,0.00513775470259695,0.00113444525323091,0.598294770805547,0.996421343565412,"BARBUNYA"
65994,1024.72,343.708280525277,245.333356859955,1.40098470474798,0.700366244681535,67205,289.872679835911,0.75454483089799,0.981980507402723,0.789775925555604,0.843368333730304,0.00520817469050636,0.00162530348631803,0.71127014633903,0.996478595964842,"BARBUNYA"
51576,861.13,310.852530091913,211.42622146431,1.47026479468341,0.733073347435625,52274,256.258858889328,0.783948928408573,0.986647281631404,0.874017407436813,0.824374370746019,0.00602707713067924,0.00171705591364556,0.679593103142896,0.999181814260648,"BARBUNYA"
60673,957.312,328.394905313716,235.965289449835,1.39170852662011,0.695484331880723,61537,277.941114083031,0.763163190863123,0.98595966654208,0.831952110142347,0.846362442247737,0.00541253778968761,0.00171319278466564,0.716329383647554,0.996921711090826,"BARBUNYA"
79018,1096.431,424.82377492993,238.388878909653,1.78206205286503,0.827715695622504,80014,317.188969458087,,0.987552178368786,0.825987138672812,0.746636577744273,0.00537629116062075,0.00103062243489611,0.55746617922568,0.993439323753743,"CALI"
80689,1074.372,430.380632485205,239.864137582995,1.7942683588383,0.830290920662565,81353,320.525233991234,0.795765202469477,0.991838039162661,0.878445524460178,0.744748275823617,0.00533382037805903,0.00101217632487164,0.554649994342251,0.995190935078143,"CALI"
63127,989.856,351.100203482599,229.14625072668,1.53221011633039,0.757657814720304,64252,283.506248150718,0.71852804589328,0.982490817406462,0.80961952831782,0.80747958941234,0.00556180720583267,0.00145855196685162,0.652023287317521,0.999036676910904,"BARBUNYA"
53524,919.534,324.563845505867,210.515839457121,1.54175498785675,0.761119658756972,54727,261.053391842368,0.789090372991302,0.97801816288121,0.79546823523852,0.804320615056458,0.00606389368331714,0.00156548222547475,0.646931651804799,0.997410100972453,"BARBUNYA"
62128,937.54,354.188233335244,224.654245470723,1.57659265505134,0.773104028247197,62849,281.25402474508,0.73581732477438,0.988528059316775,0.888214022890436,0.794080656199748,0.00570094375056729,0.00139825050761438,0.630564088550622,0.994142710548057,"CALI"
69221,1021.744,378.548082210389,233.55537934489,1.62080652251383,0.786981349694497,70135,296.875250780715,0.820542911332385,0.986967990304413,0.833227396102151,0.784247139880418,0.00546868843574045,0.00127607064471621,0.615043576410617,0.996866640276559,"BARBUNYA"
64011,963.416,356.28690430236,228.904173576755,1.5564893323489,0.766309598974181,64811,285.484389237034,0.760081219720718,0.987656416349077,0.866636081995515,0.801276684014073,0.00556602621896799,0.0014153212679747,0.642044324344588,0.999335141737507,"BARBUNYA"
76864,1111.913,415.512288881736,235.946494921086,1.76104454961583,0.823135636883532,78170,312.835874487763,0.760337118664187,0.98329282333376,0.781252157550614,0.752891991064079,0.00540581141863208,0.00107144865337295,0.566846350208433,0.998241675504185,"BARBUNYA"
86232,1145.77,442.062779149017,250.078168736935,1.76769840159073,0.824606075837006,87163,331.35176538175,0.801651048639,0.989318862361323,0.825436044346517,0.749558164610945,0.00512643542013425,0.00099819780355664,0.561837442134928,0.993159148415738,"CALI"
63441,964.004,364.015110159749,224.01592483939,1.6249519333089,0.78821276997008,64762,284.210467712826,0.728302796528447,0.979602235879065,0.857871444864986,0.780765577528086,0.00573785265301223,0.00131526052448099,0.609594887052765,0.990562390251613,"CALI"
70213,1067.05,386.602819347118,232.090880915202,1.6657389459794,0.799749266825397,71494,298.994929981246,0.674865436370627,0.982082412510141,0.774921754937856,0.773390454022499,0.00550614301264891,0.00121512926098618,0.598132794373127,0.996333090454805,"BARBUNYA"
83343,1113.526,416.809088648598,257.689137151721,1.61748800611332,0.785987328258107,84140,325.753900017886,0.806532152707214,0.990527691942001,0.844652884134969,0.781542218942642,0.00500112893282697,0.00115095299728566,0.610808239989788,0.987975002218666,"CALI"
77456,1095.843,400.138835124194,248.456094720865,1.61050118562695,0.78387019994012,78640,314.038281387806,0.835681764236239,0.984944048830112,0.81052843187549,0.784823300868399,0.00516601470672632,0.00120899068521883,0.61594761358597,0.991984361964294,"BARBUNYA"
87911,1153.126,442.278718381881,255.64935633776,1.73002085636996,0.81601713362469,90019,334.562044495805,,0.976582721425477,0.830805868065624,0.756450696338798,0.00503098268000456,0.00101614361578039,0.572217655991453,0.989948479248345,"CALI"
75720,1046.46,406.820720548773,238.382624486987,1.70658713664334,0.810336501976298,76733,310.499111636968,0.769394909312605,0.986798378794,0.86891081823056,0.763233276855039,0.00537269836963515,0.00112460862840383,0.58252503489888,0.994129731331144,"CALI"
76074,1094.85,390.428745817733,250.458057760735,1.55885879379738,0.767127281045853,77592,311.224075428272,0.820470232959448,0.980436127435818,0.797511346844472,0.797134121813774,0.00513222317503658,0.00127823555989535,0.635422808159817,,"BARBUNYA"
73650,1047.803,416.04192303444,226.127333522419,1.83985684770475,0.839395863193339,74346,306.225558158924,0.820521390374332,0.990638366556372,0.842991780466921,0.736044954136929,0.00564890594751446,0.00102273110785396,0.541762174510434,0.996764846600441,"CALI"
70445,998.333,379.107300447879,238.971784711858,1.58641029904426,0.776307861860796,71483,299.48849682228,0.769722465034965,0.985479064952506,0.888196757718566,0.789983459744675,0.00538160693374802,0.00129289641251443,0.624073866670167,0.990037209449926,"CALI"
67439,998.962,357.310109382868,240.533745645447,1.48548848488624,0.739479356877471,68597,293.029011630921,0.746080915135356,0.983118795282592,0.849225545100428,0.820097175915424,0.00529827116924729,0.0014783430032966,0.672559377944454,0.999079211338743,"BARBUNYA"
65219,1011.11,353.65054573549,235.308999300614,1.50291976416802,0.746512389306292,66672,288.165594525236,0.719435650226689,0.978206743460523,0.801654414128153,0.814831471349592,0.00542250794608152,0.00147452159615415,0.663950326701741,0.997864068425858,"BARBUNYA"
74336,1054.454,406.732463589547,235.637836142976,1.72609148958047,0.815083450782481,75627,307.648394758421,0.729929300864101,0.982929377074325,0.840144086543386,0.756390065458073,0.0054715408898723,0.00110477204492347,0.572125931123668,0.987541700680864,"CALI"
59413,920.796,348.259906310735,218.412253734283,1.59450717785469,0.778896067016839,60023,275.039962680608,0.713763980826295,0.989837229062193,0.880571242323413,0.789754886211918,0.00586167852676578,0.00140660140100824,0.6237127802956,0.99451450510104,"CALI"
75698,1058.905,415.308997413279,233.413957087942,1.77928090759717,0.827120379272057,76255,310.454001516106,0.773367660730887,0.992695560946823,0.848360171647533,0.74752534486309,0.00548639326551929,0.00105674544726746,0.558794141212682,0.994251746736882,"CALI"
80291,1103.635,430.906827309079,239.302791549608,1.80067614138028,0.831618763021279,81330,319.733758440254,0.65010849851017,0.987224886265831,0.828372744368055,0.742002071391913,0.00536681355704972,0.00100349853217153,0.55056707394989,0.991392994291121,"CALI"
72477,1038.598,388.033768362481,240.699753154639,1.61210704737693,0.784359748832011,73544,303.77719217178,0.808173505798394,0.985491678450995,0.844335614954098,0.782862773654294,0.00535388838338343,0.00124048536326475,0.612874122373694,0.988018691833585,"CALI"
102108,1232.802,480.941352374469,273.757879683017,1.75681281916469,0.822190374030076,103967,360.566142938876,0.755946784331436,0.982119326324699,0.844273140929177,0.749709171728974,0.00471012410755738,0.00091787472043428,0.562063842174545,0.9874409631212,"CALI"
75110,1074.352,424.114322578378,228.398252933997,1.85690703466518,0.842606387006172,76851,309.245892786077,0.773500576701269,0.977345772989291,0.817738476337994,0.729156919073224,0.00564657598959363,0.000984575318835523,0.531669812632356,0.987261415196143,"CALI"
76904,1129.184,398.322872604175,246.660282302313,1.61486425332142,0.785196175208078,78367,312.917263742851,0.707013689058866,0.981331427769342,0.757930461346801,0.785586982984545,0.0051794818553544,0.00121686722329275,0.61714690783476,0.996608480510202,"BARBUNYA"
74151,1071.243,382.428077438799,248.687193890917,1.53778757745984,0.759690452442635,75148,307.265334005737,0.773356834442335,0.986732847181562,0.811990376643156,0.803459139463706,0.00515742306157434,0.00132576851735614,0.64554658878776,0.992713524909392,"BARBUNYA"
71092,1025.404,397.074349784744,230.495018631384,1.72270252147947,0.814272171002467,72226,300.860674921652,,0.984299282806746,0.849651017315257,0.757693553070729,0.00558535910910854,0.00113554730781885,0.574099520364946,0.989002691312849,"CALI"
60353,950.902,344.284028082816,224.597416300651,1.53289398317009,0.757908530074688,61174,277.207190100476,0.785641759958344,0.986579265701115,0.838759022778377,0.805170055794151,0.00570450562661037,0.00147893210269571,0.648298818747556,0.993773358554405,"BARBUNYA"
57563,986.047,343.635912380558,213.958916035864,1.60608362926534,0.782514322874652,58779,270.724006902953,0.710926403932369,0.979312339440957,0.743974502567508,0.78782221866014,0.0059697359828459,0.00141856025203525,0.620663848214586,0.996838045894273,"BARBUNYA"
75186,1059.922,409.800288312869,236.989334550812,1.72919295752107,0.815821028923073,76389,309.402308347009,0.80270322208699,0.984251659270314,0.8410058780941,0.755007541895116,0.00545048663731106,0.00109249687036155,0.570036388318506,0.985702908211108,"CALI"
72834,1078.61,364.276123780621,255.115423038232,1.42788750065507,0.713814043227313,74384,304.52443087746,0.779390048154093,0.979162185416219,0.786710852181747,0.835971426611684,0.00500145706374249,0.00150675292024308,0.698848226111174,0.997876646919111,"BARBUNYA"
69651,997.465,361.702894864535,245.915526527661,1.47084204064622,0.733320917292441,70419,297.795915906093,0.746183431001789,0.989093852511396,0.879714780352001,0.823316374113133,0.0051930754025719,0.00147187660449156,0.677849851882797,0.997010059395031,"BARBUNYA"
63219,981.824,367.103504446759,222.04028267902,1.65331938879506,0.796344124255164,64634,283.712761042947,0.768078437089955,0.978107497601881,0.824119514591712,0.772841331140421,0.00580685402247361,0.00127785633610808,0.597283723118898,0.987500760044172,"CALI"
82134,1100.982,433.733093874608,243.381292038209,1.78211353157955,0.82772668457598,83687,323.38252390517,0.765661123126258,0.981442756939549,0.851475978707978,0.745579547588453,0.00528079837673324,0.00100659621611225,0.555888861782202,0.990657062636418,"CALI"
57351,952.862,329.425015075134,222.744809682911,1.47893464069528,0.736752607905899,58282,270.225019437702,0.724256813073018,0.98402594282969,0.793762986139103,0.820292956125599,0.00574401518849077,0.00160424713152488,0.672880533869274,0.995146330588802,"BARBUNYA"
57929,917.333,330.453531175228,223.887037388317,1.47598331296902,0.735509476956701,58707,271.583308741467,0.799152963249089,0.986747747287376,0.865071215546201,0.821850224373776,0.00570445771850416,0.00160533191729607,0.675437791303227,0.996934908912213,"BARBUNYA"
67593,992.946,392.317797960545,222.240803764838,1.76528248329984,0.824074405695442,68881,293.363393332031,0.72437628600823,0.981301084479029,0.861510004272723,0.747769779645668,0.00580411873952251,0.00111940615291248,0.559159643351332,0.987074723776289,"CALI"
79755,1101.326,394.753593645714,258.281083956214,1.5283875520386,0.75624866103667,81023,318.664745289392,0.805020591085271,0.984350122804636,0.826296663523795,0.807249763951203,0.00494957800320625,0.00129652125954873,0.651652181399273,0.995977082309448,"BARBUNYA"
61884,977.874,332.109045510243,237.938041224535,1.39577952227001,0.6976430334549,62975,280.701186293166,0.724569127013863,0.982675664946407,0.813246950056894,0.845207892070223,0.00536663831540047,0.00168941468187594,0.71437638081779,0.99711192353883,"BARBUNYA"
82624,1160.196,418.828934699576,251.611312120233,1.66458706156835,0.799437256030807,84071,324.345717012262,0.707397260273973,0.982788357459766,,0.774410959082647,0.00506909535606574,0.00112459509434969,0.599712333547305,0.998273391085805,"BARBUNYA"
85465,1121.047,444.043220457526,247.721009375142,1.79251336645847,0.829924385058234,86667,329.874851558573,0.785885057471264,0.986130822573759,0.854575660521022,0.742889062057251,0.00519561481843476,0.000976141025341009,0.551884158524303,0.9892597308915,"CALI"
80420,1161.915,413.432504442219,248.223494555731,1.66556556293021,0.799702351739508,82080,319.990506402302,0.679733921613375,0.979775828460039,0.748557586231837,0.773984877734798,0.00514091649393458,0.00113802083693183,0.59905259096215,0.997761365890673,"BARBUNYA"
75180,1059.084,372.152835618308,258.748933861952,1.43827775467032,0.71874285237646,76407,309.389962625146,0.765518084066471,0.983941261926263,0.842270075811126,0.831351888293729,0.00495015743041112,0.00145860710271267,0.69114596216955,0.994059862618678,"BARBUNYA"
90988,1150.237,448.319553700972,259.586319809852,1.72705385256576,0.815312812649518,91581,340.366742935268,0.812291320727766,0.993524857776176,0.864210056722554,0.759205660617454,0.0049272382479115,0.00100976677130365,0.576393235113584,0.995462157295755,"CALI"
83127,1093.874,410.119695278511,259.051528937672,1.58315875208436,0.775254831371254,83960,325.331498068047,0.695140613632372,0.990078608861363,,0.793259874649804,0.00493365206585719,0.00120506432397909,0.629261228729423,0.996220421610347,"BARBUNYA"
78720,1086.768,429.918017185599,237.367780584725,1.81118943829087,0.833762432761828,80443,316.590298274524,0.752725186460126,0.978581107119327,0.83757029283472,0.736396907361641,0.00546135692563007,0.000990668027956782,0.542280405171789,0.982172542439239,"CALI"
76135,1047.656,409.339935314782,237.563372917236,1.72307679541741,0.814362042845074,76684,311.348828066546,0.812297285763059,0.992840749048041,0.871679448837567,0.76061190518125,0.00537650141610011,0.00111002306309639,0.57853047030345,0.996852428821796,"CALI"
77590,1074.368,409.116719325045,245.292108897628,1.66787558378321,0.800325986407877,79050,314.309809385583,0.798883889500942,0.981530676786844,0.844713601220622,0.768264396292888,0.00527280215652849,0.0011330891149338,0.590230182611275,0.984430510389251,"CALI"
59208,958.477,371.691150747752,203.749370831631,1.82425667981522,0.836367935975569,60037,274.565050515683,0.742736715339455,0.986191848360178,0.809891542122256,0.738691383863524,0.00627771839528024,0.00115301173304466,0.545664960594208,0.995432949305095,"CALI"
100376,1201.814,465.463165889585,276.109703026156,1.68579068677457,0.805059951977814,101303,357.495024500113,0.764315302144249,0.990849234474793,0.873303561605489,0.768041492213193,0.00463719580267778,0.00099534566139338,0.589887733761068,0.994427247816963,"CALI"
82602,1118.823,441.625706302995,240.626277184468,1.83531786914709,0.83852394795788,84018,324.302532944493,0.714550173010381,0.983146468613868,0.82923505928973,0.734337988744687,0.00534642873420734,0.000959019698403066,0.539252281713592,0.989699348607294,"CALI"
68888,1079.833,364.55293237534,241.570880525892,1.50909303133606,0.748929512142994,70428,296.160304155901,0.742503610769795,0.978133696825126,0.742403907848689,0.812393147481194,0.00529196568887672,0.00142187621154388,0.659982626074401,0.995975181811753,"BARBUNYA"
89150,1166.008,463.513481182131,246.638339068511,1.8793245321579,0.846677698541367,90081,336.911420722331,0.667790262172285,0.98966485718409,0.824001782670318,0.72686434030588,0.00519925385509962,0.000895229196230596,0.528331769208302,0.992906854991546,"CALI"
76127,1050.11,405.502549125336,240.367572959615,1.68701020746033,0.805375738628933,76860,311.332469912879,0.706495410800627,0.990463179807442,0.867518991723585,0.767769451966257,0.00532665872982431,0.00114171563773557,0.589469931372566,0.994441791216457,"CALI"
71598,1026.517,391.952383880419,236.080564355456,1.66024841964658,0.79825510863799,72930,301.929470115039,0.776079604578564,0.981735911147676,0.853843866230097,0.770321810843112,0.0054743482203472,0.00118905230848559,0.593395692260611,0.985184260300768,"CALI"
96319,1252.315,434.980461706826,283.482723652615,1.53441612279646,0.758465068836955,98108,350.195887624835,0.748730984196575,0.981764993680434,0.771782032982406,0.805084178380556,0.00451604005135878,0.00117031484865245,0.648160534278695,0.994547973957598,"BARBUNYA"
91893,1168.57,451.797167193336,261.871729532757,1.72526132545675,0.814885235716852,93253,342.055260863429,,0.985416018787599,0.845634764171707,0.757099171268274,0.00491655694332905,0.000996441758368604,0.573199155135107,0.988918334139086,"CALI"
83982,1174.925,412.055694325454,260.285952833585,1.58308848341464,0.7752319870023,85570,327.000311079284,0.741956003180493,0.98144209419189,0.764497003336644,0.793582798593748,0.00490647632022879,0.00120037917528319,0.629773658223885,0.99698742549214,"BARBUNYA"
72372,1056.51,412.96246150841,225.844864504387,1.82852270037067,0.837204750489348,73044,303.557066021487,0.788744060333929,0.990800065713816,0.814766594198079,0.735071814790857,0.00570610818422056,0.00102763490423075,0.540330572899924,0.9880067182518,"CALI"
75614,1086.054,430.479464328679,224.201345057009,1.92005745647609,0.853667894234188,76304,310.281702547225,0.713292518418595,0.990957223736632,0.80558104342872,0.720781659192735,0.00569311852737164,0.000947861529545298,0.519526200228631,0.997520154583674,"CALI"
86131,1137.663,413.068720712205,266.268224993754,1.55132562558636,0.764511580987936,87730,331.157659170952,0.695418029146986,0.981773623617919,0.836261466785803,0.801701127599243,0.00479581939966104,0.00122206008846235,0.642724697993898,0.997075294195189,"BARBUNYA"
57433,975.96,340.433375227623,217.332138363482,1.56641984839931,0.769706061883908,58982,270.418133217384,0.698392431538499,0.973737750500153,0.757717520561244,0.794334965062032,0.00592748724997167,0.00145567730211855,0.630968036720099,0.988360856423906,"BARBUNYA"
68384,1005.668,363.01029588958,240.873847161933,1.50705566489141,0.748135932540414,69167,295.074927818629,0.74385415306966,0.988679572628566,0.84967942513744,0.812855533740523,0.00530840980184809,0.00142954447634857,0.660734118732591,0.995763096622987,"BARBUNYA"
72214,1065.469,432.428865869702,215.345115537457,2.00807371363148,0.867182951690864,73763,303.225527427202,0.798209351166132,0.979000311809444,0.79937328289006,0.70121481556823,0.00598815833314457,0.000893053283672715,0.491702217572387,0.98737429804142,"CALI"
67986,1030.513,360.451593810844,240.555987575859,1.49841040101808,0.744722815198635,69183,294.214995689147,0.722870813397129,0.982698061662547,0.804493249593584,0.816239963259931,0.00530185028992504,0.00145170589160214,0.666247677622574,0.998312449803807,"BARBUNYA"
78761,1082.774,415.085632946874,242.199547178116,1.7138167175912,0.812118192409878,79766,316.672732932417,0.745101934629393,0.98740064689216,0.844200194853697,0.762909404221533,0.00527019251846566,0.00110128092353639,0.582030759049655,0.997494045011593,"BARBUNYA"
61254,961.239,347.349710371935,224.985562121003,1.54387555849082,0.761877960642304,62242,279.268714812826,0.786709649246735,0.984126474085023,0.833070109512176,0.803998697778647,0.0056706453516821,0.00146161715248508,0.64641390602976,0.99798263018793,"BARBUNYA"
84185,1175.084,408.720527343526,263.644898430329,1.55026905423522,0.764140938665523,85882,327.395282607324,0.680673356026488,0.98024032975478,0.766137560314752,0.801024809630252,0.00485502794254946,0.00123297810967435,0.641640745643181,0.994715791907033,"BARBUNYA"
71493,1036.269,386.912731766973,235.892115654128,1.64021052884309,0.79264931754793,72432,301.707995869766,0.766812536199241,0.987036116633532,0.836620250553335,0.779783065012906,0.00541189671390168,0.0012343106003785,0.608061628480922,0.997349085219884,"BARBUNYA"
88389,1123.692,421.285466658947,267.757575762999,1.57338392931911,0.772040957254677,89351,335.470371448204,0.777285318559557,0.989233472484919,0.879657290797368,0.796301790585587,0.00476626578713355,0.00118213966223293,0.634096541689812,0.997677308331576,"BARBUNYA"
78419,1078.779,424.169585171066,237.920179070681,1.78282307464578,0.827878036061279,79787,315.984448760674,0.736840621652604,0.982854349706092,0.846771429959177,0.744948388115188,0.00540901548312356,0.00102754943897146,0.554948100955416,0.989374279614171,"CALI"
89342,1157.698,452.065931818154,253.861929877408,1.78075512163821,0.827436341985583,90617,337.274024208401,0.822064777327935,0.985929792423055,0.837673869648153,0.746072642218195,0.00505994864473768,0.000967053123999235,0.556624387466439,0.991211728809591,"CALI"
64252,951.839,357.242519887748,230.73941603122,1.54825094919808,0.763430380377945,65192,286.021305549645,0.783408115489661,0.985581052889925,0.891188398230239,0.800636233445892,0.00556002178745794,0.00140927977213931,0.641018378306425,0.99245731266634,"CALI"
66884,1022.644,352.640524820478,242.600975457976,1.45358246872162,0.725752906430049,68186,291.820756133053,0.771548541897379,0.980905171149503,0.803679985484128,0.82753040445823,0.00527241978381195,0.00152519572976512,0.684806570302801,,"BARBUNYA"
81286,1076.791,409.973148315607,254.27997826789,1.61229032308509,0.784415508282588,82185,321.708796325718,0.814089274804956,0.989061264220965,0.880973374367323,0.784706992756656,0.00504358866613693,0.00117964006353787,0.615765064481195,0.992792054756898,"CALI"
82734,1124.761,441.188525254685,241.867122305622,1.82409465597892,0.836336021343029,84616,324.561551164211,0.671678506190379,0.977758343575683,,0.735652748395601,0.00533261446629784,0.000963410547188877,0.541184966222002,0.987172604781685,"CALI"
92098,1199.087,464.877519765263,254.183211304374,1.82890725701231,,93238,342.436586233158,0.64006727454687,0.987773225508913,0.804931038032102,0.73661678974296,0.0050476396856095,0.000916715475735927,0.542604294931225,0.992372932685764,"CALI"
80758,1084.383,418.933492910014,248.335024892081,1.68696901732677,0.805365085914023,82018,320.662250902289,0.775885093913628,0.984637518593479,0.863038198083035,0.765425195953875,0.00518751693838398,0.00109837415862098,0.585875730601028,0.988354205527622,"CALI"
71742,1057.855,360.115007797453,254.166168593591,1.41684870881959,0.708419462488878,73033,302.232942311704,0.730094439469185,0.982323059438884,0.805621517639665,0.839267833240917,0.00501958417380967,0.00153620727229591,0.704370495912904,0.997986427664814,"BARBUNYA"
75825,1041.481,404.132634792912,240.343941153251,1.68147627459942,0.803936239048403,76515,310.714319720775,0.739294489294489,0.990982160360714,0.878455123544379,0.768842436790567,0.00532980725081321,0.00114879001485179,0.591118692610058,0.99395205709604,"CALI"
73724,1080.903,367.599733556806,258.782196872974,1.42049854278517,0.710221585924601,75524,306.37935993806,0.732304269225421,0.976166516603993,0.792949099139484,0.833459145831274,0.00498616099990242,0.00148416889907922,0.694654147769797,0.986755204646675,"BARBUNYA"
51782,858.661,311.328750301454,212.42636014856,1.4655843563093,0.73105205460749,52581,256.770111394368,0.713663551917087,0.984804397025542,0.882561968099447,0.824755539428151,0.00601229674986394,0.00171601521935379,0.68022169981742,0.996922282074529,"BARBUNYA"
81506,1109.772,435.697730739309,239.740166706848,1.81737477171306,0.835003758303512,82324,322.143853477269,,0.990063650940188,0.831633389837618,0.739374641521871,0.00534559088581587,0.000985447940488027,0.546674860525595,0.993513099848972,"CALI"
71260,1075.675,360.49606356018,254.155122030304,1.41840959442555,0.709192420821992,72747,301.215952362798,0.713484721054107,0.979559294541356,0.773915476498628,0.835559615791794,0.00505888385574208,0.00152105261691838,0.698159871542131,0.99027666023827,"BARBUNYA"
80371,1097.029,432.095879554765,238.55652924505,1.81129345284408,0.833783427829348,81474,319.893006253512,0.785133735810718,0.986461938778015,0.839214577981503,0.74032875893918,0.00537626606057863,0.000996228581200442,0.548086671312426,0.992745799339301,"CALI"
58778,968.674,329.370046870347,227.650499310097,1.44682330093066,0.722692779564282,59726,273.566214947028,0.719304901180934,0.984127515654824,0.787171537310469,0.830574053549909,0.00560362800487167,0.00164498711201326,0.689853258430328,0.998095768519939,"BARBUNYA"
63450,996.603,374.619267456872,217.029596348556,1.7261206478734,0.815090406720887,64422,284.230626628177,0.791196458632084,0.984911986588432,0.802781046129106,0.758718654696262,0.00590416497173951,0.0012068722333823,0.575653996984106,0.993648250225117,"CALI"
80987,1094.035,425.621160302242,244.005186681177,1.74431193898501,0.819351167329422,81826,321.116569191729,0.761356371977588,0.989746535331068,0.850281526745681,0.754465705990036,0.00525542568933585,0.00105037814695184,0.569218501515043,0.992894628083844,"CALI"
71795,1062.443,425.879588206462,215.51818097595,1.97607267413781,0.862501642480309,72633,302.344560252473,0.737948401685682,0.988462544573403,0.799268661217601,0.709929681123621,0.00593188367165488,0.000929466461424104,0.504000152140286,0.99594092840572,"CALI"
76420,1073.143,420.352451212043,232.523040465988,1.80778838247442,0.833073647490018,77276,311.931027646596,0.784543205313787,0.988922822092241,0.833876439283171,0.742070200250229,0.00550055549871818,0.00102888368466805,0.550668182099415,0.995491542197632,"CALI"
74267,1049.271,408.793899561582,232.768924353825,1.75622197291331,0.822057762959715,75168,307.505579248322,0.739070725566491,0.988013516389953,0.84767701103173,0.752226438746058,0.00550438148251016,0.00108713295864407,0.565844615148577,0.993748746378605,"CALI"
77067,1129.233,398.904289875682,247.766912434946,1.60999822758989,0.783716508206013,78528,313.248706292787,0.715219065826474,0.981395171149144,0.759470999740586,0.78527284424645,0.00517607133890876,0.00121412201234959,0.61665343991091,0.992810945293771,"BARBUNYA"
77524,1106.223,385.926083119609,257.272253237054,1.50006881140039,0.745383344243722,78905,314.176101042152,0.790738474092207,0.982497940561435,0.796087251506564,0.814083615449181,0.00497814977451639,0.00134872614939695,0.662732132942811,0.994143802940369,"BARBUNYA"
66877,1003.152,391.043180188158,219.521617076893,1.7813424727606,0.827561974719487,67627,291.805484926609,0.805844077599711,0.98890975497952,0.835128222178147,0.746223178693977,0.00584719978749283,0.00111841410235562,0.556849032420143,0.991938832365647,"CALI"
69985,1009.03,378.877672551615,236.033503761021,1.6051859863726,0.782237151760681,70931,298.50907781555,0.702547783488596,0.98666309512061,0.863787019895602,0.787877194782135,0.00541369825750682,0.00128679074427815,0.620750474057767,0.996419961991672,"BARBUNYA"
89031,1135.554,429.780642664706,266.979016307982,1.60979184285,0.783653391635051,90324,336.686486077651,0.733417358639779,0.98568486780922,0.867631942633057,0.783391462189044,0.00482731456082383,0.00112150366856178,0.613702183030688,0.98793276818204,"CALI"
73688,1059.474,415.653896588589,228.311504598423,1.82055607455999,0.835636577114711,75227,306.304547097239,0.720411395498895,0.979541919789437,0.824946960165623,0.73692211142776,0.00564072707345279,0.00102612720217323,0.543054198311147,0.988660619550665,"CALI"
81511,1102.379,426.729879878802,244.238197006728,1.74718731594242,0.820010500192479,82369,322.153734311598,0.773202428381711,0.989583459796768,0.842877037131121,0.754935966525464,0.0052352428491713,0.00104895549114217,0.569928313553736,0.995771520437542,"CALI"
65532,975.528,366.868766604199,227.883409533813,1.60989677728059,0.783685486346066,66381,288.856251179691,0.703170770964108,0.987210195688525,0.865334080094699,0.787355799877418,0.00559831481725262,0.00132715364339134,0.619929155600609,0.9980219497437,"BARBUNYA"
72059,1082.571,366.421910372983,251.04280578775,1.45959932698801,0.728430665339729,73183,302.899931254649,0.735746375331836,0.984641241818455,0.772654461968039,0.826642519674452,0.00508502630307086,0.00146468396503025,0.683337855333727,0.997399473750542,"BARBUNYA"
74155,1093.586,393.05634174383,240.704105916433,1.63294406735334,0.790555153606154,75479,307.273621451364,0.800464162348877,0.982458697121053,0.779191882846986,0.781754646390176,0.00530046985023032,0.00122116968878884,0.61114032715263,0.997957971544268,"BARBUNYA"
78301,1086.584,426.098523461502,236.711627664051,1.80007432531466,0.831494745565937,79580,315.746622455899,0.770876405379329,0.98392812264388,0.833394367813461,0.741017875140387,0.00544180180919149,0.00101213215115999,0.549107491277574,0.988434296886706,"CALI"
72182,1024.349,393.577237034753,233.89675507399,1.68269643976142,0.804255074168659,72828,303.158336217353,,0.991129785247432,0.864455973394561,0.770263896614997,0.0054525676350718,0.00118396535256238,0.593306470428518,0.998354685477482,"CALI"
62711,969.097,355.48258567025,227.331581445218,1.56371843898827,0.76879000155831,64180,282.570566566808,0.699821448499051,0.977111249610471,0.839110377000278,0.794892852582443,0.0056685842303623,0.00139601066088884,0.631854647086654,0.988042762409826,"CALI"
76932,1078.688,429.252926253918,230.136242319921,1.86521219746517,0.844134140671562,78422,312.974223628026,0.747144743998135,0.981000229527428,0.830854912783948,0.729113779978965,0.00557964080296779,0.000972673826167302,0.531606904155214,0.991559681887004,"CALI"
67309,1023.514,401.710793696442,214.182063926618,1.87555758092832,0.846005114823018,68457,292.746444071622,0.774976109057833,0.983230348978191,0.807412423292893,0.728749261073725,0.00596815869640675,0.00103832338462001,0.5310754855155,0.996062652903784,"BARBUNYA"
59183,934.857,353.577349087887,214.671301806629,1.64706388842968,0.794594121627527,59939,274.507078189363,0.786338754251701,0.987387176963246,0.850974352963791,0.776370655239937,0.00597430595082857,0.00133888621345111,0.602751394317689,0.992770055281305,"CALI"
68210,1068.247,374.539610158378,235.439983712647,1.590807152856,0.777719307793985,70112,294.699286301113,,0.972871976266545,0.751129034730215,0.786830760507536,0.0054909780114115,0.00129823940561758,0.619102645680868,0.984872917101199,"BARBUNYA"
66833,1018.336,400.397076667918,214.346214544597,1.86799229236965,0.844640388388399,67787,291.709476180129,0.75960401891253,0.985926505082095,0.809876180405139,0.728550464473213,0.00599100858360269,0.00104116188778519,0.530785779284135,0.991503744602184,"CALI"
66466,1010.092,356.170584491972,239.334815363303,1.4881687144067,0.740581252526644,67508,290.907441603626,0.780392156862745,0.98456479232091,0.81862978939815,0.816764365924731,0.00535868841952235,0.00147104309657694,0.667104029444427,0.992763345873843,"BARBUNYA"
89932,1174.522,459.703870318894,252.113697575096,1.82339902488624,0.836198888915565,91798,338.385842991581,0.72111167239983,0.979672759755114,0.819222372042996,0.736095266626413,0.00511168294176594,0.000925720265701027,0.54183624154981,0.987983674489951,"CALI"
56988,902.722,345.58503758315,211.001602843359,1.63783133836998,0.791967321351929,57852,269.368474724433,0.757718388512166,0.985065339141257,0.878790242828215,0.779456415729866,0.00606417206399856,0.00138076135206609,0.607552304022449,0.995068203226855,"BARBUNYA"
76362,1065.768,420.379029410011,233.613382728275,1.79946467321597,0.831368967539832,77651,311.812633026737,0.796965016281206,0.983400084995686,0.844815368897932,0.741741645543919,0.00550508144640019,0.00102790780826312,0.5501806687342,0.990030677273529,"CALI"
58043,953.88,332.991962480396,223.079921765741,1.4927025249277,0.742428018404105,59165,271.850405361226,0.771745778486903,0.981036085523536,0.801626801966345,0.816387288558747,0.0057369874486225,0.00157198572653622,0.666488204920302,0.994868626319065,"BARBUNYA"
79761,1088.061,414.310285097578,246.633845311913,1.6798598123206,0.803512583606859,80464,318.676731700985,0.805845743498555,0.99126317359316,0.846630610217169,0.769174078374448,0.00519439682423212,0.0011215365885515,0.591628762843181,0.993853382513214,"CALI"
58891,981.815,347.19693278773,216.402064068119,1.60440675223153,0.781996085345234,60173,273.829052565644,0.758601589571177,0.978694763432104,0.767714011871827,0.78868511414258,0.00589558562068448,0.00140708809731382,0.622024209270094,0.997979841404418,"BARBUNYA"
80728,1107.051,425.126041129958,244.002853096089,1.74229946795968,0.81888744061909,81858,320.602685527399,0.788829283069016,0.986195607026803,0.827749257882871,0.75413560805463,0.0052661535171187,0.00105068145683116,0.568720515335927,0.990881451287538,"CALI"
82346,1149.477,388.135292550107,270.99415876882,1.4322644233864,0.715907539135308,83842,323.799604000316,0.770597042859817,0.982156914195749,0.783162348870974,0.834244167472906,0.00471346868761211,0.00140829327407634,0.695963330962561,0.996803518919171,"BARBUNYA"
89042,1128.166,436.546229323502,261.147529912622,1.67164602119563,0.801337306954979,89791,336.707284658809,0.815851200293201,0.991658406744551,0.879141448699587,0.771298116995744,0.00490270017883136,0.00107029668974026,0.59490078528118,0.994463530721441,"CALI"
80390,1137.745,427.36438182498,240.146577213452,1.77959805542063,0.827188428858283,81621,319.930815960669,0.669710172696752,0.984918097058355,0.780408554813049,0.748613664513791,0.00531613859715114,0.00102992845705016,0.560422418696767,0.997326646526894,"BARBUNYA"
76062,1046.158,404.264143682521,241.261974395354,1.67562312583937,0.80239530377691,76949,311.199528038919,0.773789904168956,0.988472884637877,0.873339380615796,0.769792554947223,0.00531492918517158,0.00115125643623372,0.592580577652173,0.992941719837234,"CALI"
59769,934.18,348.422980595105,220.942797522408,1.57698275074917,0.773232727912559,60962,275.862745489992,0.767637199624973,0.980430432072439,0.860646334341981,0.791746701147034,0.00582949322550328,0.00141304377063999,0.626862838777211,0.988551883837322,"CALI"
93494,1160.772,447.711192551187,267.388569506235,1.67438418694539,0.802066676738668,94456,345.022112328281,0.710052251048059,0.989815363767257,0.871966414843359,0.770635441035651,0.00478866229438453,0.00104181327220153,0.593878982980212,0.994381578061276,"CALI"
66972,986.094,368.111282660533,232.49289280682,1.58332273394008,0.775308127481969,67922,292.012668886135,0.741488690337795,0.986013368275375,0.865498859638078,0.793272802657951,0.00549649529147305,0.00134262856286585,0.629281739436801,0.996356084103648,"CALI"
81788,1100.392,422.514341955682,248.706080943645,1.69885006571842,0.808400052181284,82525,322.70065987661,0.792765198511166,0.991069372917298,0.848798500455077,0.763762617815369,0.00516596984833572,0.00108433935973534,0.583333336372186,0.990995876831634,"CALI"
79035,1077.848,392.822263702075,257.477060255918,1.52565926965157,0.755234797454248,80061,317.223087776006,0.798817465130382,0.987184771611646,0.854897960969173,0.807548647539475,0.00497023171635447,0.0013038606407639,0.652134818142836,0.994935530362155,"BARBUNYA"
83287,1109.766,432.876448666622,246.319532935351,1.75737767731248,0.822317007257542,83902,325.644441012521,0.760139821845794,0.992670019784987,0.849814726548027,0.752280337762878,0.00519740714237062,0.00102679878274756,0.56592570658463,0.99454520376912,"CALI"
64036,1028.773,354.632118069436,230.479694324332,1.53866968241635,0.760009407751377,65223,285.540132882684,0.776928489966271,0.981800898456066,0.76031742625518,0.805172792687593,0.00553801171324624,0.00143578693848476,0.648303226084338,0.997524518988682,"BARBUNYA"
80951,1107.182,395.538820404245,261.613459989781,1.51192075675195,0.750024253737049,82239,321.045190566462,0.779927355409324,0.984338330962196,0.829839396001343,0.811665439661146,0.00488615113345412,0.00130814195884367,0.658800785940322,0.996054582827667,"BARBUNYA"
87415,1134.346,442.068970223449,253.332608014108,1.74501408914098,0.819512522367894,88262,333.616898257604,0.790649505702734,0.990403571185788,0.853698931843234,0.754671602688994,0.00505712944258364,0.0010118493713137,0.569529227905176,0.993836526872119,"CALI"
63064,972.177,364.096927925262,222.117833351403,1.63920619263938,0.792361857804675,64230,283.364744894594,0.733985102420857,0.981846489179511,0.838495416882293,0.778267332573483,0.00577345122296814,0.00130656334411687,0.605700040951045,0.992867258008881,"CALI"
75990,1047.96,409.949698087398,237.5924365612,1.72543244229831,0.814926119976941,76906,311.052203021334,0.697443898857326,0.988089355836996,0.869514635019931,0.758756999877141,0.00539478481494141,0.00110297262016812,0.57571218486256,0.993352481188302,"CALI"
62033,990.706,348.372129403571,227.465205945025,1.53154029846555,0.757411843667136,63197,281.038909545558,0.710865878254492,0.981581404180578,,0.806720417120363,0.00561591619627571,0.00146721100335664,0.650797831398853,0.996723104941332,"BARBUNYA"
63048,967.121,358.548766422167,224.368139845136,1.59803779034602,0.78000969507995,63896,283.328796306451,0.75175275432823,0.98672843370477,0.847070488198378,0.790209931925553,0.0056869173712436,0.00136781265187108,0.624431736513787,0.997865512440419,"BARBUNYA"
92830,1186.908,467.391306521728,254.32137861268,1.83779794318253,0.839001270671855,94277,343.794745360899,0.77319673496585,0.984651611739873,0.828064374025282,0.735560847118401,0.00503491658431249,0.000909172853099334,0.54104975981354,0.994340135744725,"CALI"
72624,1060.242,425.204583339197,218.797687469384,1.94336872686872,0.857448141693666,73654,304.085101076732,0.77911043405497,0.986015695006381,0.811857899941784,0.715150101837345,0.00585487694617753,0.000944683551869036,0.511439668157965,0.993915856778306,"CALI"
61475,964.033,376.184441158689,208.636067181487,1.80306524294026,0.832109684103047,62087,279.772051879015,0.803132838628763,0.990142864045613,0.83123649087268,0.743709790381777,0.00611930770489938,0.00115477148016367,0.553104252309706,0.997283053062093,"CALI"
73871,1055.692,373.475363731071,252.656932865056,1.47819163122091,0.736440542886921,74889,306.68465629883,0.768536917779003,0.986406548358237,0.832931681306189,0.821164355354011,0.00505577782527745,0.00141803875884368,0.674310898503969,0.996760727009623,"BARBUNYA"
72980,1056.868,408.48227311008,231.796483851889,1.76224533833347,0.823402427023671,75011,304.829496562869,0.785009734637022,0.972923971150898,0.821054954511319,0.746249021388308,0.00559718105111099,0.00107074046675037,0.556887601923007,0.981372580464525,"CALI"
64571,973.638,367.600901046574,225.416678108229,1.63076177029846,0.789919656416414,65393,286.730449452259,0.802094331888253,0.987429847231355,0.855957782907098,0.780004751446271,0.00569297209345642,0.00129989361516987,0.608407412278759,0.992167548710416,"CALI"
47149,857.69,300.287893226809,200.319914210497,1.4990416425162,0.744974560155897,48091,245.014226719018,0.72076740808683,0.980412135326776,0.805418603974472,0.81593108561975,0.00636891330095673,0.00174124153067561,0.665743536480623,0.997977284420461,"BARBUNYA"
76890,1076.649,416.749391605947,237.324692087798,1.75603047428277,0.822014749188759,78603,312.888779911787,0.792337338472002,0.978206938666463,0.833549589971136,0.750784011240107,0.00542007272214783,0.00106229451097867,0.563676631533786,0.989833342614386,"CALI"
75799,1096.146,409.706223528471,236.30386936172,1.73381089626306,0.816910701289241,77029,310.661043987463,0.796877628259041,0.984031987952589,,0.758253172997932,0.00540516660547595,0.00110216291244928,0.574947874361431,0.996850889351133,"BARBUNYA"
82032,1144.548,420.129786654454,249.070456823706,1.68679092660044,0.805319016956479,83528,323.181661505901,0.755776672194583,0.982089838138109,0.786910141620191,0.769242438341345,0.00512153533565504,0.00110619802683942,0.591733928945338,0.998131422306624,"BARBUNYA"
73969,1050.21,417.004234111923,227.817049710747,1.83043470469564,0.837577638691869,74638,306.888018476635,0.814654507808542,0.991036737318792,0.842766594774813,0.735935017854679,0.00563755403090379,0.00102006619066532,0.541600350504767,0.991364077639249,"CALI"
73236,1060.551,409.77921912896,231.119114731794,1.77302175808563,0.825768728795422,74642,305.36367056057,0.721871211299814,0.981163420058412,0.818222399386702,0.745190718088782,0.00559532496489377,0.00106432637480483,0.555309206325675,0.984575305280684,"CALI"
74367,1051.933,413.341263528444,231.105857762086,1.7885365067378,0.829089204696377,75062,307.71253666908,0.735622292124162,0.990740987450374,0.844527833175402,0.744451531507705,0.00555812744266199,0.00105306207908528,0.554208082764167,0.991221388352878,"CALI"
69057,1015.989,398.404288569575,222.611651959487,1.78968299755523,0.829330636918423,70214,296.523360362681,0.778984771573604,0.98352180476828,0.840697120361724,0.74427753131703,0.00576920932808513,0.00109203282685445,0.553949043623372,0.991393184884727,"CALI"
75507,1063.461,414.650545117992,233.916333397666,1.77264468493986,0.82568677197726,76890,310.062087821646,0.702129440208295,0.982013265704253,0.83898451258538,0.747767225853797,0.00549155104980985,0.00105910859744703,0.559155824061083,0.991184599575044,"CALI"
75101,1065.121,416.262085402216,232.54061417627,1.79006186457683,0.829410302734492,76439,309.227364651247,0.807763460752468,0.982495846361151,0.831874265137132,0.742866995326884,0.00554269697343865,0.0010412263567177,0.551851372745993,0.987848097266976,"CALI"
72837,1052.169,371.910382104484,250.023336350269,1.48750267688396,0.740308140269326,73876,304.530702425675,0.784450355946624,0.98593589257675,0.826781803497415,0.818828183022115,0.00510606397990697,0.00141591487229368,0.670479593311299,0.997340189846627,"BARBUNYA"
75016,1044.314,407.403787295936,237.000222351514,1.71900170917006,0.813379819711734,76320,309.052321926002,0.811597966028346,0.982914046121593,0.864373744601567,0.758589712622154,0.00543089190700566,0.00110937587460311,0.575458352096163,0.98921389080949,"CALI"
71826,1033.615,399.283077904784,230.561523383642,1.73178539092318,0.816434004843814,72664,302.409827122314,0.737743814131205,0.988467466696026,0.844838970563967,0.757382027581016,0.00555903263309643,0.00112833735749394,0.573627535702731,0.993399786161253,"CALI"
85666,1119.3,435.646644851337,251.497820043894,1.7322084333586,0.816533727766625,86305,330.262530177558,0.762886047091511,0.992596025722728,0.859261484390218,0.75809726548051,0.00508540897031888,0.00103610881338785,0.574711463929028,0.99552004456573,"CALI"
82272,1161.277,439.771096736587,239.019138795202,1.83989909324121,0.839403943816539,83224,323.654080500233,0.789528233081264,0.988560992021532,0.766637872309697,0.735960327775007,0.0053453313002794,0.000967324097948848,0.541637604058696,0.996558536572936,"CALI"
68566,1008.527,377.992253001653,234.08374815135,1.61477358418431,0.785168752053902,69879,295.467329199543,0.749109581557959,0.981210377939009,0.847117433160043,0.781675621267959,0.00551282345479762,0.00126958013176036,0.61101677688465,0.986653750806771,"CALI"
73398,1037.523,409.939719940683,229.454244130587,1.78658591168782,0.828677210337254,74232,305.701220318911,0.812931951089846,0.988764953119948,0.85683781315357,0.745722371970067,0.00558516199270666,0.00106542829387699,0.556101856056663,0.99352374149428,"CALI"
66291,1048.41,371.479240991721,227.64889271841,1.63180780963087,0.790224650902797,67835,290.52422043616,0.76654717853839,0.977238888479399,0.757882929245716,0.782073904481341,0.00560376583535806,0.00129315600783245,0.611639592070689,0.99807826302039,"BARBUNYA"
82896,1107.807,429.840326445642,247.661361159824,1.73559704441845,0.817329452148189,84124,324.879154918203,0.765542462413653,0.985402501069849,0.848819267034733,0.755813577578064,0.00518529635260618,0.00104378752684531,0.571254164051353,0.991467038739261,"CALI"
79102,1091.847,414.225075683408,243.917273659169,1.69821952118985,0.808240864712209,80113,317.35751837264,0.683871079295916,0.987380325290527,0.833822784058068,0.766147529453762,0.00523659421611853,0.00111295679760238,0.586982036888103,0.996824353631158,"BARBUNYA"
65707,1000.653,361.115822483145,233.203359118894,1.54850180480907,0.763518891857622,66803,289.241682276109,0.819994758582821,0.983593551187821,0.824621207035406,0.800966516191932,0.00549585009942844,0.00139531443086415,0.641547360060641,0.993437244924397,"BARBUNYA"
84228,1118.273,426.157273677924,253.547418979116,1.68077938002211,0.803753768576704,85117,327.478885386452,0.764340227047923,0.98955555294477,0.846390293083256,0.768446077571705,0.00505956776461419,0.00108829534672072,0.590509374135339,0.992515979756437,"CALI"
71881,1073.977,376.091202733686,243.944432731636,1.54170848878288,0.761102987448731,73314,302.52558852948,0.781281248641363,0.980453937856344,0.783130273611686,0.804394216962585,0.00523213648577073,0.00135124651184841,0.647050056282849,0.997562564438707,"BARBUNYA"
78297,1070.184,423.83617577751,236.345042344814,1.79329412444014,0.830087601656484,78943,315.73855740807,0.782852572114183,0.991816880534056,0.859088842767438,0.744954242824744,0.00541318538101728,0.00102837392173616,0.554956823902588,0.995200811622471,"CALI"
73094,1052.343,369.046101541323,253.237706481399,1.45731102476412,0.727417340663248,74275,305.067486440086,0.775771855531145,0.984099629754291,0.829424691271726,0.826637878481766,0.00504892469342659,0.00145425264704323,0.683330182140835,0.995824607987915,"BARBUNYA"
69923,1015.485,376.510988499596,236.700415428517,1.59066467128065,0.777673792821938,70617,298.376823306564,0.774632752088272,0.990172338105555,0.852084944360877,0.792478393514096,0.00538465152381329,0.0013100476313507,0.628022004186683,0.998972414846626,"CALI"
79671,1092.549,441.195184517239,232.846934536609,1.89478631271339,0.849391053801267,81249,318.496888161557,0.704143319251233,0.9805782225012,0.838741794793945,0.721895658290241,0.00553771365386702,0.000927700898898936,0.5211333414583,0.987436322493783,"CALI"
70938,1026.906,403.306767680269,226.254025883737,1.78253963042192,0.827817600029164,72261,300.534634983096,,0.981691368788143,0.84533221759836,0.745176275398762,0.00568534167414177,0.00108136525367712,0.555287681417171,0.989822298411211,"CALI"
76482,1065.662,418.285586264527,235.440006689158,1.77661219155831,0.826546092480673,77846,312.057537740133,0.743482064741907,0.982478226241554,0.846311302185905,0.746039423750992,0.00546907228190328,0.00104505834573807,0.556574821790712,0.98881761390777,"CALI"
76278,1083.778,433.572589680378,225.439588220149,1.92323182056641,0.854191755046892,76973,311.641085213918,0.821359348753069,0.990970859911917,0.816072042279224,0.718774877912958,0.00568411061748312,0.000935866371511145,0.516637325118787,0.993613343360763,"CALI"
83470,1156.057,416.946040482551,256.495604993408,1.62554847866991,0.788389044995616,84731,326.002001219385,0.814262023217247,0.985117607487224,0.784841180003042,0.781880554236918,0.00499516042269739,0.00115157135057558,0.611337201093829,0.993758257192393,"BARBUNYA"
75806,1051.147,404.434824140045,240.603641850553,1.68091730045904,0.803789902095175,76774,310.675388352849,0.742861062658017,0.987391564852685,0.862157349770296,0.768171704831409,0.00533512946389527,0.00114592963228948,0.590087768103593,0.99188873819459,"CALI"
65757,997.586,392.3467629037,214.520056476509,1.82895142462665,0.837288478518201,66564,289.351711146055,0.811213915618061,0.987876329547503,0.830330831074279,0.737489737406283,0.00596661591775324,0.00108875903015958,0.543891112779589,0.994750425560001,"CALI"
83706,1126.544,446.960537211398,239.844691128231,1.8635415072516,0.843828675206974,84590,326.46253894069,0.74189031091573,0.989549592150372,0.828838918592334,0.730405733305899,0.00533964754272571,0.000937452017537695,0.533492535246128,0.994185483240049,"CALI"
57200,956.741,352.786447017608,206.903795368741,1.70507479763181,0.809960425013723,58277,269.869045944234,0.737893134497794,0.981519295777065,0.785266592562465,0.764964323957617,0.00616759522758056,0.00130274780852559,0.585170416927934,0.997759330223517,"BARBUNYA"
83577,1120.306,419.08316375514,257.60427028825,1.62684866709003,0.788772433900351,85744,326.210884904736,0.755723741319444,0.974727094607203,0.836803172922948,0.77839176831101,0.00501433604646182,0.00113549738016888,0.605893744974341,0.985697431409693,"CALI"
82319,1166.127,391.422396651593,268.945248447742,1.4553980741833,0.726565470321943,83725,323.746515167428,0.69030607966457,0.983206927441027,,0.827102684815445,0.00475494596206942,0.00137266029213893,0.684098851228917,0.995636150629572,"BARBUNYA"
59780,977.357,390.399813123862,196.324913077579,1.98853934023948,0.864355261467943,60533,275.888129473285,0.766685476837839,0.987560504187798,0.786428636302923,0.706680997784581,0.00653060911883343,0.0010046784973929,0.499398032629811,0.993072634322577,"CALI"
72492,1053.122,411.520026427422,227.004517467584,1.8128274759386,0.834092585645773,74242,303.808625744796,0.743942612604292,0.976428436733924,0.821377070620134,0.73825963801151,0.00567676469717241,0.00104020073757208,0.545027293116886,0.988040452098735,"CALI"
57103,919.308,354.546049867856,205.552263021303,1.72484624910752,0.814786004098919,57779,269.640126322126,0.676639965873542,0.988300247494765,0.84907628361305,0.760522156212499,0.00620888657107079,0.00128127092740218,0.578393950090109,0.997640635319406,"BARBUNYA"
70563,1014.222,393.480115663691,229.372255550696,1.71546517131721,0.812520752323956,71437,299.739223317782,0.717351523900535,0.987765443677646,0.862026956775283,0.761764601019815,0.00557629516409012,0.00115826695304218,0.580285307366877,0.995459234214982,"CALI"
89239,1143.46,442.600292726371,257.950027550791,1.71583735395889,0.812611452970004,90157,337.079551044885,0.75980417198808,0.989817762347904,0.857674711642823,0.761589082936458,0.00495971820309922,0.00102924698746504,0.580017931247995,0.995216432401269,"BARBUNYA"
72464,1020.117,385.246401264314,241.981137294484,1.59205137049786,0.778116134420668,73680,303.749947110594,0.797561002454406,0.983496199782845,0.875048646299004,0.788456286973058,0.0053163833250209,0.00126737907324417,0.621663316467342,,"CALI"
65686,1015.675,352.451030103326,237.83804485974,1.48189508668042,0.737990040226528,66838,289.195457667429,0.771723295267635,0.982764295759897,0.800153214746761,0.820526634814055,0.00536569482238721,0.0015002943140353,0.673263958439278,0.997706552050177,"BARBUNYA"
76051,1055.349,418.479569664681,232.925167551632,1.79662667655661,0.830781518881325,76842,311.17702456424,0.749344763030841,0.989706150282398,0.858069740664001,0.743589525322778,0.00550261758115844,0.00103772468510214,0.552925382169755,0.99340049175144,"CALI"
71703,1049.125,406.872721851928,227.258242011683,1.7903540846321,0.829471709194255,73498,302.150782021403,0.799168542832304,0.97557756673651,0.818639542448749,0.74261744716168,0.00567441699582902,0.0010645390667076,0.55148067282893,0.987345675194936,"CALI"
64748,960.007,354.715206088771,234.365953232687,1.51350996676807,0.750636121344543,65496,287.123168766494,0.796800393797686,0.988579455233907,0.882851018855875,0.809447026341008,0.0054783963379374,0.00145073115853798,0.655204488452301,0.991658523543733,"CALI"
62391,965.276,342.422695448276,232.140841643283,1.47506441789531,0.735120473122469,63399,281.848697771644,0.73893218371746,0.984100695594568,0.84145092842392,0.823101685484565,0.00548833478303403,0.0015539402711435,0.677496384647531,,"BARBUNYA"
83444,1106.53,423.056427448456,252.925461927101,1.67265258398694,0.801605920339828,84671,325.951224220559,0.762393787117405,0.985508615700771,0.856403813659648,0.770467491030547,0.0050699442434262,0.00110204726612104,0.593620154734906,0.992920285724068,"CALI"
77163,1050.917,397.909909874321,249.776539396007,1.59306358730295,0.778438133042156,78361,313.443747728997,0.727815506508206,0.98471178264698,0.877974966931958,0.787725412086364,0.00515674494089552,0.00122477084085639,0.620511324846632,0.988513997122285,"CALI"
83810,1123.285,442.576107116415,243.273586666094,1.81925260847934,0.835377753449011,84912,326.665281663439,0.79571240042914,0.987021857923497,0.834691105563408,0.738099676893568,0.00528070763770929,0.000966789549723102,0.544791133030389,0.991112689841947,"CALI"
84365,1108.866,445.260693396277,242.418888516331,1.83674092444443,0.838798103200081,84908,327.74510551888,0.795258519112033,0.993604842888774,0.862211954764756,0.736074642068597,0.00527778928935314,0.000955694828574018,0.541805878696414,0.99515703050628,"CALI"
69478,999.119,380.082899128432,234.961365561661,1.61763998187475,0.786033012008594,70380,297.425851413608,0.79729636684951,0.987183859050867,0.874626710958012,0.782528895921482,0.00547055037750701,0.00126535480368398,0.612351472952093,0.990564225607202,"CALI"
66540,1015.555,393.796861145687,216.633982612091,1.81779818843486,0.835088202999489,67380,291.069337627098,0.770995550611791,0.98753339269813,0.810747770606541,0.739135748264422,0.00591819749242091,0.00108959736934457,0.546321654362408,0.993102513602718,"CALI"
57744,947.678,342.460538549098,215.38625847019,1.58998322818489,0.777455903363874,58657,271.149302546009,0.720880876881975,0.984434935301839,0.807969805680202,0.7917680200317,0.00593066878894947,0.00143772312698533,0.626896597544918,0.996755075902596,"BARBUNYA"
75058,1114.942,399.97843167204,239.507510857876,1.67000370986022,0.800897799077982,76233,309.138826013058,0.764275822743565,0.984586727532696,0.758756283502844,0.772888739827189,0.00532892472051001,0.00117297098244038,0.597357004151659,0.99758841304426,"BARBUNYA"
63169,970.643,365.630524277264,222.050006543808,1.64661343617267,0.794467185582273,63951,283.600544430675,0.720811082203661,0.987771887851636,0.842548310526285,0.775647889331078,0.00578813222114113,0.00129233964175833,0.601629648223756,0.990651462365075,"CALI"
89832,1166.398,455.906405222912,253.164694203382,1.80082932439488,0.831650306954898,90594,338.19765638255,0.784593213677453,0.991588846943506,0.829750265896046,0.741813785698384,0.00507510024515664,0.000947990504625426,0.550287692652168,0.99097421378162,"CALI"
99804,1212.67,475.742914931976,269.130817600352,1.7677013698165,0.824606727502352,100799,356.474963388382,0.811256340226297,0.990128870326095,0.852849784384844,0.749301675757698,0.00476677202248383,0.000926895897362527,0.561453001293294,0.992481239473739,"CALI"
87031,1181.88,443.310117931847,252.316075145479,1.75696343436004,0.822224153681073,88107,332.883329137772,0.767333803561982,0.98778757646952,0.782955484606669,0.750903973703005,0.00509370359908362,0.000998966772310172,0.563856777722963,0.990675740675323,"CALI"
65824,983.196,374.933575616667,225.92087226094,1.65957917860558,0.798071778374523,66684,289.4990842691,0.831804281345566,0.987103353128187,0.85568501784202,0.772134327508412,0.00569600108800236,0.00124888160605196,0.596191419716868,0.989426866625414,"CALI"
74759,1058.713,405.850887992508,238.557775856949,1.70126874521112,0.80900874287992,76604,308.522471020923,0.751037261028119,0.975915095817451,0.838140555987381,0.760186758607309,0.00542878968408497,0.00111831456674941,0.577883907961887,0.983135830976018,"CALI"
81585,1111.999,443.149714895967,236.528853410927,1.87355457275258,0.84564560814949,82719,322.299935242343,0.758916113188592,0.986290936785986,0.82910854001884,0.727293563345754,0.00543175479433679,0.000937473273348952,0.528955927284164,0.991027796347828,"CALI"
79102,1069.854,428.947334823437,236.944524873422,1.8103281139439,0.833588417244554,79847,317.35751837264,0.826372202837383,0.990669655716558,0.868456957390844,0.739851941272163,0.0054227116232641,0.00100224879539606,0.547380895004189,0.99093902326186,"CALI"
85895,1173.178,397.577401715599,276.231305632691,1.43929161397899,0.719216302057134,87671,330.703659935941,0.800885780885781,0.979742446190873,0.784241693540979,0.831796924344571,0.00462864429496012,0.00136679320357164,0.691886123349088,0.995825895164774,"BARBUNYA"
78467,1110.736,393.029983720286,254.911686760024,1.54182802960418,,79670,316.081140463543,0.817364583333333,0.984900213380193,0.799236329705354,0.804216353855825,0.00500885701913271,0.00129243883332045,0.646763943809158,0.997198777102303,"BARBUNYA"
82950,1111.235,426.120590219725,249.62891116515,1.70701617945932,0.810442979402705,84409,324.984953860608,0.777894480184557,0.9827151133173,0.844139904700179,0.762659588200216,0.00513707763977969,0.00107205935444489,0.581649647473723,0.992885359014454,"CALI"
69272,1018.472,395.752006511951,224.174396617094,1.76537558474139,0.824094941303979,69978,296.984595127246,0.767157269898225,0.989911114921833,0.839207589957944,0.750431053388172,0.00571301545374684,0.00111760503642399,0.563146765889281,0.994165551127015,"CALI"
87279,1114.925,426.563751107859,262.056737052177,1.62775342433928,0.789038569788852,88382,333.357277144118,0.812456947107776,0.987520083274875,0.882324458286495,0.781494621327602,0.0048873583692281,0.00112449601612858,0.610733843163973,0.994124104570045,"CALI"
69962,1000.601,377.140744377224,239.207299264076,1.57662724146588,0.77311544365977,71574,298.460022496752,0.7781336892448,0.977477855087043,0.878112612386554,0.791375705082201,0.00539065127322295,0.0013042229989556,0.62627550659435,0.987403024359498,"CALI"
67801,1015.657,355.091822691325,243.88040443827,1.4560080114235,0.726837559177317,68991,293.814421655215,0.781567723342939,0.982751373367541,0.82594633659315,0.827432238310435,0.0052372652717707,0.00151430754363868,0.684644108995416,0.996847307671231,"BARBUNYA"
74591,1081.147,407.153441278292,236.792569538936,1.71945193242791,0.813488739286597,76122,308.175616948097,0.760449800179431,0.979887548934605,0.801912158848612,0.756902891402696,0.00545847945835681,0.00110512677234087,0.572901987013762,0.985077428662601,"CALI"
74312,1025.211,390.615917116498,243.809026747685,1.60213886387702,0.781292055958992,75060,307.598727319148,0.808442123585727,0.990034638955502,0.888469041051776,0.787471052357062,0.0052564312239813,0.00124683544830308,0.620110658300339,0.993503385567335,"CALI"
70263,1021.678,392.886242707876,231.126409031689,1.69987603041074,0.808658622219822,71785,299.101370996067,0.74817914643496,0.978797798983075,0.845879440520068,0.76129255362718,0.00559165197483563,0.00115858052308979,0.579566352208192,0.985190950151294,"CALI"
70908,1018.387,401.155356446303,226.730093140468,1.76930795065555,0.824958891160069,71865,300.471079536918,0.800388296911685,0.986683364642037,,0.749014252729137,0.00565740616638888,0.00109839222350121,0.561022350791387,0.992621305750668,"CALI"
75526,1059.166,377.055578653826,255.779615460363,1.47414240957077,0.734729212362593,76529,310.101096185853,0.761965294592413,0.986893857230592,0.846015433906516,0.822428081539026,0.00499239438940002,0.00140890065868837,0.676387949303962,0.997092161391577,"BARBUNYA"
86549,1132.936,441.047025111319,252.061117644014,1.74976223716587,0.82059773448865,87468,331.960252676858,0.830700272584175,0.989493300407006,0.847346742431706,0.752664078378201,0.00509592283112825,0.00100880531823996,0.566503214880906,0.991245932631673,"CALI"
63966,995.08,376.335588007786,218.156615752371,1.72507070991128,0.814839675967523,65115,285.384023236287,0.793229166666667,0.982354296245105,0.811788814164729,0.758323242154772,0.00588336910245733,0.00120011627781641,0.575054139592125,0.992009052823609,"BARBUNYA"
81172,1125.616,404.016421010336,256.295261162427,1.57637101512498,0.773030853082917,82356,321.483126035011,0.768965517241379,0.985623391131187,0.80507361816018,0.795717969163402,0.00497728799352408,0.0012308615218599,0.633167086449529,0.998106242810167,"BARBUNYA"
82040,1099.858,427.011920793186,248.248015521808,1.72010205155366,0.813645841784712,83889,323.197419931027,0.741986831633022,0.977958969590769,0.852240717369877,0.756881492513556,0.00520492346164293,0.00105367252026586,0.572869593709548,0.985394163412505,"CALI"
84156,1125.18,435.700085090323,247.498946274319,1.76041187911729,0.822994816219626,85328,327.338887281564,0.798822971048885,0.986264766547909,0.835316270829098,0.751294063240094,0.00517729080624463,0.00101747125981121,0.564442769459811,0.993651756438911,"CALI"
89673,1159.738,455.86392106584,253.098174132148,1.8011347676804,0.831713177217046,90645,337.898223870793,0.821000878927708,0.989276849247063,0.837822054360505,0.74122607264195,0.00508362518334214,0.000946577188250205,0.54941609076421,0.989572422998467,"CALI"
72021,1065.356,388.514589703071,237.07450407452,1.63878689199303,0.792241658815832,73318,302.820054242402,0.70489958109854,0.982309937532393,0.797405999634387,0.779430328405008,0.00539446258317812,0.00122810966810652,0.607511636837539,0.995582107182589,"BARBUNYA"
70664,1028.213,391.833325782869,229.87075723712,1.7045810023529,0.809837377027759,71445,299.953661736551,0.701560700528176,0.989068514241724,0.839927693011677,0.765513400722756,0.00554502045996362,0.00117461111549622,0.586010766686118,0.998902820067413,"BARBUNYA"
72601,1047.138,415.433967174782,225.377969702697,1.84327673074167,0.840047963031569,73896,304.036945431501,0.689730191905757,0.982475370791382,0.832040806663439,0.731853843100861,0.00572215213529816,0.00101259690099818,0.5356100476615,0.987277537605877,"CALI"
59758,953.234,350.953699537589,220.084928392941,1.59462850137104,0.778934484222031,60714,275.837359170733,0.763836695043076,0.98425404354844,0.826431513187145,0.785965098912397,0.00587291575249488,0.00138244091703568,0.617741136708375,0.985067623064519,"CALI"
75037,1057.664,414.501381488842,231.688308927953,1.78904746383961,0.82919686992783,75812,309.09557699568,0.755598743303661,0.989777343956102,0.842926838256686,0.745704576147476,0.00552395993295097,0.0010536527754248,0.556075314887286,0.994845131802913,"CALI"
86145,1130.325,429.097050857836,256.164559286447,1.67508359490905,0.802252300025637,87086,331.184571774125,0.788065354215457,0.989194589256597,0.84729232584023,0.77181740380651,0.00498110222134582,0.00109034387004339,0.595702104818622,0.997850823234468,"BARBUNYA"
76753,1090.653,385.11930981707,254.349452619332,1.51413461224724,0.750875954994998,78292,312.609908315552,0.712285162775159,0.9803428191897,0.81083414122005,0.81172223865908,0.00501764504080714,0.00134372214837607,0.658892992733709,0.997652686065277,"BARBUNYA"
72044,1009.725,380.233959014785,242.863362693484,1.56562914553183,0.769438534471594,72712,302.868403371662,0.735090350689236,0.990813070744856,0.887976481053716,0.796531704207634,0.00527780188516441,0.00131052440567584,0.634462755807918,0.993333382247319,"BARBUNYA"
79609,1075.371,413.333493391386,247.95903211472,1.66694267946712,0.800074501478681,80885,318.372936847373,0.724877986596737,0.984224516288558,0.865078247272556,0.770256807003796,0.00519204478628529,0.0011273541626293,0.593295548735683,0.988989671725376,"CALI"
79140,1105.067,382.072161095282,264.967829882316,1.44195678873536,0.720454645390271,80482,317.433737290699,0.755729564553094,0.983325464078925,0.814382982393004,0.830821424886638,0.0048278008730766,0.00141892637464243,0.690264240050663,0.995331206962311,"BARBUNYA"
76659,1082.968,413.460709119937,236.698534415636,1.74678187231152,,77624,312.418421767752,0.767564807305278,0.987568277852211,0.821375539600484,0.755618163652704,0.00539350512164178,0.00108457705959211,0.570958809241884,0.997340497820292,"CALI"
76203,1061.104,420.256663249485,232.999447693981,1.80368094177393,0.832235837254448,77432,311.487837687852,0.782315439342142,0.984128009091848,0.850483769215569,0.741184768563533,0.00551496218324062,0.00102666379080107,0.549354861150578,0.99086089332816,"CALI"
74566,1044.026,402.485074567238,238.380724081652,1.6884128367249,0.805737941768149,75681,308.123968384029,0.798539270491979,0.985267107992759,0.859662696966319,0.765553775417216,0.00539770236525009,0.00114364571368107,0.586072583055553,0.989532472483517,"CALI"
76081,1055.587,411.251643639683,236.763004740708,1.73697594389828,0.81765169688254,76772,311.238393844648,0.814868367499946,0.990999322669723,0.858021183501098,0.756807659393425,0.0054054447712265,0.00109383866864846,0.572757833316553,0.994866578150152,"CALI"
83018,1118.78,444.73594683231,240.211607859063,1.85143403683158,0.84158681893593,84398,325.118133183653,0.740306759407883,0.98364890163274,0.833475316057023,0.731036327284426,0.00535710263837131,0.000943768689934844,0.534414111809502,0.989432476367231,"CALI"
77026,1133.607,396.359017305322,248.155838595554,1.59721818172213,0.779751973164596,78612,313.165370328155,0.703562294483011,0.979824963109958,0.753220569115905,0.790105325361927,0.00514578216842783,0.00123700403520229,0.624266425165277,0.997089684512659,"BARBUNYA"
57105,953.054,346.273401807807,210.218988450923,1.64720325389943,0.794633369186851,58126,269.644848276583,0.69606289614822,0.982434710800674,0.790039822959788,0.778705054644205,0.00606380180032934,0.00137536109538694,0.606381562128435,0.998833682242578,"BARBUNYA"
76336,1059.384,420.887706886169,232.001721574263,1.81415768827148,0.834359941610661,77031,311.75954498123,0.803621433835141,0.990977658345341,0.854736882228483,0.740719056129493,0.00551362013841659,0.00102383665868045,0.548664720113367,0.995364320276987,"CALI"
86975,1181.978,426.694996479141,260.543642706212,1.63771025862366,0.791932518533621,88249,332.776215200757,0.784406565656566,0.985563575791227,0.782321949093405,0.77989247107805,0.00490594994514678,0.00111954559797074,0.608232266444227,0.996108222381631,"BARBUNYA"
94187,1189.983,436.332404542073,275.362419826932,1.58457499326274,0.775714461153299,95403,346.29844498636,0.788756573878672,0.987254069578525,0.835832615352524,0.793657407475378,0.00463261813776926,0.00113380550691805,0.629892080440539,0.998111239120322,"BARBUNYA"
82762,1112.693,438.525534543782,242.331721490336,1.80960846498699,0.833442806273664,83578,324.616467853021,0.769392384352224,0.990236665151116,0.840020973100793,0.740245304508287,0.00529863384818857,0.000981400595785553,0.547963110846566,0.991598683888552,"CALI"
69343,1042.187,404.923588344441,220.655461911171,1.83509433592653,0.838480817581972,70228,297.13675260824,0.75556790446304,0.987398188756621,0.802271173074969,0.733809442475566,0.00583942991137449,0.00104443975987268,0.538476297866301,0.988154804245135,"CALI"
71184,1061.63,419.15427152549,218.261295347325,1.9204241909152,0.853728565104832,72140,301.055283548434,0.803612553623843,0.986747990019407,0.793680823804932,0.718244579621625,0.00588832141387797,0.000966630956569682,0.515875276155845,0.990699359824743,"CALI"
60946,967.849,366.242809685172,212.227448752728,1.72570895912663,0.814992156996516,61813,278.565714497368,0.718380914212971,0.985973824276447,0.817598074511849,0.760603913935751,0.00600930019501152,0.00124061745161637,0.578518313894383,,"BARBUNYA"
66050,982.983,387.66381521909,218.433154339099,1.77474805229097,0.82614316843512,66646,289.995641225446,0.762596406964393,0.9910572277406,0.858995071001985,0.74805960690851,0.00586924777016033,0.00113372317720632,0.559593175488115,0.993136898272852,"CALI"
88455,1228.134,441.98003018576,257.483196973198,1.71653931356059,0.812782331980235,90344,335.595595813695,0.670052722479775,0.979091029841495,0.736954612747556,0.759300359504132,0.00499666531214471,0.0010245058559999,0.576537035943104,0.989648487920034,"BARBUNYA"
64445,972.438,371.298149497402,222.664388566045,1.66752371983934,0.800231192579415,65116,286.450558492138,0.784575115656197,0.989695312979913,0.856397220627642,0.771483937853942,0.00576147334156882,0.00125898592167586,0.595187466366625,0.992489217917425,"CALI"
84527,1123.509,437.450973488925,248.647082747564,1.75932477733126,0.822752436308147,85482,328.059627198821,0.758171283008037,0.988828057368803,0.841496294636996,0.749934614574875,0.00517528095743283,0.00100973472834394,0.562401926137566,0.989447643472645,"CALI"
79187,1066.901,416.007245159585,243.947281948773,1.70531617256118,0.810020527125158,79761,317.527982749463,0.814932592363898,0.992803500457617,0.874209475902067,0.763275126681161,0.0052534790452926,0.00109989494733618,0.582588919010143,0.993498305542932,"CALI"
65349,990.508,373.619547576997,226.606215347543,1.64876125310147,0.795071318020448,66724,288.452649509236,0.760668141077872,0.979392722258857,0.837014217828446,0.772049137631886,0.00571729556040639,0.00125299741656999,0.596059870918139,,"CALI"
77949,1084.24,434.377510234501,230.317267511155,1.88599628212185,0.847857763337727,79294,315.036107886955,0.679152072769094,0.983037808661437,0.833238947024826,0.725258790946338,0.0055725860528615,0.000951061394079256,0.526000313844945,0.99203463630649,"CALI"
75698,1060.111,414.115150664544,235.806470253171,1.7561653427912,0.82204504459398,77042,310.454001516106,0.75740414632194,0.982554970016355,0.846431052137499,0.749680375175626,0.00547062208598039,0.00106591125032243,0.562020664923468,0.987001213671062,"CALI"
66942,1014.517,394.257899925733,218.210491436483,1.80677792955934,0.83286814943421,67661,291.947258256798,,0.989373494332038,0.817315791167687,0.740498182311101,0.00588954467936024,0.00109233907820468,0.548337558006045,0.990724197753784,"CALI"
96343,1198.882,464.952441407559,264.967288333407,1.75475412203529,0.821727641821464,97272,350.239514416092,0.78311088712955,0.990449461304384,0.842320072556816,0.753280299713676,0.00482601166050008,0.000958505409261953,0.567431209936726,0.995702254607944,"CALI"
72937,1113.897,399.279991761414,233.250545582068,1.71180732188654,0.811625643748987,74443,304.739680176948,0.784049620536194,0.979769756726623,0.738699307116581,0.763223017593734,0.0054743133356378,0.0011458169765595,0.582509374584886,0.997143812481958,"BARBUNYA"
84228,1129.158,396.620328622974,271.69413294633,1.45980453947205,0.728521237768255,85605,327.478885386452,0.745143140238508,0.983914490975994,0.830150666352355,0.82567347600015,0.00470888930786643,0.00134999319196977,0.681736688970169,0.995202313283297,"BARBUNYA"
75275,1044.47,401.377537055594,239.516479480088,1.67578255127519,0.802437528498411,76120,309.585378740565,0.673095838474882,0.988899106673673,0.867099004138789,0.771307186275562,0.00533214928004774,0.00116410344126902,0.594914775600325,0.996947800446823,"BARBUNYA"
62209,977.978,344.174160971056,231.397841451167,1.48736979918496,0.740253597083504,63383,281.437308895658,0.779874134991475,0.981477683290472,0.817344065455251,0.81771771623299,0.00553254611022611,0.00152587315723606,0.668662263441297,0.994548056497247,"BARBUNYA"
73629,1057.375,405.425868854654,234.525169762997,1.72870941427892,0.815706339657472,75311,306.181897634895,0.688623482538673,0.977665945213847,0.827562285208674,0.755210560440734,0.00550633403760277,0.00110487852832446,0.570342990601207,0.985957297220299,"CALI"
52808,928.664,332.582478268763,202.732146208414,1.64050193562722,0.792732605319024,54100,259.301434393207,0.702682563338301,0.976118299445471,0.769471188694752,0.779660539373524,0.00629795633746331,0.0014354948019702,0.607870556656213,0.997212824805312,"BARBUNYA"
77528,1071.144,411.667908223255,243.96276977024,1.68742102990123,0.805481936359341,79378,314.184206197937,0.769554514412769,0.976693794250296,0.849127146991522,0.76319819913567,0.00530992555235857,0.00111126476038892,0.582471491163931,0.982874643507946,"CALI"
72142,1049.218,412.031627613204,224.870284951046,1.83230802461473,0.8379416907358,72865,303.074326257247,0.813692758854049,0.99007754065738,0.823505638301003,0.735560830640309,0.00571139734985451,0.00103132730632038,0.541049735572261,0.991369772204734,"CALI"
75562,1077.868,402.797533574339,239.95787611086,1.67861768116437,0.803186051564141,76928,310.174993317125,0.679917936904998,0.982243136439268,0.817301227374658,0.77005186840321,0.00533068915029167,0.0011562268134451,0.592979880031275,0.995386511195226,"BARBUNYA"
72503,1048.874,409.748250514494,229.48294517289,1.7855281149795,0.82845313727047,74347,303.831674964829,0.697915964768735,0.975197385234105,0.828169440449536,0.741508168938678,0.00565146615332461,0.00105391273688076,0.54983436460279,0.981744716580173,"CALI"
62363,950.295,360.506342356837,220.634376893868,1.63395363602043,0.790848112502449,63010,281.785446267757,0.690528390468598,0.989731788604983,0.867800656880607,0.781637971819201,0.00578077293197629,0.00133103130544268,0.610957918989635,0.998276913188587,"BARBUNYA"
74623,1049.888,404.916992367067,236.882283058018,1.70935954829468,0.811022883728412,75557,308.24171448195,0.771536393713813,0.987638471617454,0.850739553402819,0.761246675966914,0.00542616877326115,0.00112402170490984,0.579496501670676,0.990567878334136,"CALI"
72624,1080.984,378.050478139082,246.525145678967,1.53351690391613,0.758136537849976,73969,304.085101076732,0.725072633060772,0.981816706998878,0.781000834084089,0.804350526346542,0.00520558600654166,0.00134409755282658,0.646979769233959,0.992154412612032,"BARBUNYA"
76045,1062.537,419.172518268427,232.580595089812,1.80226780358251,0.831946072669545,77403,311.164749255737,0.732413221866934,0.982455460382673,0.846432643493277,0.742330987110358,0.00551216409058357,0.00103250522710576,0.551055294424239,0.993149215134486,"CALI"
78310,1095.037,406.682630342537,245.684740445506,1.65530276567072,0.796894049069079,79412,315.764768060356,0.736023910673334,0.986123004079988,0.820671781366129,0.776440262015607,0.00519324007588478,0.00116426100705613,0.602859480478865,0.997914965347477,"BARBUNYA"
71259,1009.897,377.491380743673,240.60390610104,1.56893288584079,0.770553028900642,71833,301.213838855858,0.720595819555259,0.992009243662384,0.878001834482483,0.797935672762794,0.00529745548974407,0.00132470325655812,0.636701337867412,0.998941667439013,"CALI"
66365,1009.445,345.072695752701,245.373588853929,1.40631555891748,0.703113172639707,67543,290.686329892462,0.793460066953611,0.982559258546407,0.818433957488057,0.84239156986441,0.0051996187109576,0.00161512934872713,0.709623556978625,0.997954649153405,"BARBUNYA"
71764,1021.427,396.289450601595,232.026336123428,1.70795030091233,0.810674478645798,72598,302.279279290484,0.705227987421384,0.988512080222596,0.864374277150842,0.762773974506772,0.00552212043087892,0.00115310565872039,0.581824136184858,0.993726708474985,"CALI"
79639,1109.573,386.125150836885,263.568165922914,1.46499160657291,0.730794285591587,81007,318.432919314514,0.760872472962128,0.983112570518597,0.812875252100231,0.824688364962355,0.0048484429844283,0.00138338010373694,0.680110899304283,0.996356759019528,"BARBUNYA"
76634,1059.047,424.126895743191,231.451298471186,1.83246712610684,0.837972551057095,77236,312.367474733261,0.750100327900944,0.992205707183179,0.858619781877092,0.736495322198099,0.00553444810062363,0.00100446325262865,0.542425359619682,0.993976639869748,"CALI"
87111,1134.112,430.233087482432,259.636434126953,1.65705976100436,0.797379242013092,88384,333.036289286055,0.785314401622718,0.985596940622737,0.851081150274202,0.774083395665504,0.00493890653858218,0.00109385958782941,0.599205103445037,0.992918665507224,"CALI"
67215,1017.512,369.979454110402,231.738706964858,1.59653714718667,0.779537458248347,68160,292.541955964224,0.704080029330121,0.986135563380282,0.815824958345601,0.790697842039977,0.00550441797382136,0.00132719085692556,0.625203077406677,0.998159937615182,"BARBUNYA"
61377,993.965,352.861499249635,222.875691151167,1.58322111050821,0.775275101005558,62512,279.548964471718,0.769193172418979,0.981843486050678,0.780680509607998,0.792234247902316,0.00574908352069399,0.00139698850302364,0.627635103549349,0.993685145635336,"BARBUNYA"
66461,967.115,363.955632107373,233.933659298174,1.55580703178533,0.766073287056125,67151,290.896499433465,0.783414864148052,0.989724650414737,0.892936338274588,0.799263629330636,0.00547622864698654,0.001378546876362,0.638822349170781,0.993884302901524,"CALI"
87851,1139.091,440.546740024868,255.701834413105,1.72289237203177,0.814317767077279,88744,334.447854297989,0.787632914343094,0.98993734787704,0.850824000908529,0.759165427666336,0.00501470376005814,0.00102747374635566,0.57633214656381,0.992958259071482,"CALI"
82638,1117.383,451.429044072128,235.63571004222,1.9157921521795,0.852959381468108,83632,324.373194789311,0.804239292283437,0.988114597283337,0.831736082575413,0.718547463989676,0.00546272954418219,0.000898279122235682,0.516310458005995,0.989143523536086,"CALI"
71658,1057.001,417.302613737928,221.009201607316,1.8881685047638,0.84823892694196,72678,302.055953916873,0.742885578328616,0.985965491620573,0.805979044638432,0.723829527956345,0.00582353140944385,0.000986078223639029,0.523929185541506,0.98926658686602,"CALI"
64284,1038.268,351.486189265496,233.446871939005,1.5056367487217,0.7475808428426,65556,286.09252156209,0.730234460196292,0.980596741717005,0.749365713343636,0.813950961088801,0.00546770874969659,0.00148039666057817,0.662516167057382,0.997508687743843,"BARBUNYA"
61013,943.385,336.583873468302,231.257852322647,1.45544841002288,0.726587941608024,61950,278.718790796255,0.784874446845734,0.984874899112187,0.861498073354371,0.828081238486619,0.00551659275020572,0.00160008283949213,0.685718537533533,0.998027955176392,"BARBUNYA"
66519,983.728,382.919291943059,223.509386088808,1.71321347458273,0.811970537204363,67640,291.023403313614,0.67890385793019,0.983426966292135,0.863784705168724,0.760012382340061,0.00575654011550173,0.00118474250565652,0.577618821310215,0.989584347841252,"CALI"
68934,1013.374,400.577618735112,221.394577380541,1.80933798593714,0.833388027081513,70217,296.25916825775,0.822522909507446,0.981728071549625,0.84353640205758,0.739579932581444,0.00581103111287772,0.00107244107236121,0.546978476677173,0.989668935342043,"CALI"
74056,1043.271,397.639787672048,238.825818283684,1.6649782277715,0.799543297449929,74857,307.068441434328,0.812195656942312,0.989299597899996,0.855019154281055,0.772227656673989,0.00536944727870865,0.00117785207413939,0.5963355537322,0.992885713410175,"CALI"
69900,1039.311,387.104368586016,230.419673005763,1.67999703990698,0.803548605511521,70979,298.327746240587,0.742771526028882,0.984798320630045,0.813197419922571,0.77066489156476,0.00553797379951381,0.00120501640189944,0.593924375090524,0.997791192080683,"BARBUNYA"
72839,1017.763,384.655009838296,243.244035254984,1.58135433592473,0.774667035570994,74031,304.534883386065,0.747956543169309,0.983898637057449,0.883650488827064,0.791709130511748,0.00528089361246443,0.00127982265983162,0.626803347335668,0.991198191081394,"CALI"
72849,1034.771,396.46433688002,236.451744912432,1.67672409026563,0.802686609609409,74297,304.555787327071,0.790462239583333,0.980510653189227,0.854958355116485,0.768179528387787,0.00544227562327582,0.0011689911209501,0.590099787834083,0.989434529922046,"CALI"
83743,1105.143,421.847186573432,255.105380204787,1.65361932482487,0.796427438007737,84943,326.534682989046,0.758871610845295,0.985872879460344,0.861631215925648,0.774059169723076,0.00503740236883598,0.00111553459687956,0.599167598232377,0.990795119245964,"CALI"
67953,991.332,385.565094344059,225.904818704242,1.70675905257624,0.810379178424374,68997,294.143581917724,0.72774297188755,0.984868907343798,0.868920909547203,0.762889551550652,0.00567399664980293,0.00118553807194448,0.582000467865154,0.993334567132459,"CALI"
75606,1066.561,412.469849322206,234.249191046637,1.76081653677979,0.823084905746067,76371,310.265288131378,0.800707447259171,0.989983108771654,0.835208157852009,0.752213255444545,0.00545551741028763,0.0010774066154311,0.56582478166648,0.99631363247815,"CALI"
77087,1048.25,402.186426232614,245.836211434996,1.6359934278395,0.79143804045203,77980,313.289349938678,0.792668380462725,0.988548345729674,0.881579061009016,0.778965498346977,0.00521730546308216,0.00118494697673895,0.606787247614954,0.992699949194883,"CALI"
61846,1001.069,345.734146153769,228.922519762973,1.51026708299272,0.749384981955007,63198,280.614990482852,0.772804518418553,0.978606917940441,0.775520807294728,0.811649626178506,0.00559024263741825,0.00149652781392765,0.658775115675708,0.994926372299744,"BARBUNYA"
79634,1074.55,415.756148993789,245.73890341084,1.69186133421742,0.806623939271824,80475,318.422923021318,0.782982321593613,0.98954954954955,0.866672742352298,0.765888667652814,0.0052208371925784,0.0011081090134055,0.586585451239003,0.992421244165745,"CALI"
71468,1024.863,405.705030106252,226.234133963755,1.79329716076907,0.830088235918999,72169,301.655239939791,0.786486189061296,0.99028668819022,0.855046756835509,0.743533398786771,0.00567673686273929,0.00107023820893695,0.552841915111408,0.991409836723424,"CALI"
66354,1007.809,342.848693410573,247.084099822619,1.38757894035554,0.693268161305448,67573,290.662238261796,0.769553720541844,0.981960250395868,0.820957184080257,0.847785754614845,0.00516696345978498,0.0016464919522201,0.718740685727862,0.997309439092683,"BARBUNYA"
58932,928.906,341.43292342342,220.076298203469,1.55142978235554,0.764548068179121,59770,273.924356073593,0.719086316714254,0.985979588422285,0.858257303901546,0.802278682814346,0.00579367615936028,0.00148059060877678,0.643651084898323,0.998579462556709,"BARBUNYA"
81568,1133.606,392.550267556768,265.871000551348,1.47646891440856,0.735714674656654,82755,322.266354410382,0.796593616938162,0.985656455803275,0.797637210511289,0.820955635608574,0.00481255231900706,0.0013484473082151,0.673968155637477,0.995093031100008,"BARBUNYA"
73497,1024.659,389.136132863568,242.595330889609,1.60405450276634,0.781886972554621,74507,305.907317368186,0.755504615447873,0.986444226716953,0.87967197949,0.786119025023661,0.00529458526012719,0.00124728280837943,0.617983121504152,0.991278608682335,"CALI"
64725,954.98,354.485382830453,233.209557203349,1.5200293979434,0.753121010921008,65283,287.072167813223,0.80286040338386,0.991452598685722,0.891853190920807,0.809827941341454,0.0054767923187401,0.00145303830630539,0.655821294577338,0.996867647554853,"BARBUNYA"
78653,1077.393,411.932284370884,244.733860884012,1.6831846761332,0.804382423193925,79673,316.455541762275,0.681367707954329,0.987197670478079,0.851484716629154,0.768222238870098,0.00523733722007914,0.00112522092917084,0.590165408294586,0.993357371625342,"CALI"
74722,1065.27,410.818362854745,234.151075949715,1.75450128165531,0.821670680684395,76147,308.44611403242,0.771435355819164,0.981286196435841,0.827444661597607,0.750808975258682,0.00549795726633046,0.00107770263567295,0.563714117328991,0.989037141340907,"CALI"
69525,1014.682,347.663595278168,255.733716224721,1.35947500552749,0.67743996322791,70517,297.526434704065,0.749886748495373,0.985932470184494,0.848576399486332,0.855788292892765,0.00500055512805708,0.0016544869521628,0.732373602252313,0.99564360697015,"BARBUNYA"
54522,897.406,340.023916850033,204.449762722921,1.66311719965578,0.799037995294377,55225,263.47593145874,0.690492774914198,0.98727025803531,,0.774874702637302,0.00623645348391535,0.00138689435642006,0.600430804787247,0.998586798644832,"BARBUNYA"
70686,1048.179,401.900821228597,227.53603966123,1.76631720331853,0.824302425200293,72526,300.000350765044,0.717624365482234,0.974629787938119,0.808485734760131,0.746453689365336,0.00568572024486598,0.00108887173756516,0.557193110367122,,"CALI"
79274,1060.88,406.777634755639,250.086615039807,1.62654700528811,0.788683580838363,80125,317.702363336087,0.81665997053703,0.989379095163807,0.885132143209333,0.781022200315754,0.00513128686272472,0.00117776751661186,0.609995677386061,0.992186642290992,"CALI"
59688,964.218,351.188398919904,217.140910619554,1.61732949317511,0.785939662887044,60632,275.675755093103,0.728044496487119,0.984430663675947,0.806763835013079,0.784979674559173,0.00588373540611017,0.00137805497635222,0.616193089471024,0.996587257092174,"BARBUNYA"
55377,921.337,322.96269483396,219.599863815335,1.47068713624315,0.733254518549173,56515,265.53377613554,0.714025994120377,0.979863752985933,0.819789334517141,0.822180952732189,0.00583207278895497,0.00164388844914159,0.67598151903561,0.994157324383772,"BARBUNYA"
68109,1054.03,382.49855130733,227.491870315453,1.68137239707483,0.803909057428054,69487,294.481021718492,0.750760582010582,0.980168952465929,0.770386074432895,0.769887939998714,0.00561597661553289,0.00121706877399211,0.592727440155463,0.996595556866221,"BARBUNYA"
76057,1069.821,412.45556637612,236.746169657657,1.74218474990554,0.818860950185393,77069,311.189299388527,0.741983317886932,0.98686890967834,0.835077568235552,0.754479572485032,0.00542297969123316,0.00108394609167219,0.569239425297197,0.991720245797771,"CALI"
77502,1050.945,387.973825229592,256.218984303574,1.51422747336283,0.7509115772973,78712,314.131518947183,0.815776177845143,0.984627502794999,0.881785183855319,0.809671937949136,0.00500598468722862,0.00132710605183329,0.655568647102309,0.992680056117619,"CALI"
71275,1020.728,398.323784831251,229.521971519985,1.73544947437229,0.817294912419081,72017,301.247653187537,0.775841424652763,0.989696877126234,0.859660621635594,0.756288388139213,0.00558854836662575,0.00112779069292113,0.571972126034209,0.992628725481671,"CALI"
76451,1067.247,409.978347446786,241.133431197476,1.70021363446296,0.808743586914223,78071,311.994289105663,0.753004097391852,0.979249657363169,0.843457392803136,0.761001870095491,0.00536262897080203,0.00110943128603628,0.579123846288835,0.984634259502911,"CALI"
84221,1104.125,423.073808170291,256.222173558296,1.6511990445434,0.795753607183421,86131,327.465277086198,0.755751974156497,0.97782447666926,0.868148003552752,0.774014535436308,0.00502337668954645,0.00111217204503131,0.599098501066683,0.98923087254869,"CALI"
64930,990.342,377.208238240167,220.674890269332,1.70933919024402,0.811017857850669,65973,287.526422506966,0.745293847566575,0.984190502175132,0.831926333485283,0.762248523119207,0.00580946000677911,0.00120976745040983,0.581022810997413,0.993165061263619,"CALI"
76727,1083.993,422.876760510428,233.894737763952,1.80797894195122,0.833112357708921,78452,312.556955687911,0.804671113348435,0.978012032835364,0.820550144637127,0.739120672676935,0.00551144656392702,0.00101462780878725,0.546299368778405,0.987697754752603,"CALI"
87082,1139.167,449.799124895237,249.58276371809,1.80220427963246,0.831933028671866,88847,332.980849351171,0.737046127803639,0.980134388330501,0.843263820472862,0.740287899467848,0.00516523650002569,0.000956913268186005,0.548026174098518,0.987655116310951,"CALI"
71364,1042.468,387.378607485738,236.528915335485,1.63776427476654,0.7919480459229,72498,301.435676174006,0.821635810997513,0.984358189191426,0.825208292255748,0.778142288575147,0.00542820760447478,0.00122764354200781,0.605505421268967,0.99167514713178,"BARBUNYA"
73539,1027.303,396.771480398628,238.228786141655,1.66550603235119,0.799686239563613,74630,305.994710542975,0.790741935483871,0.985381213989012,0.875649837098352,0.771211454602404,0.00539538857475119,0.00117732502743216,0.594767107709956,0.990588205735,"CALI"
86069,1112.116,432.514852730536,254.797170705372,1.6974868737089,0.808055637985067,87165,331.038448485687,0.774085332949599,0.987426145815408,0.874493212844085,0.765380532936124,0.00502521061857969,0.00106376005794774,0.585807360197586,0.994400304457464,"CALI"
72735,1045.498,391.907333971692,238.19128331653,1.64534708623611,0.794109664415167,73966,304.317397278421,0.717590765588003,0.983357218181327,0.83619370630035,0.776503450941803,0.00538815335081724,0.00120835145944017,0.602957609324529,0.992074545626002,"CALI"
71892,1066.553,363.429786645025,253.413673162278,1.43413645408272,0.716795239567568,73244,302.548735495788,0.719207683073229,0.981541150128338,0.794192070145706,0.832481944555904,0.00505521875375598,0.00149767992402414,0.69302618801158,0.993894119861389,"BARBUNYA"
94651,1199.819,424.741867347546,284.92762805908,1.49070088513662,,95964,347.150394135925,0.762551964164867,0.986317785836355,0.826235023920705,0.817320873743458,0.00448745250813564,0.00123523614267437,0.66801341065677,0.995808182549177,"BARBUNYA"
74477,1079.628,418.152353920771,230.773581241824,1.81195937451175,0.833917744217495,76573,307.940029183022,0.768120874587459,0.972627427422198,0.802941231541304,0.736430218066809,0.00561451661480418,0.00101863486507545,0.542329466081927,0.982678960141099,"CALI"
79077,1100.848,434.831930144059,235.20691910242,1.8487208276161,0.841077550768358,80926,317.307364363045,0.817003998388247,0.977151965993624,0.819983915227866,0.729724158614392,0.00549884201656687,0.000961802503169274,0.532497347665482,0.984438937279506,"CALI"
67796,1015.155,344.176183423592,253.066138373994,1.3600246387565,0.677762605868702,69240,293.803587750158,0.738647258781487,0.979145002888504,0.826702439163373,0.853642994200334,0.00507664439529754,0.00166288274895219,0.728706361547312,,"BARBUNYA"
67766,996.422,392.893832394257,222.23676748644,1.76790652977001,0.824651760573204,69060,293.738575928534,0.68483709273183,0.981262670141906,0.857699387530224,0.747628371100966,0.00579780173529877,0.0011173422406063,0.558948181275083,0.988168139479292,"CALI"
74445,1041.674,399.266530207005,239.452488320543,1.66741441280212,0.800201730236173,75261,307.873866880268,0.820981936081519,0.989157731095787,0.862147850007252,0.771098611047229,0.00536324172485735,0.00116962547124024,0.594593067958966,0.991433051267013,"CALI"
70522,1054.957,368.156403524507,244.52000893221,1.5056289468179,0.747577785204562,71668,299.652130267437,0.729882737707124,0.984009599821399,0.79627846035644,0.813926166701839,0.00522044756990027,0.00141327782278675,0.66247580484195,0.997442748336526,"BARBUNYA"
73347,1082.968,363.797646335307,257.664828039984,1.41190262211051,0.705947522405988,74564,305.594994866883,0.814830861523079,0.983678450726892,0.785888567592542,0.840013666787773,0.00495995264067115,0.00152336053496831,0.705622960390239,0.996270907996358,"BARBUNYA"
80534,1123.802,447.829568547623,231.75734386973,1.9323209399541,0.85567572194817,82362,320.217228605367,0.663907735175552,0.977805298560016,0.801326551473958,0.715042621334446,0.00556075158998216,0.000896687209954388,0.511285950324836,0.987968548117014,"CALI"
61636,959.365,368.632134448994,214.9134490534,1.71525856605372,0.812470372907651,62421,280.138166944985,0.71947518326563,0.987424104067541,0.84154350009829,0.759939627519768,0.00598079262848001,0.00123042422695363,0.577508237474883,0.990575951295379,"CALI"
76163,1067.403,370.011916598792,262.940445011068,1.40720807171075,0.70356898577852,77251,311.406074837445,0.777094174063871,0.985916039921813,0.840034394195478,0.841610934317842,0.00485815837872447,0.00150347741542144,0.708308964763351,0.996738092480075,"BARBUNYA"
102379,1296.377,456.722067697627,286.557573962028,1.59382305406504,0.778679238813744,104111,361.044306630698,,0.983363909673329,0.765522769325055,0.790512068862254,0.00446109131460189,0.00107461993974752,0.62490933101688,0.995994898475063,"BARBUNYA"
72060,1013.657,399.99680583129,230.51858629825,1.73520414234089,0.817237468124824,72541,302.902032996835,0.694266472690837,0.993369267035194,0.881296558436619,0.757261129541601,0.00555088545422273,0.00112596447368828,0.573444418314622,0.995043130061793,"CALI"
60063,942.016,356.039029811799,216.213292268398,1.64670278166722,0.794492372759502,60728,276.540389049101,0.694707256702676,0.98904953234093,0.850550933985557,0.776713691179529,0.00592775968253,0.0013308042941305,0.603284158065729,0.993429701222605,"CALI"
77622,1072.203,420.789767362789,238.097276528351,1.76730189231158,0.82451898922535,79514,314.374617202841,0.744254278728606,0.97620544809719,0.848478137553332,0.747106136095271,0.00542101166373951,0.0010418119096408,0.558167578591206,0.986450617871211,"CALI"
71587,1129.841,377.237891310989,242.310232462061,1.55683846892456,0.766430372656766,73128,301.906275670043,0.706195126763342,0.97892736024505,,0.800307399187418,0.00526964241148517,0.00133348531414319,0.640491933194129,0.997142480632479,"BARBUNYA"
69886,1084.538,386.131604481606,231.551315576336,1.6675854486964,0.800247827781087,71333,298.297869290683,0.777686281492032,0.979714858480647,0.746638707604302,0.772529018159905,0.00552516390237824,0.00121390341989034,0.596801083899106,0.995216803276386,"BARBUNYA"
80170,1078.862,416.082594185361,247.792783511802,1.67915541481273,0.803327516492871,81325,319.492745303267,0.758991545722211,0.98579772517676,0.865545603197739,0.767858953409947,0.00519000366951928,0.00111294380929742,0.589607372331819,0.990042411864479,"CALI"
53755,929.598,325.297157006932,210.939447969541,1.54213524373073,0.761255921580687,54945,261.616115190251,0.719111194349315,0.978341978341978,0.781696862559383,0.804237324412509,0.00605147720224969,0.00156162971083509,0.646797673978191,0.997449488604824,"BARBUNYA"
75647,1073.393,380.74458376191,254.171479256962,1.49798311311312,0.744552179789869,76811,310.34940283587,0.713455752671439,0.984845920506177,0.82505719507465,0.815111799541552,0.0050331749277818,0.00137053618834348,0.664407245751867,0.995270834366294,"BARBUNYA"
71272,1020.316,400.381595770265,228.46441870989,1.75248994145859,0.82121653623134,72196,301.24131328947,0.750595024959454,0.987201507008699,0.860318804886803,0.752385515397963,0.00561765624326896,0.0011104439119554,0.566083963780659,0.992056452546613,"CALI"
75674,1065.907,415.558894874206,234.593373130486,1.77140082573033,0.825415990258189,77018,310.404782998408,0.799463319810683,0.982549533875198,0.836985484096334,0.746957379151685,0.00549143556405379,0.00105450572694548,0.557945326269154,,"CALI"
74734,1062.473,381.398841415992,250.981841111394,1.519627235688,0.752968887239336,75706,308.470880532081,0.826740121244303,0.987160859112884,0.831940538441901,0.808788195021368,0.0051034180080819,0.00134703884363377,0.654138344405922,0.994046444067095,"BARBUNYA"
78848,1088.405,388.645864286103,259.122237199323,1.49985531341005,0.745298465681401,79719,316.847584215626,0.734576757532281,0.989074122856534,0.836410525536612,0.815260403703607,0.00492905164729737,0.00134316241306742,0.664649525846969,0.996878122897047,"BARBUNYA"
69123,1053.271,356.35499687579,248.621402336997,1.43332389539322,0.716410493676258,70470,296.665024987322,0.725883687228278,0.980885483184334,0.782982740819723,0.832498569090436,0.00515537515553131,0.0015274746796641,0.693053867537624,0.993370669136365,"BARBUNYA"
94744,1186.03,460.939159288566,263.341389893427,1.7503483196284,0.820730975487411,95963,347.320899783454,0.672229317440045,0.987297187457666,0.846389430691689,0.753507036198714,0.0048651013181686,0.000967433005981515,0.56777285360097,0.993800260231078,"CALI"
97818,1209.324,466.182580213463,271.197732479426,1.71897668889554,0.813373763781682,99498,352.910393424314,0.69881480528944,0.983115238497256,0.840510801921454,0.757021837372641,0.00476581590518578,0.000965496391924774,0.573082062259049,0.985114705847491,"CALI"
78107,1073.854,408.98597931412,247.221693040475,1.65432885069338,,79803,315.355230051175,0.788959595959596,0.97874766612784,0.851156349046547,0.771066114735848,0.00523622696191277,0.00114173337765995,0.594542953293836,0.98356956061044,"CALI"
73626,1048.278,408.094363766927,231.234802486465,1.76484836788707,0.823978602142861,74508,306.175659908934,0.702511354528453,0.988162344983089,0.841953540694153,0.75025701674184,0.00554280232209989,0.00108330167911993,0.562885591170366,0.993407716884167,"CALI"
67659,1058.219,370.583890965228,233.344046258891,1.58814375985437,0.776866031238185,69000,293.50658315826,0.661514093802247,0.980565217391304,0.759249175315393,0.792011175644435,0.00547722979892148,0.00132943149706782,0.62728170234568,0.996213521251119,"BARBUNYA"
79795,1099.679,421.206000174859,243.31901398315,1.73108543093154,0.816268817329196,81264,318.744646185849,0.665923923021715,0.981923114786375,0.829189281986146,0.756742890779158,0.00527860141832019,0.00106780520016475,0.572659802744796,0.991323041411646,"CALI"
56834,910.081,341.570324623849,212.391301370174,1.60821240050943,0.783169392871348,57509,269.00426815476,0.806453443823254,0.988262706706776,0.862299217109477,0.787551636550977,0.00600996453925201,0.00142615860122629,0.620237580234122,0.997473767794475,"CALI"
75230,1074.138,403.389129071353,238.423126869904,1.69190436501348,0.806634954524002,76174,309.492828592887,0.678817956237311,0.987607320082968,0.819371330124747,0.767231455407275,0.00536207801503859,0.00114608938754029,0.588644106166366,0.995929532662332,"BARBUNYA"
59344,944.279,355.424782472886,214.731127160188,1.65520847942898,0.79686795993673,60734,274.880205803844,0.714893206924384,0.97711331379458,0.836346063535596,0.773385029291855,0.00598922860732147,0.00132170245628177,0.598124403532763,0.99002058448083,"CALI"
66966,991.524,379.882027701888,226.435750041131,1.67765923725774,0.802933508454196,68108,291.999587932475,0.677183508782574,0.983232513067481,0.855968456863002,0.768658600931815,0.00567275972436592,0.00122154119069947,0.590836044786456,0.991221548240825,"CALI"
79456,1147.524,390.526007900021,260.883149758387,1.49693841193538,0.74413420256773,81544,318.066850310555,0.737390142269821,0.974394192092613,0.758251026817767,0.814457536441423,0.00491499707888669,0.00133406445243442,0.663341078666232,0.992980740870135,"BARBUNYA"
68764,1045.125,354.689007836036,247.500826130807,1.43308211685959,0.716295845426947,69957,295.893636386741,0.725060365461466,0.982946667238446,0.791105716623978,0.834234018674538,0.00515806247216619,0.00154105430579709,0.695946397913869,0.997348337143217,"BARBUNYA"
79263,1095.565,420.607099443995,241.940879358664,1.73847057412926,0.817999979061838,80605,317.680320502141,0.733814747951673,0.983350908752559,0.829858546420586,0.755289962822992,0.00530647464067717,0.00106522342700251,0.570462927941157,,"CALI"
66910,996.008,355.780377918921,239.92746817722,1.48286638717051,0.73839396926479,67749,291.87747076167,0.779037816691505,0.987616053373482,0.847569344534215,0.820386645460775,0.00531729753278913,0.00148574765537749,0.673034248050384,0.998019863848492,"BARBUNYA"
76834,1095.623,431.373775983378,229.566731688958,1.87907791695118,0.846633805756892,78131,312.774818647828,0.749746291959407,0.983399674904967,0.804342517290882,0.725066835448708,0.0056143605172629,0.000957176931395371,0.525721915867604,0.987872442564083,"CALI"
56385,908.18,319.688197415208,224.844050673777,1.42182190926207,0.71087045783174,57282,267.939567309295,0.735789226432822,0.984340630564575,0.859072034424906,0.838127805391882,0.00566973835976249,0.00172577342196466,0.702458218171012,0.998770484936742,"BARBUNYA"
75018,1041.305,406.29528434573,236.472788620449,1.71814815022059,0.813173048549256,75888,309.056441717273,0.789555113510783,0.988535736875395,,0.760669526881063,0.00541597062499307,0.00111851068282865,0.57861812912546,0.994151668241009,"CALI"
96192,1220.012,448.888427967373,273.838300440217,1.63924632619231,0.792373356913604,97341,349.964938654095,0.811870157492277,0.988196135235923,0.812120762646844,0.77962566386214,0.00466658794876261,0.00106346628332767,0.607816175752483,0.996360433102519,"BARBUNYA"
74466,1030.978,399.080185356705,239.701462259476,1.66490509317253,0.799523478108507,75530,307.917287494952,0.789001907183725,0.985912882298424,0.880377823083193,0.771567466372025,0.00535922683314137,0.00117159505568575,0.595316355163746,0.991145231761031,"CALI"
66144,992.056,373.69821507835,227.611884121952,1.64182207146146,0.793109252324282,67488,290.201923575573,0.721977842056432,0.980085348506401,0.84455501047469,0.776567593491793,0.00564976740261173,0.00126743992773833,0.603057227261635,,"CALI"
79519,1135.829,415.924522203213,243.974649985364,1.70478581372354,0.809888428862989,80702,318.192921602281,0.811335578002245,0.985341131570469,0.774559648346393,0.765025634739608,0.00523050493848279,0.00110516552973579,0.58526422180874,0.997750142619485,"BARBUNYA"
84160,1124.141,439.660979581569,247.191151942618,1.77862749587263,0.82698004596104,85880,327.346666524819,0.704385671242049,0.979972054028878,0.836900862034426,0.744543368020422,0.00522410859768975,0.000990266203113104,0.554344826863193,0.985972951253627,"CALI"
89248,1226.968,426.269793151588,267.287162701597,1.59480084581346,0.778989038922499,91234,337.096548318911,0.740290980275054,0.978231799548414,0.744975317811367,0.790805620606184,0.0047762391667218,0.00115224496190533,0.625373529582331,0.997346233927252,"BARBUNYA"
68862,1033.621,356.636889532857,246.204729448067,1.44853793155133,0.723474342783988,70125,296.104409844826,0.721460900176012,0.981989304812834,0.80996610939765,0.830268596814762,0.00517900859012019,0.00151810161358896,0.689345942856753,0.998543746189022,"BARBUNYA"
75253,1126.203,392.539492188082,244.967498412005,1.60241458451716,0.78137784256027,76962,309.540135458966,0.723183224740049,0.977794236116525,0.745590425231567,0.788557945427445,0.00521626369962768,0.00124415287956402,0.621823633296753,0.99641925899217,"BARBUNYA"
68218,1005.139,384.291564056381,226.617758081389,1.69576986071128,0.807620437536209,69026,294.716567676036,0.748472181078086,0.98829426592878,0.848509283599477,0.766908762100218,0.00563328687525845,0.00120203310818454,0.588149049386089,0.997365431554922,"BARBUNYA"
65881,1003.375,393.35962001214,214.507984520687,1.83377612209211,0.838226104254452,66670,289.624402367441,0.800926376191403,0.988165591720414,0.822325001886141,0.73628402009973,0.00597075970328532,0.00108240765595482,0.54211415825422,0.994115998854651,"CALI"
81169,1095.175,430.585320104191,240.981474256276,1.78679843101249,0.828722173002768,81866,321.477185203878,0.800001971200757,0.991486087020253,0.850419121556679,0.746605074985112,0.00530480010969941,0.00101674615176562,0.557419137993524,0.995995641183164,"CALI"
75080,1040.66,397.533206828394,243.27456975015,1.63409273413441,0.790888425254614,76187,309.184128018752,0.791857828402679,0.985469962067019,0.871197066290718,0.777756732539376,0.00529479497640376,0.00119509939815203,0.604905535010327,0.988471739598062,"CALI"
88390,1146.525,442.488022462436,256.06256760545,1.7280464950435,0.815548922318035,89104,335.472269135827,0.819815056994723,0.991986891722033,0.844979047250092,0.758149943288706,0.00500608691551573,0.00102023114098867,0.574791336508669,0.993266154435172,"CALI"
75703,1082.381,389.220234315381,248.503108657658,1.56625901550221,0.76965168583127,76726,310.464254391848,0.780443298969072,0.986666840445221,0.812012349244189,0.797657025560192,0.00514141096542252,0.00128388717612395,0.636256730425533,0.996542840202948,"BARBUNYA"
74876,1076.913,425.829280728493,225.966724543724,1.88447782118511,0.847590431098294,75676,308.763799937088,0.810767498267498,0.9894286167345,0.811318278448624,0.725088231154199,0.00568712645879178,0.000969697046416946,0.525752942958325,0.990769760427765,"CALI"
69018,1036.307,403.378834903492,219.23407153323,1.83994591754116,0.839412899513226,69793,296.439617626476,0.797131076539275,0.988895734529251,0.807598252921316,0.73489135268438,0.00584454540704587,0.00105153334342081,0.540065300250277,0.993690944401137,"CALI"
81815,1100.953,426.400082426525,246.612065178808,1.72903171674655,0.815782797494214,82888,322.753920739171,0.694642553914077,0.987054820963227,0.848213617180805,0.756927435150734,0.00521175924251696,0.00105531253035984,0.572939142083868,0.990629948428565,"CALI"
69473,1021.704,351.058771636782,252.636303161248,1.38958165253358,0.694346281495523,70650,297.415149061688,0.75689367775393,0.983340410474168,0.836326252839308,0.847194752249074,0.00505316844870356,0.00160574495580035,0.717738948238369,0.99735687378079,"BARBUNYA"
76502,1103.519,385.633847948648,253.809709745383,1.51938177753526,0.752875964659899,77696,312.09833650843,0.800096218206158,0.984632413509061,0.78944708043324,0.809312611350418,0.00504083354616412,0.0013339739582412,0.654986902890834,0.995175164776589,"BARBUNYA"
82086,1107.548,447.211459787838,235.485210312604,1.89910635659101,0.850135830544464,82699,323.288015968935,0.833208144704521,0.992587576633333,0.840918376039477,0.722897432284734,0.0054480844454333,0.000917762528535705,0.522580697603861,0.992436324651259,"CALI"
76070,1063.592,413.174390502199,235.346983069008,1.75559671559949,0.821917259402746,76858,311.215893180287,0.77744619095313,0.989747326237997,0.845032001730919,0.753231323950197,0.00543150243857235,0.00107848281911267,0.567357427379767,0.996050836078894,"CALI"
60409,946.447,359.752384736889,215.049972246375,1.67287808028514,0.80166601794519,61368,277.335767000772,0.731414664858582,0.984372963107809,0.847459422270206,0.770907376204346,0.00595527793436225,0.00129744991554013,0.59429818268627,0.994188402969155,"BARBUNYA"
68338,1004.376,383.972928682921,228.479154251557,1.68056000531306,0.803696273326642,69306,294.975666806792,0.817195814648729,0.986032955299685,0.851293809874801,0.768219957116764,0.00561873231120198,0.00120714779536765,0.590161902512483,0.991802490021946,"CALI"
67535,990.949,351.417837223043,245.538150057805,1.43121481179325,0.715407813908102,68489,293.237502127012,0.748343416882743,0.986070755887807,0.864243577324205,0.834441144035882,0.00520349207408075,0.00155617165100067,0.696292022859912,0.99654345645059,"BARBUNYA"
63703,1010.611,360.835726185272,225.51982665739,1.60001775246774,0.780630301777273,64811,284.796732281577,0.723634587422755,0.982904136643471,0.783793589761357,0.789269774621339,0.00566434431950257,0.00135591134454822,0.622946777130819,0.996725902251875,"BARBUNYA"
79874,1093.895,382.91318670074,270.423337938706,1.41597685177428,0.707986232826067,81979,318.902391643864,0.760755478936691,0.974322692396833,0.838810819194139,0.832832095419835,0.00479396532915267,0.00142267095675265,0.693609299161392,0.982134711787912,"BARBUNYA"
68564,1007.341,393.525298228626,223.256614587152,1.76265907711777,0.823494204868041,69105,295.46301992842,0.724226804123711,0.992171333478041,0.849088558959247,0.750810738873425,0.00573953238184216,0.00112506645539059,0.563716765607658,0.993640473821809,"CALI"
78565,1106.256,429.933491860332,236.482131671157,1.81803795839502,0.835135991904314,80656,316.278460904498,0.778033056378059,0.974075084308669,0.806729058309293,0.735645086722492,0.00547232854146671,0.000988610641167282,0.541173693618943,0.983874317084076,"CALI"
83266,1117.778,448.473709684272,237.747097834305,1.8863477778258,0.847919541829941,84030,325.603384398747,0.797238685215859,0.990908009044389,0.837464585864687,0.726025578239521,0.00538603643364966,0.000923116970563942,0.52711314025803,0.994318700788512,"CALI"
105090,1256.75,484.584268009623,279.666507816285,1.73272184715071,0.816654639306971,107776,365.79330742404,0.779021497405486,0.975077939429929,0.836129349723472,0.754860055458457,0.00461113586458867,0.000923535214854802,0.569813703326745,0.987328652560107,"CALI"
76913,1063.744,412.498402299026,238.370756597131,1.73049080427339,0.816128304214223,77552,312.935573408035,0.741473055046756,0.991760367237467,0.854152405787381,0.75863463146503,0.00536318180670401,0.00109580414555424,0.575526504058082,0.995943322888121,"CALI"
68804,1058.95,383.944616092877,228.982053586722,1.67674544829544,0.802692254045146,69932,295.979684498714,0.764488888888889,0.983870045186753,0.771032424228777,0.770891613250582,0.00558026591612228,0.00121564828325992,0.594273879380085,0.99644602229143,"BARBUNYA"
83773,1134.941,447.322562567665,242.461080400325,1.84492522193292,0.840360821390934,86024,326.593166464179,0.784237181827543,0.973832883846368,0.817273395608419,0.730106625048174,0.00533969850151797,0.000935926309532211,0.533055683939236,0.983447875994198,"CALI"
77331,1106.588,387.466074270133,255.280045410943,1.51780791814887,0.752278806692077,78870,313.784778524891,0.691146503646504,0.980486877139597,0.793581577849426,0.809838071929174,0.00501048834581388,0.00132939052327035,0.655837702745962,0.995435658248388,"BARBUNYA"
68634,1007.249,385.360998758709,229.423819669931,1.67969044937497,0.803468111849135,70059,295.613807041135,0.724430558780689,0.979660000856421,0.850110704139186,0.767108783694612,0.00561472446249249,0.00119932264450828,0.588455886021427,0.988423731628678,"CALI"
60192,996.209,353.956216958046,219.473666168654,1.61275028178573,0.78455534409254,61801,276.837198867311,0.685714285714286,0.973964822575687,0.762162744387622,0.782122719150104,0.00588045283356668,0.00135734466273957,0.611715947810752,0.986545067204618,"BARBUNYA"
76234,1073.963,420.654900202927,232.147844459912,1.81201294882394,0.833928542780033,77222,311.551189138062,0.801012902954651,0.987205718577607,0.830577062046008,0.740633685683364,0.00551794343997334,0.00102416717099352,0.548538256368924,0.993958423465799,"CALI"
85890,1152.016,417.536420296818,262.719644613572,1.5892851138367,0.777232329145744,87188,330.694034565644,0.71465419689809,0.985112630178465,0.813271297069421,0.792012429312298,0.00486129258699288,0.00117993888121084,0.627283688185167,0.996932627785268,"BARBUNYA"
71085,1049.342,383.936668730698,236.905289751614,1.62063358371289,0.786929729666935,72146,300.845862589963,0.79942645074224,0.985293709976991,0.811248151089027,0.783581999564057,0.00540109261772101,0.0012560276229957,0.614000750040806,0.995070235941032,"BARBUNYA"
79824,1132.927,442.807460755645,233.411342714982,1.8971120066618,0.849792717396609,81949,318.80256181364,0.74478666131726,0.974069238184725,0.781518920122102,0.719957521198056,0.00554729731353534,0.000919366548690417,0.51833883232965,0.983346822331638,"CALI"
53552,937.555,336.496246837451,203.603835807959,1.65270092040327,0.796172160433366,54684,261.12166532032,0.689214929214929,0.979299246580353,0.765582593273564,0.776001717030914,0.00628354210556938,0.00140551349931384,0.602178664834927,0.995221233619897,"BARBUNYA"
72205,1061.352,414.142433846069,223.989314840543,1.84893834842477,0.841118473400257,73083,303.206631404398,0.705733442802408,0.987986262195038,,0.73213128292257,0.00573564758460036,0.00101652503280905,0.536016215433848,0.991060936093153,"CALI"
79937,1075.507,419.973788478278,244.189657064631,1.71986722749326,0.813589120165368,80740,319.028132752418,0.81292966684294,0.990054495912807,0.868422819062319,0.759638200060952,0.00525380973114175,0.0010791486892001,0.577050194991843,0.992449718985068,"CALI"
77785,1104.594,381.338440513199,260.264266622275,1.46519706858814,0.730883680559646,79114,314.704524891563,0.757591990182519,0.983201456126602,0.801125139719932,0.825263051026378,0.00490246757746608,0.00140269774074509,0.681059103389365,0.997885801821365,"BARBUNYA"
68752,1025.143,403.665247788997,218.457408873864,1.84779838719991,0.840903827387583,69504,295.867817073152,0.798059176542966,0.989180478821363,0.822103125412036,0.732953403082663,0.00587132371115017,0.00104525258597962,0.537220691090457,0.992675526567367,"CALI"
81696,1116.142,434.140875193195,242.822262884807,1.78789568153867,0.828954024286941,83499,322.519112374265,0.737142238423503,0.978406927029066,0.824084518802848,0.742890455156387,0.00531410197798173,0.00099840962905724,0.551886228362464,0.986715004389915,"CALI"
83008,1139.263,414.104846902328,255.78455697243,1.61895953299074,0.786429015745772,84045,325.098551410763,0.800231369902632,0.98766137188411,0.803677533860266,0.785063381514686,0.00498873418107083,0.00116893135683941,0.616324512995274,0.997804445729571,"BARBUNYA"
81139,1149.98,439.393861140019,235.626983454475,1.86478583521362,0.844056274019429,82672,321.417770853241,0.767598505274112,0.981456841494097,0.771008099313916,0.731502643253398,0.00541532260861015,0.000956461946260746,0.535096117086709,0.997839659621105,"BARBUNYA"
67336,1032.779,399.820464936842,217.22744907707,1.84056143289235,0.839530551633645,68914,292.805153616337,0.690370734908136,0.977101895115651,0.793308999273001,0.732341586523318,0.00593769254094158,0.001053542972651,0.53632419935149,0.987137636853223,"CALI"
69566,1014.055,397.014807221322,226.133362917693,1.75566666545275,0.821932986708065,71239,297.614149813221,0.78495667087922,0.976515672595067,0.85012712790852,0.749629848559556,0.00570702364979044,0.00111167264318637,0.561944909851423,0.986587946046994,"CALI"
61787,943.911,361.58594035607,218.776093857682,1.6527671464474,0.796190585450098,62403,280.481107653531,0.708176691729323,0.990128679710911,0.87145482456516,0.775696940476525,0.0058521362156452,0.00130696062285346,0.601705743464641,0.994479484627068,"BARBUNYA"
80095,1086.756,418.753909999141,246.002039016154,1.70223755735473,0.809251701062842,81279,319.34326568062,0.804554403728705,0.985432891644828,0.852218929460605,0.762603663047051,0.00522821536923829,0.00109075893750571,0.58156434689278,0.989960673299365,"CALI"
56430,946.46,330.943284648782,217.743578027845,1.51987621240642,0.753063084140157,57314,268.046465205951,0.716571428571429,0.984576194298077,0.791617498983491,0.809946832704035,0.00586466922999792,0.00155685917793285,0.656013871807298,0.997059878768546,"BARBUNYA"
79500,1114.478,384.103817664715,264.490170535479,1.45224231542166,0.72515058564424,80894,318.154905362852,0.78420928030303,0.982767572378668,0.804329491815946,0.828304460229474,0.00483149456182031,0.00140288237019479,0.686088278836041,0.996366430640515,"BARBUNYA"
66494,974.808,380.014848585769,224.623615964778,1.69178493077663,0.806604378670569,67416,290.968710152174,0.763246097337006,0.986323721371781,0.879334583125135,0.765677212969489,0.0057150246426109,0.00121165996874459,0.586261594460725,0.991828531001734,"CALI"
53874,913.878,326.255827189707,210.64975758952,1.54880703838958,0.763626518148529,54878,261.905531123461,0.736587366694011,0.981704872626553,0.810611276205802,0.80276123611172,0.00605590502263999,0.00155133071116832,0.644425602203617,0.998090908411406,"BARBUNYA"
72775,1047.307,372.399745529729,249.105670308654,1.49494688365908,0.743334323666291,73788,304.401064170448,0.786892867955538,0.986271480457527,0.833765778129719,0.817404060621594,0.00511713837897257,0.00140913981981836,0.66814939832067,0.998847860838175,"BARBUNYA"
46774,833.722,305.703886756429,196.146060717604,1.5585522627271,0.767021758629891,47446,244.037920138331,0.793909973521624,0.985836529949838,0.845613391410182,0.798282032746183,0.00653576531313185,0.00163719960055601,0.637254203805377,0.993193981273227,"BARBUNYA"
72063,1078.081,369.110312430303,250.037817471762,1.47621794239981,0.735608655344659,73332,302.908338135896,0.735967564034478,0.982695139911635,0.779147026678304,0.820644473847076,0.00512205032305487,0.00143299211626639,0.673457352455743,0.994169827136239,"BARBUNYA"
96365,1195.228,463.130899679465,267.223004366724,1.73312511315039,0.816749522610737,97784,350.279500868098,0.778644149967679,0.985488423463961,0.847671677272441,0.75632936845831,0.004806007364494,0.000970081120752724,0.572034113592546,0.991406687845961,"CALI"
56627,922.876,356.184029386049,203.045696790107,1.7542062452781,0.821604177285926,57280,268.513939488657,0.792185445286925,0.988599860335196,0.83550049985278,0.753862939760359,0.00629000352104206,0.00125314182761063,0.568309331944131,0.99693177934622,"CALI"
90997,1245.103,425.141604914194,272.953574835957,1.55756012783383,0.766679692064784,92766,340.383576061281,0.704125849234722,0.980930513334627,0.737609292956036,0.800635769651338,0.00467203979157768,0.00118420325821256,0.64101763564519,0.998423510519261,"BARBUNYA"
56675,898.464,344.944190843405,210.225050725562,1.64083295331778,0.792827149959189,57180,268.627718595579,0.753977756492124,0.991168240643582,0.882266993609567,0.778757044549065,0.00608635537438738,0.00138084528847939,0.606462534434795,0.995103711453233,"CALI"
70924,1079.045,391.006650369572,232.683997874556,1.68041916909289,0.803659347952268,72038,300.504977447623,0.827343248760572,0.984535939365335,0.765462592221385,0.768541857698819,0.00551303719995449,0.00118642636440465,0.590656587035152,0.99255065120485,"BARBUNYA"
78049,1073.178,423.509416351431,236.132950516166,1.7935210457739,,78635,315.238121468573,0.768395455529958,0.992547847650537,0.85159614114765,0.744347372921187,0.00542619913581764,0.00102749124556532,0.554053011574672,0.993705736733585,"CALI"
84049,1146.398,395.45124896301,271.309506218196,1.45756503144779,0.727530127272931,85440,327.130723863482,0.788082512892639,0.98371956928839,0.803658560670823,0.827234013601715,0.00470500837562625,0.00135910714644789,0.684316113259602,0.997435237143463,"BARBUNYA"
58361,919.022,328.538573728517,227.154030120051,1.44632509295514,0.722465006015852,59350,272.594081135832,0.717159428838261,0.983336141533277,0.868321937122953,0.829717125883327,0.00562941988191629,0.00164574908585823,0.688430508984089,0.995694319899565,"BARBUNYA"
69441,1019.858,400.670953571382,222.530698375113,1.80051991252004,0.831586582351426,70363,297.34664488767,0.74967612385024,0.986896522319969,0.83896997091109,0.742121789057255,0.00576994792084478,0.00107957392751599,0.55074474979354,0.991626888719136,"CALI"
73608,1062.467,391.590448439536,240.202618105936,1.63025054234352,0.789770340737252,74612,306.138230884132,0.73469876631932,0.986543719508926,0.819415136355073,0.781781660160694,0.00531994414247822,0.00122582577105111,0.611182564163611,0.996380706698633,"BARBUNYA"
90004,1156.599,456.836382603633,252.353552567679,1.81030295771689,0.833583330589077,90790,338.521272572853,0.783938681299538,0.991342658883137,0.845485278401229,0.741012067917028,0.00507573421851954,0.000944016877960967,0.549098884798671,0.994035335230077,"CALI"
70827,1018.237,387.577704940998,236.273576543909,1.64037684877966,0.792696860413758,72309,300.299412645042,0.698401585595535,0.979504625980168,0.858442009975095,0.774810854227948,0.00547217452300674,0.00121652905760097,0.600331859829442,0.984770484449055,"CALI"
64429,952.229,358.257363054873,229.943975851921,1.55802021656607,0.766838420897723,65054,286.414997211637,0.73178183635455,0.990392596919482,0.892911563624398,0.799467161733582,0.00556049858068374,0.00140118673058993,0.63914774269035,0.995805104484133,"CALI"
49245,822.642,301.392790984037,208.346443725869,1.44659436270769,0.722588150428528,49720,250.40104109305,0.777225378787879,0.990446500402253,0.914429542770173,0.830812974243672,0.00612027192575972,0.00179871998981364,0.690250198171617,0.998512045532928,"CALI"
68187,1052.896,377.09629404191,231.800683339584,1.62681269359966,0.788761841199509,69510,294.649596702348,0.757330401172864,0.980966767371601,0.772930590454204,0.781364339448006,0.00553032534122208,0.00127158322601312,0.61053023096102,0.993218329553719,"BARBUNYA"
65488,984.521,384.497430853112,218.905477911223,1.75645413044001,0.822109887511918,66604,288.759261852527,0.790860565659493,0.983244249594619,0.849027237562087,0.751004398681771,0.00587126543569985,0.00115207671887685,0.564007606839369,0.990653490632593,"CALI"
71456,1005.776,374.784625515842,244.412587614255,1.53340967081183,0.758097311984167,72262,301.629913815914,0.801552491951496,0.988846143201129,0.887658730735391,0.804808664178152,0.00524497068847742,0.00135735485535315,0.647716985936222,0.993215490183694,"BARBUNYA"
69110,986.633,358.51536605077,246.511180786722,1.45435742470826,0.72610021709716,69898,296.637126699689,0.760897090072335,0.988726429940771,0.892153292277772,0.827404219705555,0.00518760477573101,0.00149974550818683,0.684597742786558,0.995649810160147,"CALI"
72530,1015.95,388.0336155094,240.483394336205,1.61355679705233,0.784800190751946,73747,303.888242911175,0.780984171422418,0.983497633802053,0.883045073926787,0.783149270488432,0.00534997401777747,0.00124139395563616,0.613322779866562,0.989631140240724,"CALI"
47143,858.562,296.846277802649,203.058711616237,1.4618741320671,0.729431914752008,47996,244.998636439981,0.717986597624124,0.98222768564047,0.803681098794091,0.825338415066339,0.00629672014514666,0.00180228053830842,0.681183499384216,0.995804536940729,"BARBUNYA"
78476,1114.596,416.188782649657,242.249297354152,1.71801853378017,0.813141617937968,80209,316.099266865073,0.67796668740065,0.978393945816554,0.793801220347746,0.759509338172533,0.00530338935024283,0.0010885935241518,0.576854434771279,0.991046610230342,"BARBUNYA"
85446,1104.639,431.766246966717,254.775038221975,1.69469603450922,0.807347469352633,86852,329.838181748931,0.819013112491373,0.98381154147285,0.879955796459358,0.763927667033122,0.00505308905000488,0.00106156275011694,0.583585480458669,0.988999999530465,"CALI"
73353,1059.701,381.771285808423,245.985692833815,1.55200605941884,0.764749779816618,74671,305.607493895288,0.677763610156337,0.982349238660256,0.820844809005228,0.800498898831917,0.00520457630646903,0.00131828132059846,0.640798487031112,0.994523134738712,"BARBUNYA"
67533,997.712,358.146303062874,241.27950388159,1.48436272995089,0.739014263200551,68874,293.233160086986,,0.980529662862619,0.85254147347527,0.81875244161185,0.00530327844258176,0.00147005852538902,0.670355560645366,0.995050810037315,"BARBUNYA"
66945,996.779,373.736485702959,228.229564515665,1.63754632970571,0.791885384530904,67778,291.953799979201,0.747754892324189,0.987709876361061,0.846701346460328,0.781175537170439,0.0055827393487633,0.00128239451930317,0.610235219873524,0.999288444561044,"BARBUNYA"
85822,1131.029,438.540972696735,251.941031707679,1.7406492690939,0.818505793293735,87602,330.563101704139,,0.979680829204813,0.843064911128838,0.753779286964674,0.00510988991979603,0.00101757892672656,0.568183213456972,0.989007695215303,"CALI"
72741,1036.035,374.02420719338,248.809760378518,1.50325375750683,0.746644127082796,74004,304.329948778592,0.800363096220498,0.982933354953786,0.851609066954823,0.813663776102186,0.00514186232239563,0.00139020912256503,0.662048740540868,0.995227256870721,"BARBUNYA"
72553,1029.989,389.247802340368,239.353282201315,1.62624802451207,0.788595458780652,73700,303.936422116814,0.78483189823028,0.984436906377205,0.859409332920253,0.780830155724411,0.00536501319504869,0.00123020324157138,0.609695732088608,0.991516479862539,"CALI"
105542,1265.623,466.135979850962,288.999341621599,1.61293094038012,0.784610228060625,107112,366.579115649594,0.747888321995465,0.98534244529091,0.827992621239561,0.786420983350825,0.0044165922556988,0.00104204731948994,0.618457963054478,0.997529983935036,"BARBUNYA"
78602,1070.319,408.272277880495,248.881272570708,1.64042988716438,0.7927120178951,80518,316.352927432754,0.746457739791073,0.976204078591122,0.862217812627954,0.774857722584225,0.00519417162261131,0.00115500515093683,0.600404490248412,0.984921470191192,"CALI"
70646,1013.02,393.198862639854,229.404194796183,1.71400031716594,0.812163095633134,71261,299.915456216182,0.770252295078392,0.991369753441574,0.865090218687488,0.762757690097608,0.00556576257169343,0.00116211957926585,0.581799293803039,0.997204174105327,"CALI"
74450,1065.064,379.392112310424,250.761345145106,1.51296090747513,0.750425000368617,75382,307.884205677285,0.797348241442831,0.987636305749383,0.824751578148714,0.811519785696994,0.00509593166300099,0.00136332628977886,0.658564362577695,0.996382135636331,"BARBUNYA"
75359,1046.443,395.435170845921,245.074469463087,1.61353066156685,0.784792263339655,76422,309.758065030916,,0.986090392818822,0.864796327105312,0.783334634519931,0.00524735162151728,0.00121873489333695,0.613613149638474,0.990083631282287,"CALI"
70574,1055.918,383.842179335365,235.496087903727,1.62993017315975,0.789676683651667,71425,299.762585440777,0.714131039716671,0.988085404270214,0.795415794735713,0.780952697694208,0.00543886104422826,0.00124791970919857,0.609887116035862,0.99407341264823,"BARBUNYA"
74407,1041.935,380.587280208721,249.826820104788,1.52340441290125,0.754391714294025,75370,307.795280673875,0.737615861214374,0.987223033037017,0.861276118131282,0.808737697447677,0.00511493918863441,0.00134974269715671,0.65405666327297,0.996392807117511,"BARBUNYA"
80835,1097.451,430.558288344936,242.488148315817,1.77558487429322,0.826324224460415,82824,320.815084743013,0.774815965033356,0.975985221674877,0.843410550678731,0.745114177168033,0.0053263844664432,0.00101275309927572,0.555195137016794,0.985796087568171,"CALI"
64033,988.352,383.193565230919,215.076182932187,1.78166433868569,0.827630760150399,65273,285.533444219809,0.695315554011206,0.981002864890537,0.82374050665438,0.745141542363169,0.0059843137949326,0.00113801824962464,0.555235918155363,0.989244034934818,"CALI"
106064,1234.604,481.098368702217,282.35270391406,1.70389148760782,0.809665347691509,106961,367.484529025087,0.810032228993875,0.991613765765092,0.874424880382619,0.763844886891619,0.00453592518387216,0.000952502992421789,0.583459011230471,0.994150842603673,"CALI"
70724,1029.749,394.001823502229,229.94875697785,1.71343315215303,0.81202432863446,71394,300.080978340597,0.738878789778307,0.990615457881615,0.838134893538179,0.761623323651696,0.00557097765259642,0.00115630424505211,0.580070087130257,0.993911317861277,"CALI"
58947,930.106,324.875861086214,231.891846501233,1.40098009476364,0.700363850941696,59792,273.959214927156,0.776047289291451,0.985867674605298,0.856262016839438,0.843273532269158,0.00551132137489972,0.00171913260232084,0.711110250225703,0.996251305748605,"BARBUNYA"
68131,1036.382,357.762119388052,243.628701882346,1.46847278922343,0.732302393881785,69197,294.528578277816,0.776917462996328,0.984594707863058,0.797103845656809,0.823252553349146,0.00525109156460424,0.00148785873654577,0.677744766595889,0.995249747784647,"BARBUNYA"
69522,1025.929,363.179257773586,244.665906240326,1.48438850085164,0.739024925287284,70630,297.520015510012,0.786216723588085,0.984312615036104,0.83003710869603,0.819209823088226,0.00522394720769808,0.0014513065227182,0.671104734244242,0.996180150379251,"BARBUNYA"
80336,1096.541,428.615314003321,241.031607550913,1.77825355918429,0.826899655202596,81366,319.823345092012,0.787607843137255,0.987341149866037,0.839595918344833,0.746178063739303,0.00533528323545261,0.00102025128946639,0.556781702805736,0.990099044702989,"CALI"
70178,1013.164,390.047288574028,231.897127276916,1.68198413302576,0.804069044601276,71324,298.920398719164,0.726142066325211,0.983932477146543,0.859115097853147,0.766369636389439,0.00555797099623853,0.00118263083265218,0.587322419579682,0.987866990703322,"CALI"
87851,1137.14,447.133062215896,251.993898833975,1.77438050796018,0.82606355247395,88453,334.447854297989,0.76561941696806,0.993194125693871,0.85374603623737,0.747982832315142,0.00508967527080962,0.000982734850335165,0.559478317438182,0.992727421088671,"CALI"
61559,972.702,363.411810204723,216.014883025217,1.68234616576071,0.804163629776348,62400,279.963128169321,,0.986522435897436,0.817601731676166,0.770374325511347,0.00590347163216952,0.00128260947959255,0.593476601407063,0.998433084845872,"BARBUNYA"
90014,1145.956,443.961538946354,260.475561182161,1.70442684500399,0.809798937087061,91486,338.540077952066,0.802049362915441,0.983910106464377,0.861358689846533,0.76254370762728,0.00493213876670689,0.00102866512616066,0.581472906041959,0.991078030700395,"CALI"
67136,1025.963,403.174102299717,213.029927680635,1.89257024442189,0.849006767046448,68108,292.369988328727,0.744540927792749,0.985728548775474,0.801497050688383,0.725170556990243,0.00600533398325365,0.00102441889270637,0.525872336725539,0.995250336851366,"BARBUNYA"
62524,977.204,359.218728906505,224.136718829782,1.60267684287513,0.781459390747069,63879,282.148948775326,0.715385759562466,0.978788021102397,0.822784584806886,0.785451665157363,0.00574529346981167,0.00134886920290448,0.616934318298474,0.988746345511917,"BARBUNYA"
67448,1006.165,380.975292449935,226.828511576941,1.67957409675418,0.803437550455589,68544,293.048563916115,0.725809228650138,0.984010270774977,0.837221799926875,0.769206218155538,0.00564842978961474,0.00121977195257187,0.591678206049145,,"BARBUNYA"
63223,1029.742,345.592933526084,234.523667030235,1.47359512966139,0.734496524058528,64555,283.721736454561,0.733785979572888,0.979366431724886,,0.820970884907131,0.00546625331803433,0.00153172407549865,0.673993193865198,0.993193087904681,"BARBUNYA"
75332,1064.37,371.603560352078,258.655143989742,1.43667570116763,0.717992045618164,76292,309.702569224069,0.758821455552757,0.987416767157762,0.835610928847758,0.8334219643392,0.00493287793171664,0.00146804679324493,0.69459217064301,0.997903693784093,"BARBUNYA"
79337,1098.328,428.718230940857,237.545763315252,1.80478163431564,0.83246099366569,80444,317.828579206864,0.682292741658067,0.986238874247924,0.826459407669329,0.741346078307338,0.00540376156069497,0.00100683874210362,0.549594007821669,0.991897171646477,"CALI"
63745,944.139,356.667299442254,228.042499263945,1.56403872345494,0.768898916710313,64278,284.890601422972,0.788562168314015,0.991707893836149,0.898636623863578,0.798757278473457,0.00559522000850662,0.00140493504272933,0.638013189914323,0.997877335101012,"CALI"
61301,984.768,333.137976576942,234.903625216335,1.418190018439,0.709083890806891,62463,279.37583526821,0.788082535193161,0.981396987016314,0.794345734288816,0.838618995465037,0.00543446235097212,0.00165804047651581,0.703281819554789,0.99738725664222,"BARBUNYA"
82745,1117.639,434.807923069112,246.678130016266,1.762652907416,0.823492836820153,84940,324.583126685771,0.803599176443167,0.974158229338356,0.832431542568407,0.746497727996043,0.00525479392191809,0.00100658258581136,0.557258857903254,0.98225394606649,"CALI"
74223,1095.372,432.643304696473,219.86987070231,1.96772437858138,0.861238343166004,75177,307.414473844154,0.781311185498642,0.987309948521489,0.777365204770253,0.710549476918001,0.00582896547830824,0.000916533919711199,0.504880559148444,0.993465784508194,"CALI"
80942,1087.684,421.330628258982,246.42075033442,1.70980174229317,0.81113199805058,81812,321.027343430359,0.76410116018918,0.989365863198553,0.859762136590653,0.761936877831324,0.00520533997503128,0.00108219329395383,0.580547805799346,0.9926216498402,"CALI"
66235,982.152,387.124373907202,219.459744853509,1.7639880797529,0.823788505894299,67073,290.401482856981,0.755184876919744,0.987506150015655,0.86285931910827,0.750150345549137,0.00584471010654793,0.00114165791701669,0.562725540927489,0.992641146368593,"CALI"
49309,867.448,304.072323453285,206.812910624625,1.47027727879712,0.733078705605675,50235,250.563701903021,0.778456632250324,0.981566636807007,0.823472610978554,0.824026662661772,0.00616666984634215,0.00175386239806472,0.679019940777498,0.998347590775319,"BARBUNYA"
76522,1051.538,380.161687983626,257.700242296113,1.4752088884216,0.735181694894019,77430,312.139129944043,0.730827268733406,0.988273279090792,0.869653467814122,0.821069402336742,0.00496800512249583,0.00139277598684418,0.674154963453615,0.99451939426031,"BARBUNYA"
89128,1136.959,433.8362786677,264.019184216008,1.64319983017884,0.793501182036592,90295,336.869847482905,0.752744839701361,0.9870756963287,0.866431868004968,0.776490727141178,0.0048675643868111,0.00109153222723958,0.602937849336235,0.990747371637697,"CALI"
69518,1013.957,393.942019974496,228.429656709411,1.72456600272195,0.814718958694281,71385,297.511456369161,0.748084538567493,0.973846046088114,0.849704772682362,0.755216354905276,0.00566676285241947,0.00113710441767295,0.570351742716412,0.983609225081941,"CALI"
78569,1157.905,411.014921218069,244.280647704882,1.68255211814658,0.804217404978035,80496,316.286512185229,0.669572702016328,0.976060922281852,0.736402460784164,0.769525620257031,0.00523126069083314,0.00113156227490603,0.592169680231968,0.996356349776481,"BARBUNYA"
71449,1066.064,369.206448956697,248.414855091625,1.48624947900366,0.73979298981327,72753,301.615139261581,0.708777255322104,0.98207634049455,0.790022505094038,0.816928144440282,0.00516741240544581,0.00141967299072723,0.667371593178643,0.991880682663599,"BARBUNYA"
64913,1040.559,343.670355760377,241.096308792874,1.42544843378595,0.712636358803573,66203,287.488779898266,0.715326295373901,0.980514478195852,0.753369658198237,0.836524812453468,0.00529432248949173,0.00159920987696176,0.69977376185031,0.99749141283403,"BARBUNYA"
65732,974.417,380.505644103056,220.471600367521,1.72587146584305,0.81503094911942,66557,289.296701942023,0.765411397563986,0.987604609582764,0.869955436026004,0.76029542905721,0.00578874283610807,0.00119314585607262,0.578049139445288,0.99763851562375,"BARBUNYA"
82885,1156.62,412.90394089043,257.136798923455,1.60577537956107,0.78241920604957,84160,324.857599057455,0.810325948810199,0.984850285171103,0.778582091906812,0.78676313516625,0.00498164855993762,0.00117741308502974,0.618996230856628,0.993968907550672,"BARBUNYA"
71442,1083.116,355.227002542409,256.472427655558,1.38504947993661,0.691897368215912,72935,301.600363983483,0.787326427154507,0.979529718242271,0.76526795030858,0.849035579572744,0.004972243253862,0.00159380685491745,0.720861415380426,0.998428728479025,"BARBUNYA"
57995,929.11,324.569676527941,229.352384202542,1.41515719427321,0.70757796833868,58998,271.737975625262,0.74600275273022,0.982999423709278,0.844240433194616,0.837225394966524,0.00559651136353032,0.0016961596388976,0.700946361976853,0.991949286951177,"BARBUNYA"
69509,1046.853,373.829546855617,238.145900063885,1.56975008494932,0.770827373073205,70544,297.492197401875,0.731365740740741,0.985328305738263,0.797038868245585,0.795796372716294,0.00537814595024553,0.00133051620259882,0.63329186682841,0.994109961751612,"BARBUNYA"
72709,1068.906,418.947931202577,222.056666439035,1.88667126243471,0.847976362641102,73572,304.263001461152,0.782490314248816,0.988269994019464,0.799685103226299,0.726254932415526,0.00576198175195061,0.000988799005823912,0.52744622685788,0.995117638692378,"CALI"
73064,1093.025,382.303448288835,243.98913895689,1.56688715704015,0.769863937669504,74538,305.004875529113,0.723334323334323,0.980224851753468,0.768516361431738,0.797808329729421,0.00523244618812048,0.00130761170300602,0.636498130985649,0.99732074692147,"BARBUNYA"
85801,1130.491,441.843903073032,250.826060274063,1.76155500983533,0.823249127704053,87732,330.52265607341,0.762241924594009,0.977989787078831,0.843661042195866,0.748052997392561,0.00514963582094652,0.00099468541434825,0.559583286907995,0.985736742472898,"CALI"
78522,1076.493,430.966628322917,233.047703001604,1.8492635746766,0.84117962823096,79158,316.191896688853,0.81610127213769,0.991965436216175,0.851488519026009,0.73368069801436,0.00548848256950813,0.000980980617416663,0.538287366638839,0.995435219833793,"CALI"
64564,997.3,386.643951108433,214.293814008419,1.80427023942578,0.832356442135,65459,286.71490712253,0.68448449509674,0.986327319390764,0.815734170162261,0.74154763394222,0.00598853774717231,0.00111700924664075,0.549892893405305,0.992155382442925,"CALI"
70461,1007.39,394.482451415702,229.061141120103,1.72217098669243,0.814144419405262,71211,299.522505935004,0.780748603847177,0.989467919282133,0.872495901599296,0.759279671022348,0.00559859285868356,0.00114779872359525,0.576505618827804,0.992841250410409,"CALI"
81862,1110.904,435.689677539263,241.33581169534,1.80532542799439,0.832572057088502,83105,322.846613132475,0.658923339450723,0.985043017868961,0.833564391141319,0.74100129008308,0.00532224570056025,0.000989807041099984,0.549082911904789,0.99127334293892,"CALI"
63530,977.519,346.370605195616,234.55151309707,1.47673575250938,0.735827320334303,64529,284.409754187554,0.69150557297109,0.984518588541586,0.835484321283628,0.821114003097725,0.00545207941438086,0.00152881793900905,0.674228206083171,0.995656897273281,"BARBUNYA"
68513,1015.202,359.0803257753,243.544441887096,1.47439343305467,0.73483582932254,69406,295.353112271464,0.816710176542813,0.9871336772037,0.835368162048774,0.822526579905929,0.00524105389889948,0.00147978340609666,0.676549974651745,0.997500839759837,"BARBUNYA"
73106,1041.578,407.776494593906,230.180748746716,1.77154908398795,0.825448299923975,74302,305.092527206762,0.791738866747531,0.983903528841754,0.846796958845767,0.748185663596416,0.00557787999061508,0.00107816804893784,0.55978178721121,0.991680912367156,"CALI"
94073,1192.258,470.130256540352,256.551676660804,1.83249730681717,0.837978404061371,95211,346.088808966529,0.761428756434746,0.98804759954207,0.831638080878797,0.736155148816345,0.00499750466701766,0.000905337244298585,0.541924403128815,0.993075009232055,"CALI"
61747,952.441,360.101053014245,220.618870025691,1.63223142685987,0.790347965090616,62884,280.39030327164,0.745646661031276,0.981919089116468,0.855361229721744,0.778643386140134,0.00583187933040059,0.00132233863827901,0.606285522779774,0.98959828393131,"CALI"
76132,1056.149,413.054889413149,235.612507069939,1.75311104894163,0.821356970956585,76777,311.34269385964,0.798891885368899,0.991599046589473,0.857682835165346,0.75375622426836,0.00542550950209043,0.00108029890740096,0.568148445623294,0.99602731746121,"CALI"
86458,1138.801,449.829574293421,246.562894337342,1.8244009322748,0.836396341913343,87340,331.785690708193,0.649084084084084,0.989901534234028,0.837759515354465,0.737580874333022,0.00520286814746375,0.000949863435465942,0.544025546181866,0.992520713635505,"CALI"
77282,1066.269,411.803179811429,240.602273231953,1.71155149234367,0.811562788076233,77964,313.685349508425,0.67588462682129,0.991252372890052,,0.761736103281345,0.00532857819170608,0.0011066473934454,0.580241891042248,0.993113874533675,"CALI"
64580,1036.017,356.780999525505,230.723848533651,1.54635509849979,0.762759724557222,65911,286.750431209784,0.717603395781941,0.979806102168075,0.756091126309026,0.803715533033268,0.00552463610290345,0.00142197803226403,0.645958658038951,0.998881464278614,"BARBUNYA"
82869,1142.012,420.498334421128,251.76734168273,1.67018617907571,0.8009467066117,83981,324.826242524612,0.68700258654994,0.986758909753397,0.798473720911333,0.772479260760399,0.00507425375497626,0.00111454923573638,0.596724208304933,0.996640525430795,"BARBUNYA"
61320,971.046,339.151600435929,230.95901956522,1.4684492559519,0.732292245247777,62409,279.419127625795,0.770739064856712,0.982550593664375,0.817207611413749,0.823876777425326,0.00553084801754613,0.00157188414619091,0.678772944380741,,"BARBUNYA"
58879,953.706,346.418522899358,218.836349764669,1.58300265596592,0.77520407942818,60225,273.801152580594,0.751793968181006,0.977650477376505,0.813469472481897,0.790376768219577,0.00588356668590427,0.00141630604451387,0.624695435741223,0.988894533948142,"BARBUNYA"
67359,1028.02,375.787478404901,230.27026082974,1.6319409942509,0.790263433122048,68721,292.855156167372,0.762721652286161,0.980180730780984,,0.779310575781954,0.00557887555345093,0.00126931296598037,0.607324973525601,0.991118521128771,"BARBUNYA"
59295,964.167,350.03022804377,216.352452039416,1.61787039963846,0.786102245724851,60252,274.766698864821,0.776722556981923,0.984116709818761,0.80153669836562,0.78497991559307,0.00590319973090091,0.00138261549774917,0.616193467884504,0.996921172140909,"BARBUNYA"
76106,1067.897,424.817613773642,229.627189651896,1.85003184691519,0.84132394676868,76853,311.289525669616,0.681953405017921,0.990280145212288,0.838629292591428,0.732760402527664,0.00558192013472843,0.00099268475271761,0.536937807512504,0.99335204371095,"CALI"
55327,885.816,325.340383498232,217.253001326771,1.49751847620686,0.744366418983097,55918,265.413873585316,0.79301398922142,0.989430952466111,0.88605349957688,0.815803653796206,0.00588031853341464,0.00160665710635231,0.665535601547241,0.996651859890436,"BARBUNYA"
62955,1025.614,349.422947603779,230.069504591136,1.51877124360636,0.752644590848833,64331,283.119754766074,0.734348936765855,0.978610623183224,0.752094151178971,0.810249460453618,0.00555036053695145,0.00147562484714798,0.656504188165379,0.997079682292714,"BARBUNYA"
74382,1073.257,413.319573362394,230.479410056348,1.79330367628651,0.830089596941003,75387,307.743568278024,0.791154791154791,0.98666878904851,0.811465866110683,0.744565677774466,0.00555671497623611,0.00105344031397592,0.55437804851975,0.994168192463008,"CALI"
82073,1106.614,424.221162540797,249.389670874732,1.70103742088775,0.808950659284678,83672,323.262415314631,0.771377281527848,0.980889664403863,0.8422050707695,0.76201388299091,0.00516882729449146,0.0010750367704648,0.580665157870884,0.987733162544066,"CALI"
80507,1078.504,423.37084147886,243.366739821888,1.73964134042603,0.818272063765208,81055,320.16354575122,0.774299344066786,0.993239158596015,0.869761114356491,0.756224837385752,0.00525880782390178,0.00106089111427025,0.571876004679107,0.994859139337443,"CALI"
81887,1101.864,418.652326748594,252.036709681328,1.66107678233831,0.798481663317858,83140,322.895906755921,0.774674802516437,0.98492903536204,0.847556846733941,0.771274602158903,0.00511256153905497,0.00111597491592331,0.594864511935373,0.988115629412858,"CALI"
89334,1152.216,445.928590817723,256.847028938963,1.73616409993083,0.81746207968022,90676,337.258923513331,0.747164698404202,0.985200052935727,0.84558805811455,0.756307019684209,0.00499170070541701,0.0010074437939956,0.572000308023611,0.993086399939971,"CALI"
74307,1047.194,406.352745514225,236.29323575292,1.71969690211161,0.813547961149728,75534,307.588378926506,0.764349489795918,0.983755659702915,0.851501272771013,0.75694918349146,0.00546856615815771,0.00110743981328343,0.572972066388388,0.985338287564602,"CALI"
74051,1073.004,411.874635180321,232.969622891991,1.76793278912279,0.824657523250949,76140,307.058075170127,,0.972563698450223,0.808235849574228,0.745513437688862,0.0055620401504412,0.00105982896832298,0.555790285774665,0.982599870096954,"CALI"
63592,966.595,361.930834911322,226.027446134403,1.60126940821208,0.781021184968104,64532,284.548500485943,0.695055305381891,0.985433583338499,0.85530942833477,0.786195794993982,0.00569145230392694,0.00134129939901662,0.618103828066219,0.989750750981215,"CALI"
73552,1036.071,399.439450563007,235.285668458656,1.69767862692069,0.808104143988087,74109,306.021755753346,0.748941023134572,0.992484043773361,0.861043940525861,0.766128020960399,0.00543070821409353,0.00115409515921194,0.586952144500698,0.996456110744098,"CALI"
64704,1003.301,335.817577281119,246.518680284288,1.36223987932213,0.679057481986208,65994,287.025593810977,0.795632285672126,0.980452768433494,0.807752858101707,0.854706880249758,0.00519005899606081,0.00170852310844949,0.730523851146274,0.995148722827435,"BARBUNYA"
58191,959.247,341.437891043224,217.441200423203,1.57025389106888,0.770996245270915,59272,272.196771376304,0.715650826446281,0.981762046160076,0.794702877005154,0.797207276979828,0.00586753778149927,0.00146191012765793,0.635539442469592,0.997958282465626,"BARBUNYA"
96996,1203.309,469.69801565946,265.455813093763,1.76940188344475,0.824979446971672,98015,351.424448325855,0.73161459669025,0.989603632097128,0.841800848064584,0.74819232061786,0.00484244727266547,0.00093604698466305,0.559791748631538,0.990496574365472,"CALI"
63409,990.243,374.808751347295,218.033515154196,1.71904191464429,0.813389550433087,64645,284.138779986316,0.764369063117797,0.980880191816846,0.81260072603746,0.758090036491796,0.00591097086134926,0.00120426409008206,0.574700503428133,0.987934253760138,"CALI"
96243,1207.214,476.611614647788,260.209182324732,1.83164794720039,0.837813559930409,98057,350.057700249468,0.713889403998071,0.981500555799178,0.829870810970486,0.73447161061771,0.00495216914110935,0.000888945810143316,0.539448546803373,0.988079823372633,"CALI"
70082,1020.397,374.393105312725,238.787131108009,1.56789481734414,0.770203776017437,71054,298.715874660403,,0.986320263461593,0.845820106976567,0.797866922284507,0.00534221490985881,0.00133543563314903,0.636591625675752,0.998108710661695,"BARBUNYA"
60592,919.006,354.260007528757,218.458278217708,1.62163691126282,0.787228933096401,61008,277.755522887652,0.812170766034448,0.993181222134802,0.901547177729636,0.784044252765689,0.00584664654622322,0.00136285265700563,0.614725390294908,0.996861383192667,"CALI"
76273,1085.578,431.62461412901,226.689336101283,1.90403581197204,0.850978697731144,77276,311.630871056744,0.831403967734903,0.987020549717894,0.813314707085797,0.72199513386324,0.00565894371702975,0.000948532507338112,0.521276973322198,0.99253002516186,"CALI"
74034,1042.283,406.231717634583,235.381771940927,1.72584187078231,0.815023885409721,75688,307.02282725381,0.786224034662929,0.97814713032449,0.856386416152045,0.755782510143597,0.00548709670738557,0.00110435760773259,0.571207202638957,,"CALI"
59489,973.613,361.764663337636,210.160077612724,1.72137671172869,0.813953261556009,60627,275.215819452208,0.692497526337233,0.981229485212859,0.788630926990736,0.760759265189337,0.0060812026313711,0.00125648769144949,0.57875465957142,0.996254792790706,"BARBUNYA"
85743,1128.309,444.929402890732,247.733921903914,1.79599709023015,0.830650764143007,87265,330.410923373043,0.735940879596251,0.98255887240016,0.846354746285042,0.742614269199438,0.00518910468365619,0.00097347623620183,0.551475952818615,0.99044920659413,"CALI"
73623,1101.269,428.512181055721,219.708064570354,1.95037074262017,0.85855407099053,74981,306.169422055889,0.754504089036463,0.981888745148771,0.762845424321343,0.71449409279704,0.00582035751131741,0.000935672778147372,0.510501808641865,0.995667791629776,"BARBUNYA"
80305,1088.048,423.33098729397,244.239670063636,1.73326055993964,0.816781374170336,81916,319.761632532668,0.770740555896806,0.980333512378534,0.852425318398631,0.755346625052561,0.0052715395964631,0.0010585281406544,0.570548523978294,0.988909254143352,"CALI"
80886,1136.801,391.654490406555,263.801127642732,1.48465813587035,0.739136437743196,82299,320.916272282115,0.71949190987449,0.98283089709474,0.786528255899762,0.819386168530812,0.00484205536689359,0.00134636876751373,0.671393693179604,0.996790108951143,"BARBUNYA"
77490,1068.934,422.158821135112,235.367308502877,1.79361706526015,0.830155040404263,78083,314.107198773807,0.811158798283262,0.99240551720605,0.852223965303069,0.744049829230683,0.00544791355187911,0.00102995453844911,0.553610148378209,0.992964609632362,"CALI"
74371,1050.27,411.701690623487,232.086002808134,1.77391865792028,0.82596342732855,75563,307.720812070778,0.790608921205936,0.984225083704988,0.847249974113978,0.747436357632539,0.00553578263870981,0.00106575080631492,0.558661108710996,0.991019364196867,"CALI"
78095,1067.985,424.640606904697,235.840234823532,1.80054352143278,0.831591446030557,78888,315.331004257578,0.801739094726252,0.989947774059426,0.860404726099234,0.742583255417088,0.00543748776368137,0.00101990251702054,0.551429891225841,0.992873518171072,"CALI"
81059,1095.035,428.109755241527,242.573043819005,1.76486945334685,0.82398325731708,81937,321.259278864732,0.778844306084016,0.989284450248362,0.849483806972264,0.750413357629486,0.00528145863187959,0.00103308455641888,0.563120207308759,0.993833652441571,"CALI"
78976,1093.472,428.341766703895,237.739538427299,1.80172708981212,0.831834991932177,80454,317.104661405354,0.750265997872017,0.981629253983643,0.830022115738716,0.740307590934887,0.00542369538472315,0.00100490235239687,0.548055329195816,0.987446133328001,"CALI"
76790,1092.1,367.712557597365,268.293223884182,1.3705622239498,0.683844714185259,78048,312.68524851712,0.710255651337452,0.983881713817138,0.80907674279915,0.850352380022609,0.00478854743582973,0.00154446931034404,0.723099170210116,0.991052406859429,"BARBUNYA"
65459,1000.764,348.153057852224,241.19683757544,1.4434395631051,0.721139716687894,66423,288.695319253394,0.713488473486294,0.985486954819867,0.821326587614418,0.829219542216206,0.00531864308730999,0.00155116759884504,0.687605049193254,0.99251633179637,"BARBUNYA"
61355,968.9,371.153746840059,212.881449107774,1.74347623240839,0.819158825183652,62711,279.498859151922,0.686113347647164,0.97837699925053,0.821300169872792,0.753054122534201,0.00604928281052986,0.00120001980305282,0.567090511465755,0.98870882836486,"CALI"
73343,1057.08,405.789280830644,232.136158735517,1.74806580345364,0.820211186241878,74096,305.586661897261,0.812322789296474,0.989837508097603,0.824807919429635,0.753067358683626,0.00553276087466621,0.00109763250123689,0.567110446714733,0.991346378683343,"CALI"
72788,1060.865,393.277332938819,236.877471673998,1.66025637710312,0.798257286897544,73784,304.428250959373,0.69625605019992,0.986501138458202,0.812735832324129,0.774080338382309,0.00540305177967273,0.0011966386844634,0.599200370270071,0.994826235903437,"BARBUNYA"
76049,1131.395,384.664755440039,253.412094953019,1.51794157856338,0.752329611113011,77435,311.172932848544,0.831027624792377,0.982101117065926,0.746577438564085,0.808945785772799,0.0050581172065384,0.0013361226272375,0.654393284319572,0.993330775001325,"BARBUNYA"
67422,987.36,384.026896733791,225.893157227802,1.70003775876451,0.808699331768457,68542,292.992075976696,0.762433563270383,0.983659653934814,0.869081363652624,0.762946758335521,0.00569586925237744,0.00119046519509387,0.582087756054681,0.98957116420746,"CALI"
75266,1048.881,401.633087276586,240.321338127242,1.67123356754919,0.801227072475038,76209,309.566870924582,0.763710896674886,0.987626133396318,0.859718482191115,0.770770339226054,0.00533618217092161,0.0011617438586939,0.594086915830647,0.992857995777949,"CALI"
72772,1029.173,407.981732718593,229.659497344723,1.77646357949745,0.826514024472498,73686,304.394789951253,0.79210205503309,0.987596015525337,0.863370899987167,0.746099066551125,0.00560630094979653,0.00107162332164602,0.55666381710846,0.988892997117212,"CALI"
74880,1059.737,367.695805326453,259.67794146039,1.41596857730228,0.70798211609889,75991,308.772047163873,0.758063536414991,0.985379847613533,0.837875524675811,0.839748625605708,0.0049104674856631,0.00150625953573481,0.705177754206675,0.998509541369242,"BARBUNYA"
67745,988.59,359.18362610082,240.903780923197,1.49098376424126,0.741730435327003,68522,293.693059090751,0.765471576592355,0.988660576165319,0.871073265822391,0.817668283710445,0.00530199462839796,0.00146193362644859,0.668581422185985,0.996844045552636,"BARBUNYA"
54113,872.821,327.629921924618,210.782840854933,1.5543481651341,0.765566724733223,54651,262.485831016179,0.717755199490662,0.99015571535745,0.892608672565425,0.801165624538323,0.00605455106766615,0.00153868931052687,0.641866357941881,0.997683795728269,"BARBUNYA"
69816,1028.089,367.55149246968,243.537395390547,1.50921993675862,0.748978809328067,70868,298.148439632392,0.765643848836444,0.985155500366879,0.830048371915169,0.811174612920357,0.00526457391528704,0.00140604879077969,0.658004252646491,0.993073136566039,"BARBUNYA"
65761,999.861,381.421109934722,220.485374632604,1.72991569427354,0.81599224206183,66508,289.360511648236,0.745589569160998,0.98876826847898,0.826606878712284,0.758637904697406,0.00580011115911744,0.00118509790908335,0.57553147044367,0.99562092326883,"CALI"
67234,990.278,366.731238939932,234.142952766749,1.56627066758343,0.769655625979575,68057,292.583300191115,0.752436908958648,0.987907195439117,0.861558064768901,0.797813955082888,0.00545455036053086,0.00136315497478032,0.636507106925001,0.996942411285018,"BARBUNYA"
69345,1024.41,394.18195232894,225.77008028453,1.74594415625032,0.81972590459392,70535,297.141037606151,0.719465886454183,0.983128943077905,0.830380989414693,0.753816951411794,0.0056843601172246,0.00113220467546957,0.568239996235771,0.992115300775548,"CALI"
69386,1036.784,374.2182332975,236.568949083019,1.58185693747228,0.77483100700502,70292,297.228866449734,0.71526059706416,0.987110908780516,0.811157415869674,0.794266126026628,0.00539328154523247,0.00132402754255804,0.630858678953348,0.99792817786695,"BARBUNYA"
60321,941.694,357.516126496994,215.137178570461,1.66180540654391,0.79868060681383,61010,277.133690802778,0.691675266597867,0.988706769382068,0.854788734853521,0.775164168168252,0.00592689322950538,0.00132002338081277,0.600879487611978,0.998544781194918,"BARBUNYA"
78823,1085.724,413.466749643031,243.760685625764,1.69619948590811,0.807729477919851,79895,316.797349475433,0.751124452067848,0.986582389386069,0.840279847623097,0.766197885921764,0.0052455089205312,0.00111514461124316,0.58705920039098,0.995769513900808,"BARBUNYA"
78046,1080.801,413.421349435143,243.191401749972,1.69998341413479,0.808685653902446,79645,315.232062944746,0.79302951785805,0.979923410132463,0.839593442467305,0.76249584927205,0.00529714975059763,0.00110451584107765,0.581399920157105,0.988370221246372,"CALI"
71383,1017.404,384.460580105062,239.035860833675,1.60838034412157,,72502,301.475800723425,0.744006920703744,0.984565943008469,0.866598191792023,0.784152696853966,0.00538588431566427,0.00125614376001095,0.614895451983348,0.988985758659768,"CALI"
81976,1180.158,408.061828802236,256.321835479695,1.59199011679425,0.778096624872546,83902,323.07133100789,0.714331773542816,0.977044647326643,0.739632996744243,0.791721519153569,0.00497782068900942,0.00120644855722047,0.626822963890835,0.997895963493889,"BARBUNYA"
76500,1099.381,396.252148376934,246.968375490495,1.60446513684172,0.782014162148753,77747,312.094256871606,0.785751702462022,0.983960795914955,0.795380327412914,0.787615305431043,0.00517976664545012,0.00122955099491175,0.620337869349236,0.995310484433523,"BARBUNYA"
84629,1124.297,448.192656160842,243.181213738417,1.84303980258504,0.840002919093317,86214,328.257504760199,0.757591219966341,0.981615514881574,0.841331151389935,0.732402684979286,0.00529597013034353,0.000939993825165798,0.536413692964867,0.988631786785884,"CALI"
75554,1074.615,416.135707151364,234.053808563749,1.77794888151979,0.826834110803556,76844,310.158573253941,0.763110051712993,0.983212742699495,0.822169816849816,0.745330352391809,0.00550779187271838,0.00104846156317626,0.555517334196499,0.98768142299952,"CALI"
76081,1066.371,424.939329312161,228.906310792332,1.85638975107887,0.8425104602647,76674,311.238393844648,0.76798296085438,0.992265957169314,0.840754933645209,0.732430190324915,0.00558535415297066,0.000991506185663595,0.536453983699391,0.995867677264983,"CALI"
71262,1014.354,384.587130631316,238.023417518095,1.61575333486706,0.785464785429929,71891,301.220179332191,0.737358373428527,0.991250643335049,0.870339669051902,0.783230002620538,0.00539680517851472,0.00125277698005747,0.613449237004968,0.991182650462428,"CALI"
63844,981.088,371.430299147775,220.834299126407,1.68194116863688,0.804057814872022,65054,285.111742118896,0.741027902873857,0.981400067636118,0.833516162315261,0.767604965919765,0.00581777926113299,0.001245914111114,0.589217383704684,0.991028974929419,"CALI"
69756,1023.746,404.002681933264,223.444369238198,1.80806830492375,0.833130506052742,70822,298.020297433826,0.775600969556806,0.984948179944085,0.836386467136423,0.737669106570571,0.00579165493912014,0.00105786153153859,0.544155710788625,0.983870693620165,"CALI"
74942,1071.175,422.572207249741,229.413141280424,1.84197036355999,0.839799354684628,76989,308.899851022208,0.800140933793148,0.973411786099313,0.820756416643225,0.730998976559875,0.00563865665781193,0.000993167476763855,0.534359503731585,0.984274369360201,"CALI"
87877,1139.646,451.017573396719,251.88744063984,1.79055205075351,0.829513289682931,89563,334.497341503175,0.664466321870369,0.981175262106004,0.850247072441973,0.741650350747971,0.00513237335590335,0.000957844103943187,0.550045242764588,0.984884637439346,"CALI"
81342,1096.012,421.54847039336,249.077374482247,1.69243983428694,0.806771943958335,82596,321.819593946434,0.76197167266187,0.984817666715095,0.850930503352195,0.763422516148936,0.00518242077147549,0.00108585614415504,0.582813938163173,0.986377524924997,"CALI"
70042,1025.456,399.904017862921,223.281040344206,1.79103437195758,0.829614529232226,70743,298.630614961595,0.657165375016419,0.990090892385112,0.837017121161301,0.746755725429995,0.00570948884759031,0.00109519445411763,0.557644113462477,0.998759774531109,"BARBUNYA"
75178,1035.212,394.632802737189,244.081067882197,1.61681037436158,0.785783443711449,76023,309.385847275049,,0.988884942714705,0.881540026979318,0.78398411163273,0.00524931233522026,0.00122323872668039,0.61463108729256,0.993741918339749,"CALI"
93235,1160.064,450.512419959091,264.552628350886,1.70292173155641,0.809422984291085,93897,344.543885380923,0.815240676780484,0.992949721503349,0.870612583314044,0.764782212690629,0.00483200965258852,0.00101966771825443,0.584891832847975,0.996025012766677,"CALI"
57761,910.99,330.281337313971,223.645530037928,1.47680723713976,0.735857484267052,58490,271.189213176792,0.791268253924765,0.987536330996752,0.874615859183576,0.821085488457362,0.00571806820023841,0.00160318115897366,0.674181379355265,0.995635940176724,"BARBUNYA"
67012,1010.404,382.859750736457,224.010865181426,1.7091124148214,0.810961858596272,68008,292.099860273491,0.807801726216307,0.985354664157158,0.824844969609589,0.762942199360513,0.00571330136000205,0.00119408005163229,0.582080799565057,0.994841520965805,"BARBUNYA"
84277,1116.607,433.565595531576,249.721544557274,1.73619619524713,0.81746958186391,85361,327.574127659138,0.745484298982751,0.987300992256417,0.84941170137087,0.755535335449099,0.0051445304831873,0.00103405735954695,0.570833643112183,0.991079199290432,"CALI"
70027,1018.064,372.303574325919,240.170266695487,1.55016513679424,0.764104434049477,70967,298.598636298241,0.779880167498218,0.986754406977891,0.849034277862467,0.802030001562231,0.0053165718126711,0.00135698142903739,0.643252123405913,0.997147015872712,"BARBUNYA"
91401,1160.437,458.039638841898,256.21766711224,1.7876973278398,0.828912148153007,92128,341.138340894627,0.809603528911565,0.992108805140674,0.852938417474045,0.744779080162487,0.0050113197759532,0.000951134109531159,0.55469587824768,0.991628339307128,"CALI"
79363,1088.187,412.543088246528,245.959520668557,1.67728042047395,0.802833551613386,80202,317.880653687538,0.753942468460252,0.98953891424154,0.842210930642017,0.770539278790629,0.00519817910419878,0.00113034269043648,0.593730780159182,0.99585301259372,"CALI"
88773,1139.829,433.457141564449,264.092333627734,1.64130906645496,0.792963016443496,90305,336.198295808849,0.756222846920521,0.98303526936493,0.858640474137471,0.775620617520409,0.00488275873930643,0.00109003993354019,0.60158734232274,0.987390759218858,"CALI"
71483,1048.599,388.373661742376,234.915246278439,1.65325013124966,0.796324878782741,72503,301.686894604826,0.760684033541906,0.98593161662276,0.816946762987482,0.776795453253334,0.00543309124886164,0.00122026305138956,0.603411176195053,,"BARBUNYA"
71126,1037.583,403.791109650637,225.481344017192,1.79079609184807,0.829564525842828,71831,300.932610161865,0.738465052535404,0.990185296042099,0.830218782330321,0.745268043227188,0.00567712383165983,0.00108033420603705,0.555424456255682,0.994651945579516,"CALI"
70881,1019.768,353.954863590361,255.54032881388,1.38512330023712,0.691937518714649,71954,300.413868139227,0.758572345890411,0.985087694916196,0.85651887992177,0.848734963243512,0.00499364940661618,0.00159840262223219,0.720351037831965,0.997775006851049,"BARBUNYA"
57853,930.73,358.643490923303,207.242181521304,1.73055257520745,0.816142908849043,58737,271.405098296925,0.807957655996872,0.984949861245893,0.839244151012912,0.756754563140714,0.00619922028111425,0.00125411402583559,0.572677468834293,0.99104846845447,"CALI"
49317,886.931,310.563074749547,202.458891421016,1.53395621486303,0.758297130738927,50400,250.584027080147,0.713085598611914,0.978511904761905,0.787819715440784,0.806869996641521,0.00629728237219512,0.00164644488305873,0.651039191480288,0.998665613890588,"BARBUNYA"
77260,1056.803,401.541696802013,246.406786628408,1.62958862576928,0.789576762217193,77980,313.640697656153,0.803460934493911,0.990766863298282,0.869313637825747,0.78109122951383,0.00519727798086995,0.00119333603241838,0.610103508823426,0.994217738520584,"CALI"
51674,910.012,318.885857430662,206.966320259455,1.54076207680025,0.760763262850134,52718,256.50220317698,0.797721413464656,0.980196517318563,0.784129343833609,0.8043699562084,0.00617110843810548,0.0015935522383045,0.647011026450704,0.996890052826846,"BARBUNYA"
76443,1046.079,405.825804248765,241.276952146331,1.68199158949354,0.804070993416686,77056,311.977964795897,0.72937618075301,0.992044746677741,0.877846575177615,0.76874846677975,0.00530886810105262,0.00114371745340311,0.590974205176216,0.994013642714027,"CALI"
66314,1027.756,365.634365258525,231.261977443493,1.58103969057285,0.77456428669023,67453,290.57461549414,0.732978158988416,0.983114168383912,0.788923780650297,0.794713634996226,0.0055136828612137,0.00135663870245264,0.631569761648914,0.998536860532569,"BARBUNYA"
71393,1015.983,393.426059445468,234.45311974825,1.67805853838891,0.803038783684955,72973,301.496916762473,0.779144385026738,0.97834815616735,0.869145755307533,0.766336925386771,0.00551070916540092,0.00117237422782431,0.587272283211249,0.985477269201787,"CALI"
73222,1061.6,402.953687616692,232.400633061793,1.73387517197318,0.816925796492043,74190,305.334482075965,0.696053081866231,0.98695241946354,0.816450071528835,0.757740880551051,0.00550317783748999,0.00111911877927067,0.574171242058283,0.995541261065857,"BARBUNYA"
106806,1263.899,494.727001655094,276.176469471472,1.79134378320452,0.829679425313121,108109,368.767708476466,0.705451086848832,0.987947349434367,0.840196318268278,0.745396364546032,0.00463201507083024,0.000882061380336037,0.555615740278441,0.995298802198362,"CALI"
89989,1149.486,446.878479394352,258.826336749038,1.72655721595926,0.81519450421881,91153,338.493062545117,0.812072481816377,0.987230261209176,0.855838693088376,0.757461095472469,0.00496592338390639,0.00100837275727748,0.573747311154352,0.990607560210767,"CALI"
76189,1053.226,399.387722250878,244.820528376025,1.63134899226036,0.790090959896591,77268,311.45922313174,0.719850718065004,0.986035616296526,0.863095782084987,0.779841757218805,0.00524206541956028,0.00119593656306237,0.608153166302113,0.9921100549869,"CALI"
68728,990.893,387.905871819368,226.499275604043,1.7126141829146,0.811823668004721,69493,295.816171685319,0.768150929899857,0.988991697005454,0.879609779516563,0.762597818635416,0.00564407332992911,0.00117748299823334,0.581555432987495,0.995980082685426,"CALI"
79765,1085.663,420.869490520068,243.205560073901,1.73050932878419,0.816132684195777,80680,318.684722391583,0.812502546550951,0.988658899355478,0.850417442849084,0.757205569825896,0.00527636796239038,0.00106996614645136,0.57336027497536,0.992205304599126,"CALI"
83173,1107.612,426.636205147428,250.914101001123,1.70032773544887,0.808772289210329,84478,325.42149998772,0.68465287038409,0.984552191103009,0.851955529388428,0.762761097303657,0.00512950362674699,0.0010710487614843,0.581804491559879,0.989258313607988,"CALI"
76793,1070.925,396.008384486028,247.529268491478,1.59984468462832,0.780576166284991,77758,312.691356386529,0.821245241048894,0.987589701381208,0.841421072263982,0.789607919015061,0.00515682919648963,0.00123654091426913,0.623480665771296,0.997472229102736,"BARBUNYA"
76682,1047.949,400.599310640029,245.258286238362,1.63337727252442,0.790680941888131,77378,312.465285702879,0.734431567857485,0.991005195275143,0.877451256844727,0.779994566649802,0.00522416356693916,0.00119278683933649,0.608391524003213,0.993732888103342,"CALI"
70057,1009.313,384.763465701304,233.640959236684,1.64681512590234,0.794524036506442,70989,298.662590200901,0.785559704421345,0.986871205398019,0.864190854303518,0.776223879927196,0.0054921487603138,0.00122990070973812,0.60252351176923,0.992244832893365,"CALI"
67987,1014.64,398.000883267698,219.214741808798,1.81557535767754,0.834644134775719,68693,294.217159472233,0.807063152896486,0.989722388016246,0.829873282828461,0.739237453587108,0.00585407332677863,0.00107838483087363,0.546472012785952,0.992161120074619,"CALI"
65897,983.841,351.748076776321,239.802373135549,1.46682483653944,,66806,289.65956963203,0.818555599721753,0.986393437715175,0.855511148343723,0.823485866039936,0.00533784659053251,0.0015141553969446,0.678128971567544,0.99469641787222,"BARBUNYA"
70286,1011.15,383.215045231326,235.98282091774,1.62391077342409,0.787904554183598,71648,299.150321145165,0.816595408495213,0.980990397498883,0.863868264441498,0.78063302802891,0.00545222441498059,0.00124893884677825,0.609387924449585,0.989591615708225,"CALI"
80416,1078.826,413.620554379304,248.944567343033,1.661496608638,0.798596330664714,81066,319.982548320096,0.792275862068965,0.991981841955937,0.868259456174969,0.773613750410144,0.00514351067423528,0.00113641283414749,0.598478234823648,0.99436955750315,"CALI"
67909,1003.736,389.097058575856,225.409806024686,1.72617627173346,0.815103675084733,69501,294.048336576523,0.710560734950979,0.97709385476468,0.847028839987082,0.755719762191924,0.00572968323161666,0.00115279873733394,0.571112358967419,0.985840602543281,"CALI"
57132,914.731,335.239603458886,217.507884030528,1.54127564135484,0.760947708759809,57887,269.708586570412,0.719329170024174,0.986957347936497,0.85803004724299,0.804524834738056,0.00586780794403988,0.00151639894183641,0.647260209710296,0.997606394844702,"BARBUNYA"
64410,1004.419,367.128491734123,224.406909226753,1.63599460016249,0.791438378738898,65579,286.372762455496,0.75736374860368,0.982174171609814,0.802293593653079,0.780034153990121,0.00569986790458194,0.00130166440490756,0.608453281391084,0.995426282806962,"BARBUNYA"
66823,1033.42,379.358784885245,225.095162689891,1.68532624314046,0.804939474506804,68016,291.687651603282,0.752375698072419,0.982460009409551,0.786288834684211,0.768896525466037,0.00567706904636494,0.00122398341343338,0.591201866873744,0.996368021235952,"BARBUNYA"
91019,1196.401,482.88162071138,243.529936387239,1.98284296327145,0.863513120597126,92588,340.424720198533,0.779605995717345,0.98305395947639,0.799076555782621,0.704985871479267,0.00530528373978378,0.000808369711109039,0.497005078985382,0.985483023576337,"CALI"
92981,1209.112,442.671276942561,268.716120232375,1.64735661023893,0.794676543050557,94477,344.074245053332,0.8084601339014,0.984165458259682,0.799228595142842,0.777268060918208,0.00476087885635303,0.00107188990936619,0.604145638523551,0.995243311168789,"BARBUNYA"
78161,1149.645,418.699730975165,242.004492614435,1.73013205850787,0.816043449084837,80292,315.464223099934,0.683799342105263,0.973459373287501,0.743143120069454,0.753437845219551,0.00535688810244451,0.00106483437260112,0.567668586609079,0.982141620300222,"BARBUNYA"
89384,1183.212,459.026656795281,249.432104376002,1.84028699089725,0.839478110289157,90348,337.353291767855,0.688628659476117,0.989330145659007,0.80231427364811,0.734931810111216,0.00513544545774726,0.000924157655246705,0.540124765513348,0.993984579435642,"CALI"
75375,1069.909,423.71254040004,228.625177339622,1.85330655761773,,76234,309.790946743789,0.787568177543728,0.988732061809691,0.827453329082442,0.731134713292426,0.00562139357081313,0.000990862452810386,0.534557968981198,0.990699789339673,"CALI"
60075,937.1,350.75123417832,218.612336329695,1.60444392145072,0.782007593803005,60993,276.568012702057,,0.984949092518814,0.85966999279505,0.788501894654634,0.00583855570833658,0.00139218245401075,0.621735237873947,0.997539323158574,"BARBUNYA"
65482,1011.661,357.074730770361,234.226864947717,1.52448238954172,0.75479535026904,66602,288.746033511021,0.793894425450401,0.983183688177532,0.804010616475915,0.808643145618493,0.00545302114734372,0.00143828378148124,0.653903736955771,0.996864731444594,"BARBUNYA"
79180,1108.719,380.745876787634,267.295343530513,1.42443886885059,0.712146554504873,80955,317.5139479647,0.704479736643089,0.978074238774628,0.809435749180014,0.83392616262473,0.00480861173007873,0.00143453077840197,0.695432844710008,0.990601574680273,"BARBUNYA"
68602,1028.917,393.758928507929,223.157897230866,1.76448574482027,0.823898513252906,69599,295.544885335412,0.664876914130645,0.985675081538528,0.814302851517664,0.7505731653002,0.00573975873163945,0.00112368745787335,0.563360076468761,0.994040824129985,"CALI"
80339,1107.539,433.027612382825,237.394060577751,1.82408781133343,0.836334672905476,81278,319.829316643234,0.65402399908823,0.988447058244543,0.823034858506419,0.738588735446469,0.00539000500856153,0.000989417643323234,0.545513320128415,0.995064198166271,"CALI"
56155,934.742,344.514405984738,208.190092536487,1.6548069208642,0.796756788612206,57050,267.392532869942,0.7700165919344,0.984312007011394,0.807634349690661,0.776143256203305,0.00613506198886543,0.00137330269145236,0.60239835414987,0.99685296556441,"BARBUNYA"
85382,1134.327,444.232569317902,247.315376841419,1.79621896135778,0.830696861169729,86773,329.7146323847,0.756664303438497,0.983969667984281,0.833872493902727,0.742211749334275,0.00520288315239632,0.00097394657645057,0.550878280849844,0.989498013462667,"CALI"
74667,1050.308,405.438492570372,236.86359731815,1.71169608652779,0.811598317998114,76093,308.332575455044,0.675719457013575,0.981259774223647,0.850560518305255,0.76049161859373,0.00542995557033726,0.00112035012501735,0.578347501951311,0.989955155743182,"CALI"
70136,1018.018,368.7215363205,242.838435052117,1.51838211377604,0.752496939636402,71134,298.83093666745,0.727582057346778,0.98597014086091,0.850432685604205,0.810451539255087,0.00525723645945734,0.0013990894429729,0.65683169748094,0.997321501216215,"BARBUNYA"
65469,997.877,375.160020110378,223.478989512042,1.67872613407429,0.803214595895044,66351,288.717370025197,0.717342712510683,0.986707057919248,0.826212090443029,0.769584589371361,0.00573034596695196,0.0012398982755346,0.592260440197886,0.994243079138534,"CALI"
74893,1083.652,428.729244617051,224.4769841667,1.90990290701104,0.851972321272817,75725,308.798849129738,0.777487101228108,0.989012875536481,0.801440744571692,0.720265419275429,0.00572455696282764,0.000950368211356617,0.518782274204009,0.990823773608034,"CALI"
63776,1014.158,362.773417148062,224.69725539655,1.61449865735046,0.7850855654978,64824,284.959865954891,0.689850620342026,0.98383314821671,0.779212479400436,0.785503712469065,0.00568824349517157,0.00133582912892824,0.617016082302684,0.996171636441321,"BARBUNYA"
67666,982.672,379.873759030507,228.424676941058,1.66301541548652,0.799010300915017,68581,293.521765860812,0.769237765020178,0.986658112305157,0.880568620951099,0.772682394830121,0.005613953226591,0.00123439064410109,0.597038083280411,0.992883536127847,"CALI"
68367,1017.312,388.045872647314,228.122326731163,1.70104293695294,0.808952044646673,70183,295.038248291487,0.800287961792387,0.974124788054087,0.830133714548869,0.760317965189749,0.00567592365684196,0.00117003086255175,0.578083408190281,0.983344698471758,"CALI"
78877,1092.37,416.444269630877,242.358630907115,1.71829766520872,0.813209294004835,79650,316.905846538172,0.738134007112109,0.990295040803515,0.830655068399933,0.760980207073247,0.00527966669156886,0.00109214351900199,0.579090875557242,0.995050499413681,"CALI"
67360,998.54,391.008395894298,220.739639722201,1.77135559515445,0.825406131370059,68045,292.857329997664,0.71021888574923,0.989933132485855,0.848947842666599,0.748979646147631,0.00580475647111487,0.0011267921946693,0.560970510343431,0.993678252213483,"CALI"
62766,996.026,346.520683310883,231.427945972616,1.49731564117968,0.744285257208467,63965,282.694452129587,0.702080536912752,0.981255374032674,0.795047297980838,0.815808307396085,0.00552083426235356,0.00150847100254447,0.665543194416466,0.99652823488046,"BARBUNYA"
82769,1102.587,419.758998562025,252.883509629571,1.65989075039688,0.798157162419392,84000,324.630195573648,0.707814531025518,0.985345238095238,0.855562689238044,0.773372808410871,0.00507145185470435,0.00111909682328925,0.598105500789317,0.992789788521679,"CALI"
88489,1188.149,467.295713445246,244.07099629581,1.91458928155024,0.852758608292506,90923,335.660087103114,0.73505615364168,0.973230095795343,0.787693637663151,0.718303372886478,0.00528083392789213,0.000867189270068677,0.515959735500091,0.98785097929997,"CALI"
68488,1019.038,349.306827541842,249.942917753095,1.39754641052443,0.69857202605797,69675,295.299221028132,0.761155380699941,0.982963760315752,0.828788258381795,0.845386341590359,0.00510026322190519,0.00160691631720148,0.714678066547531,0.998795766584044,"BARBUNYA"
68412,1000.541,382.768678282612,231.404048823499,1.65411400633947,0.796564728535676,69728,295.13533122014,0.769937200351138,0.981126663607159,0.858761115599399,0.771054028099528,0.00559505172020424,0.0012198968489296,0.594524314248507,0.983410995307826,"CALI"
75608,1063.245,419.54053169263,232.387576684071,1.80534836534309,0.832576739239229,76934,310.26939181675,0.748586647656954,0.982764447448462,0.840448131536613,0.739545689578486,0.00554889074823603,0.0010238727330668,0.546927826974118,0.987395258388372,"CALI"
86715,1120.93,432.849980809521,257.062460094197,1.68383193971967,0.804551050275648,87738,332.278448175186,0.798260149130075,0.988340285851057,0.867255589039946,0.767652680852046,0.00499163905678973,0.00106925679944878,0.589290638419333,0.992266398748268,"CALI"
75019,1108.267,394.022911988974,242.895151392409,1.62219340209229,0.787394596621931,76241,309.058501592315,0.744132759338981,0.983971878647972,0.767524648078764,0.784366827888841,0.00525230824176507,0.00122632855763962,0.615231320692403,0.998024189187744,"BARBUNYA"
59618,927.753,340.24826590439,224.597432763841,1.51492500033227,0.751178891195705,60538,275.51405622585,0.780595744680851,0.984802933694539,0.870407314523025,0.809744189271695,0.00570713988903334,0.00151352514765827,0.655685652059275,0.993314586663763,"CALI"
86044,1181.857,437.036551136074,251.267029069283,1.73933107242482,0.818200020162692,87370,330.990367514211,0.695574849234451,0.9848231658464,0.774106282254939,0.757351682951468,0.0050792216904848,0.00103078315023478,0.573581571669421,0.997648250174885,"BARBUNYA"
97770,1231.866,497.10088336756,253.660196131414,1.95971181505366,0.860008854801002,99373,352.823794958272,0.796789046901104,0.983868857738017,0.809633634744938,0.709762961127935,0.00508439074734132,0.000795924751465442,0.503763460989095,0.987231206492654,"CALI"
78843,1090.744,420.524911495849,243.246494373516,1.72880152940709,0.815728196659975,80669,316.837537904767,0.754557896046474,0.977364291115546,0.832774348964956,0.753433457194591,0.00533370003038759,0.00106020038278895,0.567661974420194,0.98137488956388,"CALI"
76697,1131.072,391.908669864007,250.2439689827,1.56610635396012,0.769600053381037,78290,312.495845352467,0.799126865049596,0.97965257376421,0.753368986716596,0.797369054021956,0.00510983050007181,0.00127415940288914,0.635797408311869,0.995726360988598,"BARBUNYA"
57641,938.653,333.543181488051,223.854472400308,1.49000007867429,0.741329809709038,59171,270.907365344834,0.779775432900433,0.974142738841662,0.822112450905639,0.812210773238486,0.00578656132766695,0.00155337140358323,0.65968634016466,0.982932698745697,"BARBUNYA"
51107,886.653,317.360343865815,206.249220862539,1.53872263147762,0.76002853159685,51979,255.09106886126,0.715884577671943,0.983223994305393,0.816926297908776,0.803789993903953,0.00620972359688135,0.00159890409336305,0.646078354300116,0.994135385469406,"BARBUNYA"
77538,1059.981,414.488042683866,241.243401511157,1.71813214408145,0.813169167681087,78881,314.204468172677,0.809813259806993,0.982974353773405,0.867218027701381,0.758054360599069,0.00534561173468319,0.00108887637611991,0.574646413623264,0.987318474727253,"CALI"
68394,992.182,377.780844473082,232.621592779102,1.6240145205773,0.787935298581938,69082,295.096501881362,0.729536,0.990040821053241,0.873062189653551,0.781131458089025,0.00552359628729249,0.00126852258776655,0.610166354816287,0.990919020189373,"CALI"
72651,1068.024,397.252037053783,233.390643224424,1.70209067324003,0.809214896912609,73683,304.141621887821,0.79405206898813,0.985994055616628,,0.765613750261636,0.00546795002207516,0.00115889262162639,0.586164414589687,0.997704983058307,"BARBUNYA"
82011,1094.249,427.807331489538,247.030271415457,1.73180124459342,0.816437743534728,83221,323.140291983645,0.811861487289142,0.985460400620036,0.860695742542276,0.755340706430945,0.0052164628097394,0.00104743586069428,0.570539582791599,0.988061159568301,"CALI"
65496,988.059,366.18412290655,228.391632337949,1.60331672031098,0.781658154522322,66356,288.776898698587,0.789184499710816,0.987039604557237,0.843060777329687,0.788611194844957,0.00559093872765589,0.00133387842168269,0.621907616634791,0.997114880239309,"BARBUNYA"
61701,973.472,327.564593082511,240.326418591363,1.36299868737895,0.67949901247861,62812,280.285841864523,0.72808694420844,0.98231229701331,0.818191828900751,0.855665867995448,0.00530890249886568,0.00175550207207204,0.732164077652403,0.997938676786242,"BARBUNYA"
87909,1150.644,458.258139911407,245.028757948163,1.8702218619104,0.845044538824367,88517,334.558238783808,0.766051448290285,0.993131262921247,0.834374935454051,0.73006502153674,0.00521286944353146,0.000913487851317641,0.53299493567144,0.996818780980257,"CALI"
88472,1150.062,449.590804129251,252.752713462774,1.7787773589836,0.827012247851319,89820,335.627843007414,0.664578403755869,0.984992206635493,0.840568674986303,0.74651847841382,0.0050817298594951,0.000973539520174668,0.557289838613285,0.991294547316934,"CALI"
63231,934.028,355.662558398225,227.227916187627,1.56522387022441,0.769301219804249,63775,283.739686426043,0.761158994607088,0.991470011760094,0.910793920643931,0.797777780444204,0.00562481312011869,0.00140545066614058,0.636449386970481,0.996185772675886,"CALI"
66871,990.128,372.968458458255,229.417889869407,1.62571654141951,0.788438664233761,67765,291.792394684963,0.801868239921337,0.986807348926437,0.857166120933898,0.782351397464411,0.00557743204764778,0.00128890675900469,0.612073709114516,0.995058353475465,"BARBUNYA"
77636,1070.451,403.525833254526,245.650767430927,1.64268093877619,0.793353711974913,78613,314.402966422168,0.69954946837268,0.987572030071362,0.851411341336791,0.77913962505557,0.00519766388343715,0.0011815418868896,0.607058555331735,0.99720351756445,"BARBUNYA"
81863,1097.724,424.94510590542,247.962910478265,1.71374462852447,0.812100556853841,83241,322.848585021918,0.760907553027346,0.98344565778883,0.853711636473475,0.759741859678634,0.00519093004049961,0.00106681511553932,0.57720769334795,0.989186584018049,"CALI"
63991,982.049,372.120172836491,220.989233205756,1.68388372337589,0.804564531185453,65219,285.439786482452,0.771515034602493,0.981171131112099,0.833801065100734,0.767063457771406,0.00581519546243207,0.00124185032421057,0.588386348248226,0.990774194871765,"CALI"
61786,966.634,327.71613356532,241.103057458102,1.35923673892965,0.677299927857642,62957,280.478837902268,0.734219032227398,0.981400003176771,0.830951757194707,0.855859108463341,0.0053040516227838,0.00175548293882682,0.732494813539666,0.99563386163854,"BARBUNYA"
74590,1060.781,410.780394341588,233.039980240287,1.76270352373886,0.823504059813228,75598,308.173551171731,0.782325054539352,0.986666313923649,0.832988501524393,0.750214848168891,0.00550717783002531,0.00107609715870018,0.562822318413073,0.992088883905596,"CALI"
77440,1060.302,411.366651415447,241.188580350675,1.70558096414574,0.810086425486171,78059,314.005844442888,0.808215746848126,0.992070100821174,,0.763323529903175,0.00531206936228624,0.00111244385101084,0.582662811303844,0.993778599475476,"CALI"
85631,1129.837,441.987114609168,249.096106474565,1.77436380224714,0.826059932392288,87138,330.195056678953,0.757193385798921,0.982705593426519,0.84296451636777,0.747069418462417,0.00516153162533624,0.000991749957471412,0.558112716001773,0.990295000847385,"CALI"
78837,1093.551,421.060698142225,242.830602847622,1.73396883755399,0.816947790425172,80747,316.825481911235,0.663784320824458,0.976345870434815,0.828441544224886,0.752446104110666,0.00534090209092463,0.00105607794020737,0.56617513959132,0.981730048649129,"CALI"
103801,1235.37,470.034785625499,282.901405119595,1.66147914828063,0.798591563769749,105041,363.543034568199,0.773335816725647,0.98819508572843,0.854707077535143,0.773438574518295,0.00452822984003525,0.000999566144899875,0.598207228552893,0.993908836591378,"CALI"
70651,1028.338,378.256100509549,238.697440909533,1.58466759873186,0.775744463131147,71776,299.926069348905,0.763926733272782,0.984326237182345,0.839569026721416,0.792917996417966,0.00535386760993545,0.00130545074410362,0.628718949043482,0.996310547257952,"BARBUNYA"
68173,1030.906,368.816598039885,237.01231162216,1.55610734107283,0.766177345189154,69468,294.619346756506,0.771231404491204,0.981358323256751,0.806091116982758,0.798823448625392,0.00541000979918567,0.00135887976946127,0.638118902073764,0.992981507994321,"BARBUNYA"
66062,1010.706,357.660276104364,236.032589744583,1.51530039343888,0.751322561360137,67275,290.021983312118,0.70862965942612,0.981969528056485,0.812665632538097,0.810886762351797,0.00541400920505531,0.00144390824134083,0.65753734135738,0.996366592059595,"BARBUNYA"
65635,978.997,371.975556286487,225.359642340585,1.65058638016616,0.795582474013884,66337,289.083167131351,0.797635106395907,0.989417670380029,0.86056292480428,0.777156354082325,0.00566733535897748,0.00127524104876851,0.603971998690532,0.996907955040327,"CALI"
69392,1065.193,383.856709634524,230.488157941546,1.66540751187692,0.799659570116093,70781,297.241717274447,0.761378099626948,0.980376089628573,0.768533249320949,0.774355924525732,0.00553171416927778,0.00122687974328138,0.599627097848102,0.998623473081184,"BARBUNYA"
72114,1045.819,420.263661696936,221.441050531714,1.89785796575576,0.849921196994171,73362,303.015505426755,0.814773805757672,0.982988468144271,0.828545559861339,0.72101286179072,0.00582776800200982,0.000971525188939392,0.519859546867643,0.986619582096934,"CALI"
74154,1054.801,413.187624261639,230.66055779666,1.79132326830618,0.829675123705307,75125,307.271549610912,0.763136770608212,0.987074875207987,0.837535802230798,0.743661067196778,0.00557202071717829,0.00105121770609218,0.553031782864252,0.990658700757586,"CALI"
82203,1109.738,432.655380311914,245.002324967982,1.76592356978023,0.824215735509564,83666,323.518330695286,0.815036982688532,0.982513804890876,0.838796512975916,0.747750624208238,0.00526325535943839,0.0010149890128337,0.559130996003809,,"CALI"
58094,922.37,350.106237920932,212.855669481216,1.64480579152169,0.793956542640427,58691,271.969811030277,0.784672321573289,0.989828082670256,0.85808597985173,0.776820809150217,0.00602654728407292,0.00135372900472599,0.603450569528798,0.992558991658031,"CALI"
64734,1032.092,372.892211595657,224.146319706637,1.66361068111089,0.799172180647374,66426,287.092125786978,0.691802122407105,0.974528046246951,0.763669567258053,0.769906468570292,0.00576037648833158,0.00124848263379052,0.592755970346377,0.986115163560481,"BARBUNYA"
73849,1042.951,400.017491091775,238.032268982795,1.68051790961455,0.803685237547662,75202,306.638985028237,0.757705409176722,0.982008457221882,0.853152510672086,0.766563942469918,0.00541669475675737,0.00115373926718611,0.587620277895023,0.987506401055268,"CALI"
68374,1009.761,392.112758273193,222.815181746849,1.75981167530447,0.822861059311252,68994,295.053352178419,0.766816948164098,0.991013711337218,0.842681900028485,0.7524706757255,0.00573482256812813,0.00113411754157897,0.56621211782679,0.996426695650456,"CALI"
90494,1208.656,427.673133879288,270.200660683259,1.58279825370458,0.775137593848032,92071,339.441510957726,0.68628848779008,0.982871914066318,0.778438352179699,0.793693791047286,0.00472598331247694,0.00115686818605295,0.629949833947013,0.997083497092826,"BARBUNYA"
71312,1049.152,411.027863340713,222.226897887764,1.84958646881848,0.841240308231334,71982,301.325834295956,0.781544194202422,0.990692117473813,0.814133555410394,0.733103181489616,0.00576379660282579,0.00102694888191391,0.537440274710197,0.994042259902067,"CALI"
70731,1017.526,396.36713085018,228.462487514829,1.73493309628983,,71452,300.095828425959,0.777195411392405,0.989909309746403,0.858476936007316,0.757115827899943,0.00560386719896764,0.00113583932106622,0.573224376856617,0.994505943008661,"CALI"
72948,1021.657,392.799282542385,238.281970722623,1.64846413411458,0.794987913193124,73666,304.762658981281,0.769899736147757,0.990253305459778,0.878239615945369,0.775873766898736,0.00538464772909997,0.00120365308098173,0.601980102161634,0.992342607864087,"CALI"
66505,1006.768,397.123379850139,214.113134746432,1.85473619038104,0.842203206566592,67219,290.992776409676,0.755463922210105,0.989378003243131,0.824527899875379,0.732751560785687,0.00597133117585353,0.00106188608462463,0.53692484983386,0.995853950501767,"CALI"
63391,989.467,376.512619569813,215.15876399928,1.74992927348789,0.820635724659709,64276,284.098447690773,0.697931231902408,0.986231252722634,0.813644771288894,0.754552259139073,0.00593952800192161,0.00118765141850628,0.569349111771879,0.996320677523942,"CALI"
63015,970.092,351.924014665264,228.276184713243,1.5416589124588,0.761085210790417,63991,283.254637934644,0.709668337181148,0.984747855167133,0.841449309458034,0.804874422122243,0.00558476576474274,0.00144576341459256,0.647822835386615,0.998721847868107,"BARBUNYA"
76132,1124.522,395.331952151126,248.175326808089,1.59295429257893,0.77840340101388,77886,311.34269385964,0.80668814105281,0.977479906530057,0.75655619234471,0.787547508278868,0.00519271728249784,0.00123220080424205,0.620231077796253,0.987999757766401,"BARBUNYA"
65935,1007.87,368.864917865512,228.983625666911,1.61087901718386,0.783985541591654,66901,289.743074778523,0.681766481925718,0.985560753949866,0.815674410886007,0.785499137340472,0.00559437200069025,0.00131375370569434,0.617008894762625,0.993926681988919,"BARBUNYA"
69693,1028.815,401.549167035628,223.90666040847,1.79337750070983,0.830105016882459,71239,297.885688798955,0.815981735159817,0.978298403964121,0.827417016708796,0.741841132427314,0.0057616857795708,0.00107639822138163,0.55032826576104,0.98694632982051,"CALI"
98399,1207.523,475.46007958499,267.266141768272,1.77897610389134,0.827054938750179,99895,353.956915404114,0.715785262239034,0.985024275489264,0.848027089468625,0.744451386356283,0.0048319604831857,0.000915479257450019,0.554207866647791,0.985922551355017,"CALI"
65345,996.042,362.396698728389,230.229793448641,1.5740651689775,0.772267322526738,66369,288.443821307927,0.710611596850668,0.984571110006178,0.82768850361717,0.795933909773585,0.00554589790693074,0.00137296562497644,0.633510788727465,0.997187266707366,"BARBUNYA"
74172,1096.388,400.530637263622,236.316466541705,1.69489093640005,0.807397059097219,75432,307.30884060192,0.784307920059215,0.983296213808463,0.775391983371307,0.76725426724262,0.00540002477031255,0.00115433739465217,0.58867911060201,,"BARBUNYA"
76759,1076.634,380.928689377964,256.75731326972,1.48361378504457,0.738704095293055,77956,312.622126878963,0.733202789187124,0.98464518446303,0.832152631491178,0.820684121717001,0.00496265831209323,0.00138866746565609,0.673522427638405,0.999247158181025,"BARBUNYA"
67055,1011.117,396.767830542151,217.685409954903,1.82266616133965,0.836054222460933,68471,292.193561996524,0.79736253805175,0.979319711994859,0.824210620327673,0.736434608615484,0.00591705063816495,0.00107354884330551,0.542335932766642,0.988497352732334,"CALI"
90252,1192.155,453.408470716712,255.904956327013,1.77178463920533,0.825499614786491,91633,338.987338098988,0.755152072961553,0.984929010291052,0.797996983293264,0.747642269592238,0.00502380524217427,0.000968250982305517,0.558968963281033,0.990372622933861,"CALI"
68345,1030.61,401.547580051592,218.432452056587,1.83831466556795,0.839100443472024,69433,294.990773897972,0.759979984432336,0.984330217619864,,0.734634669844284,0.005875302949032,0.00105559107349115,0.53968809813722,0.992116545638125,"CALI"
59255,922.943,329.275234476421,229.54900832052,1.43444416024944,0.716940713721204,60140,274.674005365055,0.747659424130012,0.985284336548055,0.874148277079141,0.834177540870369,0.00555691898534167,0.00165976957526632,0.695852169692536,0.99816108121236,"BARBUNYA"
62326,970.848,377.363401846442,211.435564230394,1.78476787110063,0.828291811170813,63122,281.701842140167,0.801641199773628,0.987389499698996,0.830953341913942,0.746500166051605,0.00605467063258419,0.00115981820243096,0.557262497915073,0.994584202048106,"CALI"
61720,977.621,379.561291059171,208.516947573798,1.82028988758737,0.835583773196017,62412,280.328993686087,0.749866355639792,0.98891238864321,0.811511610005692,0.73856054421099,0.00614972927834042,0.00112870427980427,0.545471677465234,0.992916578455283,"CALI"
77995,1077.542,406.629636132705,244.814306495561,1.66097170526298,0.798452947385257,78742,315.129050218508,0.789423076923077,0.990513321988265,0.844127818062211,0.774978069025112,0.00521353466417982,0.00116003122326759,0.600591007469892,0.997564669842875,"CALI"
79893,1115.52,410.743301368059,248.933854804789,1.6500098055773,0.795421213833791,81400,318.940318786331,0.768394021582319,0.981486486486487,0.806796250399829,0.77649548446448,0.0051411675787373,0.00115291492399515,0.602945237393728,0.994865553925785,"BARBUNYA"
77093,1063.375,400.007896989881,247.250967256718,1.61782136356441,0.786087514824845,77813,313.301542004293,0.682873466495416,0.990747047408531,0.856745670728085,0.783238391946593,0.00518864095300327,0.00120450678375744,0.613462378619085,0.992472541872993,"CALI"
73777,1027.678,389.143248009265,243.141489956407,1.60048064227555,0.780774988650547,74836,306.489467831973,0.742821184051551,0.985849056603774,0.877842769952994,0.787600631386713,0.00527458758162117,0.00125196588005235,0.620314754560748,0.992801756792388,"CALI"
68924,1031.296,366.945263432849,239.930231975763,1.5293831894845,0.756616964819248,69919,296.237678868382,0.771341599892565,0.985769247271843,0.814354819960946,0.807307542539225,0.00532391131438757,0.00139497561290241,0.651745468240722,0.996768562950067,"BARBUNYA"
85816,1200.368,397.860370425342,276.013166211904,1.44145431859541,0.720221866233633,87299,330.55154631463,0.801898781490618,0.983012405640385,0.748426769974762,0.830822999438838,0.0046362026944316,0.00136262458281129,0.690266856396548,0.99498814113608,"BARBUNYA"
87691,1135.452,397.076040678501,282.71020531043,1.4045338060665,0.702199728393668,89021,334.143156322812,0.767173502239642,0.985059705013424,0.854726811715168,0.841509237756696,0.00452812763771083,0.00140066402502224,0.708137797229856,0.9946034755628,"BARBUNYA"
74187,1036.095,398.639195034704,239.033665248526,1.66771151092979,0.800281793259974,75002,307.3399129714,0.787146676852559,0.989133623103384,0.868437398175675,0.770972640923189,0.00537343732776233,0.001171083380439,0.594398813052077,0.99128574260995,"CALI"
69135,1014.976,384.555963733425,230.108301219952,1.67119552703943,0.801216900697632,69901,296.690774924441,0.81433013734128,0.989041644611665,0.843327543843239,0.771515209500451,0.00556239189605012,0.0012156801198774,0.595235718490525,,"CALI"
50167,873.825,309.89282562412,206.772367889935,1.49871488529394,0.744844296683906,50937,252.734264081325,0.794598875425675,0.984883287197911,0.825617830407465,0.815553775962131,0.00617722458237726,0.00168571272446652,0.665127961486089,0.996837176504417,"BARBUNYA"
79044,1091.785,405.455752406753,248.506119074892,1.63157250982847,0.790156105750382,79952,317.241148929401,0.791247072013454,0.988643185911547,0.833306034818279,0.782430997824751,0.0051294943627189,0.00118587389913156,0.612198266357036,0.998845861952785,"BARBUNYA"
77583,1084.672,384.862784987942,257.312898113549,1.49569954638694,0.743637100477526,78675,314.295630894208,0.72569873161971,0.986120114394662,0.828666103428308,0.816643341870674,0.00496065871373809,0.00136097082172721,0.666906347821702,0.997491521919488,"BARBUNYA"
74870,1046.748,406.52587202406,236.131628803348,1.72160702945313,0.814008723893932,75593,308.751428683855,0.727034375606914,0.990435622345984,0.858684092776784,0.759487771704679,0.00542975653832056,0.00111440554124386,0.576821675368939,0.993060251056095,"CALI"
60956,951.012,368.426244881743,211.2337841955,1.74416344565772,0.81931701432509,61512,278.588567046239,0.74713798936092,0.99096111327871,0.846943287781988,0.756158310968481,0.0060441342096224,0.00121889075059016,0.571775391246706,0.997269736539147,"CALI"
71717,1062.753,415.604212504087,220.562077558011,1.88429587309621,0.847558349242542,72675,302.180278029145,0.679138257575758,0.986818025455796,0.797934603235598,0.727086658261852,0.00579505852871826,0.000999038653485261,0.528655008622388,0.996142451038808,"BARBUNYA"
73276,1056.912,406.267201795791,232.134428130604,1.75013764682599,0.820683098668964,74290,305.447050861543,0.704576923076923,0.98635078745457,0.824316437955963,0.751837828678759,0.00554434196456945,0.00109276421681131,0.565260120632391,0.989283017368147,"CALI"
72035,1049.221,407.556234285032,227.199471124231,1.79382562938355,0.830198571949276,73039,302.849485066423,0.686852217359383,0.98625391913909,0.822279524068806,0.743086375792301,0.00565775295738228,0.00106409631215036,0.552177361888137,0.990509903720334,"CALI"
54076,893.989,342.742424669008,203.259512980502,1.68623066956717,0.805173975845122,55293,262.396077754792,0.770050125313283,0.977989980648545,0.850256720278341,0.765578051821836,0.00633816156278216,0.00134307716454663,0.586109753431317,0.98831624196834,"CALI"
89095,1126.165,431.911991819082,263.729184334094,1.63771026293371,0.791932519772653,90202,336.807478002166,0.773561970913827,0.987727544843795,0.882793536142428,0.779805803917681,0.00484776914326373,0.00110577698265372,0.6080970918237,0.995886848139815,"CALI"
84146,1141.257,451.557491596123,239.238111633387,1.88748142389662,0.848118524489191,85277,327.319438364551,0.772137495641322,0.986737338321001,0.811851189532206,0.724867695600781,0.00536635718389612,0.000913890831615795,0.525433176125586,,"CALI"
86264,1129.948,449.066567047653,247.502132033081,1.8143947422143,0.834407515771798,87923,331.413240663426,0.726751925053497,0.981131217087679,0.849029031461416,0.738004707948472,0.00520572390623729,0.000952571147332466,0.544650948954109,0.988211818124368,"CALI"
65506,997.059,376.469371433589,222.686882833717,1.6905772205483,0.806294768436373,66312,288.798943241525,0.722633454312789,0.987845337193871,0.828036019247611,0.767124672431606,0.00574709753966949,0.00122769965598447,0.588480263053299,0.994871327460178,"CALI"
73789,1033.589,402.755192763068,234.878216193212,1.71474051229919,0.812343954860309,74581,306.514392429561,0.8086908871719,0.989380673361848,0.867972031898819,0.761043924292434,0.00545820098880684,0.0011294530412498,0.579187854702429,0.99315687868991,"CALI"
81010,1102.058,399.308864836465,259.756519100034,1.53724290046668,0.759493164520347,82215,321.162163896988,0.751846902030664,0.985343307182388,0.838184437680168,0.804295101308402,0.00492913053742088,0.00127236518330804,0.646890609988692,0.994427997583676,"BARBUNYA"
94295,1181.406,462.074832581975,261.925751905533,1.76414433945628,0.823823058238535,95545,346.496930535903,0.792601433987005,0.986917159453661,0.848985327221249,0.749871895423848,0.00490031107250623,0.000955766315347775,0.562307859546554,0.99199222745083,"CALI"
77424,1109.772,397.401991035092,248.711645333716,1.5978423145481,0.779948272415838,78571,313.973404146872,0.715735759054856,0.985401738554938,0.789983357971042,0.790065000250961,0.00513280108280497,0.00123363160944555,0.624202704621552,0.997377494299686,"BARBUNYA"
74362,1039.584,400.409885645671,237.341204298639,1.68706435458147,0.805389740917179,74937,307.702192103982,0.788401187446989,0.992326887919185,0.864652800265011,0.768468020233329,0.00538460350240272,0.00115834169259739,0.590543098121332,0.996284210684604,"CALI"
74298,1052.196,420.434170786342,227.364563444042,1.8491631431818,0.841160747231119,75430,307.56975094234,0.803438767234388,0.984992708471431,0.843322513334407,0.731552695555381,0.00565875488958441,0.000999730875734701,0.535169346374344,0.989615430676129,"CALI"
68120,1010.368,368.950019861254,235.45320329112,1.56697812857986,0.769894651354259,69182,294.504800958082,0.706316618970594,0.984649186204504,0.838542999085873,0.798224109240683,0.005416177625679,0.0013563507913528,0.637161728573082,0.998418493042158,"BARBUNYA"
66697,1000.308,383.960627601743,223.756253944532,1.71597718871771,0.812645512735611,67724,291.412521891564,0.809980083551929,0.984835508829957,0.83762316553566,0.758964594134966,0.00575679007454223,0.00117827380137345,0.576027255150454,0.988449629917853,"CALI"
63007,962.629,369.304468620739,219.089300326586,1.68563443340334,0.80501943271493,63780,283.236657223475,0.786074306959104,0.987880213232988,0.854438450358073,0.766946195591118,0.00586132443412223,0.00125093606517142,0.588206466931689,0.99150107461058,"CALI"
82442,1117.92,429.470170328002,248.577784678428,1.72770938031967,0.815468789600783,84580,323.988293842627,0.780789483653445,0.974722156538189,0.828966406272996,0.75439068002135,0.0052093613731836,0.00104075739548696,0.569105298103075,0.983248561922304,"CALI"
53364,919.64,314.3128688475,216.935731140989,1.44887551347281,0.723627793379236,54228,260.662914633531,0.766525898474532,0.984067271520248,0.792907514935896,0.82931034796415,0.00588997955264785,0.00171854887425344,0.68775565324042,0.996472325232541,"BARBUNYA"
68551,1025.494,355.975012917386,245.628370290184,1.44924225364048,0.723794339751921,69684,295.435008134006,0.727810336773262,0.983740887434705,0.819138636895215,0.829931869972486,0.00519284930806824,0.00151969085893721,0.688786908796028,0.998219091981617,"BARBUNYA"
80384,1072.144,407.673068243239,251.320718012065,1.62212280574365,0.787373591942367,80950,319.918876535898,0.785675189616076,0.993008029647931,0.878765985731776,0.784743711215718,0.0050715698179145,0.0011864065820912,0.615822692292618,0.998940033462311,"CALI"
80933,1117.231,428.611733426239,243.60830478803,1.75942989217541,0.822775895427481,83214,321.00949530201,0.767130169382281,0.972588747085827,0.814797237196201,0.748951720793834,0.00529588342735644,0.00102785883067207,0.560928680080045,0.986914687111329,"CALI"
61955,941.725,356.267613226464,221.850249183273,1.60589232844245,0.782455300856662,62655,280.862165472794,0.746895720313442,0.988827707285931,0.877885802959126,0.788346049558712,0.0057504255221768,0.00137008442227982,0.621489493854827,0.998045210389047,"BARBUNYA"
71019,1024.243,389.903225532972,233.798839784631,1.66768674255245,0.800275120533461,72064,300.706167591465,0.768603896103896,0.985499000888099,0.850703868616,0.771232828813918,0.00549012553729245,0.00119813034844541,0.594800076240319,0.991940201615165,"CALI"
75837,1074.9,432.640333880359,225.804025944038,1.91599920360845,0.852993897870567,77237,310.73890544005,0.701492951492952,0.981873972318966,0.824811833057563,0.718238409842715,0.00570487142002398,0.000936483498863824,0.515866413373392,0.98839963719177,"CALI"
73874,1035.476,403.28541106105,234.611125286872,1.71895263094591,0.813367940481714,74671,306.690883672413,0.777293771043771,0.989326512300625,0.865807621208068,0.760480977641876,0.00545909807321994,0.00112629999010105,0.578331317355143,0.99412413952604,"CALI"
63406,951.177,358.448626252051,225.986843685028,1.58614820405937,0.776223273723257,64085,284.132058334637,0.781169919179972,0.989404696886947,0.8806787957377,0.792671634162836,0.00565322881512872,0.00137673259733028,0.628328319606381,0.996621835703301,"BARBUNYA"
98277,1289.679,436.353701929364,287.678469787041,1.51681042468135,0.751899125846591,100632,353.737420607345,0.706556045235921,0.976597901264011,0.742503488310813,0.810666711530746,0.00444003888935726,0.0011828669470083,0.657180517184074,0.996818259362287,"BARBUNYA"
65049,964.019,371.516642689726,224.06728430766,1.65805839901022,0.79765419682347,65696,287.789782906686,0.81307184640768,0.990151607403799,0.879588011470922,0.774634968767833,0.00571133518869969,0.00126854478469437,0.600059334837941,0.994933420032535,"CALI"
77101,1064.106,419.528144034377,237.028308620666,1.76994953250828,0.825099216585381,78352,313.317797353782,0.799736536387022,0.984033591995099,0.855657755274283,0.746833798421181,0.00544128019136428,0.00104418321694939,0.557760722464209,0.987208329977009,"CALI"
72433,1086.063,399.849622969991,231.017013585585,1.73082327039025,0.816206888373747,73768,303.684968254608,0.707526251526251,0.9819027220475,0.771678322015859,0.759497948250909,0.0055202687030772,0.0011330430219856,0.576837133397341,0.998403133709321,"BARBUNYA"
61464,948.743,361.506737386603,217.506402262936,1.66205101838607,0.798747598540777,62161,279.747020319434,0.789518304431599,0.988787181673397,0.858091332014261,0.773836256391169,0.00588160122000851,0.00130098303481273,0.598822551705498,0.995273631894669,"CALI"
62821,998.256,348.349513361656,230.721420147819,1.50982736296645,0.749214550763776,64071,282.818283425608,0.779368525525712,0.980490393469745,0.792192727114133,0.811880805276128,0.0055451125159048,0.00148613827972526,0.659150441975814,0.995203373606513,"BARBUNYA"
72026,1022.019,388.781489973616,238.985207521067,1.62680148284636,0.788758539924953,73768,302.830565579327,0.749521312021312,0.976385424574341,0.866525248048304,0.778922282539423,0.00539779371301497,0.00122566718043461,0.606719922236424,0.987012869166641,"CALI"
57786,916.524,331.87501143412,224.934436387568,1.47542998201614,0.735275342273689,59196,271.247894613149,0.758944050433412,0.976180823028583,0.864459822936888,0.817319428302284,0.00574317328477694,0.00158088024725717,0.668011047880372,0.98560352836072,"CALI"
69824,1055.572,389.048708279188,229.112799506137,1.69806623251865,0.808202133866579,70943,298.16552109791,0.688395938085379,0.98422677360698,0.787478789987056,0.766396378532482,0.00557184790729817,0.00118574906658263,0.587363409027704,0.997381971086987,"BARBUNYA"
83874,1107.515,431.138765699939,248.798988992864,1.73287989410723,0.816691834930442,84605,326.789983896565,0.80603125180188,0.991359848708705,0.859286493319553,0.757969382238296,0.00514031482580942,0.00104658892109402,0.574517584410705,0.995569970836362,"CALI"
71482,1028.478,368.182573228461,248.688364679227,1.48049778566586,0.737407168176362,72669,301.684784397157,0.734935175760567,0.983665662111767,0.849212829707728,0.819389092079484,0.0051507032991307,0.0014322110136541,0.671398484218841,0.994003969185412,"BARBUNYA"
65144,974.566,368.202640943602,226.982011108532,1.62216661640003,0.7873866274076,66001,287.999855732998,0.779374289645271,0.987015348252299,0.861909711131602,0.782177593824242,0.00565213436300506,0.00130500965350903,0.611801788280681,0.992444436802759,"CALI"
64314,997.796,346.243802557178,237.397932348185,1.45849544320947,0.727942606051885,65360,286.159270477294,0.730840909090909,0.983996328029376,0.811767889291204,0.826467559459173,0.00538364590224799,0.00154938552854369,0.683048626838402,0.996223309734294,"BARBUNYA"
79196,1071.839,414.83261716618,243.915009923545,1.70072607379188,0.808872438633233,79962,317.546026561262,0.751841725525936,0.990420449713614,,0.765479890975051,0.00523805011826582,0.00110939079379051,0.585959463487176,0.996556537737744,"CALI"
96668,1190.245,469.528398143878,264.410591560004,1.77575487946112,0.826360970903104,97524,350.829759727505,0.747787610619469,0.991222673393216,0.857471839029579,0.74719603992941,0.00485712333082176,0.000933893042382912,0.558301922086193,0.991407362357076,"CALI"
81835,1085.899,414.761970276533,253.545246725715,1.63584991488806,0.791396621603188,83167,322.793367564146,0.766611396828073,0.983984032128128,0.872107626551188,0.778261727681859,0.00506827115875277,0.00114694422794643,0.605691316774351,0.990820088993761,"CALI"
70446,1016.413,396.565218264882,228.764138293422,1.73351129780767,0.816840314510514,71496,299.490622504968,0.797207070592762,0.985313863712655,0.856891392419378,0.755211523126887,0.00562935039980811,0.00112956824933535,0.570344444663632,0.988698538466247,"CALI"
73365,1026.958,395.964391529016,238.402701298691,1.66090564147139,0.7984348898577,74691,305.632490418632,0.761102984656562,0.98224685705105,0.874165013996828,0.771868624949917,0.00539718382783365,0.00118173616112925,0.595781174182075,0.98953631328146,"CALI"
61453,964.166,369.296179357376,213.19880443614,1.73216815325994,0.816524236293465,62238,279.721986519848,0.802331805778596,0.987387126835695,0.830709788341751,0.757446196726434,0.00600940848058478,0.00122016523054855,0.57372474093534,0.993787724985507,"CALI"
102015,1271.97,456.791895011588,286.894421416849,1.59219511050681,0.778161905423739,103901,360.401903652239,0.804972737530675,0.981848105408033,,0.788984891343346,0.00447769342755073,0.00107030823128806,0.622497158768072,0.991136932494907,"BARBUNYA"
77977,1055.268,402.556931326136,247.728032374514,1.62499547373611,0.788225643767202,78830,315.092684745003,0.73936376997108,0.989179246479767,0.879935520098373,0.782728255869297,0.00516250857722324,0.00119532112835662,0.612663522536191,0.99557545104453,"CALI"
68384,985.315,364.76295572783,239.063811376029,1.52579745812755,0.755286313600242,69193,295.074927818629,0.748249299719888,0.988308065844811,0.885144501371896,0.80894982120608,0.00533403947893996,0.00140903675487667,0.654399813229349,0.998481571624488,"BARBUNYA"
64782,974.821,374.858485057777,221.317487257899,1.69375899619247,0.807108772912742,65489,287.198544890174,0.797326736329062,0.989204293850876,0.856671784328326,0.766151911556458,0.00578646051461482,0.00122985047905773,0.586988751581614,0.994217478655143,"CALI"
72404,1074.953,424.655713587644,220.869682957115,1.92265279644603,0.854096416885476,74367,303.624168993519,0.755656675294314,0.973603883442925,0.787396484705231,0.714989011753528,0.00586508637074808,0.000945478471661562,0.511209286928287,0.982877965081849,"CALI"
65902,1011.416,348.503016442264,241.255595693013,1.4445385834106,0.721645707197349,66877,289.670558526642,0.747035752340792,0.985420996755237,0.809559585864673,0.831185226124523,0.0052882009110841,0.00155696543215034,0.690868880127675,0.997986753422097,"BARBUNYA"
67882,989.45,380.796619565984,228.210953205591,1.66861675225085,0.800525427912098,68501,293.989875294562,0.742756477591036,0.990963635567364,0.871318204259373,0.772039089080254,0.00560968474066739,0.00122934952076853,0.596044355067868,0.994569595950798,"CALI"
77455,1150.021,416.515975425676,239.378085409349,1.73999209122845,0.818353453355482,79244,314.036254176906,0.769211671003238,0.977424158295896,0.735949103416969,0.753959686314463,0.00537752211510782,0.00107190048675078,0.568455208587403,0.989107567159701,"BARBUNYA"
63905,1030.26,356.706704491474,228.915653689877,1.55824513851168,0.766915954990497,65322,285.247915165564,0.713671491110516,0.978307461498423,0.756573326696661,0.799670742304148,0.00558182778329512,0.00140799470818051,0.639473296097267,0.996456154851607,"BARBUNYA"
86338,1143.59,447.340553025748,247.246734568944,1.80928801266335,0.833377903083011,87277,331.55535859543,0.717474404999335,0.98924115173528,0.829604597204138,0.741169912615427,0.00518127073855947,0.000964466557333137,0.54933283936636,0.993901321227877,"CALI"
75780,1073.277,364.96345893681,265.394853565535,1.37517157561116,0.686444722125209,77156,310.622105942302,0.742722728609233,0.982166001347919,0.826686450682817,0.851104674553414,0.00481609209470586,0.00155885761566155,0.724379167046672,0.996145640487471,"BARBUNYA"
64332,987.745,341.300361845975,240.480029662419,1.41924617326888,0.709605304124804,65485,286.199312354,0.782970644077698,0.98239291440788,0.82860440434015,0.838555549153383,0.00530529692603953,0.00161814265827411,0.703175409015931,0.99797900838264,"BARBUNYA"
66041,995.358,361.837091905377,233.011771725497,1.55287043751439,0.765051813726121,67102,289.975883090051,0.7207198358652,0.98418825072278,0.837654415420943,0.801398998546787,0.00547897657372506,0.00139403727937306,0.642240354871794,0.997316060859161,"BARBUNYA"
76415,1079.065,421.873733769783,232.959108239649,1.81093470419622,0.833710997832436,77948,311.920822983874,0.761416514712183,0.980333042541181,0.824694824412558,0.739370095873496,0.00552082357874479,0.00101772667443471,0.546668138671982,0.989980303999443,"CALI"
79603,1099.178,429.928757056242,237.479994297202,1.8103788419255,0.833598673836967,80366,318.360938997788,0.765825829292696,0.990505935345793,,0.740496963212305,0.00540091148645455,0.00100170524974501,0.548335752526646,0.992695444645535,"CALI"
60340,980.964,345.456146835218,222.990630083646,1.54919579672757,0.763763481488375,61109,277.177333361369,0.787646198830409,0.987415928913908,0.787968815925242,0.802351719315571,0.00572515987463072,0.00146361392196011,0.643768281488653,0.997323115748753,"BARBUNYA"
94013,1186.708,460.566053919364,261.524720505231,1.76108037905408,0.823143606587882,94873,345.978423198885,0.801290410561934,0.990935250281956,0.838899692624842,0.751202613077209,0.00489896135555045,0.000962303656982263,0.564305365894027,0.993787107670905,"CALI"
62728,981.369,371.758835015132,217.009157910792,1.71310205796916,0.81194324586155,63882,282.608864266759,0.770993117010816,0.981935443473905,0.818477291681769,0.760194076504611,0.00592652141013793,0.00122089283576672,0.577895033952699,0.989993171954525,"CALI"
73499,1071.953,377.994435744037,247.950443895474,1.52447573718958,0.754792862658795,74611,305.911479514074,0.743766444039668,0.985096031416279,,0.809301541468259,0.00514285140946185,0.00136089685263943,0.654968985022901,0.998484326279101,"BARBUNYA"
72205,1085.425,375.91116933864,245.460421894548,1.53145328455491,0.757379860792789,73563,303.206631404398,0.708419999215101,0.981539632695785,0.77015385903652,0.806591174020833,0.00520616535335004,0.00135928831146543,0.650589322008306,0.996347154085974,"BARBUNYA"
93615,1163.399,438.859730952622,272.594670685705,1.609935109328,0.783697208498403,94533,345.245304067097,0.743802637851581,0.990289105391768,0.869156401805908,0.786687134218676,0.0046879210698352,0.00110756250290341,0.618876647145192,0.996351242582244,"CALI"
81074,1099.966,445.048171203413,232.547287026089,1.9137964449935,0.852626041645481,81570,321.289002068011,0.780758859784283,0.993919333088145,0.842040425486763,0.721919609734028,0.0054894068530406,0.000919730393173085,0.521167922918532,0.997409318126134,"CALI"
72077,1063.4,414.832637932828,224.714311044253,1.84604458881631,0.840572716286711,73996,302.937760383014,0.75918474826206,0.974066165738689,0.800964474625082,0.730265009746092,0.00575540932520538,0.00100966650127959,0.53328698445946,0.984471551947552,"CALI"
67523,1017.032,399.30290622409,218.116831317576,1.83068360113259,0.837626081548878,68784,293.211448922365,0.696256960197979,0.981667248197255,0.820337108923718,0.734308326716293,0.00591358361186692,0.00106058215640768,0.539208718684882,0.98712055888413,"CALI"
70550,1019.266,395.125443612121,229.497469489997,1.72169847663329,0.814030737880791,71937,299.711611188265,0.744575312394461,0.980719240446502,0.853359066534591,0.75852268193207,0.00560064413341064,0.00114364708875834,0.575356659005421,0.990590683330449,"CALI"
70682,1081.066,366.849939446826,245.673054432327,1.49324450861939,0.74264735516952,71974,299.99186239125,0.793716031082963,0.982049073276461,0.760001196653676,0.817750884308741,0.005190146564144,0.00143167181280553,0.668716508787728,0.998557254570407,"BARBUNYA"
62441,971.606,334.620502503822,239.708879740922,1.39594537701516,0.697730439116523,63560,281.961611594217,0.715935149513851,0.982394587791064,0.831188139743986,0.842631008812726,0.00535898692371715,0.00166652644100316,0.710027017012753,0.991158931954815,"BARBUNYA"
79902,1076.13,424.741243042397,241.484886614018,1.75887298372129,0.822651551263173,81032,318.958282700777,0.823265158930503,0.98605489189456,0.867037810144468,0.750947283612248,0.00531577736530245,0.00104275996540053,0.563921822764613,0.991866858991546,"CALI"
70314,1019.184,376.326749647431,238.293782300798,1.57925543005731,0.773980207256642,71331,299.209901822296,0.708082415258504,0.985742524288178,0.850641319241721,0.795080078954305,0.0053520884837647,0.00131930903388101,0.632152331949984,0.998330002855407,"BARBUNYA"
68562,984.765,384.871050983672,229.510867920841,1.67691863339742,0.80273801345233,69637,295.458710594445,0.788522139160437,0.984562804256358,0.888440059082113,0.767682344097581,0.00561347467961367,0.00120264580394646,0.589336181439157,0.988268823990605,"CALI"
90231,1159.796,445.250980637031,259.265312195362,1.71735654440933,0.812980962559921,91068,338.94789770848,0.692975854018186,0.990809065753064,0.842951176989471,0.761251322172361,0.00493456772768817,0.00102221233344837,0.579503575509168,0.995214257909273,"BARBUNYA"
84870,1160.165,449.832097734101,244.348546294443,1.84094444004609,0.839603693319461,87068,328.724565801939,0.755124919923126,0.974755363623834,0.792363656109545,0.730771697835245,0.00530024858883117,0.000932401317284528,0.534027274357007,0.983114541560502,"CALI"
63732,1018.891,341.236172771717,238.58015885448,1.43027892348689,0.714961009280328,65059,284.861549994136,0.767106799388549,0.979603129467099,0.771457417913793,0.834792946129731,0.0053542360630722,0.00160395566727866,0.696879262907955,0.996731721952329,"BARBUNYA"
88499,1153.301,455.650642229367,250.071597798097,1.82208074104142,0.835938517689779,90225,335.679052771419,0.727452817781285,0.980870047104461,0.836108984507448,0.736702687675448,0.00514865300432059,0.000935497008729628,0.542730850028229,0.988899429405473,"CALI"
82038,1107.55,421.655725312694,250.307442910948,1.68455128784447,0.804738187654668,83311,323.193480396779,0.707712215320911,0.984719904934522,0.840423611591197,0.766486640628686,0.00513976115108479,0.00109431174215537,0.587501770262249,0.989676863706178,"CALI"
63640,977.03,380.137546528534,214.574044038628,1.77159147198671,0.825457535743752,64680,284.655870529567,0.756970216005329,0.983920841063698,0.837768905010339,0.748823348624944,0.00597324868838048,0.00115853155937864,0.560736407445875,0.993395837463575,"CALI"
63211,999.886,341.437090820984,236.133575701185,1.44594892872437,0.722292825451841,64474,283.694809367839,0.725462516641418,0.98041070819245,0.794513991768877,0.830884567009682,0.005401545471848,0.00158803682379213,0.690369163694867,0.998238552668933,"BARBUNYA"
72224,1079.909,377.810437562595,243.832279885613,1.54946850244699,0.763859482204363,73410,303.246521627128,0.714558496166213,0.983844162920583,0.778246327936418,0.80264199047409,0.00523109267781617,0.00133924391595108,0.644234164872209,0.998220546669727,"BARBUNYA"
80391,1097.037,396.483812174371,259.699313002427,1.52670335393096,0.755623594985694,81413,319.932805821479,0.741744401694024,0.987446722267943,0.839411170424853,0.806925266549785,0.00493194278183343,0.00128982577002554,0.651128385796442,0.994079890435078,"BARBUNYA"
59678,971.509,347.244092842869,219.320419563794,1.5832729735494,0.775291956883066,60638,275.65266106226,0.764230557440869,0.98416834328309,0.794566897037031,0.79382966260277,0.00581862818530898,0.00142531107838781,0.630165533228027,0.997724057622281,"BARBUNYA"
73191,1073.038,385.010359493789,242.262576123735,1.58922754663166,0.777213876969535,74320,305.269840499698,0.693096590909091,0.984808934337998,0.798798683996507,0.792887341787548,0.00526035112915234,0.00128244998012102,0.628670336766923,0.999100216940195,"BARBUNYA"
70612,1016.702,398.362887577568,228.069347208358,1.74667438852988,0.819893161716315,71873,299.843276951209,0.775887834036568,0.98245516396978,0.858422358596922,0.752688782769265,0.00564157491046235,0.00111697099914969,0.566540403706677,0.98956161322183,"CALI"
72848,1037.806,398.881551848076,235.122303082727,1.69648538917097,0.807801987119521,74019,304.553696997536,0.786355785837651,0.984179737634932,0.849953452967812,0.763519133904526,0.00547553195486597,0.00114785169695209,0.582961467838317,0.98898561263737,"CALI"
62646,954.496,374.726624099558,215.073128493274,1.74232191034166,0.818892622251048,63615,282.424086294847,0.790625473269726,0.984767743456732,0.864082052535326,0.753680331557684,0.00598165284454807,0.00119055563384372,0.5680340421769,0.989698157504752,"CALI"
86784,1143.973,429.67612427188,260.06834270297,1.65216619526285,0.796023295563143,88254,332.410620543773,0.680605442710376,0.983343531171392,0.833331845916335,0.773630652871553,0.00495109840836883,0.00109399666360503,0.598504387062465,0.988828716021117,"CALI"
65563,1033.627,364.120052113853,230.643750485782,1.57871198047614,0.773801827102947,66934,288.924565019092,0.814447204968944,0.979517136283503,0.771153778833802,0.793487102239431,0.00555374299702352,0.00135807898491659,0.62962178142033,0.993991449497001,"BARBUNYA"
63958,1016.103,381.820799749262,213.89627832207,1.78507453586613,0.82835691496588,65090,285.366176696138,0.758020740740741,0.982608695652174,0.778447398288761,0.747382481215103,0.00596986772177463,0.00114898967424055,0.558580573227244,0.99710795749746,"BARBUNYA"
63320,993.072,341.413911330299,236.59768486309,1.44301459047607,0.720943653255716,64491,283.939303324902,0.739762836614288,0.98184242762556,0.806843484405972,0.831657099789956,0.00539188110123656,0.00159109923592083,0.691653531631042,0.998066137697896,"BARBUNYA"
68226,1011.284,385.875843396387,227.533684871224,1.69590644837831,0.807655114547331,69707,294.733848037685,0.788922294172063,0.978753927152223,0.838327092646429,0.763804869057125,0.00565584738071097,0.00118742758778205,0.583397877995372,0.989388223262572,"CALI"
73021,1081.342,378.710539414536,246.233471763899,1.53801405106152,0.759772406888403,74208,304.915110803165,0.709348073168125,0.984004420008624,0.784750311985342,0.805140282798957,0.00518632365229915,0.00134439101542185,0.648250874985584,0.997018954340751,"BARBUNYA"
97727,1184.262,452.170756020533,277.520232328931,1.62932537287803,0.789499694715588,99056,352.746199112525,0.761683189923931,0.986583346793733,0.875646554131857,0.780117233181941,0.00462687646219094,0.00105707829091836,0.608582897507447,0.991579556408514,"CALI"
71433,1030.846,413.681025247967,221.794356500954,1.86515577661322,0.844123839994086,72292,301.581366133697,0.682772265871423,0.988117634039728,0.844736332183932,0.729019093764149,0.0057911753006029,0.00100902537132436,0.531468839072701,0.991272175286372,"CALI"
69517,1018.42,390.306919734491,227.789274761376,1.7134560884983,0.812029943552975,70244,297.509316545473,0.792776662713256,0.98965036159672,0.842261689016112,0.762244535013254,0.00561455355861863,0.00116915547862889,0.581016731157572,0.995546655521319,"CALI"
74894,1116.179,385.65309321074,249.146203707421,1.54789873364325,0.763306015249829,76098,308.800910723066,0.79049639551207,0.984178296407264,0.755421247035125,0.800721986052689,0.00514931894692151,0.00130573958116945,0.641155698948163,0.992444094470014,"BARBUNYA"
62719,964.622,363.768776782192,221.932684449197,1.63909510527938,0.792330023658982,63475,282.588589660384,0.797180842950836,0.988089799133517,0.847021948431762,0.776835747586947,0.00579997730802775,0.00130293534718633,0.603473778728971,0.98915091687911,"CALI"
64595,1013.236,374.375795492481,220.291827911909,1.69945385192494,0.80855228887014,65684,286.783731045134,0.680929340206403,0.983420619937884,0.790655949190859,0.766031710644856,0.00579573953854758,0.00123104978019402,0.586804581713484,0.997247306720187,"BARBUNYA"
68894,1040.782,369.556451258477,238.573834081451,1.54902339848513,0.763702759668694,70189,296.173201345065,0.783197862786336,0.981549815498155,0.799229893658995,0.801428848925476,0.00536413114724761,0.00136502006891673,0.642288199890013,0.994919450200524,"BARBUNYA"
62434,947.305,361.638384198976,220.690430337031,1.63866817263755,0.792207606007139,63123,281.945806381289,0.786877394636015,0.989084802686818,0.874281653422431,0.779634625914489,0.00579233084855969,0.00132007194000151,0.607830149924825,0.996031921051319,"BARBUNYA"
72823,1032.663,399.963450324653,233.108084111985,1.71578541279808,0.812598799097351,73910,304.501434095554,0.753502472942491,0.985292923826275,,0.761323150523848,0.00549226824388797,0.00113817134494086,0.579612939523558,0.994491426703538,"CALI"
73281,1031.646,395.549780278768,238.01710399817,1.66185443665346,0.798693982817064,74217,305.457471798837,0.805055698371894,0.987388334209143,0.865246505348457,0.772235220516525,0.00539771264418836,0.00118409880905319,0.596347235806207,0.991042299610573,"CALI"
70954,1014.501,382.213698474952,239.62982058954,1.59501725425753,0.779057511394322,72407,300.568525726063,0.741707870336494,0.979932879417736,0.866326878102058,0.786388679749949,0.00538678155530276,0.00127074420987148,0.618407155638868,0.986370083400317,"CALI"
59516,939.011,353.480042664449,216.641937864084,1.63163257377348,0.790173606353835,60643,275.278267839032,0.760102171136654,0.981415827053411,0.848207756314909,0.778766081853022,0.0059392439455684,0.00134753185,0.606476610244708,0.989546992506986,"CALI"
68389,1030.293,344.67791544848,253.653764970907,1.35885195903957,0.677073566105785,69587,295.085715047159,0.792006855898737,0.982784140715938,0.809607679741787,0.856120168486007,0.00503996133074735,0.00167011309092126,0.73294174288851,0.99595932318593,"BARBUNYA"
87987,1147.724,446.721212726218,253.884032153505,1.7595482824856,0.822802311478523,89765,334.706629487097,0.752282831737346,0.980192725449786,0.839370009289886,0.749251703191961,0.0050771274475345,0.00098698097991473,0.561378114736054,0.987771897608826,"CALI"
70002,1048.285,382.024749175057,234.112103090723,1.63180264553437,0.790223146932604,71186,298.545330914002,0.705750695648667,0.983367516084623,0.800500429561506,0.781481648921123,0.00545734049277245,0.00125555560311493,0.610713567600478,0.996564015274191,"BARBUNYA"
76545,1104.39,393.178701573584,248.458012064868,1.58247543842914,0.775032528161605,78024,312.18603580518,0.710711036006759,0.981044294063365,0.788645374214416,0.794005460000112,0.00513656935885536,0.00125935124247717,0.630444670509989,0.997663206370607,"BARBUNYA"
74864,1038.26,365.509315288441,261.721792203243,1.39655667268471,0.698052229484533,75820,308.739056934903,0.787039665268448,0.98739118965972,0.872711394722769,0.84468177422855,0.00488231079408582,0.00153312539889846,0.713487299713891,0.996425449291232,"BARBUNYA"
75410,1045.854,410.131488825703,235.945728513878,1.73824502528165,0.817947488194788,76328,309.862863325824,0.75946180031019,0.987972958809349,0.8663565861265,0.755520782403298,0.00543868835467051,0.00109309925193875,0.570811652643292,0.992210515579997,"CALI"
83551,1112.709,427.683127074343,252.40098736402,1.69445900961364,0.807287134899054,85539,326.160140425171,0.800849244689824,0.976759139106139,0.848004808057777,0.762621014900305,0.00511882714838055,0.00106803454933334,0.581590812367571,0.985481791924748,"CALI"
59397,965.459,384.133259875791,197.174167190768,1.9481926326796,0.858211480530593,60021,275.002925872861,0.673909097097733,0.989603638726446,0.800767988763495,0.715905011614415,0.00646721652399601,0.00104789742905312,0.512519985654636,0.998487660153417,"CALI"
76098,1073.575,385.825010636227,251.653476623088,1.53315986654972,0.758005893794924,77155,311.273164399465,0.714052471568517,0.986300304581686,0.829694722265441,0.806772904343796,0.00507010710710173,0.00132495800184418,0.650882519183324,0.997906956250653,"BARBUNYA"
64510,989.333,348.661126862702,236.35164902869,1.47517958218425,0.735169277758375,65406,286.594980819388,0.785940545808967,0.98630095098309,0.828231825838377,0.821987192544827,0.00540476091865915,0.0015220063120433,0.675662944707727,0.996724180471327,"BARBUNYA"
66601,983.216,373.383762465318,228.88836142622,1.63129204184405,0.790074356135373,67832,291.202724779331,0.750899148768251,0.981852223139521,0.865750477093168,0.779901950895304,0.00560627862142187,0.00127942392345081,0.608247053010302,0.992228577050803,"CALI"
66678,993.912,389.536835098703,222.081122969007,1.75402947306361,0.821564312852923,68362,291.371011536582,0.716166867159306,0.975366431643311,0.848196665074128,0.747993476567506,0.00584205937638656,0.0011280723919003,0.559494240987545,0.98136938870151,"CALI"
74945,1082.572,388.693640859195,246.455363684037,1.57713605842846,0.773283274906282,76519,308.906033738703,0.732571551454489,0.979429945503731,0.803598185828151,0.794728807643665,0.00518638522728928,0.00127620475205393,0.631593877698721,0.996109478801309,"BARBUNYA"
58910,993.443,358.499458955432,209.888390246337,1.70804806561562,0.810698681474518,60140,273.873221729231,0.761209458586381,0.979547721982042,0.750089314637286,0.763943194021049,0.00608554505101735,0.00127856705295002,0.583609203691082,0.996832571440027,"BARBUNYA"
73422,1057.58,415.710027448504,226.240352078334,1.83747074131395,0.838938422574509,74671,305.751195996917,0.738295390555868,0.983273292175008,0.824915788690774,0.735491510449052,0.00566192731672392,0.0010220089742154,0.540947761942628,0.99397568514884,"CALI"
78844,1086.074,411.130372498904,246.75185359991,1.66616933774091,0.799865649782224,80130,316.839547192422,0.680463976248835,0.983951079495819,0.839962077787328,0.770654683736037,0.00521447887599442,0.00113456652077368,0.593908641564292,0.98955236799378,"CALI"
81641,1118.031,433.683838070838,242.094933790608,1.7913792382204,0.829686859195789,83249,322.410529715956,0.67373902422922,0.980684452666098,0.820749238740855,0.743422976401749,0.00531208385579351,0.00100089519041408,0.552677721842035,0.990055396334769,"CALI"
52596,887.942,312.686680717279,214.514959347123,1.45764510628509,0.727565667063647,53574,258.780422549486,0.75292029317453,0.98174487624594,0.838288258372078,0.827602960112863,0.00594506579810783,0.00172038073149785,0.684926659587573,0.998379993512021,"BARBUNYA"
59039,930.334,349.794167257881,217.033886258044,1.61170300771369,0.784236743363156,60458,274.172918942807,0.763616374571558,0.976529160739687,0.857178108162649,0.783812151849511,0.00592479830718476,0.00137943519530133,0.614361489386961,0.99016826026843,"CALI"
76848,1094.611,368.29687283309,266.488262889426,1.38203787603925,0.690251877974094,78146,312.80331285619,0.790048319111751,0.983390064750595,0.805977312519163,0.849323836094452,0.00479253686280827,0.00153829091560415,0.721350978558195,0.996934374285399,"BARBUNYA"
70853,1087.632,370.819163828718,244.154889185431,1.51878655826174,0.752650398920178,72371,300.354526290383,0.726697435897436,0.979024747481726,0.752669216175637,0.809975739088603,0.00523364097255893,0.00138954217440455,0.656060697912128,0.996416169392758,"BARBUNYA"
82691,1103.441,436.467680460355,243.493532883799,1.79252268136685,0.829926333776064,83931,324.477196723738,0.721020874387458,0.985225959419047,0.853433869689366,0.743416319809756,0.00527829728096595,0.000994493553153946,0.552667824559481,0.990669610784548,"CALI"
75228,1069.108,412.702322214139,235.904975848834,1.74944305743935,0.820525106180123,77009,309.488714610625,0.768856547156698,0.976872833045488,0.827077528389894,0.749907858405604,0.00548602012833173,0.00107020944164075,0.56236179609848,0.983819939953608,"CALI"
72984,1094.517,402.662888001473,231.483392237945,1.73948931760759,0.818236769983634,74271,304.837850230169,0.675377554042049,0.982671567637436,0.765583391055034,0.757054745579269,0.00551713920861385,0.00111789972574825,0.573131887804092,0.99695679641549,"BARBUNYA"
75381,1063.533,411.674568889726,235.345583760076,1.74923430604676,,76665,309.803276486356,0.767002442002442,0.983251809821953,0.837471079570416,0.75254412076482,0.00546125109629385,0.00108043781597712,0.566322653697697,0.990631014139451,"CALI"
64531,980.585,386.037346258396,215.965023492844,1.7874993830711,0.828870342343306,65443,286.641624788349,0.764150719969686,0.986064208547897,0.843349842326739,0.742523042308151,0.00598219996991207,0.00112170958445469,0.551340468358552,0.985520747053045,"CALI"
72849,1035.198,404.144668166541,231.203279422651,1.7480057773218,0.82019748476645,73725,304.555787327071,,0.988118006103764,0.854253191609789,0.753581109231827,0.00554770371819162,0.00110360341030992,0.56788448819107,0.992665366209427,"CALI"
76075,1119.386,405.834805576074,239.855274569433,1.69199867005048,0.806659091764199,77227,311.226120956657,0.67815118559458,0.98508293731467,0.762942983196979,0.766878830205008,0.00533466717812783,0.00113813581257216,0.588103140216601,0.995069731099003,"BARBUNYA"
77724,1121.666,401.746736100361,247.387749577161,1.62395565983777,0.787917856679552,79022,314.58110301637,,0.983574194528106,0.776314853398117,0.783033375877342,0.00516888909603676,0.00119866568241193,0.613141267737868,0.995714232023018,"BARBUNYA"
75515,1109.067,396.898513655272,243.924717449309,1.62713528094074,0.788856799616915,76863,310.07851299417,0.792350873511358,0.982462303058689,0.771485067392871,0.781253903267297,0.00525588973919449,0.00120779939899756,0.610357661370388,0.993134484808242,"BARBUNYA"
82124,1107.831,437.316753965541,240.869571037121,1.81557492747037,0.834644048649847,82957,323.362837029598,0.727140719490708,0.989958653278204,0.840877885519945,0.739424762708904,0.00532507858805636,0.000981932753793459,0.546748979707119,0.992663739176254,"CALI"
67889,1009.017,381.725755859203,229.927303502498,1.66020194228501,0.79824238526582,69235,294.005033039446,0.761019191103937,0.980558965840976,0.837938816328988,0.770199622442788,0.00562279243852763,0.00122052033743703,0.593207458411013,0.984844174631919,"CALI"
79501,1086.552,418.228289745203,243.725600974245,1.71598013533834,0.812646230343564,80789,318.156906330807,0.73340405904059,0.984057235514736,0.846216373739319,0.760725455766366,0.00526066703242982,0.00108675681808064,0.578703219050945,0.993043228147775,"CALI"
77809,1075.41,410.585687559345,243.116501069978,1.68884335597263,0.805848901867287,78761,314.753071051417,0.765896921017403,0.987912799481977,0.845457063156446,0.766595330982947,0.00527684056547886,0.00112413485710265,0.587668401484855,0.992479875362751,"CALI"
76939,1075.973,411.331328501425,240.892572610426,1.70753014110831,0.810570407467888,78365,312.988461979637,0.751636349426545,0.981803100874115,0.835129172166975,0.76091569081287,0.00534620060699287,0.00110553163029178,0.578992688525227,0.988647467138162,"CALI"
91678,1214.367,435.593892399709,268.661027433035,1.62135124905038,0.787143813583005,93416,341.654877006359,0.684649564990105,0.981395050098484,0.78122310740388,0.784342670931782,0.00475134593249971,0.00110922534706903,0.615193425444402,0.99744462875186,"BARBUNYA"
66252,984.959,375.209210063533,226.720746323702,1.65493990359323,0.796793615506731,67161,290.438747962103,0.813167390824067,0.986465359360343,0.858168464806457,0.774071478450446,0.00566336427675441,0.00125423386411061,0.599186653750459,0.991617902992136,"CALI"
74185,1082.991,377.395173551276,251.439023554807,1.50094113561101,0.745729670259462,75436,307.335770170311,0.780861858448065,0.983416405960019,0.794833695643762,0.814360627027345,0.00508721673588024,0.00138015249799338,0.663183230852371,0.995398991633737,"BARBUNYA"
66408,967.957,367.442675698567,231.080465939164,1.59010704000962,0.777495517203531,67002,290.78048711489,0.798874012053845,0.991134592997224,0.89067268803301,0.791362861055999,0.00553310859683423,0.00133860245158865,0.626255177858736,0.995812767155651,"CALI"
92281,1169.006,456.33232509029,259.58578021134,1.75792497076985,0.822439567740872,93747,342.776630515713,0.715001859542553,0.984362166255987,0.848571957538456,0.751155707516208,0.00494503012635635,0.000971110367185072,0.564234896934175,0.99188261470034,"CALI"
64746,1018.798,374.780734685607,220.607712155562,1.69885599657246,0.808401548496432,65891,287.118734260624,0.799037393557941,0.982622816469624,0.783874685400418,0.766097901220775,0.00578847704391943,0.00122993219051512,0.586905994254877,0.997068767764216,"BARBUNYA"
80355,1090.694,423.16541071723,244.893955442335,1.72795367673692,0.815526864720056,81839,319.861163033579,0.782637914913511,0.981866836105035,0.848822574903878,0.755877382538052,0.00526619887645112,0.00106043101402587,0.571350617432577,0.987267400098528,"CALI"
84614,1122.443,432.082536219174,250.97300181618,1.72162955016031,0.814014145661745,85567,328.228412600465,0.808813267695837,0.988862528778618,0.843963177301171,0.759642857757091,0.00510651353462989,0.00104891932234158,0.57705727134136,0.993478850476165,"CALI"
82487,1101.453,430.160615081994,245.742977939121,1.75044926487608,0.820753908862354,83172,324.076704387355,0.771144371628633,0.991764055210888,0.854404314222911,0.753385347297736,0.00521488980181112,0.00103631927406196,0.56758948152293,0.993536590683209,"CALI"
48160,829.234,304.528282443808,202.715512943037,1.5022445890926,0.746245738870698,48950,247.627172326555,0.754043432651208,0.983861082737487,0.880120508644972,0.813149998218139,0.00632326167865049,0.00170531094354438,0.661212919602159,0.993303530710461,"BARBUNYA"
56376,921.455,350.692292829017,205.398729729478,1.70737323103653,0.810531518606704,57032,267.918182611762,0.682650392327812,0.988497685509889,0.834364582377707,0.763969405915595,0.00622059551633705,0.00130712040408442,0.583649253175026,0.996507111185502,"CALI"
67812,1029.053,387.489840769198,225.074820588624,1.72160457467353,0.814008132900777,69284,293.838254840279,0.813903525090918,0.978754113503839,0.80471284035293,0.758312151505667,0.0057141780329322,0.00116553572972705,0.575037319121154,0.98998687920698,"CALI"
65908,990.132,361.104809938146,233.023840821885,1.54964748956379,0.763922457018289,66692,289.683744649929,0.718006819692133,0.988244467102501,0.844815364541827,0.802215137205037,0.00547892228467175,0.00139971079860847,0.643549126360897,,"BARBUNYA"
76433,1076.228,417.347138980851,236.443550611112,1.76510265516727,0.824034729922717,77887,311.957558207431,0.750513054663642,0.981331929590304,0.829243729916981,0.747477409259884,0.00546030038047506,0.0010514499000381,0.558722477353868,0.986202528278949,"CALI"
61204,953.807,376.08972930314,208.612182347468,1.80281767378627,0.83205891677195,61712,279.154711756708,0.767150073325729,0.991768213637542,0.845412489910521,0.742255610845733,0.00614485539022188,0.00115054970759921,0.550943391831972,0.993250484050436,"CALI"
64252,966.933,378.930744945132,217.746255769942,1.74024000369259,0.818410945373847,65281,286.021305549645,0.746768944676894,0.984237373814739,0.863582335060082,0.75481155690088,0.00589757120315526,0.0011808836776255,0.569740486431131,0.991485186210731,"CALI"
75247,1045.398,401.260654951575,240.549143535637,1.66810261326966,0.800387111446168,76118,309.527795234429,0.76173266925818,0.988557240074621,0.865238277564559,0.771388351723105,0.0053325801022177,0.00116468761359562,0.595039989174089,0.992587760941248,"CALI"
66882,1028.361,356.497778510954,240.087474455556,1.48486621103154,0.739222437987009,68146,291.816393012759,0.736456131078224,0.981451589234878,0.794745211174585,0.818564407979313,0.00533024997026037,0.00147617813306177,0.670047690010523,0.994931174676362,"BARBUNYA"
83168,1154.625,400.255940457291,265.054216324986,1.51009082597099,0.749316688986089,84772,325.411718376173,0.713361810165886,0.981078658047469,0.783942498230695,0.813009091144011,0.00481261952262037,0.00129700872908297,0.660983782282812,0.998145545740878,"BARBUNYA"
73425,1034.657,404.743852979736,231.926943933961,1.74513511071393,0.819540310403417,74120,305.757442382323,0.745030592676022,0.990623313545602,,0.75543443126147,0.00551234392890345,0.00110739656033552,0.570681179935341,0.995915764128814,"CALI"
62185,981.28,347.578765483785,230.061534084018,1.51080782307942,0.749594310503917,63550,281.383014926907,0.758566427168596,0.978520849724626,0.811539397114012,0.809551799101588,0.00558943097987916,0.00148090066975014,0.655374115428617,0.990144340633307,"BARBUNYA"
55387,883.864,328.456822846746,215.232414182875,1.52605649150814,0.75538283311386,55945,265.55775014909,0.802640350114483,0.990025918312628,0.890936631966522,0.808501244843972,0.00593021508380569,0.00156305039153526,0.653674262914252,0.997543852252095,"BARBUNYA"
77520,1081.174,421.985043776136,235.706432294177,1.79029922802222,0.829460184389672,78423,314.167995677265,0.811014395714764,0.988485520829348,0.833359597756529,0.744500309456303,0.00544356351620402,0.00103162673339818,0.554280710780531,0.992328328617992,"CALI"
73519,1073.069,362.186205888166,259.148272678868,1.39760223807079,0.698601301503328,75073,305.95309785878,0.76987276820776,0.979300147856087,0.802332081322158,0.844739785460662,0.00492642998256458,0.00154740456420782,0.713585305140126,0.99730841951827,"BARBUNYA"
78210,1053.777,399.787531012122,250.344532356594,1.59694932119652,0.779667326262847,78946,315.563091621528,0.803654000287717,0.990677171737643,0.885064087835935,0.789326997824653,0.00511171884684979,0.00122398064863833,0.62303710949488,0.994958689088087,"CALI"
68020,1007.399,396.924249044749,221.094103925801,1.79527288153263,0.830500162226391,69372,294.2885553889,0.753884689557334,0.980510868938477,0.842254734226903,0.741422465614396,0.00583540501388928,0.00108771153004807,0.549707272517729,0.986874559132349,"CALI"
96220,1184.057,467.145514533947,264.292646668493,1.76753125908908,0.824569374057264,97317,350.015869632246,0.788081314397104,0.988727560446787,0.862442197139766,0.749265183422436,0.00485497312963986,0.000943862654970061,0.561398315089056,0.992289070719846,"CALI"
78477,1141.441,382.872074050853,262.094354009954,1.46081771008433,0.72896768613682,80301,316.101280845525,0.754296424452134,0.977285463443793,0.756911877619461,0.825605475743161,0.00487878071346831,0.00139823870532388,0.681624401577091,0.995728997449447,"BARBUNYA"
74521,1037.103,405.065284463022,236.451947713453,1.71309768593619,0.811942174810939,75533,308.030979145295,0.784324250365739,0.986601882620841,0.870652310814213,0.760447737587878,0.00543558573372635,0.00112125295726783,0.578280761602522,,"CALI"
64382,990.697,362.791048923845,226.502124224395,1.60171146370543,0.781158970189778,65321,286.310510406341,0.786297020029311,0.985624837341743,0.824313916713247,0.78918846331967,0.00563497637420157,0.00134832558025695,0.622818430636861,0.997575420158086,"BARBUNYA"
56893,938.275,339.613455288299,214.159517002728,1.58579669977484,0.776109749427963,58014,269.143860079731,0.716419226071298,0.980677077946703,0.812097940794247,0.792500579375612,0.00596933639091451,0.00145245996240364,0.628057168310682,0.995970984777009,"BARBUNYA"
75264,1045.212,404.773086662688,240.561931038522,1.68261488804673,0.804233789873178,77076,309.562757926317,0.774193548387097,0.976490736416005,0.865741797242469,0.764780980076095,0.00537804377474873,0.00113488644794229,0.584889947486152,0.984144533509069,"CALI"
68882,1003.476,356.958068501755,246.81824738744,1.44623856736744,0.722425416439767,69727,296.147406405066,0.778855721393035,0.987881308531846,0.859610343244748,0.829642001504752,0.00518216759823691,0.00151444721009874,0.68830585066081,0.99545446737032,"BARBUNYA"
82415,1090.113,398.945244587111,264.788898100503,1.50665397019662,0.747978987744259,83412,323.935235933587,0.779470737335906,0.988047283364504,0.871511434161595,0.811979188444379,0.00484068730919263,0.00129797517116049,0.659310202466792,0.99335233413773,"CALI"
75281,1046.68,411.599920047981,234.548566674076,1.75486009522255,0.821751507491902,76360,309.597716669887,0.801475598330636,0.985869565217391,0.863510041063758,0.752181187580884,0.00546751398158873,0.00107959169315037,0.565776538950589,0.992858671017514,"CALI"
72327,1036.092,400.486747863447,230.728185465691,1.73575129997717,0.81736554568859,73037,303.462677362571,0.674572603736278,0.99027889973575,0.846669031489068,0.757734629126961,0.00553716797134468,0.00112599380784986,0.574161768178173,0.996602035512454,"BARBUNYA"
85477,1117.431,414.714983273227,263.45565001074,1.57413584888508,0.772290787730988,86390,329.898009338231,0.791483017889551,0.989431647181387,0.860236180136442,0.795481288702039,0.00485177279587757,0.00119839528684244,0.632790480675057,0.996098180463827,"BARBUNYA"
55544,924.19,357.696701877212,198.22572114613,1.80449186820474,0.832401765298251,56205,265.933858831044,0.769137033344411,0.988239480473267,0.8171927147136,0.743461869889794,0.00643988012885662,0.00121364688321507,0.55273555198003,0.997406808815624,"CALI"
80421,1114.471,436.166060147449,239.213670178626,1.8233325036222,0.836185765921676,82594,319.992495891929,0.727344258736705,0.973690582851055,0.813657794182575,0.73364831684463,0.00542353440205231,0.000969201023391322,0.538239852808958,0.9813902183714,"CALI"
69648,1038.597,400.322229396411,224.724078995498,1.78139446020126,0.827573087780889,71221,297.789502521017,0.780710898880183,0.977913817553811,0.811380164081824,0.743874510716058,0.0057477921748853,0.00108562423557313,0.553349287693054,0.985733355652721,"CALI"
51734,878.392,319.938759130505,206.311127957495,1.55075861538801,0.764312791908819,52632,256.651075601348,0.746522366522366,0.982938136494908,0.842576183820582,0.802188132187693,0.00618430353598223,0.00157970317311914,0.64350579942278,0.997922162507028,"BARBUNYA"
56546,951.015,315.493637343055,229.124161727069,1.37695490063099,0.687441033443752,57830,268.321827842229,,0.977796991181048,0.785664298889908,0.850482533029551,0.00557941564996738,0.00180065318481015,0.723320538988362,0.995979760887075,"BARBUNYA"
70518,1045.719,371.099968453487,243.286313298503,1.52536311402838,0.755124332741588,71865,299.643632029173,0.807211538461538,0.981256522646629,0.81036346491583,0.807447204261159,0.00526248572638883,0.00137983524611364,0.651970987669162,0.994492496007189,"BARBUNYA"
59938,957.732,347.338032017328,220.193528001403,1.57742162165236,0.773377379713677,60922,276.25247841845,0.749225,0.983848199336857,0.821153058026271,0.795341865715035,0.00579495532078694,0.00143035958155073,0.632568683359073,0.997827518310767,"BARBUNYA"
57187,898.194,326.175693852026,224.483617345391,1.45300444508684,0.725493384209088,57817,269.838377264558,0.691917725347852,0.989103550858744,0.890772660136734,0.8272792312568,0.00570366855844906,0.00164794430371736,0.684390926468841,0.994423058336328,"BARBUNYA"
62838,982.208,350.097680149106,229.616500661858,1.52470610404726,0.754878983339876,63926,282.856547585641,0.707635135135135,0.982980320996152,0.81851243886863,0.807936080768011,0.00557143257501999,0.00146438292030449,0.652760710606774,0.995268239944373,"BARBUNYA"
79328,1104.444,391.253630920881,260.397061464717,1.50252705894646,0.746357351500447,80574,317.810551437096,0.812245942763528,0.984535954526274,0.817238783633204,0.812287800854591,0.00493210002673559,0.00132449816917973,0.659811471417188,0.991384589607602,"BARBUNYA"
74933,1081.712,373.030153483021,256.024997977801,1.45700676273559,0.727282138467707,76038,308.881302130187,0.72821185617104,0.98546779241958,0.804747598026353,0.828033067155913,0.00497818255619048,0.00144358148548729,0.685638760303629,0.998980310556031,"BARBUNYA"
80594,1114.614,446.802221075194,233.08449751781,1.91691093072826,0.853145737250659,82168,320.336491627766,0.711470894613252,0.980844124233278,0.815198905062065,0.716953668799814,0.00554386456901499,0.000903559467799773,0.514022563205513,0.985335470049606,"CALI"
81029,1076.752,415.017213267174,250.702443392872,1.65541750471417,0.796925790354958,82216,321.199824206592,0.750936017200475,0.985562420939963,0.878251639104219,0.77394337858419,0.00512183555600061,0.00113355383223477,0.598988353254312,0.991575805097101,"CALI"
70718,1060.02,362.183118483475,249.039681853501,1.45431890929146,0.72608297274086,72065,300.068249111067,0.731752240226817,0.981308540900576,0.790882042890068,0.828498717354651,0.00512151246476817,0.00148848807062398,0.686410124658301,0.998259223819674,"BARBUNYA"
66795,1067.697,363.066891669719,234.761709139494,1.54653368728879,0.762823030647867,68388,291.626534098983,0.781904806499192,0.976706439726268,0.736305040135143,0.803230866791001,0.00543553996062159,0.00139567407970752,0.645179825365823,0.997792334287342,"BARBUNYA"
69819,1001.884,383.37995898907,234.077576125273,1.6378329156309,0.791967774654309,71154,298.154845296642,0.751736167188863,0.981237878404587,0.874074813536446,0.777700655200764,0.00549105485597144,0.00123904022111285,0.604818309099698,0.990591334619709,"CALI"
89600,1151.504,440.566548064965,261.690720811469,1.68353905212545,0.804474774777566,90899,337.76065965158,0.747663551401869,0.985709413744926,0.849155001333663,0.766650716299447,0.00491703736679649,0.00104778808267787,0.587753320802455,0.989505668587349,"CALI"
71260,1017.171,386.780096543098,236.445304872481,1.63581212471821,0.791385712920046,72469,301.215952362798,0.796699610929744,0.983317004512274,0.865501335883367,0.778778316296414,0.0054277307962826,0.0012315540183945,0.606495665933478,0.992112963923027,"CALI"
61918,960.372,353.13814415714,224.096237675778,1.57583254328464,0.772852917255576,62627,280.778286430614,0.753920709136957,0.988679004263337,0.843621821296101,0.795094755625358,0.00570331961880455,0.00140599258026852,0.632175670422947,0.996202994525264,"CALI"
67063,990.719,370.089758163931,231.697853247843,1.59729472231257,0.779776061382141,68087,292.210991560164,0.717711900684932,0.984960418288366,0.858601924064812,0.789567895663649,0.00551853866012453,0.00132300588918216,0.623417461862723,0.995781421630825,"BARBUNYA"
70966,1038.128,361.020119152956,251.013027275199,1.43825252048433,0.718731051820591,72074,300.593941275728,0.764398582492272,0.984626911230125,0.827481668107531,0.832623793878846,0.00508722654726146,0.00150819018883895,0.693262382133203,0.997086368460048,"BARBUNYA"
72067,1021.302,398.383650798026,231.581586954439,1.72027342949508,0.813687220873891,72949,302.916744783825,0.712948764876389,0.987909361334631,0.868236307320467,0.760364397929068,0.00552796218516139,0.0011398085807592,0.578154017638034,0.994582994698542,"CALI"
65901,1054.483,347.058976276091,242.85383346342,1.42908584693339,0.714389739902172,67385,289.66836078107,0.771692545492869,0.977977294650145,0.744770907236936,0.83463728236965,0.00526636889085282,0.00157645711347152,0.696619393121394,0.995528915409112,"BARBUNYA"
62326,949.778,358.034801632949,222.533514325952,1.60890283298418,0.783381178732055,63269,281.701842140167,0.798539397821909,0.985095386366151,0.868230240039822,0.786800168182988,0.00574454965235936,0.00135798047781863,0.619054504652779,0.995998546307474,"CALI"
66291,975.667,378.628405270273,226.055422802399,1.67493617528141,0.802213197680776,67815,290.52422043616,0.774029704357573,0.977527095775271,0.875107089583063,0.767306985931967,0.00571161100707899,0.00122127929288387,0.588760010659999,0.986135440413503,"CALI"
73806,1033.627,392.508898179158,240.17505061354,1.63426174857244,0.790937391597634,74622,306.549698807099,0.691391100702576,0.989064887030634,0.868108167725815,0.781000635219171,0.00531811638862908,0.00122051507787086,0.609961992212749,0.996837551956335,"BARBUNYA"
70124,1011.921,386.988704490129,233.294309727635,1.65880044370533,0.797858121114488,71640,298.805371161578,0.788618983355825,0.978838637632607,0.860564303828823,0.772129438649288,0.00551863419785136,0.0012099622318041,0.596183870028865,0.98895006813384,"CALI"
70583,1033.049,403.113388621518,224.27762953153,1.79738563076281,0.83093893128445,71255,299.781698550865,0.769129345101885,0.990569082871377,0.831128421924609,0.743665943659167,0.00571119658588495,0.00107750289430258,0.55303903575848,0.994024416123213,"CALI"
73227,1070.181,397.311886100045,235.137881326036,1.68969748242795,0.806068744463197,74236,305.344906855054,0.794908814589666,0.986408211649335,0.803464390565412,0.76852698733047,0.00542575670312924,0.00116755290544278,0.590633730255249,0.997992327049323,"BARBUNYA"
84382,1101.786,422.363428997613,257.704187637515,1.63894670424101,0.792287484489292,85894,327.778125053888,0.777685615276856,0.982396907816611,0.873504565900125,0.776057069694215,0.00500537352750128,0.00111993003877887,0.602264575422372,0.987079540969609,"CALI"
51332,889.637,330.822804247538,198.618899020077,1.66561594027413,0.79971598495468,52283,255.651974978378,0.751687680299902,0.981810531147792,0.815027712393617,0.772776155984358,0.00644476747930215,0.0014177572264748,0.597182987257961,0.994677502837382,"BARBUNYA"
85311,1116.29,437.293480416299,249.600074181663,1.75197656430995,0.82110032881608,85881,329.577515617952,0.816451335055986,0.993362909141719,0.860321602819751,0.753675804414458,0.00512587451109821,0.00102020165834108,0.56802721815978,0.995170374106112,"CALI"
60416,997.116,352.223072636539,219.519210383436,1.60452049741482,0.782031300453812,61537,277.351834922215,0.749708386072022,0.981783317353787,0.763607986628165,0.787432330443655,0.00582996346392577,0.00138260640433581,0.620049675027926,0.994882412997705,"BARBUNYA"
77837,1082.476,416.273619690934,240.626390174324,1.72995829505384,0.816002326181303,79765,314.809698776183,0.719793227172687,0.975828997680687,0.834755714040574,0.756256663609661,0.00534801726288184,0.00107906950836104,0.571924141254017,0.989404912303932,"CALI"
78992,1106.05,437.395667927356,232.027229486084,1.88510490297256,0.847700920344976,79915,317.136781401527,0.649872480460716,0.988450228367641,0.811415788085666,0.725056978511727,0.00553721475500501,0.000943973228699111,0.525707622088554,0.991014015929177,"CALI"
72318,1038.352,399.276692741878,232.700045365529,1.71584277998179,0.812612774776603,73244,303.443796107545,0.752246817009237,0.987357326197368,0.842882551244075,0.759983744665291,0.00552112465419229,0.00113612084534049,0.577575292155478,0.991028394940852,"CALI"
76093,1064.213,419.911726160551,233.456410229021,1.79867293319818,0.83120540334707,77371,311.262938168894,0.803007598142676,0.983482183246953,0.844301286706172,0.74125802824064,0.0055184015107901,0.00102771027559555,0.549463464431202,0.988305061253704,"CALI"
71965,1034.185,408.772427907922,226.093089191113,1.8079828506496,0.8331131515743,72960,302.702302331624,0.733977235639687,0.986362390350877,0.845541104579615,0.740515459618546,0.00568015601900816,0.00105360190239757,0.548363145934066,0.991431163777054,"CALI"
71538,1047.25,413.046210621389,223.863258109151,1.84508263709803,0.840390646440967,73301,301.802933304605,0.787412495046889,0.975948486378085,0.819682985395108,0.730675952336111,0.0057738014848247,0.00101517489149032,0.533887347322282,0.98506627471067,"CALI"
55796,900.322,330.201768737984,215.517497300257,1.53213438757573,0.757630025721867,56573,266.536439606376,0.770131124913734,0.986265533028123,0.865002184994414,0.807192646559907,0.00591801865255545,0.00154976154332847,0.651559968660387,0.998277433552346,"BARBUNYA"
52104,906.358,316.915110919599,209.604091200234,1.51197006272579,0.75004327373188,53108,257.567220816005,0.774113032626137,0.9810951269112,0.797042325348977,0.812732532912732,0.00608235665053738,0.0016369756636624,0.660534170054745,,"BARBUNYA"
73151,1038.185,357.102991437724,262.210291897009,1.36189540408272,0.678856702347474,74289,305.1864117829,0.796435415033534,0.984681446782162,0.85286566729545,0.854617348777159,0.0048817239878843,0.00160634861300658,0.7303708128309,0.994688653270559,"BARBUNYA"
75962,1055.876,412.908948290354,236.674567580946,1.74462745410588,0.819423701157067,76866,310.994891111048,0.811950189727968,0.988239273540967,0.856210240392471,0.753180313477631,0.005435730342676,0.00107902996805637,0.567280584610262,0.989693282092294,"CALI"
79790,1160.791,425.160478349293,239.517208712487,1.77507278343265,0.826213462853047,81401,318.734659669165,0.68052913933832,0.980209088340438,0.744132486119376,0.749680828534837,0.00532849327421096,0.00103822098801348,0.562021344672679,0.997628792636694,"BARBUNYA"
57391,921.48,362.568607751873,203.701642336702,1.77990026782689,0.827253234742612,58763,270.319238516047,0.749327588458023,0.976651974882154,0.849340490912598,0.745567136085434,0.00631751681887183,0.00120412949744391,0.555870354410636,0.989393792692521,"CALI"
68841,991.351,371.984105729958,236.200846467942,1.57486355909586,0.772532157041328,69365,296.059256736069,0.801371298193332,0.992445757947091,0.880242100632576,0.795892222747262,0.00540352559855257,0.00133743911219104,0.633444430229577,0.997588549880799,"CALI"
72360,1091.04,369.611250090405,250.675694491657,1.47445986273195,0.734864032235759,74162,303.5318985824,0.743602918507861,0.975701841913649,0.76388340626215,0.821219317615893,0.00510794983541191,0.00143305550985425,0.674401167625513,0.994377453043382,"BARBUNYA"
74237,1065.145,369.036090670796,257.734037965637,1.43184848064189,0.71570967993983,75569,307.443464855743,0.746730908505673,0.982373724675462,0.822266905487236,0.833098638935024,0.00497105339211978,0.00147711357788686,0.69405334219539,,"BARBUNYA"
62741,957.314,365.757280534689,221.407745278437,1.65196244636664,0.795966527494285,63687,282.638147241714,0.756845762262057,0.9851461051706,0.860305065561777,0.772747836566738,0.00582963740671473,0.00128224937900246,0.597139218918573,0.986451564906193,"CALI"
72268,1077.446,395.011442759667,233.360338969846,1.69271027160579,0.806841071868554,73750,303.338878844966,0.686997357263722,0.979905084745763,0.782284766990446,0.767924282713812,0.00546592465212359,0.00117251121742872,0.589707703981523,0.998204287774591,"BARBUNYA"
70027,1031.138,396.869955454545,227.63280419887,1.74346556442639,0.819156367812797,71427,298.598636298241,0.801270095543223,0.980399568790513,0.827640627590022,0.752384079959514,0.00566738480092743,0.0011202652226712,0.566081803776524,0.986944131532746,"CALI"
70925,1050.316,382.779077548623,236.646913461315,1.61751138837987,0.785994357953334,72151,300.507095940082,0.772275394984701,0.983007858518939,0.807921649289008,0.785066670478899,0.00539695562282161,0.00126460463706431,0.616329677096824,0.996920271700603,"BARBUNYA"
55608,918.716,348.450155755728,205.406232493872,1.69639524334357,0.807779129494589,56288,266.087024493178,0.759495745523581,0.987919272313815,0.827912766736905,0.763630091988569,0.00626618752258178,0.00131436288368259,0.583130917390471,0.989220514507766,"CALI"
77164,1062.542,421.447891296634,235.161154669418,1.79216627801089,0.829851747776187,77868,313.445778771934,0.812338140856932,0.990959058920224,0.858879792321003,0.743735548913487,0.00546171649080704,0.00103082057110404,0.553142566717646,0.991323455003756,"CALI"
71249,1039.665,400.062909052344,228.215269633039,1.7530067540863,0.821333401604414,72111,301.192702970765,0.805255424954792,0.988046206542691,0.828326946338474,0.752863352626768,0.00561499682876031,0.00111274053153325,0.566803227728417,0.993609886445833,"CALI"
72095,1027.916,384.568345282713,241.650520605173,1.59142361588805,0.777916062094005,73760,302.975584788084,0.770138762778674,0.977426789587852,0.857432138783592,0.787832874193932,0.00533418885196911,0.00126760675665252,0.620680637660671,0.987765824697645,"CALI"
79161,1074.238,419.017159133872,242.553202850398,1.72752680323217,0.815425367856446,80292,317.475850421383,0.770048638132296,0.985913914213122,0.862025501397331,0.75766789855962,0.00529322720953338,0.00107600886037007,0.574060644507751,,"CALI"
75820,1061.206,418.87296264715,234.192549390088,1.78858364084608,0.82909914090811,77566,310.7040750969,0.776208026208026,0.977490137431349,0.846046533789876,0.741762068225518,0.00552457086055328,0.00103166048086562,0.550210965858198,0.984098332548096,"CALI"
65271,976.35,363.596275065507,231.926357507056,1.56772295729451,0.770145872325998,66871,288.280450819005,0.796959706959707,0.976073335227528,0.860436983945507,0.792858647319936,0.00557056388082773,0.00135788187185217,0.628624834629998,0.985509584774916,"CALI"
74848,1076.314,418.46199244418,230.819733276246,1.81293854951025,0.834114935840952,76416,308.706063180394,0.690435119503353,0.979480737018425,0.811917842546223,0.737715894763306,0.00559082396916657,0.00102143831477686,0.544224741386426,0.986646013256697,"CALI"
72568,1068.047,403.783878476559,229.707115486067,1.75782050818121,0.822416184717258,73709,303.967839223727,0.797941590429275,0.984520207844361,0.799418674109408,0.752798354333934,0.00556421395761987,0.00110229599162718,0.56670536228788,0.9961663079259,"BARBUNYA"
65330,974.886,344.979939802369,242.125968080022,1.42479529369751,0.712319636300986,66249,288.410713146284,,0.986128092499509,0.863803292025683,0.83602169248307,0.00528057461812902,0.00159122330924249,0.698932270302257,0.99583540933997,"BARBUNYA"
79935,1082.248,412.113712888687,248.781411593606,1.65652936145363,0.797232966341739,80637,319.024141732887,0.786142800944138,0.991294318985081,0.857616759723269,0.774116783197302,0.00515561034451351,0.00114205174618869,0.599256794027739,0.992686474357517,"CALI"
81552,1115.057,427.55487429644,245.760471801887,1.7397218973485,0.818290761580108,83067,322.234745724669,0.723312165182531,0.981761710426523,0.824233654667851,0.753668745456171,0.00524272702443153,0.00104341969619311,0.568016577877479,0.988190878590408,"CALI"
69609,997.88,392.462407190389,226.301666894106,1.7342444383056,0.817012481073553,70137,297.706115942333,0.8035670995671,0.992471876470337,0.878453185481372,0.758559572810019,0.0056380986250397,0.00115151925632846,0.575412625501719,0.997906145507178,"CALI"
60993,958.347,356.746948275255,218.009663591647,1.63638135300037,0.791549933013849,61892,278.673105182455,0.728274626865672,0.98547469786079,0.834534477795507,0.781150635008207,0.00584898182209851,0.00134338097941716,0.610196314573726,0.99851387083799,"BARBUNYA"
81233,1084.625,422.109426124727,246.678379387605,1.71117317688174,0.811469777795396,82039,321.60389913288,0.752268854645133,0.990175404380843,0.867727048761326,0.76189698506721,0.00519628015861444,0.00108008352316083,0.580487015854504,0.993313811058353,"CALI"
71133,1050.271,366.831218781158,247.460397410047,1.48238353538773,0.738193295399084,72336,300.947418223926,0.72135686035899,0.983369276708693,0.810360458286365,0.820397509306487,0.00515697663224043,0.00144102746755967,0.673052073276288,0.997721311883344,"BARBUNYA"
76161,1088.451,430.853180243878,228.572747882205,1.88497178353877,0.847677475668282,77773,311.40198613139,0.802370417193426,0.979273012485053,0.807838852305447,0.722756615037926,0.00565713659542125,0.000952236290827868,0.522377124581081,0.984666140201456,"CALI"
74788,1058.364,415.33248805574,230.726488008432,1.80010752835869,0.831501591508888,75500,308.582305182351,0.738508329301168,0.990569536423841,0.839018748113946,0.742976564696131,0.00555346429983072,0.00104386469207837,0.552014175687665,0.993684873416081,"CALI"
71194,1045.404,402.703822421719,228.82287484395,1.75989320428016,0.822879237554693,72636,301.076429080516,0.808728644129407,0.98014758521945,0.818624886606765,0.747637375950268,0.00565642922748713,0.00109014969729719,0.558961645917802,0.983712802103995,"CALI"
69411,992.04,377.084049114806,235.018346550487,1.60448771191487,0.782021151109273,70029,297.282407887874,0.770924963347994,0.991175084607805,0.88629805854221,0.788371739896545,0.00543262666025279,0.00129453505618291,0.621530000267506,0.99723724801566,"CALI"
70873,1041.884,406.914824317811,225.256386716285,1.80645188467099,0.832801756526241,72616,300.396914521463,0.703447112187472,0.975997025448937,0.820449667050868,0.738230451606368,0.00574146465251662,0.0010518898893056,0.544984199678942,0.984487734625935,"CALI"
81411,1150.387,397.07148703822,262.387261516916,1.51330321732338,0.750556657235043,82770,321.956060008869,0.725840532805521,0.983581007611453,0.773045440121814,0.810826439365762,0.00487736899237475,0.00130040006473481,0.65743951477456,0.994905332903865,"BARBUNYA"
85601,1136.724,407.760352020811,268.769415763924,1.51713821627298,0.752023998543257,87003,330.137211275667,0.781594397421499,0.983885613139777,0.83248926744689,0.809635389118994,0.00476349986589889,0.00126259437933309,0.655509463313865,0.994498457922057,"BARBUNYA"
71223,1077.275,359.834156641862,255.009528013283,1.41106161579625,0.705523751493925,72555,301.137742726933,0.796945283652232,0.981641513334712,0.77121765656717,0.83687925998268,0.00505221847776507,0.001528667758477,0.700366895789158,0.988260843622451,"BARBUNYA"
67943,1015.562,383.738164787472,227.10511507653,1.68969406372974,0.806067865312414,68691,294.121937957612,0.685185558693021,0.989110654962077,0.82783102514751,0.766465170647039,0.00564794261053342,0.00120237444257501,0.587468857814995,0.992642641676087,"CALI"
67437,1041.175,380.647880106202,226.566395285869,1.68007210259898,0.803568304866449,68653,293.024666501483,0.799983392251299,0.98228773687967,0.781736955174288,0.769805066088187,0.0056444960497383,0.0012227227579964,0.592599839775038,0.995610458810666,"BARBUNYA"
62934,992.28,368.341716775576,218.16744810738,1.68834406769191,0.805720208267317,64268,283.072530472956,0.678892352833303,0.979243169228854,0.803205592829159,0.76850521562136,0.00585282544849487,0.00125930988382851,0.590600266437233,0.997136456216561,"BARBUNYA"
77038,1054.205,397.260984542753,248.032287896445,1.60165028477507,0.781139909448553,77933,313.189763637491,0.79685140362854,0.988515776372012,0.871093393633882,0.788372822460711,0.00515668870612883,0.0012287888323235,0.621531707194668,0.995476435825073,"CALI"
88625,1140.249,447.482797124421,253.791426143472,1.7631911523735,0.823612122798352,89422,335.917928447045,0.796614892316543,0.991087204491065,0.856577597995522,0.750683446616706,0.00504917119463381,0.000989070425031849,0.563525637024337,0.99360341733695,"CALI"
85330,1118.881,426.934459172948,258.292991232303,1.65290764234858,0.796229664641597,87158,329.614214426883,0.80369588968843,0.979026595378508,0.856532431391894,0.7720487474012,0.00500333363615315,0.00109652393848884,0.596059268363762,0.985230919971166,"CALI"
83592,1112.64,430.592612490188,249.247135108034,1.72757296609869,0.815436348147096,84331,326.240156975658,0.78498985801217,0.991236911693209,0.848526171836382,0.757653864726004,0.00515112226636745,0.00104704414497117,0.57403937873425,0.991694912177379,"CALI"
65553,977.31,338.746541571105,247.102547140464,1.37087434140672,0.684021912544622,66402,288.902530061653,0.755358130530973,0.987214240534924,0.862457594203842,0.852857504379894,0.0051675215714171,0.00168642861183901,0.7273659227771,0.997127280348746,"BARBUNYA"
50683,905.491,314.937583167549,205.456210842022,1.53286961672679,0.757899604177092,51613,254.030706501817,0.769883947016648,0.981981283785093,0.776790492475284,0.806606515319166,0.00621387019646724,0.00162251545514287,0.650614070555329,0.997306540969206,"BARBUNYA"
74095,1056.298,423.572758856021,225.373534755855,1.87942545833908,0.846695655830789,75501,307.149286287876,,0.98137773009629,0.834499059203723,0.725139376567607,0.00571661730016899,0.000975000497797569,0.525827115448857,0.988252867459583,"CALI"
63213,964.795,359.608005633344,225.867033241839,1.59212258855105,0.778138814207932,64317,283.699297393109,0.798143939393939,0.982835020290125,0.853387304323703,0.788912629721511,0.00568882991842412,0.00135930948514576,0.622383137334111,0.990910251682911,"CALI"
94151,1158.189,444.169020431275,271.541878569887,1.63572934963311,0.791361815518335,95228,346.232257850652,0.793906840259039,0.988690301171924,0.882014915470673,0.779505642952025,0.00471762403406522,0.00107443499185704,0.60762904739405,0.993916666512055,"CALI"
93368,1170.46,442.98134020969,269.076069957099,1.64630522617756,0.794380261223002,94486,344.789544233628,0.735053770213034,0.988167559215122,0.856435709622218,0.778338753660409,0.00474446641472121,0.00107409268244684,0.605811215449639,0.997350170071718,"BARBUNYA"
55699,948.396,317.463903549255,223.77110151035,1.41869929319078,0.709335508004519,56924,266.304655239453,0.736759259259259,0.978480078701427,0.778176004361672,0.838850188201429,0.00569963380939074,0.00174086198568674,0.703669638245574,0.998295618418805,"BARBUNYA"
56277,944.618,335.312633855281,213.921529660294,1.56745622746694,0.770055958425772,57408,267.68283818553,0.698243132583935,0.980298913043478,,0.798308238815304,0.0059582535290666,0.00149272974557844,0.637296044160393,0.998933653159254,"BARBUNYA"
69542,1009.509,389.898101368834,229.614857633414,1.69805257981745,0.808198683693514,70904,297.562807521324,0.746399055489965,0.980790928579488,0.857504979045117,0.763180960555223,0.00560665642876009,0.00117325878712927,0.582445178553992,0.989022538045839,"CALI"
65277,1009.049,365.332350315646,229.355732171786,1.59286339546123,0.778374508809553,66391,288.293700523749,0.801968155683326,0.983220617252338,0.805648380174106,0.789127216012118,0.0055966473691445,0.00133873862685672,0.622721763051035,0.991910701921073,"BARBUNYA"
69810,1022.531,400.084103815418,223.755742193142,1.78803949294884,0.828984375498152,70894,298.135627891001,0.780540709765424,0.984709566394899,0.839024292620997,0.745182388022466,0.00573104288519436,0.00109009349774638,0.555296791418866,0.992892593364708,"CALI"
81676,1102.785,427.143993069789,245.508327524895,1.73983504908393,0.818317019767624,83192,322.479632001448,0.752579979360165,0.981777093951341,0.843961477989787,0.754967030400822,0.00522973692479785,0.00104802477822654,0.569975216992235,0.991662859632309,"CALI"
71853,1046.04,402.669560783907,229.783087895828,1.75238989288218,0.821193898661499,73226,302.466660985729,0.778101446764273,0.981249829295605,0.825198035547984,0.751153527465285,0.00560407444064837,0.0011005214266712,0.56423162182354,0.988753791328091,"CALI"
77492,1134.539,428.923012859087,231.931768725576,1.84934998433351,0.841195870341308,78865,314.1112522668,0.736280024323503,0.982590502757877,0.756532996917508,0.732325482312123,0.00553506184972755,0.000982016592955377,0.536300612043683,0.991807528481039,"BARBUNYA"
64222,977.412,337.046068614996,243.183425022084,1.38597467563584,0.692399946099988,65307,285.95452442999,0.716299716701242,0.983386160748465,0.844769755553376,0.848413766121189,0.00524814033532117,0.00167732039940451,0.71980591854394,0.997632774474699,"BARBUNYA"
80599,1106.493,434.394910284079,239.280659892285,1.81542006144428,0.834613040492392,82146,320.346428208759,0.675667292602776,0.981167677062791,0.827260286243731,0.737454377629018,0.00538958188419309,0.00098327606870298,0.543838959084203,0.987296156516434,"CALI"
68400,1003.086,380.684300008298,231.173165383735,1.6467495237883,0.794505547768922,69457,295.109445561956,0.80593849416755,0.984781951423183,0.854259127240881,0.775207818014884,0.00556555994164178,0.0012398273231271,0.600947161111397,0.989609451382122,"CALI"
72581,1058.631,406.680186457365,231.087062655315,1.7598570070708,0.822871167145209,74418,303.995064756688,0.704943667443667,0.975315111935285,0.813848555235377,0.747503996702721,0.00560312184259468,0.00107910549855334,0.558762225086541,0.983341617105021,"CALI"
64652,978.747,376.212799589694,219.29376132191,1.71556544664961,0.812545196157773,65266,286.910235171591,0.79296472550655,0.990592345172065,0.8481075716849,0.762627522201534,0.00581904348805442,0.00121417493411958,0.581600737619252,0.997774129205512,"CALI"
76438,1082.556,426.84969549111,228.689551560139,1.86650283136727,0.84436948066893,77160,311.96776166852,0.738025122862577,0.990642820114049,0.819631114250953,0.73086092121862,0.00558426038738729,0.000982843539798168,0.53415768616453,0.997006833622684,"CALI"
76288,1060.929,416.775439144619,234.025112374882,1.78090049787901,0.827467450902647,76857,311.661512524014,0.79812520924004,0.992596640514202,0.85171334457709,0.747792415895863,0.00546318476227741,0.00105377981639733,0.559193497271372,0.995867977701294,"CALI"
58984,924.535,349.139239490585,215.54298533799,1.61981258143522,0.786684399066414,59646,274.045181141101,0.684777561066221,0.988901183650203,0.867156275240054,0.78491658955593,0.0059192194407057,0.00138592023648448,0.616094052560112,0.997956897684283,"BARBUNYA"
75291,1077.8,420.583886097055,230.784727954906,1.82240779025567,0.836003172703591,76797,309.618278792863,0.798013736380209,0.980389858978866,0.814472773058185,0.736162960654691,0.00558611103713664,0.00101201086930153,0.54193590463988,,"CALI"
67548,1071.834,369.828363143268,232.834613734292,1.58837364089392,0.776939885005323,68736,293.265723820174,0.719713597715601,0.982716480446927,,0.79297791366685,0.00547504534765304,0.00133540146620191,0.628813971563429,0.998791537457173,"BARBUNYA"
81592,1092.977,432.959509701229,242.334919398497,1.78661626964815,0.828683634295748,82729,322.313761626821,0.808546059933407,0.986256330911772,0.858292656630481,0.744443197123073,0.00530639657933657,0.00100532325671928,0.554195673742823,0.990135007277548,"CALI"
62353,974.133,336.414515010005,236.400621621733,1.42306950253415,0.711479979964662,63337,281.762853003854,0.767421538461538,0.984464057344049,0.825716011055448,0.837546658756608,0.0053953220375925,0.00163769557859112,0.701484405594358,0.99826106410463,"BARBUNYA"
57583,926.308,332.545273416084,220.723073123127,1.50661763045759,0.747964781748452,58564,270.771033724963,0.718082055119092,0.983249095007172,0.843321789582262,0.814238106419186,0.00577505988600948,0.00156582040766349,0.662983693945102,0.998862922003591,"BARBUNYA"
79453,1159.254,404.925431502282,250.169740235192,1.61860275795786,0.78632206100049,80866,318.060845669257,0.727245267821184,0.982526649024312,,0.785480043792864,0.00509641462880297,0.00119669958117078,0.61697889919684,0.998643747841808,"BARBUNYA"
74685,1046.325,404.960455586061,235.026701177456,1.72304020588834,0.814353259871608,75389,308.369738136779,0.745336965959103,0.990661767631883,0.857255036108421,0.7614811122496,0.00542224617508283,0.00112459341483077,0.579853484312889,0.999110866995551,"BARBUNYA"
82299,1145.17,421.062064022624,249.711194646781,1.68619618603091,0.805165043060857,83888,323.707184492651,0.770503314234356,0.981058077436582,0.788614027161516,0.76878734075473,0.0051162476339035,0.0011024431749446,0.59103397530473,0.996599234973521,"BARBUNYA"
71970,1040.987,390.966966288909,236.046193379099,1.65631548932036,0.797173936484888,73124,302.712817757342,0.780128774904069,0.984218587604617,0.834585345559576,0.774266994039718,0.0054323602374449,0.00120429063604346,0.599489378059301,0.992943542562648,"CALI"
94276,1160.889,445.584193376537,271.786543769736,1.63946377622745,0.792435643349853,95109,346.462020024493,0.827200140387821,0.99124162802679,0.87908246973084,0.777545579880386,0.00472637992040961,0.0010656432019879,0.604577128791525,0.9911823025893,"CALI"
81020,1107.628,381.551457462492,271.338210810013,1.40618402518195,0.703045898944221,82059,321.181985663024,0.804025087329311,0.987338378483774,0.829877999128329,0.841778951125084,0.00470934901829786,0.0014585888467787,0.708591802557246,0.996410473130881,"BARBUNYA"
73299,1042.622,408.651688389445,229.42789650018,1.7811769824997,0.827526591328412,73978,305.494984229762,0.715628844238767,0.990821595609506,0.847333046661379,0.747568143995101,0.00557513319949038,0.00107408377673869,0.558858129916281,0.995425237489707,"CALI"
72058,1035.943,397.717023865404,233.410215443555,1.70394009152347,0.809677482084876,73724,302.897829497879,0.764541114058355,0.977402202810482,0.843762748341313,0.761591310711372,0.00551940136924983,0.00114540654711308,0.580021324551066,0.988321588841107,"CALI"
82787,1093.363,427.020478638134,248.542531471147,1.71809821083965,0.813160939765591,83424,324.66549276138,0.812577295302409,0.992364307633295,0.870248459223017,0.760304268771401,0.00515806199811727,0.00106320261497084,0.578062581112015,0.9931682863619,"CALI"
78152,1091.403,379.42826924387,262.735385083644,1.44414605258852,0.721465158786122,79157,315.446060207038,0.816481748469462,0.987303712874414,0.824479143927584,0.831372055739716,0.00485500395695401,0.00143070812062511,0.691179495064881,0.998164139428076,"BARBUNYA"
76097,1053.506,404.92155747317,242.383368929345,1.67058309017565,0.80105302572698,77694,311.271119180228,0.753831218362111,0.979445002188071,0.861595402781553,0.768719554282691,0.00532112379559207,0.00114618531477206,0.590929753136579,0.98719725307164,"CALI"
78121,1069.584,412.380111209001,242.373787897221,1.70142206707547,0.809047225361566,78892,315.383491125099,0.70218598881838,0.990227145971708,0.858119680955863,0.764788316780044,0.00527873569474279,0.00111397298704434,0.584901169483253,0.995163756817056,"CALI"
59508,928.142,343.741918244747,222.095662011479,1.54772009111542,0.76324289747499,60177,275.259766090324,0.783783783783784,0.98888279575253,0.868073237052343,0.800774509829601,0.00577639843793687,0.0014651357507854,0.641239815592838,0.992459745816185,"BARBUNYA"
73611,1116.098,390.958135501984,240.577502162155,1.62508186338417,0.788251183303667,75022,306.144469372713,0.77389137702643,0.981192183626136,0.7425879914143,0.78306202524633,0.00531113740476266,0.00123183333666183,0.613186135382885,0.996477667489358,"BARBUNYA"
66617,1018.106,406.266351478583,209.715421088074,1.93722688284313,0.856466989306793,67508,291.23770145986,0.798851194973079,0.986801564259051,0.807623488476112,0.716863949967594,0.00609853868349795,0.000993464857845993,0.51389392276314,0.995529122106466,"CALI"
77123,1075.07,392.003214583129,252.447647800033,1.55280993108575,0.76503069166074,78234,313.362495216977,0.667165521894842,0.98579901321676,0.838533259082244,0.799387565099991,0.00508283151048493,0.00128030968138723,0.639020479236492,0.992277346325602,"BARBUNYA"
59244,934.803,340.330062031548,222.213422041847,1.53154592960392,0.757413913216703,60023,274.648509168155,0.704455463204081,0.987021641704013,0.851949872661342,0.807006314777727,0.00574454901815455,0.0015029461996709,0.651259192091127,0.997433364764301,"BARBUNYA"
79796,1110.388,431.547632918822,238.290287590539,1.81101645930431,0.833727508220574,81173,318.74664345164,0.687517231872071,0.983036231259163,0.813282572868782,0.738612887981243,0.00540813615868993,0.000992875753723456,0.545548998291992,0.987998215263774,"CALI"
81589,1105.07,431.522858776339,242.806359864272,1.77723046059238,0.826679404965603,82925,322.307836106101,0.709642347702049,0.983889056376244,0.83957963593811,0.746907908934566,0.00528898330383187,0.0010153603296959,0.557871424429005,0.991466088589286,"CALI"
72648,1044.995,397.286643546829,234.556131938901,1.69378067528125,0.807114300610465,73835,304.13534231641,0.688150042625746,0.98392361346245,0.835997736816845,0.765531253709417,0.00546865217964471,0.00115854196262573,0.586038100405913,0.992620009446066,"BARBUNYA"
79814,1075.684,380.940448421128,267.549826203055,1.42381123481656,0.711841353581408,80880,318.782592096075,0.789956055267429,0.986819980217606,0.866801238096751,0.836830516206201,0.00477285248729707,0.00144380257032108,0.700285312853937,0.997074096018467,"BARBUNYA"
61137,978.126,345.909999354597,225.736262648276,1.53236345501815,0.757714067287455,62582,279.00187462896,0.757752658585558,0.976910293694673,0.803016338283465,0.806573603392572,0.00565794853124289,0.00147711658526454,0.650560977689678,0.996895867472543,"BARBUNYA"
74674,1078.137,426.547577332749,224.097538999017,1.9034014350984,0.850870641957755,75550,308.347028141271,0.799721552878179,0.988405029781602,0.807293355946244,0.722890117133943,0.00571212975510552,0.000962203598012656,0.522570121449925,0.994660719107335,"CALI"
61959,933.915,338.5276255776,234.384298453174,1.44432723442536,0.721548519059504,62621,280.871231976943,0.822304507087116,0.989428466488878,0.892687723133778,0.829684819659008,0.00546373610900112,0.00159706302267428,0.6883768999726,0.994241504179728,"BARBUNYA"
67467,1011.524,393.331477319956,220.073249836638,1.78727527135592,0.828822990777532,68144,293.089836679212,0.73940489889857,0.990065156139939,0.82860753847656,0.745147168683878,0.00582998321134712,0.00110870317011642,0.555244302997599,0.99237441230886,"CALI"
68056,1054.621,359.731354726464,242.202544394261,1.48525010596457,0.73938098581491,69299,294.366422094124,0.71680148297944,0.982063233235689,0.768924066367278,0.818295147827628,0.00528581395801198,0.00146194670272728,0.66960694895824,0.994533791894836,"BARBUNYA"
75025,1071.293,406.269449628215,238.537327426191,1.70316928596395,0.809484899845373,76620,309.070860554268,0.706929368309965,0.979182980944923,0.821484424937455,0.76075338875986,0.00541512095472462,0.00111882846423119,0.578745718509611,0.985701932148707,"CALI"
75677,1039.343,394.206488316866,245.719369243646,1.60429554060097,0.781961645839743,76411,310.410935739904,0.825897631779985,0.990394053212234,0.880351240543087,0.787432335437345,0.00520906600838915,0.00123535734847507,0.620049682892312,0.994742941215184,"BARBUNYA"
80324,1099.039,404.783022752804,254.228338593502,1.59220260413231,0.778164291198441,81394,319.799457772066,0.779224306862498,0.98685406786741,0.835658786186036,0.790051557985827,0.0050393783022858,0.00121109569352751,0.624181464275833,0.993823352871098,"BARBUNYA"
72742,1056.484,405.366258801123,230.497062972078,1.75866127565464,0.822604246055412,74140,304.332040644959,0.661856495550743,0.98114378203399,0.818972375805458,0.750758194687999,0.00557265759535239,0.00109204980894765,0.563637866891183,0.991248089994109,"CALI"
68282,1027.342,374.666593910746,232.819082140859,1.60926067771398,0.783490815640782,69244,294.854782212543,0.795920270427789,0.986107099532089,0.812991510310865,0.786979108905515,0.00548704774187555,0.00129828881836178,0.619336117853719,0.996673260750023,"BARBUNYA"
79101,1086.698,419.85999178588,242.908886575887,1.72846698901941,0.815648797688183,80579,317.35551236444,0.808654848800834,0.981657752019757,0.841732512442889,0.755860330998826,0.00530789739429186,0.0010687312170735,0.571324839977655,0.987516125908173,"CALI"
75754,1051.198,381.67756354254,254.85110745119,1.49764922491318,0.744418714195356,76767,310.568814390414,0.723623754620918,0.986804225774096,0.861482345426425,0.813694186024113,0.00503838165037543,0.00136243463651252,0.662098228369444,,"BARBUNYA"
86875,1114.452,427.90998484529,260.113048256408,1.64509234624583,0.794037625919605,87578,332.584854509142,0.837349397590361,0.991972869898833,0.878985975330887,0.777230880997993,0.00492558255937024,0.00110876001667756,0.604087842376916,0.993780285954422,"CALI"
78934,1118.223,432.372892877464,236.101446328628,1.831301330851,0.837746213218889,80988,317.020330931827,0.772612930064112,0.974638218007606,0.793262882816015,0.733210467525013,0.00547765085865994,0.000976537073770038,0.537597589688247,0.984503181458378,"CALI"
67162,1026.783,367.148330894456,233.501495555519,1.57235965457515,0.771699927577241,68174,292.426596436615,0.69742471443406,0.985155631179042,0.800527296519875,0.796480800346275,0.00546660806549024,0.00135705967564037,0.634381665320244,0.997476136151743,"BARBUNYA"
80223,1078.637,423.509010858268,243.036012442693,1.74257718681971,0.81895154562199,80860,319.598335410698,0.815174978661139,0.992122186495177,0.866479187348638,0.754643531109318,0.00527914701342842,0.00105611432509218,0.569486859045141,0.992374808765674,"CALI"
74547,1070.415,419.083884901901,229.379030685731,1.82703660246992,0.836914000448067,75913,308.084709684483,0.725744270721782,0.982005717070857,0.817590171672376,0.735138526637928,0.00562174044430898,0.0010128083829464,0.540428653347384,0.987382930689198,"CALI"
77593,1059.919,405.248927100935,245.893131720477,1.64806932290247,0.794877001640793,78724,314.315885686097,0.688833848229821,0.985633351963823,0.867934701969094,0.775611888561053,0.00522275111287017,0.00116588824149471,0.601573801677244,0.991435328006082,"CALI"
89440,1183.885,479.134376927946,241.077536073865,1.98747002616263,0.864197790527971,91072,337.458952883329,0.690635038299975,0.98208011243851,0.801904440798781,0.704309624049534,0.00535704804257542,0.000813129645990421,0.496052046528795,0.985888573892611,"CALI"
72255,1067.662,367.936295900142,251.764054670595,1.46143299281363,0.72923822114818,73640,303.311594412148,0.710108892208507,0.981192286800652,0.796544783894253,0.824358993097182,0.00509219148709628,0.00145060780441854,0.6795677495002,0.9931427299717,"BARBUNYA"
71014,1012.162,401.813230435126,226.776061439047,1.7718502909229,0.825513912563587,71424,300.695581992524,0.668021259583275,0.994259632616487,0.871071456816493,0.748346642709846,0.00565822556728428,0.00109463990949948,0.560022697655098,0.992276379763615,"CALI"
79821,1153.44,399.727270259988,254.819103656448,1.56867073356834,0.770464909468599,81088,318.796571029717,0.718137651821862,0.984375,0.75394039363725,0.797535206498089,0.00500779582140024,0.00124975772816946,0.636062405603949,0.997772480393992,"BARBUNYA"
58102,907.665,334.803581613498,223.866256492737,1.49555179444545,0.743577709460731,58986,271.988536574986,0.805294525294525,0.985013393008511,0.886236775629253,0.812382398253353,0.00576234177159991,0.00154817765942447,0.65996516099187,0.987012080792872,"CALI"
76883,1067.951,407.514431689348,240.755041911488,1.6926517029669,0.806826104142912,77526,312.874537023826,0.763576593039886,0.991706008306891,0.847105559208052,0.767763084430672,0.00530044914596657,0.00113606018879549,0.5894601538145,0.997750733185243,"CALI"
73769,1047.573,399.922334162741,236.158653491283,1.69344772359783,0.807029377562893,74575,306.472850307443,0.801532025859727,0.989192088501509,0.844724649674883,0.766330920099924,0.00542127904896015,0.00115331229180493,0.587263079101196,0.994499324456971,"CALI"
89001,1134.402,436.04579771664,262.256950934232,1.66266631318378,0.798915267987865,90415,336.629756143117,0.802881319236459,0.984361002046121,0.869102067998549,0.772005504710476,0.00489933593686183,0.00107349140113863,0.595992499303276,0.990936651501768,"CALI"
64828,1010.288,356.174453999774,232.84802029753,1.52964347107035,0.756713099477547,65960,287.300492874779,0.743406265767625,0.982838083687083,0.798145553209741,0.806628576666427,0.00549414533843052,0.00143474368469244,0.650649660694907,0.995262005436105,"BARBUNYA"
73550,1024.467,397.507968120393,237.351058985172,1.67476804114545,0.802168585980145,74442,306.017595107326,0.813570196009026,0.988017516993095,0.88063632198381,0.769840153278744,0.005404595079815,0.00117096836230024,0.592653861600241,0.99255774686952,"CALI"
69417,1047.174,366.412999804203,243.356273763161,1.50566490083918,0.747591875417859,70839,297.295256398216,0.790266393442623,0.979926311777411,0.795496005880097,0.811366563296277,0.0052784332339946,0.00141108514714174,0.658315700035211,0.991202843214395,"BARBUNYA"
78182,1058.6,406.8571780961,246.494280154237,1.65057451978813,0.795579158856596,79204,315.506599117173,0.748009950248756,0.987096611282258,0.876703743095407,0.775472613248696,0.00520397505942672,0.00116086262352561,0.601357773898762,0.992585818873808,"CALI"
77815,1075.607,432.770169915289,230.696365667083,1.87592972548089,0.846071764971628,78443,314.765206421496,0.850251311188811,0.991994186861798,0.845212567465625,0.727326484824746,0.00556152631131902,0.000960044508675089,0.529003815527522,0.992373982440888,"CALI"
53249,919.923,325.386628599228,208.917420517111,1.55748921173654,0.766655210848033,54195,260.381897446045,0.696684634707976,0.982544515176677,0.790712065502505,0.8002231024888,0.00611066177015958,0.00154565424119724,0.640357013756801,0.997349140586047,"BARBUNYA"
90481,1198.799,409.764132343965,281.977795010616,1.45317872397909,0.725571674686652,92264,339.417128688554,0.791146047373805,0.980675019509234,0.791178563508707,0.828323178866323,0.00452873125124573,0.00131509028399474,0.686119288647211,,"BARBUNYA"
75515,1043.179,403.919394087047,239.473009678083,1.68670112189271,0.805295779513881,76287,310.07851299417,0.706262509118797,0.989880320369132,0.872017938828602,0.767674237814258,0.00534886306147185,0.00114590630261453,0.589323735403701,0.994013005663425,"CALI"
86177,1130.442,441.204483948386,250.511446358754,1.76121486806852,0.823173516561463,87187,331.246078084922,0.769080426944633,0.988415704176081,0.847431622272596,0.750776771624272,0.00511974754224893,0.00100339427502834,0.563665760810564,0.992736518560718,"CALI"
68164,1012.348,352.571704264857,250.020104997026,1.4101734109305,0.705075097136271,69862,294.599898722535,0.792088872362183,0.975694941456013,0.835805593740934,0.835574424036101,0.00517240338396891,0.00155529473902058,0.698184618103263,0.984561384369885,"BARBUNYA"
93262,1206.743,410.561395986062,290.601620755532,1.41279802541585,0.706397593003915,94988,344.5937701426,0.729726769115208,0.981829283698994,0.804794522969061,0.839323359457541,0.00440223666644573,0.00134762913154785,0.704463701731093,0.995264926782832,"BARBUNYA"
76480,1065.587,374.260119988456,263.14362354949,1.42226558614698,0.71108746356262,77821,312.053457569925,0.747035495907324,0.982768147415222,0.846408305381934,0.833787627651994,0.00489356851449341,0.00145890570235131,0.69520180802554,0.988761606981885,"BARBUNYA"
70342,1013.073,382.584615755145,236.822182574075,1.61549315860847,0.785386236117806,71805,299.269470637686,0.723668237279068,0.979625374277557,0.861277485431703,0.782230801536513,0.00543892149434399,0.00125612310721766,0.611885026872456,0.988496074767414,"CALI"
84648,1132.054,439.915709991494,248.96194087164,1.76699984122596,0.824452603249306,86779,328.294351128286,0.767183874709977,0.975443367635027,0.830027111673694,0.746266486219902,0.00519700063783543,0.000994279045828914,0.556913668454999,0.984066363736549,"CALI"
83296,1142.638,446.765888808539,239.013316554206,1.86920919407106,0.844861177390052,84270,325.662035119632,0.702587806606161,0.988441912899015,0.801708862246225,0.728932184120246,0.00536359355561539,0.000934080113863624,0.531342129046312,0.99318959281066,"CALI"
60814,920.166,349.681361377743,222.401283013891,1.57229920906482,0.77167977685448,61353,278.263884960884,0.796328305049235,0.991214773523707,0.902570364577331,0.795764131849996,0.00575001416413561,0.00142228332038847,0.633240553538977,0.995643621477105,"CALI"
80609,1116.248,416.612917326733,247.140522279567,1.68573293235764,0.805044976786211,81672,320.366300446156,0.822456892153862,0.986984523459692,0.812965302098828,0.76897831805562,0.00516831764848507,0.00111477017110939,0.591327653639651,0.996820499554131,"BARBUNYA"
58635,926.523,353.294517548406,211.927699146049,1.66705210773291,0.800104026234352,59458,273.233234994475,0.728204172876304,0.986158296612735,0.858330181852241,0.773386569626116,0.00602531794232807,0.00132967724074619,0.598126786078051,0.997108519422925,"BARBUNYA"
73346,1040.579,378.651410166674,251.093241928912,1.5080111565642,,75533,305.59291164578,0.70508050949291,0.971045768074881,0.851208955022129,0.807056050606715,0.00516253660958572,0.00135100730863523,0.651339468820909,0.982227185692532,"CALI"
71467,1046.223,397.866836665494,232.016115494601,1.7148241440787,0.812364372189452,73216,301.653129510681,0.771223844518545,0.976111778846154,0.820477903462932,0.758176107460536,0.0055671405916786,0.00113472945682525,0.57483100992401,0.985734094582837,"CALI"
58641,910.692,344.153555924173,217.283775777593,1.58388979891643,0.775492274762003,59181,273.247214336788,0.704904435629282,0.990875449891012,0.888522006472169,0.793968882881432,0.00586882140352608,0.00143861499939491,0.630386586983989,0.998462884497683,"BARBUNYA"
73636,1045.21,412.040875200504,230.183273676401,1.79005567441778,0.829409001574042,74832,306.196451834633,0.758258505642969,0.984017532606372,0.847018587255316,0.743121545127371,0.00559564445652268,0.00105261434953131,0.552229630832491,0.988521784253338,"CALI"
84154,1169.542,416.682289980301,258.039787426189,1.61479860968918,0.78517632165062,85493,327.334997590607,0.75748220023943,0.984337899009276,0.773130813252209,0.785574538351707,0.00495142583810991,0.00116321404363733,0.617127355306497,0.996536395350093,"BARBUNYA"
69965,1014.949,388.299901745677,232.634139912626,1.66914409850384,0.800667139920791,71261,298.466421473833,0.786698150334514,0.981813334081756,0.853497517932223,0.768649232544276,0.00554991641171554,0.00119503051888183,0.590821642690905,0.986166458165871,"CALI"
64654,956.994,359.566406790019,230.46235522709,1.5601958351754,0.767586657370401,65352,286.914672899988,0.708412771459251,0.989319378136859,0.887129115672568,0.797946269400917,0.00556139460497446,0.00139077882083998,0.636718248850841,0.993405160037253,"CALI"
71544,1034.654,407.011668139508,226.125651538697,1.79993585588345,0.831466190665013,72741,301.815589372936,0.790716180371353,0.983544356002804,0.83983273700221,0.741540385691068,0.0056889699784679,0.00106109101896555,0.549882143610859,0.989752586795239,"CALI"
52894,918.483,331.62482774479,203.507298976002,1.62954758582834,0.789564750692887,53879,259.512490025474,0.717888165038002,0.981718294697377,0.787905314774461,0.782548435200963,0.00626961144448878,0.00145032488470953,0.612382053435475,0.997905696780378,"BARBUNYA"
76545,1087.242,423.814790163853,230.933358042765,1.83522551161868,0.838506129900632,77800,312.18603580518,0.80193818753274,0.983868894601542,0.81371861241262,0.736609582889932,0.00553680567200801,0.00100551487997268,0.542593677605279,0.995781759584208,"BARBUNYA"
83051,1110.932,433.047350018047,246.855926405087,1.75425138186645,0.821614353932246,84323,325.182744667979,0.735719854009426,0.984915147705845,0.8456288219316,0.750917294966538,0.00521423402509358,0.0010226775211146,0.563876783879862,0.989181627323656,"CALI"
85716,1121.69,433.092344173393,252.959551044475,1.71210117342929,0.811697800414377,86374,330.358896984052,0.807042651351097,0.992381966795563,0.85610308881645,0.762790895356462,0.005052642962497,0.00105516499721442,0.581849950038714,0.996185982221056,"CALI"
74367,1073.76,407.230424148262,233.021294235238,1.74761034387337,0.820107182702962,75422,307.71253666908,0.675572311046512,0.986012038927634,0.810542297851191,0.755622660837958,0.00547595605777108,0.00110118328933097,0.570965605571835,0.997825398293263,"BARBUNYA"
71997,1035.853,398.058946634214,233.533026032371,1.70450815200347,0.809819212939527,73870,302.769594745406,0.690817501439263,0.974644645999729,0.843194971935747,0.760614972494584,0.00552882684881612,0.00114149031799954,0.578535136382937,0.986117856185154,"CALI"
74727,1064.7,404.491938449203,237.44904236286,1.70348944945869,0.809564928533419,75848,308.456433648943,0.774919113987058,0.985220440881764,,0.762577456627554,0.00541292890721162,0.00112914037223522,0.58152437735655,0.990620641429919,"CALI"
57779,949.15,329.233042390183,223.891448209594,1.47050298268639,0.733175547220263,58873,271.23146509071,0.716443265093556,0.981417627775041,0.80595386250786,0.82382820120851,0.00569814365756041,0.00161904818942735,0.67869290510645,0.998019941287124,"BARBUNYA"
68632,1009.219,390.756361635709,226.278945379638,1.72687901200936,0.815271175852238,69718,295.609499905304,0.685634365634366,0.984422961071746,0.846770427869991,0.756505917569404,0.0056935010146245,0.00115029301663622,0.572301203317526,0.988294936556735,"CALI"
66737,963.422,366.609058320587,232.925677649542,1.57393148758886,0.772222930704452,67677,291.499892790702,0.729206730769231,0.986110495441583,0.90353176509691,0.795124632561028,0.00549334040068609,0.00135443168733782,0.63222318130531,0.995075972240029,"CALI"
88631,1174.734,424.329059240033,267.761856237933,1.58472556622469,0.775763239958486,90381,335.929299242299,0.768512416759156,0.980637523373275,0.807079722843121,0.791671680096442,0.00478759191750102,0.00116005164939419,0.626744049066723,0.993217318035216,"BARBUNYA"
66973,1016.147,397.999740974901,217.26436491728,1.83186847565377,0.837856385358109,68392,292.014848988109,0.795026115859449,0.979251959293485,0.815073059356827,0.733706128232189,0.00594268945657058,0.00106231028189667,0.538324682605469,0.986140015731279,"CALI"
79053,1067.951,414.148278923826,244.868284984843,1.69131040775436,0.806482822577803,80109,317.259209054598,0.809927770093745,0.98681796052878,0.871014863780993,0.766052221390374,0.00523886859352367,0.00111288624075598,0.586836005897127,0.99252184441881,"CALI"
66700,1020.511,356.96935953013,238.923523582794,1.49407372776515,0.742982347085351,67735,291.419075617632,0.795012991966435,0.98471986417657,0.804822885671531,0.816369998817882,0.00535186446072159,0.00146633436832859,0.666459974969908,0.995740339209561,"BARBUNYA"
73944,1067.612,369.354890970952,255.971557095309,1.44295286227222,0.720915155766275,75339,306.836153176083,,0.981483693704456,0.815240808077501,0.830735319003031,0.00499506235760781,0.00146747724986831,0.690121170239067,0.995812317911113,"BARBUNYA"
78993,1097.334,444.301052147047,228.883965074802,1.94116285953821,0.8570969576569,79954,317.138788793274,0.803509307293256,0.987980588838582,0.824367383703826,0.713792567586162,0.00562456233016909,0.000900651097806921,0.509499829541246,0.989022146046514,"CALI"
72515,1103.397,386.004731716765,239.862386616141,1.6092757900158,0.783495443819383,73844,303.856817574446,0.698065075086638,0.982002600075836,0.748469517325534,0.787184178346821,0.00532310186467303,0.00126081093330805,0.619658930639559,0.997202115145319,"BARBUNYA"
76909,1054.986,414.616149829211,238.951713477035,1.73514616738272,0.817223889186342,78190,312.927435911325,0.775730250948116,0.983616830796777,0.868347654724084,0.7547401036844,0.00539099650013927,0.0010790424274867,0.569632624109539,0.988395864539829,"CALI"
58078,935.784,352.712324322384,211.088150697438,1.67092431838082,0.801144357441478,58934,271.932356072478,0.722120680865878,0.985475277428988,0.833432219346848,0.77097492012762,0.00607307972592693,0.0013235786336859,0.594402327465791,0.993201303864748,"BARBUNYA"
64474,983.303,381.653165218944,216.794416450083,1.7604381674969,0.823000671026493,65241,286.515002063164,0.789281036150183,0.98824358915406,0.83795317449377,0.75072088528022,0.005919489487529,0.00115978639341834,0.563581847595917,0.992150995016273,"CALI"
70136,1030.908,396.615892909816,226.033867199622,1.75467463271574,0.82170973715186,70887,298.83093666745,0.770505130402303,0.989405673818895,0.829298801827548,0.753451745150816,0.00565495455842671,0.00112416653995969,0.56768953227081,0.996110421533856,"CALI"
70563,998.451,386.31896472033,233.877395956722,1.65180120609782,0.795921585323467,71406,299.739223317782,0.751677780855189,0.988194269389127,0.889474266733923,0.775885345247738,0.00547480924450959,0.00122388031889734,0.601998068970201,0.994381136393536,"CALI"
61883,988.708,349.854532038632,227.073728310412,1.54070897871716,0.760744179682451,63151,280.698918321475,0.680736145028931,0.979921141391269,0.795509054439821,0.802330376244717,0.00565348370374145,0.00144513642287183,0.643734032644989,0.991806804001937,"BARBUNYA"
71556,1076.261,404.605226839836,226.11133324758,1.7894071076783,0.829272587837031,72868,301.840899917604,0.713092699260559,0.98199483998463,0.77628413936263,0.746013348060599,0.00565438575157689,0.00108031794176336,0.556535915484585,0.995869322846367,"BARBUNYA"
74469,1028.495,373.899235659131,256.993060201358,1.45490012596517,0.726343009539693,76127,307.923489940087,0.770469923645167,0.978220605041575,0.884669422275649,0.823546722146307,0.00502087090815146,0.00142466183408444,0.678229203557926,0.986755753689685,"CALI"
70380,1081.527,369.959354616856,244.269549955746,1.51455371610535,0.751036661420282,71769,299.350295069941,0.800081849805607,0.980646240020064,0.756108977567283,0.809143737911316,0.00525659782064302,0.00138991173928063,0.654713588601097,0.99159889860046,"BARBUNYA"
76574,1077.011,418.75224764474,236.70298285841,1.76910422753408,0.824914296333488,78444,312.24516793467,0.680162015242223,0.976161338024578,0.829565954112575,0.74565610021411,0.00546859570669862,0.00104282126971229,0.556003019786514,0.983627292826037,"CALI"
80220,1067.015,406.965070497847,252.306488691065,1.61297901060385,0.784624828011826,80772,319.592359543614,0.829455921583225,0.993165948596048,0.885424372172695,0.785306609121642,0.00507311232233666,0.00119017617054968,0.616706470330132,0.994734592346092,"CALI"
67448,1012.2,386.087900622311,223.832217163618,1.72489870097693,0.814798548302461,68315,293.048563916115,0.802570204664446,0.987308790163214,0.827268093141658,0.759020325277659,0.00572423052755175,0.00117195382569298,0.576111854184604,0.993734588900432,"CALI"
80984,1080.886,414.672582138765,252.43717122495,1.64267639399764,0.79335241960044,82866,321.11062157897,0.768815979342295,0.977288634663191,0.871062473879196,0.774371481043601,0.00512042603648579,0.00113575134721802,0.59965119065366,0.985032855519346,"CALI"
75482,1058.086,416.943418263747,233.570213024321,1.78508814486688,0.828359803210333,76513,310.010753548485,,0.986525165658123,0.847249510766677,0.743531951744063,0.00552374630062461,0.00104138671028553,0.552839763264336,0.986867707414177,"CALI"
76921,1108.051,387.134058070753,254.73720053522,1.51973899869103,0.753011178411264,78431,312.951847766671,0.740023474178404,0.980747408550191,0.78729099778113,0.808381079479903,0.00503287864264314,0.00132574739238014,0.653479969661094,0.993118994757397,"BARBUNYA"
60880,970.236,354.03759595417,219.763653267134,1.61099249439496,0.784020163926205,61670,278.414840630805,0.688423004726689,0.98718988162802,0.812699023931326,0.786399082505481,0.00581533501895811,0.00137191275722407,0.618423516965462,0.996275644188693,"BARBUNYA"
70080,1015.39,392.619581780149,229.127507873903,1.71354188514206,0.812050944606597,70817,298.711612253424,0.683120832845947,0.989592894361523,0.854157961492636,0.760816897871108,0.00560244837015052,0.00115791911896983,0.578842352086216,0.991870615193876,"CALI"
71943,1040.514,392.529688300728,235.733118060448,1.66514442913394,0.799588326176251,73246,302.656030118155,0.67083473201298,0.982210632662534,0.835030909994935,0.771039845236578,0.00545612065525107,0.00118951799249532,0.594502442942446,0.989932430972129,"CALI"
73478,1011.417,376.080740672303,249.56671424923,1.50693469601371,0.748088685864124,74153,305.867774157479,0.776001182832038,0.990897199034429,0.902623617242694,0.813303477361516,0.00511827677226249,0.00138138280647488,0.661462546288334,0.996780861115461,"BARBUNYA"
60813,944.042,359.540496396496,215.890013747574,1.66538734309815,0.79965410974351,61634,278.261597123964,0.702520678342036,0.986679430184638,0.857479329729133,0.773936732893369,0.00591223087820855,0.00130843751420612,0.598978066521662,0.997530490778578,"BARBUNYA"
81272,1094.556,422.554930917108,246.947315451464,1.7111136848951,0.811455144882245,82543,321.681090957669,0.803202055640658,0.984601965036405,0.852461628496827,0.76127638662149,0.00519926827095565,0.00107718779834983,0.579541736827473,0.991661796853364,"CALI"
70122,1023.764,396.455443312324,227.355711524969,1.74376724760127,0.819225840329002,71191,298.80111003127,0.727799227799228,0.984984056973494,0.84074530519563,0.753681441563352,0.0056537954324224,0.00112530730782297,0.568035715357012,0.990522075907316,"CALI"
67549,991.709,384.414406973914,224.282669435808,1.71397285372483,0.812156379933852,68128,293.267894607159,0.766209165154265,0.991501291686238,0.863098335257248,0.762895170646034,0.00569089708173199,0.00118910432049284,0.582009041395042,0.997547697573513,"CALI"
58299,913.932,348.271899412696,213.733865455705,1.62946521680193,0.789540639727465,58881,272.44924705074,0.719119279634883,0.990115657003108,0.877088065954135,0.782288917108104,0.00597389148034607,0.00138008489301191,0.61197594983017,0.997193523767587,"BARBUNYA"
79678,1099.69,430.606332575547,236.761106291656,1.8187376268005,0.835275320207177,80370,318.510879634289,0.757395437262357,0.991389822072913,0.827956913106603,0.739679971098446,0.00540433159185154,0.00099792335607445,0.547126459644198,0.995079478773046,"CALI"
68024,1011.261,380.569640732723,230.330448392748,1.65227673279129,0.796054082805855,69648,294.297208262438,0.699187994655155,0.976682747530439,0.835883038449951,0.773307107986381,0.00559463778567451,0.00123412669154179,0.59800388326226,0.98806790243307,"BARBUNYA"
101496,1239.9,480.481611094244,270.043628169174,1.77927401713488,0.827118900337373,102579,359.483964638814,0.668326024258228,0.98944228350832,0.829631953891288,0.748174240883286,0.00473399553769847,0.000914994774030166,0.559764694721282,0.995974777027014,"CALI"
63278,1028.037,358.981071881661,226.099995460322,1.58770932812627,0.776726354772238,64508,283.84511958417,0.767731916235956,0.980932597507286,0.752393642046298,0.790696618337971,0.00567307866686149,0.00136784880134257,0.625201142251103,0.992637685507276,"BARBUNYA"
75846,1055.133,416.847154458497,233.111272895962,1.7881896026733,0.829016046965034,76592,310.757343453028,0.759424469075726,0.990260079381659,0.856107168408918,0.745494697826871,0.00549596754553301,0.00104713375149063,0.555762344487978,0.993808445970738,"CALI"
84265,1124.466,442.881420042411,244.9378086944,1.80813824702326,0.833144708141658,85624,327.550805581529,0.67020599697765,0.984128281790152,0.837460693361073,0.739590307378807,0.00525581700637762,0.000970029277252429,0.546993822768678,0.989040451833506,"CALI"
85561,1167.001,410.062793659679,266.350348175591,1.53956169559555,0.760331252652738,86847,330.06006830134,0.734051132463967,0.985192349764528,0.789483866511185,0.80490128196138,0.00479263675809865,0.0012408656241956,0.647866073703072,0.997429790949134,"BARBUNYA"
84973,1111.998,435.529790441763,250.374737022715,1.73951172398935,0.818241972550483,86321,328.923978807841,0.808665943394431,0.984383869510316,0.863540683743926,0.755227279571874,0.00512550799008818,0.00102855460402343,0.570368243809534,0.9921622470979,"CALI"
78307,1078.206,423.361623937343,237.520250077274,1.78242328306579,0.827792782798776,79326,315.7587196414,0.781600590889128,0.987154274764894,0.846461016560036,0.745836896374274,0.00540643395784978,0.00103196773956515,0.55627267599321,0.991513369423612,"CALI"
62879,961.969,342.90495927924,233.902098753813,1.46601916402706,0.731240882940783,63902,282.948810447053,0.729361682383919,0.983991111389315,0.853873108958974,0.82515228429997,0.00545340987101003,0.00155949622480201,0.680876292285458,0.998177692822171,"BARBUNYA"
66483,1030.876,375.319902168264,226.100949414068,1.65996606003155,0.798177791907101,67668,290.944641903967,0.701519468186135,0.982488029792516,0.786153975173258,0.775191084254122,0.0056453514758399,0.00125749372078561,0.600921217107081,0.997508825150607,"BARBUNYA"
46278,846.308,300.630214558828,196.478444202609,1.53009260521636,0.756878842543039,47102,242.740560375175,,0.982506050698484,0.81194676041874,0.807439001869437,0.00649617992477695,0.00170324334740172,0.651957741739913,0.997555719549799,"BARBUNYA"
75667,1043.897,408.84010006522,238.428767706424,1.71472638976444,0.812340506729282,77183,310.390426127282,0.778707419985592,0.980358369070909,0.872571614077536,0.759197608252632,0.00540314932619531,0.00110725094070731,0.576381008376516,0.988335725622249,"CALI"
57017,903.559,349.81190418673,210.801131901642,1.65944035039598,0.798033715052316,58127,269.437003995674,0.791572955712897,0.980903882877148,0.877609255169744,0.770233947932911,0.0061352211478459,0.00133198891059489,0.593260334548318,0.984480137438894,"CALI"
78863,1118.732,399.792110315632,252.022844176823,1.58633282479398,0.776282863263339,80572,316.87772123715,0.68724728109314,0.978789157523706,0.791828331062577,0.792606239745397,0.00506945095058053,0.00123415763990289,0.628224651283337,0.996573385675507,"BARBUNYA"
55805,934.264,333.924043339969,213.197842812854,1.56626370574063,0.769653271847201,56596,266.557935154716,0.709373569939493,0.98602374726129,0.803422051258418,0.798259186396267,0.00598376567225104,0.00149875291630038,0.637217728666031,0.998051001064085,"BARBUNYA"
68999,1012.123,391.514971940779,225.366133687252,1.73723960000173,0.817713210726373,69656,296.398811312025,,0.990567933846331,0.846420303382442,0.757056134642173,0.00567421226308757,0.00114973478965608,0.573133990999348,0.995671065271103,"BARBUNYA"
71782,1024.023,401.447865624341,230.804477390992,1.73934175871412,0.818202502244056,73091,302.317186081406,0.749681462140992,0.982090818295002,0.860212989341953,0.753067115231103,0.0055925979441133,0.00110950201370942,0.567110080042495,0.986398244005618,"CALI"
69303,1068.546,353.100625013123,250.591117427471,1.40907079483901,0.704516558742278,70842,297.051039669584,0.714059038689403,0.978275599220801,0.762738121757536,0.841264553577453,0.00509502655026655,0.00157418792202825,0.707726049105871,0.997236106541884,"BARBUNYA"
80344,1085.561,426.015594400142,242.412508215628,1.75739939137628,0.822321872418204,81307,319.839268980846,0.724877749508291,0.988156001328299,0.856751451496436,0.750768922980862,0.00530239463307953,0.00103914693062038,0.563653975713843,0.990565153866327,"CALI"
81899,1111.802,433.417778029196,243.037091625985,1.78334004546183,0.827988179129302,83065,322.919565022414,0.689124489881779,0.985962800216698,0.832594544939297,0.74505380580088,0.00529210097839041,0.00100590840037045,0.555105173538376,0.989941285414026,"CALI"
82632,1101.047,385.523990687545,273.205501694196,1.4111135694444,0.705549959526769,83895,324.361418884176,0.760435838916292,0.984945467548722,0.856537561192639,0.84135209927068,0.00466555318384579,0.00144209555390314,0.707873354947179,0.998889696614097,"BARBUNYA"
92544,1177.29,460.673459989,259.348063975211,1.7762749138279,0.826473300173405,94340,343.264738107442,0.792735994517732,0.980962476150095,0.839056528262252,0.745136778914155,0.00497788576232927,0.000946604770647206,0.555228819290563,0.986239023140111,"CALI"
77794,1085.037,412.394525635687,243.120966671068,1.69625240999324,0.807742903489132,79744,314.72273057904,0.796367954466351,0.975546749598716,0.830360861146469,0.763159331695565,0.00530110966958489,0.00110919378588103,0.582412165554022,0.987918039430394,"CALI"
82553,1115.776,438.27284116558,241.110005638568,1.8177297951814,0.835074567471087,83452,324.206329575044,0.813843211483103,0.989227340267459,0.833275653799759,0.739736299225894,0.00530898745249209,0.000980616468944596,0.547209792392421,0.99467954384673,"CALI"
86674,1136.184,443.93422096992,250.456294658966,1.77250175155072,0.825655689616948,87892,332.199886063158,0.689909337663475,0.986142083466072,0.84372586986038,0.748308804257889,0.00512188454403766,0.000990679022798863,0.559966066529872,0.992540833733164,"CALI"
66744,986.985,380.826496693167,224.215064219473,1.69848755710898,0.808308558639324,67410,291.515180005782,0.806866537717602,0.990120160213618,0.860995714474768,0.765480297555706,0.00570577874705092,0.00120845576482293,0.585960085945972,0.995245914941743,"CALI"
68118,1027.932,359.645249034764,241.657561777833,1.48824330755022,0.740611810748059,69292,294.500477602787,0.735178889428525,0.983057207181204,0.810108110415827,0.818863806468135,0.00527973882138002,0.00146432981641436,0.670537933543483,0.997923592054645,"BARBUNYA"
84171,1135.22,407.599906798704,263.906540396809,1.54448580996075,0.762095464579495,85583,327.368058490598,,0.983501396305341,0.820752630474599,0.80316028789543,0.00484252185192886,0.0012429688896366,0.645066448052271,0.996295975498512,"BARBUNYA"
75650,1074.366,419.983661441459,231.823943112218,1.81164920155878,0.833855203457832,76498,310.355556675267,0.788513654367313,0.988914742869095,0.823596105811753,0.738970548544845,0.00555166769916006,0.00102120221012511,0.546077471616669,0.989300815443578,"CALI"
68993,1025.729,397.674626503917,222.347496423277,1.7885275656393,0.829087319745912,69818,296.385923940246,0.77914172783738,0.988183562978029,0.824042526603322,0.745297547761264,0.00576398513623001,0.00109703727460096,0.555468434698953,0.993470607301591,"CALI"
83589,1101.208,416.86285409741,256.97797460906,1.62217347510651,0.787388668038634,85079,326.234302771593,0.727772166887233,0.982486865148862,0.866204185965671,0.782593842471175,0.00498705396759634,0.00115390362243327,0.612453122273799,0.993505209698719,"CALI"
65144,978.923,371.295481847503,224.295035113694,1.65538876800949,0.796917841401978,65737,287.999855732998,0.762185562185562,0.990979205013919,0.854254393076638,0.775662160767375,0.00569961135096866,0.00127266889074692,0.601651787646313,0.995967611522535,"CALI"
76416,1037.519,392.502079137173,249.438142889412,1.57354474576564,0.772094426539126,77162,311.922863943126,0.758463935841828,0.990332028718799,0.892076394421698,0.794703723936491,0.00513638608586124,0.00126374199015319,0.631554008838526,0.993778492275088,"CALI"
66266,986.107,374.002375767957,227.555978517056,1.64356207296889,0.793604033219602,67126,290.469433282437,0.783202732569821,0.987188272800405,0.856352434630084,0.7766513051849,0.00564395581094313,0.0012666822162308,0.603187249845408,0.991375686744325,"CALI"
78675,1097.153,435.265432391533,233.328997208527,1.86545794821436,0.844178994682255,80325,316.499796496047,0.645384893030581,0.979458450046685,0.821319673218241,0.727142044699168,0.00553244909299692,0.000954056769682888,0.528735553169287,0.98633394016316,"CALI"
89085,1157.147,458.838323605596,247.484183822636,1.8540106948185,0.842068104764711,89699,336.788575879189,0.701694274439377,0.99315488466984,0.836059875037292,0.734002716322105,0.00515056770057356,0.000922200877692681,0.538759987568229,0.998866778891781,"CALI"
75510,1068.728,415.245585129675,232.596373359683,1.78526250917742,0.828396801892585,76172,310.068247363306,0.709020741978798,0.991309142467048,0.830768380569214,0.746710521356841,0.0054992131522934,0.00105460396305272,0.557576602705005,0.995420604803758,"CALI"
87661,1124.25,422.58687217523,266.223431190156,1.58733913948164,0.776607223088687,88808,334.085994514929,0.729147258450892,0.987084496892172,0.871546357458746,0.79057352821977,0.00482069417614709,0.00116160484931954,0.625006503521856,0.992097285470809,"CALI"
93336,1169.293,417.526927636789,285.707630242873,1.46137828829373,0.729214185900185,94432,344.73045433701,0.807125562089242,0.988393764825483,0.857851962886801,0.82564843491219,0.00447337498539458,0.0012823179322816,0.681695338072949,0.996214766290863,"BARBUNYA"
75914,1048.995,415.819752633475,233.531969093064,1.78056886279141,0.827396471794494,76477,310.896617541949,0.8145016791305,0.992638309557122,0.866931739348414,0.747671594658443,0.00547751077052289,0.00105586046412138,0.559012813459099,0.995360809546692,"CALI"
66301,1010.746,366.511564715055,230.598903056128,1.58938988805964,0.777265906449478,67227,290.546132404969,0.699090036799207,0.98622577238312,0.815541151816912,0.79273387357055,0.00552799452067172,0.00134665711719401,0.62842699430617,0.998815510133941,"BARBUNYA"
69673,1063.011,390.066985386522,228.724076719806,1.70540413139088,0.810042421331982,70866,297.842943176992,0.744488967249025,0.983165410775266,0.774816494843616,0.763568705723342,0.00559853867906537,0.00117394278002957,0.58303716836002,0.994313995675618,"BARBUNYA"
69501,998.549,382.012988613265,232.677356394414,1.64181420372385,0.793107010805832,70342,297.475077273103,0.776243926955939,0.988044127263939,0.875915386366682,0.778704091588506,0.00549651067773507,0.00124668480238342,0.60638006225668,0.995563399067971,"CALI"
68352,1003.918,399.525421284518,219.880095127146,1.81701495559884,0.834931944759207,69077,295.005880215527,0.783000171831147,0.989504466030661,0.852245287577035,0.738390761887067,0.0058451167673882,0.0010718104136391,0.545220917240164,0.990674560730693,"CALI"
67546,985.555,356.668696239825,241.483399841404,1.47699053630216,0.735934804235291,68376,293.261382198,0.801713905901344,0.987861237861238,0.873871887978968,0.822223495612887,0.0052803822023484,0.00148869130874058,0.676051476737876,0.998521633194944,"BARBUNYA"
83175,1111.879,400.187342932454,266.183375882424,1.50342725801637,0.746712517481442,84511,325.425412550015,0.802731264778266,0.98419140703577,0.845449395480647,0.813182671309376,0.00481138975572533,0.00129778503941344,0.661266056917853,0.994165414771308,"BARBUNYA"
84566,1134.25,439.823931984517,246.337100002887,1.78545550783606,0.828437740066902,85580,328.135300356536,0.812259873981866,0.988151437251694,0.826015271975661,0.746060585825709,0.00520095466244729,0.000993937825379607,0.5566063977226,0.993795958510606,"CALI"
82952,1154.249,404.452505598695,261.995813906161,1.5437365184146,0.761828359632322,84639,324.98887167851,0.708918743376748,0.980068290031782,0.782415979448837,0.803527898034511,0.00487574146010578,0.00125378846734822,0.645657082919759,0.996724417276272,"BARBUNYA"
70071,1014.005,397.959130219493,226.751683571731,1.75504377277799,0.821792860678184,70912,298.692430669305,0.785206019789554,0.988140230144404,0.856382899344826,0.75056056762553,0.00567936992792301,0.00111179034048745,0.563341165674358,0.988688404766279,"CALI"
59632,925.853,346.443699743092,219.362460704465,1.57932081282511,0.774001653109579,60256,275.546403590479,0.793611924407772,0.989644184811471,0.8741886492447,0.795356947737288,0.00580969445504246,0.00143410639290976,0.632592674313975,0.999066776584759,"BARBUNYA"
73078,1039.637,407.675898016929,231.435061268586,1.76151312503083,0.823239819743618,74426,305.034095553524,0.689909746610778,0.981888049875044,0.849636306580375,0.748226954395172,0.00557864060342277,0.00107855312996513,0.559843575283475,0.98617180582603,"CALI"
69966,1017.515,390.810965166189,230.527967581645,1.6952865600907,0.807497657424756,70935,298.468554435707,0.709882305194805,0.986339606682174,0.849210331791007,0.763715916488642,0.00558572685541819,0.00117215980428583,0.583262001098087,0.988796231473195,"CALI"
74783,1047.582,395.091562220802,244.418388020418,1.61645596888479,0.785676687634508,76817,308.571989775368,0.791957893845046,0.973521486129372,0.856321192499983,0.781013869394959,0.00528317347820764,0.00121257781731425,0.609982664187286,0.986010118441783,"CALI"
63038,959.999,361.062291239111,223.037486085595,1.61884128796424,0.786393577457127,63717,283.306326122477,0.794539885806476,0.989343503303671,0.859549176564163,0.784646674539767,0.00572769268122578,0.00133923263710345,0.615670403866315,0.996672669556407,"CALI"
69172,1010.033,392.177014918396,225.755536242439,1.73717562566101,0.81769828781374,69782,296.770156498966,0.824162992970332,0.991258490728268,0.852057826716825,0.756725012455708,0.00566959195799451,0.00114679006852644,0.572632744476091,0.994763646159237,"CALI"
84442,1119.674,443.777467426693,245.109716577215,1.81052580707013,0.833628382856232,86086,327.894638011247,0.735467800094065,0.98090281811212,0.846418579533845,0.738871759110688,0.00525541161302069,0.000966190513007826,0.545931476411323,0.988423026934599,"CALI"
78403,1078.803,413.649435305315,243.29796356461,1.70017631567831,0.80873419783555,79203,315.952211617312,0.69538262319509,0.989899372498516,0.84656099339595,0.763816373601738,0.00527593887102936,0.0011077337132528,0.58341545258211,0.991909134680847,"CALI"
80378,1110.875,412.633194011945,248.608976460745,1.65976788081543,0.798123497712969,81448,319.906936665529,0.711832584996059,0.986862783616541,0.818496211094675,0.775281633440932,0.00513365838926005,0.00114404922419527,0.601061611150839,0.997622756579339,"BARBUNYA"
72133,1066.766,392.225214133024,235.704310082079,1.66405618122316,0.799293197277761,73453,303.055420806792,0.705029713034639,0.98202932487441,0.796536218663896,0.772656652063194,0.00543752809578174,0.00119543913300154,0.596998301977503,0.993438714585393,"BARBUNYA"
94415,1207.294,481.023231375335,252.93640259303,1.90175564467599,0.850589739805815,96363,346.717336768974,0.735176172863539,0.97978477216359,0.814000697311021,0.720791251136967,0.00509477552693253,0.000848287061755019,0.519540027715594,0.988038180343254,"CALI"
74532,1061.236,403.348774017927,236.903223677515,1.70258879451546,0.809339663717577,75724,308.053712440219,0.708048335613315,0.984258623421901,0.831627211410866,0.763740296943427,0.00541175299224397,0.00113579656674447,0.583299241175233,0.993118751874324,"CALI"
78894,1120.043,378.942411762219,266.201561110724,1.42351686511936,0.711698025573349,80427,316.939995334032,0.733843062841835,0.980939236823455,0.790286289391438,0.836380372046893,0.00480318416815245,0.00144985420087529,0.699532126745299,0.995795780114749,"BARBUNYA"
68008,996.629,371.705880894121,234.441757930635,1.58549348962013,0.776011748527468,69070,294.262595241646,0.725465096432838,0.984624294194296,0.860404804602656,0.791654397648515,0.0054656199402147,0.00132422476726461,0.626716685316233,0.993655224405197,"CALI"
73100,1079.089,380.360014666454,245.418404539819,1.54984307464497,0.763991240781177,74217,305.08000708034,0.794668869852589,0.984949539862835,0.788883204744415,0.802082225566931,0.0052032833743701,0.00132841206260108,0.6433358965704,0.997069683970145,"BARBUNYA"
71260,1012.888,396.708763394916,229.33532123708,1.7298197297084,0.815969522903481,71901,301.215952362798,0.778483017796082,0.991084964047788,0.872836361335023,0.759287366845849,0.00556706095137406,0.00114138046508911,0.576517305451703,0.997271009488683,"CALI"
82831,1106.714,420.295081386752,252.156546878096,1.66680217741855,0.800036582604813,83834,324.751758624889,0.748355679230964,0.988035880430374,0.849829809710672,0.772675610557659,0.00507412781913476,0.00111565516856246,0.59702759915065,0.995126902243271,"CALI"
73528,1066.558,420.323630181375,223.075676219753,1.884219908258,0.84754495169164,74286,305.971824267018,0.798358288363609,0.989796193091565,0.812257372485537,0.727943428103216,0.00571651112748034,0.000990150780608443,0.529901634518662,,"CALI"
54424,899.296,324.826614624981,213.682776955559,1.52013474952423,0.75316083664676,55211,263.239033926708,0.748404840484048,0.985745594175074,0.845658461229741,0.810398600590727,0.00596844433751619,0.00158794567330943,0.656745891839408,0.998342251792368,"BARBUNYA"
60566,994.857,350.535411358202,220.667263277661,1.58852475963836,0.776988413561184,61848,277.695924108421,0.707877512856475,0.979271763031949,0.768984234486934,0.792205052928737,0.00578765993062447,0.00140615501588729,0.627588845885823,0.996940420562494,"BARBUNYA"
70938,1032.174,405.471712740628,225.057978633636,1.80163225139723,0.831815497101998,71739,300.534634983096,0.787674883411059,0.988834525153682,0.836725440066203,0.741197537435471,0.00571586050834007,0.00106413629295103,0.549373789500407,0.989769537236246,"CALI"
60294,973.818,348.145909654355,221.574620351276,1.57123550117075,0.771324701525958,61644,277.071660604729,0.751083761024466,0.978100058399844,,0.795849248609039,0.00577413854868403,0.00142886173344975,0.633376026511572,0.995182898445445,"BARBUNYA"
78948,1073.958,420.850342414752,240.709066345367,1.7483776112152,0.820282332633677,79816,317.048443581973,0.721546405885848,0.989124987471184,0.860154372897244,0.753351991500862,0.00533072835809333,0.00105915148107007,0.567539223098315,0.99227287115156,"CALI"
71977,1034.818,398.283006438876,231.3987532322,1.72119771984775,0.813910140901842,72900,302.72753873971,0.790061798184473,0.987338820301783,0.84464780260428,0.760081484385826,0.0055334760609483,0.00113924835742901,0.577723862906161,0.994376995535721,"CALI"
69589,994.969,376.521120769587,237.279203205296,1.58682731433407,0.776442343378128,70481,297.663344533006,0.758397087992328,0.987344106922433,0.883347044279594,0.790562144095928,0.00541064134805194,0.00130368469617208,0.624988503677551,0.991748828780315,"CALI"
71482,1073.571,379.763262850622,240.422711266642,1.57956484580795,0.77408166830423,72843,301.684784397157,,0.981315980945321,0.779372389404726,0.794402233993399,0.00531271177150362,0.00130514223800336,0.631074909373704,0.996823741918138,"BARBUNYA"
64517,989.617,358.277348764669,230.047393469208,1.55740668634276,0.766626716746905,65672,286.610529652486,0.71371520863755,0.982412595931295,0.827846342706037,0.799968322420359,0.00555322393732921,0.00140286574039609,0.639949316876044,0.996661345023235,"BARBUNYA"
68942,1072.869,368.584991705483,238.622799884,1.54463442673818,0.762148385688376,70514,296.27635864701,0.713020994932258,0.977706554726721,0.752662621206237,0.803821005505696,0.00534630546989473,0.00137680024961163,0.646128208892189,0.998031875541555,"BARBUNYA"
66967,997.021,388.603613782578,221.17811390129,1.75697136994309,0.822225933177126,68035,292.001768132112,0.704063502076434,0.984302197398398,0.846568483132237,0.751412899354779,0.00580291208778321,0.0011411437050477,0.564621345316755,0.992023538580291,"CALI"
71041,1004.677,385.041508421239,236.611966760308,1.62731206579797,0.78890881009108,71806,300.752739800539,0.776404371584699,0.989346294181545,0.884435181698935,0.781091734846189,0.00541998998354808,0.00124447568597802,0.610104298245029,0.992830085929342,"CALI"
85680,1136.21,458.787420877163,240.492543163464,1.90769915292269,0.851600314558377,87086,330.289515717512,0.699805609552902,0.98385503984567,0.83401163105424,0.719918421228782,0.00535466177494355,0.000887247843319834,0.518282533224542,0.988727149607082,"CALI"
71275,1008.785,371.775841515514,245.295618495123,1.51562365359945,0.751446171718719,72348,301.247653187537,0.790127151994856,0.985168905843976,,0.810293783370985,0.00521607634535971,0.00138705515264265,0.656576015369665,0.995122139280338,"BARBUNYA"
81311,1091.066,410.574418771073,254.372415485843,1.61406816846429,0.784955206302358,82170,321.758264263656,0.743584819387288,0.989546063040039,0.858335591898038,0.78367830423225,0.00504943265697228,0.00117482625078454,0.614151684524335,0.991282684599453,"CALI"
67906,1076.897,376.549012100721,230.222014108162,1.63559081680092,0.791321810964132,69325,294.041841452515,0.755703443210399,0.979531193653083,0.735816765432717,0.780885972352155,0.00554515082762526,0.00127187260029151,0.60978290181637,0.997355314453073,"BARBUNYA"
77921,1121.69,403.232268562726,246.450101815198,1.6361619069855,0.791486648048651,79249,314.97952086653,0.696127216688257,0.983242690759505,0.778249204158694,0.78113669322457,0.00517488569914049,0.00118847124926877,0.610174533501816,0.998344328328322,"BARBUNYA"
77276,1089.189,430.743098394787,231.192660029578,1.86313483455607,0.843754178877671,78423,313.673172360906,0.70861607306606,0.985374188694643,0.81855526180119,0.728214041106739,0.00557408637086271,0.000966918012784395,0.530295689665008,0.988012372029813,"CALI"
74724,1093.874,373.504901813666,255.718698856997,1.46060848691608,0.728875591537066,76013,308.45024192046,0.796096438426217,0.983042374330707,0.784757321391559,0.825826489619511,0.0049984596891717,0.00143407278596202,0.681989390957284,0.996119492418935,"BARBUNYA"
67381,998.588,380.68158479785,227.702601386312,1.67183678394609,0.801388258471441,68676,292.902976706963,0.768400045615235,0.981143339740229,0.84913087099625,0.769417246338568,0.00564968737177913,0.00122138293035263,0.592002898963224,0.989732222689439,"CALI"
87072,1194.135,400.971438236946,277.396725450093,1.44548007041664,0.722077970520889,88994,332.961729991872,0.761998109707005,0.978403038407084,0.76732885299844,0.83038764919489,0.00460505602532325,0.00135063563891756,0.689543647935416,0.996721600773032,"BARBUNYA"
68272,1000.45,350.839685116264,248.483048464783,1.41192603392415,0.70595930481188,69358,294.833190462266,0.779067246356966,0.984342109057355,0.857159637335101,0.84036442560528,0.00513885172715409,0.00158094400430458,0.706212367822892,0.997119627608362,"BARBUNYA"
85886,1149.584,419.790225347929,262.014233898741,1.60216572627181,0.78130041617708,87013,330.686334067684,0.784741194207136,0.987047912380909,0.816677930206017,0.787741862721093,0.00488776081489333,0.00116098179752775,0.620537242283297,0.994203501461523,"BARBUNYA"
67935,989.286,378.066796453065,231.005288981602,1.63661532651391,0.791617373885829,68767,294.104621642679,0.81103828659432,0.987901173528,0.87228763746207,0.777917088731146,0.00556512543538772,0.00125715251280054,0.605154996939942,0.990405942908388,"CALI"
76592,1094.186,429.037500724599,228.813734727224,1.8750513435571,0.845914376832112,77712,312.281865003967,0.66951048951049,0.985587811406218,0.803916544935347,0.727866129362947,0.00560159678196939,0.000969834541761693,0.529789102273798,0.993381768020393,"CALI"
62713,1018.346,393.439374588823,203.984491729106,1.92877101221654,0.855098932922744,63714,282.575072447971,,0.984289167215996,0.759935472167865,0.718217572258205,0.00627364939627865,0.00102973177327031,0.515836481100471,0.994930451790371,"BARBUNYA"
55643,949.05,347.702205014584,205.580852599895,1.6913160959172,0.806484280399305,56777,266.170749684669,0.799135417713884,0.980027123659228,0.77632257252862,0.76551355109613,0.00624880407265216,0.00132369583530808,0.586010996911808,0.991129831461424,"BARBUNYA"
74553,1068.695,363.283311891377,261.750013556208,1.38790178825861,0.693442389122814,75840,308.097107708983,0.732527634487841,0.983030063291139,0.820290030050496,0.848090450686887,0.00487281949608167,0.00155499422167997,0.719257412546287,0.998258649091253,"BARBUNYA"
81071,1101.594,425.39443294518,245.599319027367,1.73206682587658,0.816500356417956,82803,321.283057647341,0.77891470186968,0.979082883470406,0.839522365254207,0.755259196560157,0.00524718373950217,0.00105314973736889,0.570416453988694,0.987999416887972,"CALI"
63139,971.167,378.936576735313,214.342828827352,1.76789948517726,0.824650214569947,64207,283.533193145059,0.714630115900036,0.983366299624651,0.841239641642177,0.748233901271313,0.00600162461767391,0.00116037434124625,0.559853971011688,0.989765547126006,"CALI"
87927,1120.716,434.40414436587,259.14503707454,1.67629737103905,0.802573783992235,88711,334.592488633455,0.805044863578099,0.991162313580052,0.879712929873405,0.770233187166948,0.00494050910830427,0.0010726063799769,0.593259162613355,0.994478774633597,"CALI"
70966,1032.731,386.490194060094,237.08903538725,1.63014790384051,0.78974034250297,72555,300.593941275728,0.685661835748792,0.978099372889532,0.836153021819391,0.777753086353827,0.00544613186681078,0.001229234917218,0.604899863332903,0.986076244245544,"CALI"
56724,929.168,347.065598504667,209.203279590956,1.6589873695253,0.797909439599238,57657,268.743818413666,0.733237677899717,0.983818096675165,0.825635243677506,0.774331479615234,0.00611849655356934,0.00135685095316733,0.599589240323118,0.994710976599323,"BARBUNYA"
77684,1064.664,402.266504464214,247.689077736727,1.62407849445743,0.787954253046752,78407,314.500144345287,0.682312435224059,0.99077888453837,0.861224359034907,0.78182036250862,0.00517824139416371,0.00119341080227025,0.611243079233109,0.992706739868435,"CALI"
68671,1031.577,399.319929970783,222.340990569791,1.79597980987424,0.830647173067517,70214,295.693477737518,0.760299376667663,0.978024325633065,0.810923590493652,0.740492661508664,0.0058149718217411,0.00107847582111264,0.548329381748186,0.984788498780565,"CALI"
69900,1013.617,397.266054900104,225.976009817961,1.75800101621464,0.822456586799305,70844,298.327746240587,0.668669166602893,0.986674947772571,0.854947148696833,0.750952019586984,0.00568334842489419,0.00111489200987466,0.56392893572177,0.99138764207171,"CALI"
77736,1064.369,420.109883271715,236.451283827323,1.77672912775773,0.826571318834334,78292,314.605386555177,0.664637482900137,0.99289838042201,0.862278622927267,0.748864521122679,0.00540431567448435,0.00104841564679985,0.560798070996299,0.99638626752947,"CALI"
56521,936.644,346.83237092046,208.222924925976,1.66567812378854,0.799732811152559,57353,268.262506340294,0.814893310265283,0.985493348211951,0.809600169008086,0.773464442284757,0.00613634526849242,0.00135472443082207,0.59824724347887,0.996487346079548,"BARBUNYA"
76798,1054.564,407.392327588044,241.885197491038,1.6842383569302,0.804656813942093,77374,312.701535903761,0.754341505579129,0.99255563884509,0.86778850087617,0.767568544442412,0.0053047257427022,0.00113582486825405,0.589161470417443,0.992288346902455,"CALI"
74299,1058.844,422.569548273785,225.543572293834,1.87356058953996,0.845646690018932,75018,307.571820774072,0.785592691669222,0.990415633581274,0.832777288503456,0.727860826769266,0.00568741905373941,0.000984664718563309,0.529781383145239,0.99257752053289,"CALI"
62411,932.813,359.694131792942,221.650476867528,1.62279881765343,0.787574591667391,62921,281.893868728049,0.754530617179472,0.991894597987953,0.901325847125069,0.783704386065216,0.00576331306649376,0.00134109975582022,0.614192564737857,0.99671096786812,"CALI"
70235,1038.267,416.583629077427,216.296865596313,1.92598088709672,0.854643080528854,71314,299.041768695402,0.793293123701093,0.984869731048602,0.818738757085572,0.717843304014766,0.00593128253829895,0.000971509361178563,0.515299009118835,0.992456042702756,"CALI"
75067,1062.917,390.463718880515,245.092156585599,1.59313020995898,0.778459300337012,76108,309.157359454105,0.700016785407885,0.986322068639302,0.834949516914171,0.791769745830622,0.0052015362127235,0.00126097652338317,0.626899330412688,0.998732261883509,"BARBUNYA"
88103,1224.156,418.947844290189,268.47806373615,1.56045465487979,0.767675413715954,89631,334.92719150556,0.701099758085052,0.982952326761946,0.738800243302609,0.799448418389686,0.00475520520629478,0.00119814896406072,0.63911777366577,0.997314304933162,"BARBUNYA"
69637,1008.888,393.414506339315,227.693182739607,1.72782734030834,0.81549683511201,70819,297.765985593927,0.740496166565647,0.98330956381762,0.859733806331324,0.756875968719637,0.00564950394674261,0.00114363896669892,0.572861232025288,0.989805298896012,"CALI"
95806,1199.725,476.87903217473,256.943081601207,1.85597148287837,0.842432828605799,96482,349.262061814473,0.819092727801241,0.992993511743123,0.83644839983804,0.732391315721558,0.00497754871484802,0.000883421625043318,0.536397039344354,0.995537608523507,"CALI"
84641,1111.659,432.547536785447,250.530936843145,1.72652344750645,0.815186455590349,85214,328.280776631726,,0.993275752810571,0.860691418735461,0.758947280272134,0.00511037838382635,0.00104587373364634,0.57600097423247,0.994479187798917,"CALI"
67899,1004.907,396.027026713087,220.196073763047,1.79851992792229,0.8311737656303,68695,294.026685605189,0.826725922318276,0.988412548220394,0.844931495835328,0.742440959258585,0.00583258997500827,0.00109317301491513,0.551218577984808,0.991377597146665,"CALI"
94287,1217.589,440.162502550722,274.60102935721,1.60291643327434,0.781533848005973,96147,346.482231801927,0.81100818001187,0.98065462260913,0.799208786479439,0.787168897382393,0.00466832651957027,0.00110563732352465,0.619634873006213,0.993222920571518,"BARBUNYA"
59953,933.665,343.388397015717,223.778642452821,1.53450031357712,0.758495791223909,60713,276.287043535355,0.804986774440431,0.987482087855978,0.86424848326629,0.80459050432828,0.00572762659109163,0.00148065565798406,0.647365879655236,0.993383145330091,"BARBUNYA"
79569,1096.596,371.670398774808,273.07417233772,1.36106024086068,0.678369041784695,80807,318.292942640945,0.794173129322993,0.984679545088916,0.831496545465747,0.856384968214261,0.00467104524092055,0.00154977973992197,0.733395213783341,0.998195066318025,"BARBUNYA"
76586,1093.031,371.617934884929,264.364305749555,1.40570389724618,0.70280011969727,77881,312.269633126705,0.780263667298327,0.983372067641658,0.805553321495092,0.840297530912762,0.0048522959142001,0.00149231117325526,0.706099940458084,0.992567438147222,"BARBUNYA"
59829,976.903,359.840373729927,213.030615403036,1.68914863738782,0.805927523074731,60870,276.00117521844,0.674479166666667,0.982897979300148,0.787804979266422,0.767010028245437,0.00601448083253819,0.00128405041789625,0.588304383429066,0.993733547638492,"BARBUNYA"
84523,1141.272,431.695129475254,250.584034830156,1.72275592005634,0.814284997426974,85773,328.051864862327,0.780049097419617,0.98542664941182,0.815467096775454,0.759915603544309,0.00510742791281964,0.00105061466038661,0.577471724510111,0.994842832064937,"BARBUNYA"
67704,1000.748,388.251975953638,223.168751564319,1.73972374372377,0.818291190101034,68428,293.604172546559,0.768577591100011,0.989419535862512,0.849522195558951,0.756220678144387,0.00573455004067172,0.00115684001869344,0.571869714053157,0.994895319854803,"CALI"
66082,968.17,349.92624645019,243.865384848479,1.43491560586842,0.717163360249563,66793,290.065881473828,0.772527472527473,0.989355171949156,0.885910399845122,0.828934338068058,0.00529533377395039,0.00154224589824574,0.68713213682833,0.985976626428684,"CALI"
71175,1023.921,376.931591663597,240.650986528017,1.5662997983169,0.769665476056729,72235,301.036251299615,0.715686274509804,0.985325673150135,0.853108834588363,0.798649563892972,0.00529584252425145,0.00132904553480189,0.637841125906434,0.999050426865475,"BARBUNYA"
82583,1119.357,421.262119920742,251.42977851222,1.67546629684625,0.802353752807679,84070,324.265232985073,0.804338086333177,0.982312358748662,0.828253501345743,0.769746952434466,0.00510107552305852,0.00110467221000975,0.592510370782147,0.992731156777364,"CALI"
69655,1015.666,394.027985643805,226.144170674223,1.74237516036366,0.818904916003659,70262,297.804466871348,0.7880238030591,0.991360906322052,0.848516577772576,0.755795216892432,0.00565685141976607,0.00113859976841201,0.571226409877478,0.995290707514225,"CALI"
85592,1112.155,429.948573048273,255.205716887376,1.68471372151123,0.804780405349824,86397,330.119855678164,0.755825967167949,0.990682546847692,0.869585723712019,0.767812423094377,0.00502323316487842,0.00107692048663281,0.589535917058058,0.993199248791417,"CALI"
57907,915.319,360.66095528036,206.695919198068,1.74488667545852,0.819483259358831,58999,271.531733535841,0.808711803809843,0.981491211715453,0.868552300760645,0.752872551243496,0.00622827905573351,0.00123433680816403,0.566817078415891,0.989031567550214,"CALI"
69371,996.596,380.282406616531,234.176438315543,1.62391404255673,0.787905523065545,70667,297.19673695689,0.808143056849953,0.981660463865736,0.87770695465594,0.781515872903837,0.00548186427493522,0.00126141866814712,0.610767059600647,0.991833204816575,"CALI"
88402,1163.355,460.15667081912,247.142150379596,1.86191092904365,0.843529643391918,90125,335.495040550047,0.777748451576577,0.980882108183079,0.820819061122587,0.729088725265758,0.00520527443744621,0.000907287491951651,0.531570369309648,0.989736680173405,"CALI"
72094,1020.532,398.484128696201,233.360770072292,1.70758833446065,0.810584827008764,73283,302.97348355613,0.776005338844398,0.983775227542541,0.86987276178953,0.760315058337275,0.00552728560901325,0.00113937329676807,0.578078987934414,0.987120936193627,"CALI"
58822,942.558,368.175037967682,206.618773063036,1.7819050636573,0.827682176987491,60179,273.668588808456,0.782321882190214,0.977450605693016,0.832019458144714,0.743311090070366,0.00625913838304855,0.00117862803206362,0.552511376621596,0.984522819730287,"CALI"
92312,1164.952,453.008487425811,262.98121921542,1.72258874142161,0.814244836195767,94180,342.834200239113,0.767552466158912,0.980165640263326,0.854775295365437,0.756794209722747,0.00490736293684256,0.000992976895892618,0.572737475869877,0.986591127723681,"CALI"
91641,1147.618,448.764562787368,261.330642329669,1.71722901986079,0.812949989175739,92407,341.585926406629,0.809106319860147,0.991710584695965,0.874389594770731,0.761169563579105,0.00489698456790485,0.00101399112660295,0.579379104519206,0.994926611781338,"CALI"
76547,1053.004,394.882065664281,247.877357028158,1.59305420389578,0.778435151494224,77335,312.190114242656,0.70307233065442,0.989810564427491,0.867517005580056,0.790590764656484,0.00515868767769189,0.00124315690080572,0.625033757160124,0.995712654420708,"BARBUNYA"
58851,931.858,324.480067392397,231.751590188782,1.40012013349328,0.699916757874424,59915,273.736041556842,0.725829725829726,0.982241508804139,0.851656047943503,0.843614351280969,0.00551358630086824,0.00172262115458444,0.71168517368721,0.996444740388121,"BARBUNYA"
68814,1033.465,383.777291970705,232.08301349216,1.65362077213664,0.796427839899019,70564,296.001192618215,0.711476426799007,0.975199818604388,0.809645899893316,0.771283759646752,0.00557702345410389,0.00121741593216161,0.594878637894829,0.983703672523242,"CALI"
81401,1126.97,443.129959416508,236.742028417304,1.87178407813338,0.845326744506349,82933,321.936285902952,0.67942875267094,0.981527256942351,0.805406061283893,0.726505349191153,0.00544379011826032,0.000935484079578397,0.527810022403359,0.987946396213828,"CALI"
84919,1119.753,443.161296063852,244.990324347655,1.80889305422111,0.833297855285784,85620,328.819447264552,0.663455603734521,0.991812660593319,0.851079766972825,0.741985931951004,0.00521863535915227,0.000975706952938512,0.5505431232132,0.995873631629557,"CALI"
74071,1049.938,415.011137808709,229.294414037784,1.80994874886189,0.833511682806863,74997,307.099538127426,0.776116431610051,0.987652839446911,0.844366050784823,0.739979027427879,0.00560288288005709,0.00103626051724684,0.547568961033109,0.991071755937483,"CALI"
71681,1029.327,392.016159372158,233.213452539509,1.68093287545557,0.803793981898553,72318,302.104425333627,0.780260808986807,0.991191681185874,0.850172767897007,0.770642786301129,0.00546889914164364,0.00118984981340929,0.593890304077968,0.998289736538962,"CALI"
87837,1180.408,406.643961764009,275.963401022805,1.4735430867168,0.734474379494321,89534,334.421204308134,0.7778899545684,0.981046306431076,0.792178534126199,0.822393139338464,0.00462952926174629,0.00130627468586035,0.676330475630974,0.996602096701904,"BARBUNYA"
77533,1045.499,400.800538772159,247.301498130534,1.62069595939368,0.786948350308144,78328,314.194337348641,0.776712548336038,0.989850372791339,0.891351929721904,0.783916953582862,0.00516941868329819,0.00120420852824943,0.614525790114635,0.995959464981995,"CALI"
91776,1151.76,437.722419843795,269.592126797437,1.6236468959373,0.787826324843645,93709,341.837435717059,0.794969076451328,0.97937231215785,0.869390731793118,0.780945686627262,0.00476946500004135,0.00109429080745842,0.609876165461726,0.990223542958076,"CALI"
48868,885.296,313.62991424225,198.97255764932,1.5762470862691,0.772989921079235,49648,249.440714543793,0.695877536489854,0.984289397357396,0.783533239870309,0.795334574976554,0.00641789953020893,0.00158406182302169,0.632557086153136,0.997066263947749,"BARBUNYA"
67792,1064.282,403.333844997754,214.955791279482,1.87635719231842,0.846148267796629,68830,293.794920338467,0.803099048724722,0.984919366555281,0.752098766727571,0.728416233802801,0.00594957878507426,0.00103320011786218,0.530590209667457,0.995576756083274,"BARBUNYA"
79992,1119.069,402.486441285119,253.828126093633,1.58566525892662,0.776067274703793,81244,319.137866230968,0.715108170927946,0.984589631234307,0.802680456299817,0.79291581900741,0.00503158367443143,0.00122685374023171,0.628715496032191,0.996932319807062,"BARBUNYA"
68670,1050.566,413.92286124893,212.230057082912,1.95034985589823,0.858550791858385,69637,295.6913247577,0.710781269407527,0.986113703921766,0.781862220569997,0.714363357137391,0.00602771022642974,0.000968297492130305,0.510315006020603,0.995292798454988,"CALI"
84511,1118.151,436.616477802508,247.946727119241,1.76092857879319,0.823109837102909,85464,328.028576750736,0.810680403272996,0.988849106056351,0.849419431136169,0.751296832409314,0.00516638636156841,0.00101534322454682,0.564446930388269,0.993950730932791,"CALI"
63993,972.943,381.38526934429,214.894175239683,1.77475852437094,0.826145436017478,64754,285.444247071538,0.791600692726373,0.988247830249869,0.849508128625275,0.748440671456184,0.0059597966862671,0.0011535614280692,0.560163438689783,0.994154837855631,"CALI"
72102,1072.061,377.61673028616,243.503876038512,1.55076270829643,0.764314227815325,73400,302.990293003744,0.708452060447659,0.982316076294278,0.788348382633422,0.802375182831905,0.00523725736160107,0.00133904024269281,0.643805934024533,0.998390233865195,"BARBUNYA"
84699,1103.623,412.217463120408,263.731914139748,1.56301699195183,0.768551181255352,86355,328.393234095228,0.719862315145334,0.980823345492444,0.873869660022764,0.796650466017024,0.00486685159353012,0.0012092027444408,0.634651965005142,0.991971805278657,"CALI"
81699,1087.782,423.314857485101,247.858831110276,1.70788692736456,0.810658787154963,82699,322.525034013359,0.791082062454611,0.987907955356171,0.8676465987327,0.761903411398005,0.00518139582473593,0.00107702604582662,0.580496808299918,0.991422910272281,"CALI"
60237,963.531,358.724155023588,215.053685343531,1.66806792662286,0.800377774388895,61280,276.940662338003,0.779343269678621,0.982979765013055,0.815345755363145,0.772015651747212,0.00595521282639554,0.00130491273815033,0.596008166542672,0.994182106615128,"BARBUNYA"
75720,1097.632,390.075569302633,248.122103722973,1.57211132522941,0.771617123808291,77033,310.499111636968,0.703848298940324,0.98295535679514,0.789781487534769,0.795997329932942,0.00515155268492648,0.0012757464023338,0.633611749260373,0.996108206810651,"BARBUNYA"
72322,1071.542,377.035426102291,245.029534252513,1.53873461520659,0.760032859472239,73587,303.452187921485,0.720396047493824,0.982809463628087,0.791520003924677,0.804837335999185,0.00521328815716228,0.00134934794776247,0.647763137418266,0.996735562000307,"BARBUNYA"
66144,980.922,369.582820286371,228.799334629857,1.6153142266968,0.785332188538406,66817,290.201923575573,,0.989927713007169,0.863836139128645,0.785214862938462,0.00558754868599375,0.00131025289883879,0.616562380979468,0.995941985642189,"CALI"
68136,1020.991,377.382631018209,230.311323951697,1.6385761001372,0.792181190331803,69141,294.539385515885,0.799830962107339,0.985464485616349,0.821377251455547,0.780479442631458,0.00553866723931855,0.00126774209268972,0.609148160370312,0.998135617025338,"BARBUNYA"
61669,972.795,355.49390385055,221.422645114634,1.60549930955122,0.78233396260093,62489,280.213150091627,0.72372111581838,0.986877690473523,0.818906108523411,0.788236161173185,0.00576454789035902,0.00137268356233353,0.621316245781039,0.997522803614414,"BARBUNYA"
77421,1096.711,386.512585215745,256.213238581927,1.50855821250686,0.74872158608908,78699,313.967321218214,0.773243445692884,0.983760911828613,0.808880268680269,0.812308145265083,0.00499234813830543,0.00134081190679982,0.659844522863998,0.995413873944153,"BARBUNYA"
82842,1121.336,430.431895657685,246.815523387583,1.7439417494894,0.819266006007318,84293,324.773321510481,0.723258250392876,0.982786233732338,0.827921019707755,0.754528938925957,0.00519581728661409,0.0010388126703006,0.569313919676731,0.992850313089707,"CALI"
89968,1233.517,422.481644728638,272.768210337027,1.54886687201059,0.763647606429599,91792,338.453564556104,0.784547634619577,0.98012898727558,0.7430322291963,0.801108329270719,0.00469591015392848,0.00119306616815079,0.641774555226923,0.994023347890311,"BARBUNYA"
80033,1100.196,395.710111313577,258.413187123065,1.53130773130833,0.757326345963453,81267,319.21964301056,0.800650260104042,0.984815484760112,,0.806700748562872,0.00494433685246807,0.00129162860221919,0.650766097731897,0.996523156730208,"BARBUNYA"
85099,1161.055,428.050999529847,255.144877837505,1.6776782005495,0.802938510114251,86211,329.167756649125,0.799607238832616,0.987101413972695,0.793284072436572,0.768991912203614,0.005030035600064,0.00108502041643263,0.591348561034571,0.992092589774014,"BARBUNYA"
86530,1150.904,420.921675052285,262.953780962096,1.60074395398391,0.78085722483746,87713,331.923813255291,0.686631593147174,0.98651283162131,0.820915335523427,0.78856431713587,0.00486445943663798,0.00116028007330576,0.621833682259962,0.995396507261187,"BARBUNYA"
67397,1000.63,385.259655846509,225.696326281069,1.70698239618987,0.810434598680634,68657,292.937750377987,,0.981647901889101,0.845869548938678,0.760364460520351,0.00571627306625679,0.0011786367232605,0.578154112822405,0.986898892872616,"CALI"
72263,1042.893,399.932755176791,230.979448645043,1.73146467152317,0.816358345475382,73011,303.328385122786,0.703988387499026,0.989754968429415,0.834922849215466,0.758448467139679,0.00553440564572175,0.00112967901721901,0.575244077306529,0.996014797359197,"BARBUNYA"
62280,946.201,367.964630832544,216.27497541444,1.70137404999088,0.809035174798196,62830,281.597867261288,0.728915521640411,0.991246219958619,0.874161474294692,0.765285148803988,0.0059082310666754,0.00125005861208718,0.585661358979942,0.996429038250868,"CALI"
82596,1180.392,436.684228708327,241.434869355333,1.80870406115877,0.833259530037364,84186,324.290754473429,0.657402101241643,0.981113249233839,0.744931543898706,0.742620715734688,0.00528699003230577,0.000991873971889232,0.551485527438301,0.997474113147939,"BARBUNYA"
66636,989.086,372.433740289754,230.845213021201,1.6133483359499,0.784736947407768,68019,291.27923081293,0.779003974748656,0.979667445860715,0.855954489497209,0.782096784749723,0.00558907707980303,0.00128991728900799,0.611675380715854,0.986845457619444,"CALI"
78139,1153.901,429.634375102912,233.106678239549,1.84308050866481,0.840010659396143,79379,315.419823070873,0.746113742265679,0.984378739969009,,0.734158720412721,0.00549833469973908,0.00098530521820035,0.538989026758044,0.993400169601968,"CALI"
90639,1168.399,405.808976743882,286.542136899786,1.41622792771246,0.708111102800833,92250,339.713348420768,0.780590099555617,0.982536585365854,0.83433913771728,0.837126253703282,0.00447720050688867,0.00135628249465773,0.700780364639292,0.992464723594683,"BARBUNYA"
63888,1043.617,367.837175702528,221.70714185651,1.65911288478291,0.797943886886046,65079,285.209971834857,,0.981699165629466,0.737134719161562,0.775370165590625,0.0057575315505655,0.00128366717158848,0.601198893688033,0.997456830835048,"BARBUNYA"
60380,1011.984,330.564031430599,233.085950756891,1.41820659013197,0.709092084050447,61607,277.269189978095,0.813790500835625,0.980083432077524,0.740893322222934,0.838776042203209,0.00547472725125206,0.0016715767411835,0.703545248974079,0.997772508551079,"BARBUNYA"
73935,1048.394,397.442147618703,239.353059251551,1.66048492908965,0.798319834397091,75255,306.817479521611,0.74981745162468,0.982459637233406,0.845300036323688,0.771980227461846,0.00537556160977485,0.00117768275172408,0.595953471592043,0.989571758017246,"CALI"
64317,981.442,365.867982763892,224.879026226809,1.62695467382042,0.788803643572678,65275,286.1659445125,0.821207865168539,0.9853236307928,0.839085786234498,0.782156291323184,0.00568851132303889,0.00131326557865129,0.611768464056437,0.995319561892561,"BARBUNYA"
62493,994.395,398.877874405524,201.80848164032,1.97651689940584,0.862568364835098,63814,282.078994023189,0.758124977253703,0.979299213338766,0.794188097138961,0.707181350792123,0.00638276085970468,0.000984717221175777,0.500105462908171,0.988466898923179,"CALI"
63052,960.073,345.344218190547,233.132945440397,1.4813188137703,0.737749908590848,63868,283.33778388108,,0.9872236487756,0.859607544273351,0.820450347672379,0.00547713344843219,0.00153088405183825,0.673138772995727,0.997133128716829,"BARBUNYA"
68324,1024.408,403.313330159751,218.38463572716,1.84680267829662,0.840715972728596,69905,294.945450303078,0.794280399906998,0.977383592017738,0.818158082826737,0.731305980355896,0.00590295255195467,0.0010414670994081,0.534808436904298,0.987685653650488,"CALI"
70964,1040.983,404.489541650598,225.941397423354,1.79024094859736,0.829447939151051,72287,300.589705500016,0.704532141970712,0.981697953988961,0.822925797052103,0.743133442396065,0.00569992590116958,0.00107229972810756,0.552247313207425,0.988655753856803,"CALI"
68456,1005.058,377.281499838793,232.93298072053,1.61969978949202,0.786650659622986,69503,295.230225882091,0.786416689642496,0.984935902047394,0.851606825165801,0.782519752514338,0.00551129922634675,0.00127472055604285,0.612337163075101,0.991802374130885,"BARBUNYA"
67808,1032.304,364.400420351437,238.508783376239,1.5278280958593,0.756041313429065,68798,293.829588451201,0.749027925061859,0.985610046803686,0.799605142867799,0.80633712817297,0.00537400336761793,0.00140134260867183,0.650179564270232,0.993362605645616,"BARBUNYA"
69589,1026.872,385.766029536392,230.724244953583,1.67197872774055,0.801426157338787,70774,297.663344533006,0.739097648533254,0.983256563144658,0.829311782566493,0.771616269298605,0.00554349149343132,0.00121218429306045,0.595391667046297,0.995482201975396,"BARBUNYA"
74929,1062.433,423.19753113247,227.182689521348,1.86280711802518,0.843694105837321,75651,308.873057820622,0.678508041147494,0.990456173745225,0.834174091564288,0.729855528679673,0.00564798050330941,0.000988599895617666,0.532689092744285,0.992297033658427,"CALI"
74839,1057.541,420.343067097625,229.441334736808,1.83202851212402,0.837887452518032,75921,308.687502643749,0.753210547504026,0.985748343673029,0.840898180179877,0.734370391250099,0.00561663126307974,0.00100766531385044,0.539299871544824,0.988012741254941,"CALI"
66693,985.429,373.907421502019,227.768606865882,1.64161087274941,0.793049068433065,67361,291.403783360859,0.808302023997091,0.9900832826116,0.863056921074895,0.779347417578031,0.00560639679579594,0.00127581586209685,0.607382397285546,0.997085547300554,"CALI"
77128,1124.1,394.698173261374,251.165720796987,1.57146513468851,0.771401430146432,78456,313.372652933107,0.821953428891139,0.983073314979097,0.767029448757867,0.793955164128889,0.00511744338322496,0.0012543441845155,0.630364802646931,0.990596309494458,"BARBUNYA"
89235,1197.862,395.687960627087,288.807741369016,1.37007394175597,0.683567166637091,90764,337.071996425752,0.769081600992864,0.98315411396589,0.781504559497435,0.851863159777619,0.00443422379814071,0.00144037879345453,0.72567084298631,0.99422271226763,"BARBUNYA"
85618,1109.054,420.110972602429,261.333709978043,1.6075651803119,0.782970562144225,87049,330.169991581814,0.748069059518401,0.983560982894692,0.874721009288535,0.785911373693802,0.00490680665984289,0.00115471020623795,0.617656687301279,0.992923383892329,"CALI"
74724,1061.193,404.239646550974,238.755669115369,1.69311014916945,0.806943215146182,76531,308.45024192046,0.80158764213688,0.976388652964158,0.833837116010328,0.763038075439157,0.00540976990727174,0.00113121041568036,0.582227104569892,0.985774619868825,"CALI"
80881,1130.612,433.421694631601,239.008509574628,1.81341532735792,0.834210819514577,82038,320.906353345839,0.773610712577714,0.985896779541188,0.795113623854274,0.740402147194322,0.0053587578619404,0.000993378084701662,0.548195339569962,0.994105831162347,"CALI"
67163,983.06,369.424951508562,232.344347500882,1.58998897749023,0.777457743115135,67907,292.428773452695,0.758389792231256,0.989043839368548,0.873333058805998,0.791578295560573,0.00550042361878657,0.00133214473222079,0.626596198002582,0.996281048161392,"BARBUNYA"
68616,1034.512,369.458838807003,237.868086705643,1.55320893997941,0.765169924580443,69973,295.575040559158,0.77894832440287,0.980606805482115,0.8056829918433,0.800021570775195,0.00538444151228581,0.0013605898107582,0.64003451370561,0.994107328582931,"BARBUNYA"
67760,1020.165,372.765361372575,232.132207383864,1.6058321487296,0.782436728335112,68895,293.72557183748,0.72159568916861,0.983525654982219,0.818167873172095,0.787963695864714,0.00550125976051617,0.00130817772232694,0.620886786000779,0.997039961681444,"BARBUNYA"
81774,1082.182,400.884688015776,261.508852979998,1.53296794141971,0.757935619156183,82581,322.673039672008,0.821156008997429,0.990227776365023,0.87745427440007,0.804902380455373,0.00490234901088092,0.00126927824507059,0.647867842062727,0.993160632158926,"CALI"
73932,1026.43,397.828947439375,239.203136452803,1.6631426884232,0.799044929567926,75124,306.811254717554,0.808751299020948,0.984132900271551,0.881827513770471,0.771214002129167,0.00538101157062402,0.00117420334334993,0.594771037080087,0.989189101605628,"CALI"
83091,1122.204,432.521234624826,247.963556169514,1.74429356195047,0.819346941218633,84877,325.261044411392,0.745143933279527,0.978957785972643,0.829125409886216,0.75201173577877,0.00520539209571224,0.00102690834646541,0.565521650748999,0.986435774545078,"CALI"
71898,1074.336,369.302477891267,249.129983730243,1.48236865094146,0.738187105419735,73105,302.561360367395,0.750940006684492,0.983489501402093,0.782792067718489,0.819277904916948,0.00513647775864791,0.00142748037021748,0.671216285485104,0.994989979604491,"BARBUNYA"
70211,1029.422,389.825900036271,231.95891830651,1.68058164300092,0.80370194546617,71738,298.990671552476,0.689397509917128,0.978714210042098,0.832584136423121,0.766985137531026,0.00555220549538208,0.00118520394351214,0.588266201193488,0.988629378923662,"CALI"
85119,1140.71,449.468601111395,243.859741011895,1.84314392874497,0.840022717625437,86686,329.206434943657,0.762100456621005,0.981923263272039,0.82202661530868,0.732434777712242,0.00528047323290212,0.000937407530364486,0.536460703602382,0.988774288854986,"CALI"
77947,1073.069,401.053684592175,248.347755965683,1.61488749126283,0.785203202695809,78874,315.032066294007,0.800951519759962,0.988247077617466,,0.785510963736334,0.00514521000926495,0.00120834756936832,0.617027474149985,0.99642994977031,"BARBUNYA"
58740,942.69,370.657450298293,204.003415172111,1.81691786868167,0.8349125593944,59701,273.477770317339,0.753424657534247,0.983903117200717,,0.737818085397322,0.00631013704968153,0.00115349506362195,0.544375527139369,0.989085622532523,"CALI"
67916,989.997,362.824427633353,240.028534767754,1.51158872833354,0.749896111281511,68706,294.063491307971,0.757146042363434,0.988501732017582,0.870791551003768,0.810484269832937,0.00534225260076201,0.00142194416421268,0.65688475164663,0.992939586403225,"CALI"
74978,1074.979,419.501593068609,231.754340871664,1.81011320647026,0.833544954552697,76785,308.974035454685,0.791241029970452,0.976466757830305,0.815349398454683,0.736526488956987,0.0055949957730082,0.0010156241248123,0.542471268935306,0.981934408030479,"CALI"
81701,1069.534,405.402871431887,258.923146806299,1.56572665067743,0.769471551426986,83006,322.528981712353,0.750052787646773,0.984278244946148,0.897528082422102,0.795576460949026,0.00496203071482462,0.00122621580882806,0.632941905216177,0.991014009327516,"CALI"
66163,1012.844,359.847423320916,234.40646388433,1.53514291951644,0.758730079635453,67353,290.243601132415,0.720855486795084,0.982331893159919,0.81047557946484,0.806574070904415,0.00543880149510929,0.00141990731699685,0.65056173185532,0.99870523636605,"BARBUNYA"
76334,1101.834,387.123611082133,251.805860693335,1.53738920141178,0.759546181944194,77736,311.755460910974,0.688214504670201,0.981964598126994,0.790124530901739,0.805312442812566,0.00507144406269988,0.00131573685526636,0.648528130548742,0.997040144717406,"BARBUNYA"
70237,1001.22,375.419247529887,239.180165568083,1.56960861130863,0.770779916219837,70832,299.046026396546,0.776030848101825,0.991599841879377,0.880474504551387,0.796565515391533,0.00534503534504445,0.00132744442783991,0.634516620310979,0.995942751258559,"CALI"
73949,1108.007,395.882138300976,239.068944488588,1.65593293243437,0.797068280766602,75397,306.846526937524,0.79784433463522,0.980794991843177,0.756932514912049,0.775095659163685,0.00535344816428857,0.00119188562895598,0.600773280854388,0.994840260693421,"BARBUNYA"
83432,1125.326,447.492443098479,240.015358797249,1.86443253190515,0.843991704215881,84920,325.927786014547,0.688042223321788,0.982477626000942,0.827915116540622,0.728342547547378,0.00536355886348738,0.000931055430190757,0.530482866567805,0.989049514047315,"CALI"
62792,983.751,373.521975136798,215.381471899287,1.73423448100242,0.81701014446227,63919,282.752997319233,,0.982368309892207,0.815349494769956,0.756991599264482,0.0059485599301949,0.0012049134265074,0.573036281356999,0.993779277994714,"BARBUNYA"
58322,978.773,374.004161691076,198.838222578076,1.88094701733828,0.8469659829868,59273,272.502984805752,0.726482311908321,0.983955595296341,0.765029727706133,0.728609498818458,0.00641274581960626,0.00111481577162998,0.530871801768485,0.99854173212543,"BARBUNYA"
62683,1007.347,343.39230728138,233.988842600902,1.4675584675936,0.731907633409542,64225,282.507476684484,0.701646574207775,0.975990657843519,0.776249695471076,0.822695997243159,0.00547823663962126,0.00154802542075114,0.676828703879916,0.99328569548937,"BARBUNYA"
64451,1001.027,354.785097882929,231.861314222087,1.5301608164918,0.756903998474254,65479,286.463892834203,0.800593759316307,0.984300310023061,0.808254145961172,0.807429327059081,0.00550472603812088,0.00144322336345936,0.65194211819508,0.997576283882775,"BARBUNYA"
68153,1029.375,358.278926431897,242.696957537466,1.47623987571657,0.735617923506878,69257,294.576127159577,0.76199686940966,0.984059373059763,0.808253527356828,0.82219774992982,0.00525697953768575,0.00148190780371976,0.67600913998966,0.997951648801597,"BARBUNYA"
82389,1085.575,415.392052066526,253.786302623661,1.63677884807877,0.791664487006027,83043,323.884134917389,0.799893203883495,0.992124561973917,0.878535730317534,0.77970710634954,0.00504183874141604,0.00114946217223344,0.607943171691974,0.995068524259343,"CALI"
73129,1103.919,372.079469020013,251.255907646775,1.4808784896039,0.737566184758124,74566,305.140516265765,0.720979986197377,0.980728482150042,0.75409330020973,0.82009501107236,0.00508798792572048,0.00141965401328163,0.672555827185774,0.995973457537171,"BARBUNYA"
62930,996.486,354.619499043927,226.45259091805,1.56597677953819,0.769556214778008,64015,283.063534476244,0.771721135569318,0.983050847457627,0.796388889913832,0.798217625481392,0.00563514220632332,0.0014111393286191,0.637151377629152,0.997764262418018,"BARBUNYA"
69728,1020.06,386.045227584733,232.194347013093,1.66259528946657,0.798895925137599,70902,297.960478881501,,0.983441933936983,0.842103819356952,0.771827904066245,0.00553644486554516,0.00121197216255894,0.595718313495293,0.990438461866241,"CALI"
70331,1037.407,403.130119868094,224.907041223133,1.79242996428976,0.829906935417619,71883,299.24607001725,0.791552244181335,0.978409359653882,0.821217713167293,0.742306404977043,0.00573189802317747,0.00107352224827935,0.551018798869942,0.987662605981435,"CALI"
80320,1110.324,419.119416337277,245.751418656623,1.70546082146078,0.810056530189919,81132,319.791494935572,0.661821657520476,0.989991618596854,0.818717567265523,0.763008065172116,0.00521812022332268,0.00109096384434923,0.582181307517696,0.992887410958241,"CALI"
76786,1065.286,405.52311410093,243.506498113726,1.66534822373215,0.799643518132229,77877,312.677104505645,0.824406008095253,0.985990728970042,0.850275116356717,0.771046319268064,0.00528121160238755,0.0011514238069792,0.594512426456829,0.99007021338657,"CALI"
50954,865.763,330.155473960748,198.461525285675,1.66357420404538,0.799162266818616,51704,254.708947158194,0.733805697168697,0.985494352467894,0.854260063775932,0.771481823707323,0.00647948098207694,0.00141586803132766,0.595184204310776,0.990133088946683,"CALI"
87212,1162.062,460.814761437315,244.035862150176,1.8883075519193,0.848263275175479,88616,333.229301195803,0.784958237327189,0.984156360025278,0.811572851270446,0.723130700406463,0.00528384581751726,0.00089124498372972,0.522918009870341,0.987430027072777,"CALI"
74077,1088.087,383.253439494664,246.685824258769,1.55360949761198,0.76530956459114,75268,307.111975923028,0.749706501497854,0.984176542488176,0.786259682545942,0.801328688212083,0.00517371707135365,0.00131590701610237,0.642127666551698,0.997615641434137,"BARBUNYA"
76546,1124.781,410.336650688764,238.44006514225,1.72092156762314,0.81384358262245,77760,312.188075030578,0.788857513861121,0.984387860082304,0.760320012853225,0.76080962913393,0.00536065438675782,0.00110790257882201,0.578831291782908,0.996123254044369,"BARBUNYA"
66391,1029.266,365.019816438052,231.916670215158,1.57392660087526,0.772221307701908,67367,290.743265811114,0.686424731182796,0.985512194397851,0.78752404093267,0.796513648623942,0.00549803160726683,0.00136508559268088,0.634433992444224,0.998552537207459,"BARBUNYA"
78501,1086.368,424.292082017627,239.260932882303,1.7733445945659,0.82583884928398,80138,316.149612527447,0.768021367354127,0.979572737028626,0.835855345082595,0.745122584008799,0.00540492582282553,0.00102773325035585,0.55520766519995,0.984574511943883,"CALI"
69978,1019.805,395.806404742111,227.254477028354,1.74168804028767,0.818746180819435,70905,298.494148789348,0.709104727162183,0.986926168817432,0.845545760095266,0.754141785512118,0.00565615485927165,0.00112852990928211,0.568729832655405,0.990549947690724,"CALI"
66642,1029.494,346.979721471152,246.021256115458,1.41036480729256,0.705171871990099,67731,291.292344115393,0.735270753343042,0.983921690215706,0.79015127746303,0.839508265440841,0.00520662227230804,0.00159527566392895,0.70477412774349,0.99398862685973,"BARBUNYA"
58961,936.527,363.145455951425,208.209947232869,1.7441311559686,0.819309586453655,59576,273.991745855838,0.813816425120773,0.989677051161542,0.844761474557943,0.754495867607627,0.00615907898358957,0.00123118409976688,0.569264014236986,0.99287110320248,"CALI"
67630,1041.652,353.036460980103,245.421890168444,1.43848806941303,0.718841172617429,68870,293.443675022037,0.713667637499472,0.98199506316248,0.78325639125332,0.831199344700477,0.00522011623510429,0.00153702419796556,0.690892350630503,0.993840403630705,"BARBUNYA"
61251,982.269,388.80965507219,201.964139072712,1.92514204183649,0.854505594081068,62068,279.261875941872,0.792893203883495,0.986837017464716,,0.718248305562324,0.00634780909817292,0.00104208239899892,0.515880628443149,0.993143486384937,"CALI"
55912,901.128,348.395910397131,204.754172827145,1.70153265052747,0.809074973273042,56502,266.813360657281,0.771157453381882,0.989557891756044,0.865250627142772,0.765833790509036,0.00623114734577784,0.00132216568699361,0.586501394685439,0.997951272637171,"BARBUNYA"
80259,1093.858,430.846344105797,239.163113071082,1.80147489541059,0.831783143460664,81078,319.670037102165,0.676400687702265,0.989898616147414,,0.741958337294531,0.00536819975461689,0.00100352109874309,0.550502174280865,0.991715846835923,"CALI"
61013,943.222,344.061138344567,229.263125130187,1.50072602451525,0.745644338907208,62063,278.718790796255,0.708958865907506,0.983081707297424,0.861795853345599,0.810085068419223,0.00563914474529309,0.00149801276467468,0.656237818075778,0.984833171857424,"CALI"
83749,1109.583,440.150348768535,243.962240007619,1.80417407527816,0.832336770568838,84500,326.54638052201,0.809638437741686,0.991112426035503,0.854810613031988,0.741897357199943,0.00525558930576527,0.000982146965381987,0.55041168862026,0.993038499338749,"CALI"
95892,1194.897,470.868074465919,261.559739142011,1.80023147297248,0.83152714308557,96906,349.418783730561,0.744873228933632,0.989536251625286,0.843978336615597,0.74207363522551,0.00491039997565927,0.000918511588008248,0.550673280096803,0.991339370155253,"CALI"
68901,1003.207,373.053715422014,236.05575920881,1.58036269342625,0.774342955754105,69802,296.188247355964,0.709675758075148,0.987092060399415,0.860308633977238,0.793956031294055,0.00541434399242411,0.00132712373387783,0.630366179628206,0.996207193482049,"BARBUNYA"
91088,1168.645,459.300729191198,253.950486433232,1.80862315186766,0.833243118510643,91799,340.553730930725,0.789050589050589,0.992254817590606,0.838119258122995,0.741461333036462,0.00504238460819425,0.000940090711610258,0.549764908388207,0.994317541395317,"CALI"
61153,988.076,330.529590992733,236.108480741859,1.39990562793086,0.699805063646143,62432,279.038380656119,0.74649658203125,0.979513710917478,0.787130842859231,0.844216034691594,0.00540496117921824,0.00169350595673449,0.712700713230399,0.997713739481571,"BARBUNYA"
81097,1102.692,428.017018430218,242.524838602655,1.76483786525251,0.823976283335792,82084,321.334572306479,0.803624868700081,0.987975732176794,0.838120001713117,0.750751859084939,0.00527784034465169,0.00103424082442009,0.563628353919492,0.994712660927061,"CALI"
88464,1128.201,428.397058107377,265.075893620089,1.61612982703498,0.785578370400484,89654,335.612668243395,0.784060694153933,0.986726749503647,0.873380469362323,0.783414969575432,0.00484261460150318,0.00112519328906302,0.613739014554876,0.991881927437191,"CALI"
63081,950,358.49800581887,225.015897334084,1.59321190220886,0.778485251121081,63792,283.402935273153,0.684294454569123,0.988854401805869,0.878337091107358,0.790528624073688,0.0056831376455489,0.00136910998186614,0.624935505479839,0.995654685443392,"BARBUNYA"
74400,1060.024,393.910101316126,241.125881988643,1.63362845194146,0.790753820999481,75179,307.780802078843,0.691713385211837,0.989638063821014,0.832053789900525,0.781347827970115,0.00529449060908772,0.0012172550414677,0.610504428273617,0.997337404064037,"CALI"
96902,1207.71,477.898671956854,260.246735260812,1.83632917230611,0.838718852831867,97688,351.254122202042,0.736365363425662,0.991953975923348,0.834866971470009,0.734997066980244,0.00493177304861462,0.000887820706460563,0.540220688469562,0.992023009719948,"CALI"
89559,1158.625,446.626923775371,258.200813818932,1.72976574771208,0.815956740980505,91501,337.683372979684,0.734517629112024,0.97877618823838,0.838365328638005,0.756074824431141,0.00498695746686956,0.00100525105154292,0.571649140138581,0.988819102320778,"CALI"
51015,859.253,327.857509616792,198.507869032249,1.65160963751784,0.795868169393932,51718,254.861365009811,0.777418814099145,0.986407053637032,0.868291682344651,0.777354056363387,0.00642668841746138,0.00144757969914084,0.604279328944611,0.998033563437735,"BARBUNYA"
81636,1137.112,397.234176550878,262.992085780479,1.51044156090101,0.749452555912666,83078,322.400656751812,0.790985194946128,0.982642817593105,0.79338702843747,0.811613591637977,0.00486591916006269,0.00130239253256998,0.658716622131496,0.994952962923737,"BARBUNYA"
62504,989.061,347.194170430147,230.949325064495,1.5033348563941,0.746676098354128,63945,282.103818662787,0.765361349888571,0.977465008992103,0.80291860346459,0.812524640933002,0.0055547512228041,0.00149344948583971,0.660196292123304,0.992496098011105,"BARBUNYA"
78169,1084.094,415.95250779587,242.263587641798,1.71694191374265,0.812880226758371,79666,315.480367015767,0.741331891809871,0.981209047774458,0.835815726748333,0.758452854840316,0.00532119520264901,0.00108618378477255,0.575250733015426,0.98767209442537,"CALI"
62406,972.588,370.760267262161,215.107890013562,1.72360143200134,0.814487905032056,63240,281.88257666756,0.746983625395001,0.986812144212524,0.829045558727989,0.760282591090708,0.00594109969012853,0.00122446615967453,0.578029618315601,0.996292677867956,"BARBUNYA"
80023,1077.554,428.273920697391,239.137401582246,1.79091149215358,0.829588745615076,80739,319.199699386359,0.814118867886138,0.991131918899169,0.866057258575706,0.745316686261405,0.00535188534168165,0.00101870852575147,0.555496962819682,0.994845894570179,"CALI"
78989,1077.94,382.098333579556,263.828305035172,1.44828407827059,0.723358859568273,80060,317.130759150048,0.784399205561072,0.986622533100175,0.85425455625557,0.829971583961433,0.0048373613234698,0.0014159280481776,0.68885283018345,,"BARBUNYA"
58294,917.877,342.575826361371,218.133290158361,1.57048851238005,0.771074820580798,59011,272.437563527483,0.703269393171673,0.987849722933013,0.869490308447737,0.795262077949712,0.00587669102071175,0.00144995229801021,0.632441772624894,0.993242538656672,"BARBUNYA"
67502,993.036,371.387057106345,234.184260405929,1.58587539770005,0.776135174264716,69374,293.16585024302,0.698474783220546,0.973015827255168,0.8601942171737,0.789380902305041,0.00550186745735452,0.00131776008101669,0.62312220892392,0.988194180892955,"CALI"
73056,1041.289,356.693378752267,261.452625152063,1.36427537702026,0.680239578422942,74191,304.988177115396,0.742303237212705,0.984701648447925,0.846687586714982,0.855043001309026,0.00488246521507155,0.00160979564000745,0.731098534087548,0.99741972823125,"BARBUNYA"
50712,877.164,316.212938374245,204.46541377305,1.54653509627418,0.762823529996432,51454,254.103372257453,0.717538026176158,0.985579352431298,0.828245345807663,0.803583096769797,0.00623546573541263,0.00160387985000426,0.645745793414136,0.99866853278638,"BARBUNYA"
49975,873.529,313.999692246333,203.938285838854,1.53967996227273,0.760373871926885,50699,252.250166002205,0.71479653865408,0.98571963944062,0.823015494812014,0.803345265078522,0.00628313541263297,0.00161422896391655,0.645363614924081,,"BARBUNYA"
82109,1153.754,390.637881475801,269.370477225634,1.45018817763236,0.724223149283518,83618,323.333304468716,0.717911726646382,0.981953646344089,0.775129360549449,0.827705964529571,0.00475755253962173,0.00137742415584474,0.685097163717828,0.993519807353055,"BARBUNYA"
74393,1079.366,421.106674500972,227.267558363919,1.852911508939,0.841863070498953,75487,307.766322802679,0.687093616078026,0.985507438366871,0.802425033875906,0.730851210485786,0.00566056852796596,0.000996221012173204,0.534143491868539,0.989720623508081,"CALI"
71483,1093.388,372.069831212649,245.107581376918,1.51798581309687,0.752346420980477,72960,301.686894604826,0.720413202317964,0.979756030701754,0.751387608062774,0.810834067415704,0.00520501141827635,0.00138780803922078,0.657451884881895,0.998002634044516,"BARBUNYA"
65615,972.507,362.610616256348,231.994186175999,1.56301596274166,0.768550830551364,66519,289.039119718764,0.749063884195625,0.986409897923901,0.871821400038431,0.797106060221986,0.00552633721338638,0.00137620011065583,0.635378071242616,0.993106067728218,"CALI"
78575,1085.348,413.427425201922,243.285892599592,1.69934812407046,0.808525644781753,79341,316.298588722058,0.811172134701546,0.990345470815846,0.83821655324984,0.765064360613169,0.0052615644314594,0.00111195328351857,0.585323475880438,0.994668350711821,"CALI"
79319,1078.159,420.14199921762,242.072246797817,1.73560581510416,0.817331504660907,80092,317.792522644647,0.738400670266245,0.990348599111022,0.857475004578894,0.756393131932618,0.00529686454969956,0.00106952006646721,0.572130570034835,0.992993144351315,"CALI"
71525,1042.205,365.203602977152,249.795825949932,1.46200842863704,0.729490836121607,72758,301.775510002357,0.751937006549553,0.983053409934303,,0.826321283640886,0.00510595739919122,0.00146842816557757,0.682806863797921,0.998269390003784,"BARBUNYA"
73658,1085.142,387.607504469744,242.336850603303,1.59945754640612,0.780454992501511,74965,306.242189102192,0.79861653222309,0.982565197091976,0.786061707666521,0.790083229996123,0.00526225942151218,0.00126486271831015,0.624231510321106,0.99843179988758,"BARBUNYA"
74215,1058.806,404.451037795616,236.069687798902,1.71326967713089,0.811984301571235,75634,307.39790632423,0.671628959276018,0.981238596398445,0.831895487338645,0.76003737807089,0.00544972091619774,0.00112174419154448,0.577656816064873,0.989681906751923,"CALI"
67997,1047.09,347.968867651894,250.169954124043,1.39092989352094,0.695068521736951,69185,294.23879642793,0.79598478197249,0.982828647828286,0.779348299796188,0.845589429920738,0.00511741499848367,0.00161387012610608,0.715021483993679,0.994544756596514,"BARBUNYA"
69013,1050.088,373.475385791593,236.549759978923,1.57884491544135,0.773845482069416,70370,296.428879667295,0.737751884119942,0.980716214295865,0.786483072151031,0.793703925197118,0.00541166716113765,0.00132478362987213,0.629965920873312,0.994618491072155,"BARBUNYA"
68292,1035.332,402.711571786783,218.484423851778,1.84320495112268,0.84003431863482,69606,294.876372381806,0.800046860356139,0.981122317041634,0.800608913421401,0.732227214314888,0.00589690698451917,0.00104565279911916,0.536156693383341,0.98824667182174,"CALI"
71851,1030.076,394.062780066871,234.513421694334,1.6803421195248,0.803639141937933,72991,302.462451436151,0.756222832665004,0.984381636092121,0.85095019826015,0.767548895089317,0.0054844439195957,0.00117418510302073,0.589131306352832,0.989942147995333,"CALI"
73780,1047.986,404.165894547792,234.462889354704,1.72379473638728,0.814534245575222,74526,306.495699171392,0.80195652173913,0.989990070579395,0.844184848204273,0.758341322971647,0.00547798718552172,0.00111753121376844,0.575081562126387,0.99132256978684,"CALI"
77962,1050.313,388.466255428208,256.860768285014,1.51236118314948,0.750194067172964,78652,315.06237697739,0.725619403957484,0.991227177948431,0.888086675247226,0.811041815279669,0.00498276410851708,0.00132991251808491,0.65778882613214,0.994814287351714,"CALI"
69236,1003.29,379.882894829439,232.828805666693,1.63159748958753,0.79016338428971,69916,296.907415062817,0.703589284988415,0.990274043137479,0.864348467147697,0.78157616229634,0.00548678281283492,0.00126294009984006,0.610861297469875,0.996679759438029,"BARBUNYA"
74363,1060.382,406.046253146278,234.635902486871,1.73053760674583,0.816139369991022,75179,307.704261044824,0.80278740378491,0.989145905106479,0.831078547588382,0.757805936295571,0.00546032641429579,0.00111078595565436,0.574269837084807,0.993795549495057,"CALI"
73490,1079.891,374.54477806614,251.8095532971,1.48741290059091,0.740271291244144,74875,305.892749411599,0.805246318373071,0.981502504173623,0.791914450770584,0.816705417683281,0.00509654072752946,0.00139867562992579,0.667007739273223,0.992115916188968,"BARBUNYA"
75211,1051.329,412.368482684306,234.570600216285,1.75797172494798,0.822450031683191,76192,309.453743553178,0.750668716065155,0.98712463250735,0.855094156637144,0.750430153000041,0.0054828214314968,0.00107256832874269,0.563145414531665,0.989993715780779,"CALI"
93299,1175.123,464.328231190486,258.006333141975,1.79967764952101,0.831412923616902,94268,344.662119015487,0.786477168314662,0.989720796028345,0.849024455290469,0.742281205111764,0.00497677607681203,0.000931969543763194,0.550981387462172,0.991588888317749,"CALI"
63780,1001.82,362.654431111301,224.481435730317,1.6155208110259,0.785394586781414,64748,284.968802087542,0.793638942810214,0.985049731265831,0.798573664449825,0.785786075229515,0.00568602118393385,0.00133722827229078,0.617459756024606,0.997519085828727,"BARBUNYA"
